folder,file,shape,content_w,content_h,aspect,fill,corners,edges,u0,v0,u1,v1
Highway_Signs_International,AccessibleSymbolBlack_X02C42.png,Rectangle,2040,2008,1.0159,0.9972,1.0,0.999,0.000488,0.009766,0.996582,0.990234
Highway_Signs_International,AxleWeightLimit4Point8t_X02B41.png,Circle,2034,2034,1.0,0.7854,0.002,0.988,0.004883,0.003418,0.998047,0.996582
Highway_Signs_International,BicycleFacility_X02D12.png,Rectangle,1380,2034,0.6785,0.9978,1.0,0.997,0.163086,0.003418,0.836914,0.996582
Highway_Signs_International,BlankProhibition_X02B24.png,Circle,2036,2036,1.0,0.7849,0.002,0.986,0.004395,0.00293,0.998535,0.99707
Highway_Signs_International,Cafe_X02D23.png,Rectangle,1386,2043,0.6784,0.9976,1.0,0.997,0.163086,0.001953,0.839844,0.999512
Highway_Signs_International,CampingTent_X02D15.png,Rectangle,1386,2042,0.6787,0.9981,1.0,0.998,0.162109,0.001465,0.838867,0.998535
Highway_Signs_International,CaravanSite_X02D16.png,Rectangle,1378,2031,0.6785,0.9982,1.0,0.998,0.163086,0.003906,0.835938,0.995605
Highway_Signs_International,CattleCrossing_X02A26.png,Triangle,2040,1788,1.1409,0.5441,0.5,0.423,0.00293,0.064941,0.999023,0.937988
Highway_Signs_International,ChildrenCrossing_X02A23.png,Triangle,2034,1784,1.1401,0.5439,0.5,0.421,0.001953,0.065918,0.995117,0.937012
Highway_Signs_International,CountryCodeAUS_X02E02.png,Ellipse,2033,1385,1.4679,0.7853,0.002,0.987,0.003906,0.163086,0.996582,0.839355
Highway_Signs_International,CountryCodeA_X02E01.png,Ellipse,2032,1378,1.4746,0.7811,0.002,0.965,0.002441,0.163574,0.994629,0.836426
Highway_Signs_International,CountryCodeBG_X02E04.png,Ellipse,2045,1392,1.4691,0.7855,0.002,0.987,0.000488,0.160156,0.999023,0.839844
Highway_Signs_International,CountryCodeBR_X02E05.png,Ellipse,2045,1392,1.4691,0.7855,0.002,0.987,0.000488,0.160156,0.999023,0.839844
Highway_Signs_International,CountryCodeB_X02E03.png,Ellipse,2033,1386,1.4668,0.7848,0.002,0.984,0.002441,0.161621,0.995117,0.838379
Highway_Signs_International,CountryCodeCDN_X02E06.png,Ellipse,2033,1386,1.4668,0.7848,0.002,0.984,0.004883,0.161621,0.997559,0.838379
Highway_Signs_International,CountryCodeCH_X02E07.png,Ellipse,2033,1385,1.4679,0.7853,0.002,0.986,0.004883,0.162109,0.997559,0.838379
Highway_Signs_International,CountryCodeCZ_X02E08.png,Ellipse,2034,1385,1.4686,0.785,0.002,0.985,0.003418,0.163086,0.996582,0.839355
Highway_Signs_International,CountryCodeDK_X02E10.png,Ellipse,2033,1386,1.4668,0.7848,0.002,0.984,0.004883,0.161621,0.997559,0.838379
Highway_Signs_International,CountryCodeD_X02E09.png,Ellipse,2044,1392,1.4684,0.7858,0.002,0.989,0.0,0.160156,0.998047,0.839844
Highway_Signs_International,CountryCodeE_X02E11.png,Ellipse,2033,1386,1.4668,0.7848,0.002,0.984,0.002441,0.161621,0.995117,0.838379
Highway_Signs_International,CountryCodeFIN_X02E13.png,Ellipse,2033,1386,1.4668,0.7848,0.002,0.984,0.003418,0.161621,0.996094,0.838379
Highway_Signs_International,CountryCodeF_X02E12.png,Ellipse,2044,1392,1.4684,0.7858,0.002,0.989,0.0,0.160156,0.998047,0.839844
Highway_Signs_International,CountryCodeGB_X02E14.png,Ellipse,2044,1392,1.4684,0.7858,0.002,0.989,0.0,0.160156,0.998047,0.839844
Highway_Signs_International,CountryCodeGR_X02E15.png,Ellipse,2033,1385,1.4679,0.7853,0.002,0.986,0.003906,0.163086,0.996582,0.839355
Highway_Signs_International,CountryCodeHK_X02E17.png,Ellipse,2033,1386,1.4668,0.7848,0.002,0.984,0.002441,0.161621,0.995117,0.838379
Highway_Signs_International,CountryCodeH_X02E16.png,Ellipse,2044,1392,1.4684,0.7858,0.002,0.989,0.001953,0.160156,1.0,0.839844
Highway_Signs_International,CountryCodeIL_X02E19.png,Ellipse,2045,1392,1.4691,0.7855,0.002,0.987,0.0,0.160156,0.998535,0.839844
Highway_Signs_International,CountryCodeIND_X02E20.png,Ellipse,2033,1385,1.4679,0.7853,0.002,0.987,0.003418,0.163086,0.996094,0.839355
Highway_Signs_International,CountryCodeIRL_X02E21.png,Ellipse,2033,1386,1.4668,0.7848,0.002,0.984,0.004883,0.161621,0.997559,0.838379
Highway_Signs_International,CountryCodeIS_X02E22.png,Ellipse,2045,1392,1.4691,0.7855,0.002,0.987,0.001465,0.160156,1.0,0.839844
Highway_Signs_International,CountryCodeI_X02E18.png,Ellipse,2044,1392,1.4684,0.7858,0.002,0.989,0.001953,0.160156,1.0,0.839844
Highway_Signs_International,CountryCodeJ_X02E23.png,Ellipse,2033,1386,1.4668,0.7848,0.002,0.984,0.004883,0.161621,0.997559,0.838379
Highway_Signs_International,CountryCodeL_X02E24.png,Ellipse,2033,1386,1.4668,0.7848,0.002,0.984,0.004883,0.161621,0.997559,0.838379
Highway_Signs_International,CountryCodeMC_X02E25.png,Ellipse,2044,1393,1.4673,0.7853,0.002,0.986,0.001953,0.15918,1.0,0.839355
Highway_Signs_International,CountryCodeMEX_X02E26.png,Ellipse,2044,1393,1.4673,0.7853,0.002,0.986,0.001953,0.160645,1.0,0.84082
Highway_Signs_International,CountryCodeNL_X02E28.png,Ellipse,2044,1392,1.4684,0.7858,0.002,0.989,0.001953,0.160156,1.0,0.839844
Highway_Signs_International,CountryCodeN_X02E27.png,Ellipse,2044,1392,1.4684,0.7858,0.002,0.989,0.0,0.160156,0.998047,0.839844
Highway_Signs_International,CountryCodePL_X02E30.png,Ellipse,2044,1392,1.4684,0.7858,0.002,0.989,0.001953,0.160156,1.0,0.839844
Highway_Signs_International,CountryCodeP_X02E29.png,Ellipse,2033,1386,1.4668,0.7848,0.002,0.984,0.00293,0.161621,0.995605,0.838379
Highway_Signs_International,CountryCodeRA_X02E31.png,Ellipse,2044,1392,1.4684,0.7858,0.002,0.989,0.001953,0.160156,1.0,0.839844
Highway_Signs_International,CountryCodeRCH_X02E32.png,Ellipse,2044,1392,1.4684,0.7858,0.002,0.989,0.001953,0.160156,1.0,0.839844
Highway_Signs_International,CountryCodeRO_X02E33.png,Ellipse,2044,1392,1.4684,0.7858,0.002,0.989,0.0,0.160156,0.998047,0.839844
Highway_Signs_International,CountryCodeRP_X02E34.png,Ellipse,2033,1386,1.4668,0.7848,0.002,0.984,0.004883,0.161621,0.997559,0.838379
Highway_Signs_International,CountryCodeRUS_X02E35.png,Ellipse,2044,1393,1.4673,0.7853,0.002,0.986,0.0,0.159668,0.998047,0.839844
Highway_Signs_International,CountryCodeSK_X02E37.png,Ellipse,2044,1392,1.4684,0.7858,0.002,0.989,0.001953,0.160156,1.0,0.839844
Highway_Signs_International,CountryCodeS_X02E36.png,Ellipse,2044,1392,1.4684,0.7858,0.002,0.989,0.001953,0.160156,1.0,0.839844
Highway_Signs_International,CountryCodeTR_X02E38.png,Ellipse,2033,1386,1.4668,0.7848,0.002,0.984,0.004883,0.161621,0.997559,0.838379
Highway_Signs_International,CountryCodeUSA_X02E39.png,Ellipse,2044,1392,1.4684,0.7858,0.002,0.989,0.0,0.160156,0.998047,0.839844
Highway_Signs_International,CountryCodeV_X02E40.png,Ellipse,2033,1386,1.4668,0.7848,0.002,0.984,0.004883,0.161621,0.997559,0.838379
Highway_Signs_International,CountryCodeYV_X02E41.png,Ellipse,2045,1393,1.4681,0.7849,0.002,0.985,0.000488,0.158203,0.999023,0.838379
Highway_Signs_International,CountryCodeZA_X02E42.png,Ellipse,2033,1386,1.4668,0.7848,0.002,0.984,0.004395,0.161621,0.99707,0.838379
Highway_Signs_International,CrossWinds_X02A28.png,Triangle,2034,1783,1.1408,0.5439,0.5,0.421,0.001953,0.066406,0.995117,0.937012
Highway_Signs_International,CrossroadPriority_X02A07.png,Triangle,2037,1786,1.1405,0.5439,0.5,0.42,0.001465,0.06543,0.996094,0.9375
Highway_Signs_International,CrossroadsAhead_X02A06.png,Triangle,2048,1796,1.1403,0.544,0.5,0.421,0.0,0.062988,1.0,0.939941
Highway_Signs_International,CurveLeft_X02A02.png,Triangle,2043,1791,1.1407,0.5442,0.5,0.421,0.0,0.061523,0.997559,0.936035
Highway_Signs_International,CurveRight_X02A03.png,Triangle,2043,1791,1.1407,0.5442,0.5,0.421,0.0,0.061523,0.997559,0.936035
Highway_Signs_International,CustomsCheckpoint_X02B27.png,Circle,2042,2042,1.0,0.7858,0.002,0.99,0.0,0.001465,0.99707,0.998535
Highway_Signs_International,CyclePath_X02C17.png,Circle,2032,2032,1.0,0.7847,0.002,0.986,0.002441,0.003906,0.994629,0.996094
Highway_Signs_International,CyclistsCrossing_X02A20.png,Triangle,2040,1789,1.1403,0.5442,0.5,0.422,0.003906,0.062012,1.0,0.935547
Highway_Signs_International,DeadEndRoad_X02C36.png,Rectangle,1386,2042,0.6787,0.998,1.0,0.998,0.161621,0.001465,0.838379,0.998535
Highway_Signs_International,DirectionCamping_X02D29.png,Traced,2035,504,4.0377,0.8928,0.507,0.951,0.004395,0.376465,0.998047,0.622559
Highway_Signs_International,DirectionFlimsOrange_X02D28.png,Traced,2042,606,3.3696,0.8729,0.5,0.945,0.0,0.352539,0.99707,0.648438
Highway_Signs_International,DirectionFlimsWhite_X02D26.png,Traced,2031,603,3.3682,0.8722,0.5,0.944,0.003418,0.353516,0.995117,0.647949
Highway_Signs_International,DirectionParking300m_X02D30.png,Traced,2031,503,4.0378,0.8931,0.507,0.952,0.004395,0.378906,0.996094,0.624512
Highway_Signs_International,DirectionZurichBlue_X02D25.png,Traced,2030,609,3.3333,0.8709,0.5,0.941,0.004395,0.351074,0.995605,0.648438
Highway_Signs_International,DirectionZurichGreen_X02D27.png,Traced,2042,606,3.3696,0.8738,0.5,0.95,0.00293,0.352051,1.0,0.647949
Highway_Signs_International,DoubleBendLeft_X02A05.png,Triangle,2029,1778,1.1412,0.544,0.5,0.422,0.004883,0.067383,0.995605,0.935547
Highway_Signs_International,DoubleBendRight_X02A04.png,Triangle,2040,1788,1.1409,0.5441,0.5,0.423,0.001465,0.064941,0.997559,0.937988
Highway_Signs_International,EmergencyTelephone_X02D17.png,Rectangle,1386,2042,0.6787,0.9981,1.0,0.998,0.162598,0.000488,0.839355,0.997559
Highway_Signs_International,EndAllRestrictions_X02B35.png,Circle,2034,2034,1.0,0.7848,0.002,0.985,0.004883,0.003418,0.998047,0.996582
Highway_Signs_International,EndCyclePath_X02C18.png,Circle,2032,2032,1.0,0.7847,0.002,0.986,0.003418,0.003906,0.995605,0.996094
Highway_Signs_International,EndEquestrianPath_X02C16.png,Circle,2032,2032,1.0,0.7852,0.002,0.986,0.002441,0.003906,0.994629,0.996094
Highway_Signs_International,EndExpressway_X02D04.png,Rectangle,2032,2034,0.999,0.9974,1.0,0.998,0.005371,0.003418,0.997559,0.996582
Highway_Signs_International,EndMotorway_X02D02.png,Rectangle,1521,2040,0.7456,0.9976,1.0,0.997,0.126953,0.001953,0.869629,0.998047
Highway_Signs_International,EndNoOvertakingByTrucks_X02B34.png,Circle,2034,2034,1.0,0.7849,0.002,0.985,0.002441,0.003418,0.995605,0.996582
Highway_Signs_International,EndNoOvertaking_X02B32.png,Circle,2045,2046,0.9995,0.7851,0.002,0.986,0.000977,0.000488,0.999512,0.999512
Highway_Signs_International,EndOfPriorityRoad_X02B06.png,Diamond,2034,2035,0.9995,0.5323,0.0,0.814,0.004395,0.003418,0.997559,0.99707
Highway_Signs_International,EndPedestrianPath_X02C14.png,Circle,2035,2036,0.9995,0.7845,0.002,0.985,0.001953,0.00293,0.995605,0.99707
Highway_Signs_International,EndPostalRoute_X02D06.png,Rectangle,2032,2034,0.999,0.9974,1.0,0.998,0.005371,0.003418,0.997559,0.996582
Highway_Signs_International,EndRecommendedSpeed50_X02B22.png,Rectangle,2034,2034,1.0,0.9968,1.0,0.996,0.001953,0.003418,0.995117,0.996582
Highway_Signs_International,EndResidentialArea_X02D08.png,Rectangle,2038,1375,1.4822,0.9977,1.0,0.997,0.000488,0.162598,0.995605,0.833984
Highway_Signs_International,EndSpeedLimit50_X02B20.png,Circle,2033,2034,0.9995,0.785,0.002,0.986,0.005371,0.003418,0.998047,0.996582
Highway_Signs_International,EquestrianPath_X02C15.png,Circle,2038,2038,1.0,0.7846,0.002,0.985,0.000977,0.002441,0.996094,0.997559
Highway_Signs_International,Expressway_X02D03.png,Rectangle,2032,2034,0.999,0.9974,1.0,0.998,0.005371,0.003418,0.997559,0.996582
Highway_Signs_International,FallingRocks_X02A32.png,Triangle,2032,1781,1.1409,0.5443,0.5,0.422,0.005371,0.063965,0.997559,0.933594
Highway_Signs_International,Ferry_X02D13.png,Rectangle,1386,2042,0.6787,0.9981,1.0,0.998,0.163086,0.001465,0.839844,0.998535
Highway_Signs_International,FirstAid_X02D18.png,Rectangle,1386,2042,0.6787,0.9981,1.0,0.998,0.163086,0.001465,0.839844,0.998535
Highway_Signs_International,FlyingGravel_X02A19.png,Triangle,2044,1792,1.1406,0.5439,0.5,0.421,0.0,0.061035,0.998047,0.936035
Highway_Signs_International,FuelStation_X02D20.png,Rectangle,1386,2043,0.6784,0.9976,1.0,0.997,0.161133,0.002441,0.837891,1.0
Highway_Signs_International,GeneralWarning_X02A16.png,Triangle,2038,1786,1.1411,0.5438,0.5,0.422,0.004883,0.06543,1.0,0.9375
Highway_Signs_International,GiveWayRoundabout_X02D42.png,Triangle,1117,2032,0.5497,0.5774,0.416,0.498,0.228516,0.003906,0.773926,0.996094
Highway_Signs_International,GiveWay_X02B02.png,Triangle,2039,1787,1.141,0.5439,0.5,0.421,0.000977,0.062012,0.996582,0.93457
Highway_Signs_International,HeightLimit3Point1m_X02B39.png,Circle,2042,2042,1.0,0.7845,0.002,0.984,0.0,0.001465,0.99707,0.998535
Highway_Signs_International,Hospital_X02D11.png,Rectangle,2036,2038,0.999,0.9973,1.0,0.997,0.001465,0.002441,0.995605,0.997559
Highway_Signs_International,HotelMotel_X02D21.png,Rectangle,1386,2043,0.6784,0.9974,1.0,0.996,0.161621,0.0,0.838379,0.997559
Highway_Signs_International,IceOrSnow_X02A15.png,Triangle,2044,1792,1.1406,0.5439,0.5,0.422,0.000488,0.061035,0.998535,0.936035
Highway_Signs_International,Information_X02D24.png,Rectangle,1386,2042,0.6787,0.9979,1.0,0.998,0.161621,0.001465,0.838379,0.998535
Highway_Signs_International,KeepLeftBlue_X02C21.png,Circle,2028,2028,1.0,0.7852,0.002,0.988,0.006348,0.004883,0.996582,0.995117
Highway_Signs_International,KeepRightBlue_X02C22.png,Circle,2029,2028,1.0005,0.7849,0.002,0.986,0.006348,0.004883,0.99707,0.995117
Highway_Signs_International,LaneClosureDiagram_X02C39.png,Rectangle,2037,1531,1.3305,0.9989,1.0,0.996,0.005371,0.125488,1.0,0.873047
Highway_Signs_International,LaneReductionRight_X02C37.png,Rectangle,2030,2030,1.0,0.9996,1.0,0.999,0.005859,0.004395,0.99707,0.995605
Highway_Signs_International,LaneReductionThreeLanes_X02C38.png,Rectangle,2039,2040,0.9995,0.9994,1.0,0.998,0.000488,0.001953,0.996094,0.998047
Highway_Signs_International,LeftOrRight_X02C31.png,Circle,2030,2030,1.0,0.7846,0.002,0.985,0.003418,0.004395,0.994629,0.995605
Highway_Signs_International,LengthLimit10m_X02B42.png,Circle,2028,2038,0.9951,0.7852,0.002,0.987,0.006348,0.002441,0.996582,0.997559
Highway_Signs_International,LevelCrossingCrossbuck_X02A42.png,Pictogram,968,2039,0.4747,0.1959,0.326,0.474,0.265137,0.002441,0.737793,0.998047
Highway_Signs_International,LevelCrossingNoBarrier_X02A40.png,Triangle,2042,1791,1.1401,0.5437,0.5,0.42,0.0,0.061523,0.99707,0.936035
Highway_Signs_International,LevelCrossingSignal_X02A38.png,Triangle,2038,1826,1.1161,0.5298,0.211,0.349,0.000977,0.054199,0.996094,0.945801
Highway_Signs_International,LevelCrossingWithBarrier_X02A41.png,Triangle,2039,1787,1.141,0.5439,0.5,0.421,0.000977,0.06543,0.996582,0.937988
Highway_Signs_International,LooseChippings_X02A14.png,Triangle,2036,1785,1.1406,0.5437,0.5,0.421,0.003906,0.062988,0.998047,0.93457
Highway_Signs_International,LowFlyingAircraft_X02A27.png,Triangle,2037,1786,1.1405,0.5439,0.5,0.421,0.004883,0.06543,0.999512,0.9375
Highway_Signs_International,MinimumDistance50m_X02B37.png,Circle,2028,2028,1.0,0.7853,0.002,0.988,0.006348,0.004883,0.996582,0.995117
Highway_Signs_International,Motorway_X02D01.png,Rectangle,1512,2028,0.7456,0.9972,1.0,0.996,0.132324,0.004883,0.870605,0.995117
Highway_Signs_International,NoAgriculturalVehicles_X02C09.png,Circle,2026,2026,1.0,0.7845,0.002,0.984,0.006836,0.005371,0.996094,0.994629
Highway_Signs_International,NoBicyclesOrMopeds_X02C03.png,Circle,2034,2034,1.0,0.7857,0.002,0.99,0.001953,0.003418,0.995117,0.996582
Highway_Signs_International,NoBicycles_X02C01.png,Circle,2038,2038,1.0,0.7851,0.002,0.987,0.000977,0.002441,0.996094,0.997559
Highway_Signs_International,NoBuses_X02C12.png,Circle,2034,2034,1.0,0.7848,0.002,0.985,0.002441,0.003418,0.995605,0.996582
Highway_Signs_International,NoCars_X02C05.png,Circle,2034,2034,1.0,0.7857,0.002,0.99,0.001953,0.003418,0.995117,0.996582
Highway_Signs_International,NoEntry_X02B23.png,Circle,2043,2042,1.0005,0.7854,0.002,0.988,0.0,0.001465,0.997559,0.998535
Highway_Signs_International,NoGoodsVehicles_X02B36.png,Circle,2034,2034,1.0,0.7857,0.002,0.99,0.001953,0.003418,0.995117,0.996582
Highway_Signs_International,NoLeftTurn_X02B28.png,Diamond,2029,2030,0.9995,0.4622,0.002,0.984,0.005371,0.004395,0.996094,0.995605
Highway_Signs_International,NoMopeds_X02C02.png,Circle,2038,2038,1.0,0.7851,0.002,0.987,0.000977,0.002441,0.996094,0.997559
Highway_Signs_International,NoMotorVehicles_X02C06.png,Circle,2032,2032,1.0,0.7848,0.002,0.986,0.002441,0.003906,0.994629,0.996094
Highway_Signs_International,NoMotorcycles_X02C04.png,Circle,2032,2032,1.0,0.7848,0.002,0.986,0.002441,0.003906,0.994629,0.996094
Highway_Signs_International,NoOvertakingByTrucks_X02B33.png,Circle,2038,2038,1.0,0.7851,0.002,0.987,0.000977,0.002441,0.996094,0.997559
Highway_Signs_International,NoOvertaking_X02B31.png,Circle,2042,2042,1.0,0.7845,0.002,0.984,0.0,0.001465,0.99707,0.998535
Highway_Signs_International,NoParkingAlternateEven_X02D41.png,Circle,2027,2028,0.9995,0.7849,0.002,0.986,0.005371,0.004883,0.995117,0.995117
Highway_Signs_International,NoParkingAlternateOdd_X02D40.png,Circle,2028,2028,1.0,0.7852,0.002,0.987,0.006348,0.004883,0.996582,0.995117
Highway_Signs_International,NoParkingBicyclesMopeds_X02D38.png,Circle,2036,2036,1.0,0.7852,0.002,0.987,0.004395,0.00293,0.998535,0.99707
Highway_Signs_International,NoParking_X02D37.png,Circle,2037,2036,1.0005,0.7849,0.002,0.986,0.005371,0.001465,1.0,0.995605
Highway_Signs_International,NoPedestrians_X02C07.png,Circle,2028,2028,1.0,0.7854,0.002,0.988,0.006348,0.004883,0.996582,0.995117
Highway_Signs_International,NoRightTurn_X02B29.png,Pictogram,2030,2030,1.0,0.4414,0.002,0.982,0.003906,0.004395,0.995117,0.995605
Highway_Signs_International,NoSlowVehicles_X02C10.png,Circle,2028,2028,1.0,0.7852,0.002,0.987,0.006348,0.004883,0.996582,0.995117
Highway_Signs_International,NoStopping_X02D39.png,Circle,2041,2040,1.0005,0.7853,0.002,0.988,0.0,0.001953,0.996582,0.998047
Highway_Signs_International,NoThroughRoad_X02B25.png,Circle,2032,2032,1.0,0.7855,0.002,0.989,0.005371,0.003906,0.997559,0.996094
Highway_Signs_International,NoTrailers_X02C08.png,Circle,2037,2038,0.9995,0.7849,0.002,0.986,0.004395,0.000977,0.999023,0.996094
Highway_Signs_International,NoTrucks_X02C11.png,Circle,2026,2026,1.0,0.7845,0.002,0.984,0.006836,0.005371,0.996094,0.994629
Highway_Signs_International,NoUTurn_X02B30.png,Circle,2032,2032,1.0,0.7855,0.002,0.989,0.005371,0.003906,0.997559,0.996094
Highway_Signs_International,OneWayLeft_X02C32.png,Rectangle,2028,1392,1.4569,0.996,1.0,0.996,0.005371,0.159668,0.995605,0.839355
Highway_Signs_International,OneWayRight_X02C33.png,Rectangle,2039,1400,1.4564,0.9964,1.0,0.997,0.001465,0.158203,0.99707,0.841797
Highway_Signs_International,OneWayStraight_X02C34.png,Rectangle,2026,2030,0.998,0.9973,1.0,0.997,0.004883,0.004395,0.994141,0.995605
Highway_Signs_International,OpeningBridge_X02A34.png,Triangle,2040,1788,1.1409,0.5441,0.5,0.423,0.000488,0.064941,0.996582,0.937988
Highway_Signs_International,ParkingAccessible_X02D33.png,Rectangle,1382,2048,0.6748,0.9972,1.0,0.995,0.163086,0.0,0.837891,1.0
Highway_Signs_International,ParkingCars_X02D35.png,Rectangle,1379,2044,0.6747,0.9979,1.0,0.997,0.164551,0.000977,0.837891,0.999023
Highway_Signs_International,ParkingLoading_X02D34.png,Rectangle,1369,2028,0.675,0.9983,1.0,0.999,0.164551,0.004883,0.833008,0.995117
Highway_Signs_International,ParkingMetered_X02D36.png,Rectangle,1460,2048,0.7129,0.9981,1.0,0.998,0.14502,0.0,0.85791,1.0
Highway_Signs_International,ParkingTaxi_X02D32.png,Rectangle,1372,2032,0.6752,0.9974,1.0,0.996,0.163574,0.003418,0.833496,0.995605
Highway_Signs_International,Parking_X02D31.png,Rectangle,2029,2030,0.9995,0.9974,1.0,0.998,0.006348,0.004395,0.99707,0.995605
Highway_Signs_International,PassEitherSide_X02C26.png,Circle,2037,2036,1.0005,0.7845,0.002,0.985,0.003418,0.00293,0.998047,0.99707
Highway_Signs_International,PedestrianCrossing_X02A21.png,Triangle,2034,1784,1.1401,0.5439,0.5,0.42,0.00293,0.065918,0.996094,0.937012
Highway_Signs_International,PedestrianPath_X02C13.png,Circle,2038,2038,1.0,0.785,0.002,0.987,0.000977,0.002441,0.996094,0.997559
Highway_Signs_International,Pedestrians_X02A22.png,Triangle,2038,1786,1.1411,0.5439,0.5,0.422,0.000977,0.06543,0.996094,0.9375
Highway_Signs_International,PoliceCheckpoint_X02B26.png,Circle,2032,2032,1.0,0.7845,0.002,0.984,0.005371,0.003906,0.997559,0.996094
Highway_Signs_International,PostalRoute_X02D05.png,Rectangle,2034,2036,0.999,0.9974,1.0,0.998,0.001953,0.00293,0.995117,0.99707
Highway_Signs_International,PriorityOverOncoming_X02B03.png,Rectangle,2030,2040,0.9951,0.9975,1.0,0.998,0.005859,0.001953,0.99707,0.998047
Highway_Signs_International,PriorityRoadBendRight_X02C40.png,Rectangle,2045,2012,1.0164,0.9976,1.0,0.998,0.000977,0.008789,0.999512,0.991211
Highway_Signs_International,PriorityRoad_X02B05.png,Diamond,2034,2034,1.0,0.5321,0.0,0.811,0.004883,0.003418,0.998047,0.996582
Highway_Signs_International,ProceedStraight_X02C25.png,Circle,2036,2036,1.0,0.7848,0.002,0.986,0.001465,0.00293,0.995605,0.99707
Highway_Signs_International,RecommendedSpeed50_X02B21.png,Rectangle,2036,2036,1.0,0.9981,1.0,1.0,0.001465,0.00293,0.995605,0.99707
Highway_Signs_International,ResidentialArea_X02D07.png,Rectangle,2039,1375,1.4829,0.9974,1.0,0.996,0.003906,0.165527,0.999512,0.836914
Highway_Signs_International,Restaurant_X02D22.png,Rectangle,1379,2032,0.6786,0.9969,1.0,0.994,0.165039,0.003906,0.838379,0.996094
Highway_Signs_International,RiverbankOrQuay_X02A33.png,Triangle,2037,1786,1.1405,0.5439,0.5,0.42,0.001465,0.06543,0.996094,0.9375
Highway_Signs_International,RoadEdgeDropOff_X02A17.png,Triangle,2032,1781,1.1409,0.5443,0.5,0.422,0.005371,0.063965,0.997559,0.933594
Highway_Signs_International,RoadNarrowsBothSides_X02A11.png,Triangle,2039,1787,1.141,0.544,0.5,0.423,0.003418,0.0625,0.999023,0.935059
Highway_Signs_International,RoadNarrowsLeft_X02A12.png,Triangle,2043,1791,1.1407,0.5434,0.5,0.42,0.000488,0.061523,0.998047,0.936035
Highway_Signs_International,RoadNarrowsRight_X02A10.png,Triangle,2041,1791,1.1396,0.5439,0.5,0.42,0.003418,0.061523,1.0,0.936035
Highway_Signs_International,RoadWorks_X02A24.png,Triangle,2043,1791,1.1407,0.5438,0.5,0.422,0.002441,0.064453,1.0,0.938965
Highway_Signs_International,RoundaboutAhead_X02A01.png,Triangle,2035,1785,1.1401,0.5437,0.5,0.419,0.001465,0.062988,0.995117,0.93457
Highway_Signs_International,Roundabout_X02C20.png,Circle,2031,2030,1.0005,0.785,0.002,0.987,0.005371,0.004395,0.99707,0.995605
Highway_Signs_International,ServicePost_X02D19.png,Rectangle,1386,2043,0.6784,0.9975,1.0,0.996,0.15918,0.002441,0.835938,1.0
Highway_Signs_International,SideRoadLeft_X02A09.png,Triangle,2034,1783,1.1408,0.5439,0.5,0.421,0.001953,0.066406,0.995117,0.937012
Highway_Signs_International,SideRoadRight_X02A08.png,Triangle,2034,1783,1.1408,0.5439,0.5,0.421,0.001953,0.066406,0.995117,0.937012
Highway_Signs_International,SlipperyRoad_X02A13.png,Triangle,2039,1787,1.141,0.544,0.5,0.423,0.003418,0.0625,0.999023,0.935059
Highway_Signs_International,SnowChainsRequired_X02C19.png,Circle,2038,2038,1.0,0.7846,0.002,0.985,0.004883,0.002441,1.0,0.997559
Highway_Signs_International,SpeedLimit100_X02B19.png,Circle,2036,2036,1.0,0.7849,0.002,0.986,0.004395,0.00293,0.998535,0.99707
Highway_Signs_International,SpeedLimit10_X02B08.png,Circle,2036,2036,1.0,0.7849,0.002,0.986,0.004395,0.00293,0.998535,0.99707
Highway_Signs_International,SpeedLimit15_X02B09.png,Circle,2036,2036,1.0,0.7849,0.002,0.986,0.004395,0.00293,0.998535,0.99707
Highway_Signs_International,SpeedLimit20_X02B10.png,Circle,2036,2036,1.0,0.7849,0.002,0.986,0.004395,0.00293,0.998535,0.99707
Highway_Signs_International,SpeedLimit25_X02B11.png,Circle,2036,2036,1.0,0.7849,0.002,0.986,0.00293,0.00293,0.99707,0.99707
Highway_Signs_International,SpeedLimit30_X02B12.png,Circle,2036,2036,1.0,0.7849,0.002,0.986,0.004883,0.00293,0.999023,0.99707
Highway_Signs_International,SpeedLimit40_X02B13.png,Circle,2047,2048,0.9995,0.7852,0.002,0.987,0.0,0.0,0.999512,1.0
Highway_Signs_International,SpeedLimit50_X02B14.png,Circle,2036,2036,1.0,0.7849,0.002,0.986,0.004395,0.00293,0.998535,0.99707
Highway_Signs_International,SpeedLimit5_X02B07.png,Circle,2036,2036,1.0,0.7849,0.002,0.986,0.004395,0.00293,0.998535,0.99707
Highway_Signs_International,SpeedLimit60_X02B15.png,Circle,2036,2036,1.0,0.7849,0.002,0.986,0.004395,0.00293,0.998535,0.99707
Highway_Signs_International,SpeedLimit70_X02B16.png,Circle,2036,2036,1.0,0.7849,0.002,0.986,0.004395,0.00293,0.998535,0.99707
Highway_Signs_International,SpeedLimit80_X02B17.png,Circle,2035,2036,0.9995,0.7852,0.002,0.987,0.003906,0.00293,0.997559,0.99707
Highway_Signs_International,SpeedLimit90_X02B18.png,Circle,2036,2036,1.0,0.7849,0.002,0.986,0.004395,0.00293,0.998535,0.99707
Highway_Signs_International,SteepAscent10Percent_X02A30.png,Triangle,2038,1787,1.1405,0.5439,0.5,0.421,0.003906,0.0625,0.999023,0.935059
Highway_Signs_International,SteepDescent10Percent_X02A29.png,Triangle,2037,1785,1.1412,0.544,0.5,0.423,0.003906,0.062988,0.998535,0.93457
Highway_Signs_International,Stop_X02B01.png,Traced,2040,2040,1.0,0.8287,0.005,1.0,0.000488,0.001953,0.996582,0.998047
Highway_Signs_International,StraightOrLeft_X02C29.png,Circle,2032,2032,1.0,0.7855,0.002,0.989,0.002441,0.003906,0.994629,0.996094
Highway_Signs_International,StraightOrRight_X02C30.png,Circle,2033,2033,1.0,0.7847,0.002,0.986,0.00293,0.003418,0.995605,0.996094
Highway_Signs_International,TownEntryCologne_X02D09.png,Rectangle,2042,666,3.0661,0.9967,1.0,0.995,0.001465,0.336914,0.998535,0.662109
Highway_Signs_International,TownExitCologne_X02D10.png,Rectangle,2030,662,3.0665,0.9972,1.0,0.997,0.004395,0.339355,0.995605,0.662598
Highway_Signs_International,TrafficQueues_X02A18.png,Triangle,2036,1785,1.1406,0.5437,0.5,0.42,0.004395,0.062988,0.998535,0.93457
Highway_Signs_International,TrafficSignalsAhead_X02A37.png,Triangle,2037,1785,1.1412,0.5441,0.5,0.423,0.003906,0.062988,0.998535,0.93457
Highway_Signs_International,TramCrossing_X02A39.png,Triangle,2034,1783,1.1408,0.5439,0.5,0.421,0.004883,0.063477,0.998047,0.934082
Highway_Signs_International,Tunnel_X02A35.png,Triangle,2040,1788,1.1409,0.5441,0.5,0.423,0.000488,0.064941,0.996582,0.937988
Highway_Signs_International,Tunnel_X02D14.png,Rectangle,1386,2043,0.6784,0.9976,1.0,0.997,0.163086,0.0,0.839844,0.997559
Highway_Signs_International,TurnLeftAhead_X02C27.png,Circle,2032,2032,1.0,0.7855,0.002,0.989,0.002441,0.003906,0.994629,0.996094
Highway_Signs_International,TurnLeftBlue_X02C23.png,Circle,2036,2036,1.0,0.7848,0.002,0.986,0.001465,0.00293,0.995605,0.99707
Highway_Signs_International,TurnRightAhead_X02C28.png,Circle,2033,2032,1.0005,0.7851,0.002,0.987,0.00293,0.003906,0.995605,0.996094
Highway_Signs_International,TurnRightBlue_X02C24.png,Circle,2036,2036,1.0,0.7848,0.002,0.986,0.001465,0.00293,0.995605,0.99707
Highway_Signs_International,TwoWayTrafficBlue_X02C35.png,Rectangle,2016,2026,0.9951,0.9975,1.0,0.998,0.008301,0.005371,0.992676,0.994629
Highway_Signs_International,TwoWayTraffic_X02A36.png,Triangle,2041,1789,1.1409,0.5436,0.5,0.42,0.002441,0.062012,0.999023,0.935547
Highway_Signs_International,UnevenRoad_X02A31.png,Triangle,2040,1789,1.1403,0.5438,0.5,0.42,0.003418,0.062012,0.999512,0.935547
Highway_Signs_International,WeightLimit5Point4t_X02B40.png,Circle,2034,2034,1.0,0.785,0.002,0.986,0.001953,0.003418,0.995117,0.996582
Highway_Signs_International,WidthLimit2Point3m_X02B38.png,Circle,2034,2034,1.0,0.7854,0.002,0.988,0.001953,0.003418,0.995117,0.996582
Highway_Signs_International,WildAnimals_X02A25.png,Triangle,2043,1791,1.1407,0.5442,0.5,0.421,0.0,0.061523,0.997559,0.936035
Highway_Signs_International,WinterConditions_X02C41.png,Rectangle,2040,2008,1.0159,0.9972,1.0,0.999,0.000488,0.009766,0.996582,0.990234
Highway_Signs_International,YieldToOncoming_X02B04.png,Circle,2036,2036,1.0,0.7849,0.002,0.986,0.001953,0.00293,0.996094,0.99707
Highway_Signs_US,AccessibleCrossing_X01E10.png,Diamond,2035,2032,1.0015,0.5327,0.0,0.811,0.001953,0.003906,0.995605,0.996094
Highway_Signs_US,Accessible_X01G29.png,Rectangle,2037,2036,1.0005,0.9979,1.0,0.999,0.003906,0.00293,0.998535,0.99707
Highway_Signs_US,AddedLaneLeft_X01D11.png,Diamond,2035,2032,1.0015,0.5332,0.0,0.815,0.001953,0.003906,0.995605,0.996094
Highway_Signs_US,AddedLaneRight_X01D12.png,Diamond,2035,2032,1.0015,0.5332,0.0,0.815,0.001953,0.003906,0.995605,0.996094
Highway_Signs_US,AdvisorySpeed35_X01E15.png,Rectangle,2029,2034,0.9975,0.9977,1.0,0.999,0.003906,0.003418,0.994629,0.996582
Highway_Signs_US,Airport_X01H04.png,Rectangle,2030,2030,1.0,0.9974,1.0,0.998,0.005859,0.003906,0.99707,0.995117
Highway_Signs_US,Alt_X01F23.png,Rectangle,2036,1019,1.998,0.9944,1.0,0.996,0.003418,0.251465,0.997559,0.749023
Highway_Signs_US,Alternate_X01F22.png,Rectangle,2037,1018,2.001,0.9948,1.0,0.997,0.003906,0.251465,0.998535,0.748535
Highway_Signs_US,AreaClosed_X01H26.png,Rectangle,2043,1622,1.2596,0.9974,1.0,0.997,0.002441,0.105469,1.0,0.897461
Highway_Signs_US,ArrowAdvanceTurnLeft_X01G01.png,Rectangle,2034,1466,1.3874,0.9963,1.0,0.997,0.004883,0.14209,0.998047,0.85791
Highway_Signs_US,ArrowAdvanceTurnRight_X01F42.png,Rectangle,2034,1466,1.3874,0.9963,1.0,0.997,0.004883,0.14209,0.998047,0.85791
Highway_Signs_US,ArrowBidirectional_X01F35.png,Rectangle,2034,1466,1.3874,0.9963,1.0,0.997,0.004883,0.14209,0.998047,0.85791
Highway_Signs_US,ArrowDiagonalUpLeftDownRight_X01F37.png,Rectangle,2034,1466,1.3874,0.9963,1.0,0.997,0.004883,0.14209,0.998047,0.85791
Highway_Signs_US,ArrowDiagonalUpLeft_X01F40.png,Rectangle,2034,1466,1.3874,0.9963,1.0,0.997,0.004883,0.14209,0.998047,0.85791
Highway_Signs_US,ArrowDiagonalUpRightDownLeft_X01F36.png,Rectangle,2034,1466,1.3874,0.9963,1.0,0.997,0.004883,0.14209,0.998047,0.85791
Highway_Signs_US,ArrowDiagonalUpRight_X01F41.png,Rectangle,2034,1466,1.3874,0.9963,1.0,0.997,0.004883,0.14209,0.998047,0.85791
Highway_Signs_US,ArrowLeftBlue_X01G19.png,Rectangle,2034,512,3.9727,0.9918,1.0,0.996,0.004883,0.375,0.998047,0.625
Highway_Signs_US,ArrowLeftPlaque_X01F33.png,Rectangle,2034,1466,1.3874,0.9963,1.0,0.997,0.004883,0.14209,0.998047,0.85791
Highway_Signs_US,ArrowLeft_X01C27.png,Rectangle,2041,1032,1.9777,0.9906,1.0,0.997,0.00293,0.248047,0.999512,0.751953
Highway_Signs_US,ArrowRightBlue_X01G18.png,Rectangle,2034,513,3.9649,0.99,1.0,0.99,0.004883,0.375977,0.998047,0.626465
Highway_Signs_US,ArrowRightPlaque_X01F32.png,Rectangle,2034,1466,1.3874,0.9963,1.0,0.997,0.004883,0.14209,0.998047,0.85791
Highway_Signs_US,ArrowRight_X01C26.png,Rectangle,2035,1026,1.9834,0.9916,1.0,0.999,0.004395,0.249512,0.998047,0.750488
Highway_Signs_US,ArrowThroughAndLeft_X01F39.png,Rectangle,2034,1466,1.3874,0.9963,1.0,0.997,0.004883,0.14209,0.998047,0.85791
Highway_Signs_US,ArrowThroughAndRight_X01F38.png,Rectangle,2034,1466,1.3874,0.9964,1.0,0.998,0.004883,0.141602,0.998047,0.857422
Highway_Signs_US,ArrowThroughOrLeft_X01G02.png,Rectangle,2044,1474,1.3867,0.9967,1.0,0.998,0.000977,0.140137,0.999023,0.859863
Highway_Signs_US,ArrowThroughOrRight_X01G03.png,Rectangle,2034,1466,1.3874,0.9963,1.0,0.997,0.004883,0.14209,0.998047,0.85791
Highway_Signs_US,ArrowTwoWay_X01C28.png,Rectangle,2040,1024,1.9922,0.9957,1.0,0.994,0.003418,0.25,0.999512,0.75
Highway_Signs_US,ArrowUpPlaque_X01F34.png,Rectangle,2034,1466,1.3874,0.9963,1.0,0.997,0.004883,0.14209,0.998047,0.85791
Highway_Signs_US,BarricadeStripes_X01E38.png,Traced,2040,782,2.6087,0.6203,1.0,0.994,0.001465,0.309082,0.997559,0.690918
Highway_Signs_US,BicycleCrossing_X01E01.png,Diamond,2036,2034,1.001,0.5329,0.0,0.811,0.003418,0.00293,0.997559,0.996094
Highway_Signs_US,BicycleSteepGrade_X01D21.png,Diamond,2035,2032,1.0015,0.5332,0.0,0.817,0.001953,0.003906,0.995605,0.996094
Highway_Signs_US,BikeRoute_X01H02.png,Rectangle,2033,1518,1.3393,0.9948,1.0,0.997,0.002441,0.129395,0.995117,0.870605
Highway_Signs_US,BlankDiamondRed_X01H24.png,Diamond,2035,2036,0.9995,0.5329,0.0,0.817,0.004395,0.00293,0.998047,0.99707
Highway_Signs_US,BlankDiamondYellow_X01H17.png,Diamond,2035,2036,0.9995,0.5329,0.0,0.817,0.004395,0.00293,0.998047,0.99707
Highway_Signs_US,BlankPanelYellowHorizontal_X01H21.png,Rectangle,2037,1020,1.9971,0.9911,1.0,0.994,0.000977,0.250977,0.995605,0.749023
Highway_Signs_US,BlankPanelYellowVertical_X01H19.png,Rectangle,1019,2038,0.5,0.9914,1.0,0.995,0.25293,0.002441,0.750488,0.997559
Highway_Signs_US,BlastingZone1000Ft_X01E30.png,Diamond,2037,2036,1.0005,0.533,0.0,0.814,0.004395,0.00293,0.999023,0.99707
Highway_Signs_US,BlastingZone500Ft_X01E29.png,Diamond,2038,2036,1.001,0.5328,0.0,0.811,0.003906,0.00293,0.999023,0.99707
Highway_Signs_US,Bump_X01D23.png,Diamond,2035,2033,1.001,0.5329,0.0,0.813,0.004883,0.00293,0.998535,0.995605
Highway_Signs_US,BusStation_X01H05.png,Rectangle,2030,2030,1.0,0.9974,1.0,0.998,0.005859,0.004395,0.99707,0.995605
Highway_Signs_US,BusinessLoopShield70_X01F03.png,Traced,2028,2032,0.998,0.7978,0.123,0.84,0.006348,0.003906,0.996582,0.996094
Highway_Signs_US,Business_X01F25.png,Rectangle,2031,1016,1.999,0.9947,1.0,0.997,0.004883,0.253418,0.996582,0.749512
Highway_Signs_US,Bypass_X01F24.png,Rectangle,2047,1024,1.999,0.9946,1.0,0.997,0.000488,0.25,1.0,0.75
Highway_Signs_US,Camping_X01G26.png,Rectangle,2037,2037,1.0,0.9974,1.0,0.997,0.00293,0.004395,0.997559,0.999023
Highway_Signs_US,CardinalEastBlue_X01F19.png,Rectangle,2032,1022,1.9883,0.9955,1.0,0.999,0.005371,0.250488,0.997559,0.749512
Highway_Signs_US,CardinalEast_X01F15.png,Rectangle,2044,1029,1.9864,0.9943,1.0,0.995,0.000977,0.250488,0.999023,0.75293
Highway_Signs_US,CardinalNorthBlue_X01F18.png,Rectangle,2032,1022,1.9883,0.9955,1.0,0.999,0.005371,0.250488,0.997559,0.749512
Highway_Signs_US,CardinalNorth_X01F14.png,Rectangle,2032,1023,1.9863,0.9944,1.0,0.995,0.005371,0.25,0.997559,0.749512
Highway_Signs_US,CardinalSouthBlue_X01F20.png,Rectangle,2032,1022,1.9883,0.9955,1.0,0.999,0.005371,0.250488,0.997559,0.749512
Highway_Signs_US,CardinalSouth_X01F16.png,Rectangle,2032,1022,1.9883,0.9955,1.0,0.999,0.005371,0.250488,0.997559,0.749512
Highway_Signs_US,CardinalWestBlue_X01F21.png,Rectangle,2032,1022,1.9883,0.9955,1.0,0.999,0.005371,0.250488,0.997559,0.749512
Highway_Signs_US,CardinalWest_X01F17.png,Rectangle,2032,1022,1.9883,0.9955,1.0,0.999,0.005371,0.250488,0.997559,0.749512
Highway_Signs_US,CattleCrossing_X01E04.png,Diamond,2036,2034,1.001,0.5328,0.0,0.814,0.001465,0.003418,0.995605,0.996582
Highway_Signs_US,CenterLaneTurnOnly_X01A30.png,Rectangle,1377,2032,0.6777,0.9977,1.0,1.0,0.162598,0.003906,0.834961,0.996094
Highway_Signs_US,ChevronLeft_X01C30.png,Rectangle,1518,2030,0.7478,0.9983,1.0,0.997,0.130859,0.004395,0.87207,0.995605
Highway_Signs_US,ChevronRight_X01C29.png,Rectangle,1518,2030,0.7478,0.9983,1.0,0.997,0.130859,0.004395,0.87207,0.995605
Highway_Signs_US,CleanUpAfterYourDog_X01C14.png,Rectangle,1523,2032,0.7495,0.9983,1.0,0.997,0.128906,0.003906,0.872559,0.996094
Highway_Signs_US,CommercialVehiclesExcluded_X01B09.png,Rectangle,1646,2040,0.8069,0.9959,1.0,0.995,0.09668,0.001953,0.900391,0.998047
Highway_Signs_US,CountyRouteShield16_X01F08.png,Traced,2000,2035,0.9828,0.7596,0.007,0.49,0.013184,0.003906,0.989746,0.997559
Highway_Signs_US,CrossOnlyOnSignal_X01B41.png,Rectangle,1525,2036,0.749,0.9935,1.0,0.998,0.126465,0.003418,0.871094,0.997559
Highway_Signs_US,CrossRoad_X01C31.png,Diamond,2035,2032,1.0015,0.5332,0.0,0.815,0.001953,0.003906,0.995605,0.996094
Highway_Signs_US,CurveLeft_X01C19.png,Diamond,2035,2032,1.0015,0.5332,0.0,0.815,0.001953,0.003906,0.995605,0.996094
Highway_Signs_US,CurveRight_X01C18.png,Diamond,2039,2038,1.0005,0.5319,0.0,0.809,0.003418,0.002441,0.999023,0.997559
Highway_Signs_US,DeadEnd_X01E17.png,Diamond,2038,2036,1.001,0.5328,0.0,0.811,0.00293,0.00293,0.998047,0.99707
Highway_Signs_US,DeerCrossing_X01E03.png,Diamond,2039,2038,1.0005,0.5329,0.0,0.813,0.002441,0.002441,0.998047,0.997559
Highway_Signs_US,DestinationNewYorkLeft_X01G04.png,Rectangle,2041,529,3.8582,0.9968,1.0,0.997,0.0,0.371094,0.996582,0.629395
Highway_Signs_US,DestinationSalemLeft_X01G06.png,Rectangle,2036,595,3.4218,0.996,1.0,0.996,0.004395,0.353027,0.998535,0.643555
Highway_Signs_US,DestinationSalemRight_X01G05.png,Rectangle,2036,596,3.4161,0.9938,1.0,0.988,0.004395,0.354492,0.998535,0.645508
Highway_Signs_US,DestinationSanFranciscoLosAngeles_X01G08.png,Rectangle,2048,668,3.0659,0.995,1.0,0.993,0.0,0.337891,1.0,0.664062
Highway_Signs_US,Detour1000Ft_X01E22.png,Diamond,2039,2038,1.0005,0.5318,0.0,0.808,0.001465,0.002441,0.99707,0.997559
Highway_Signs_US,DetourArrowLeft_X01F28.png,Rectangle,2043,762,2.6811,0.9911,1.0,0.996,0.0,0.313965,0.997559,0.686035
Highway_Signs_US,DetourArrowRight_X01F29.png,Rectangle,2043,762,2.6811,0.9911,1.0,0.996,0.0,0.313965,0.997559,0.686035
Highway_Signs_US,DetourLeft_X01F27.png,Rectangle,2034,1638,1.2418,0.996,1.0,0.995,0.004883,0.100098,0.998047,0.899902
Highway_Signs_US,DetourRight_X01F26.png,Rectangle,2034,1638,1.2418,0.996,1.0,0.995,0.004883,0.100098,0.998047,0.899902
Highway_Signs_US,Diesel_X01G32.png,Rectangle,2038,2038,1.0,0.9971,1.0,0.996,0.000977,0.002441,0.996094,0.997559
Highway_Signs_US,Dip_X01D24.png,Diamond,2046,2044,1.001,0.5326,0.0,0.81,0.000977,0.000977,1.0,0.999023
Highway_Signs_US,Distance500Feet_X01E24.png,Rectangle,2040,1516,1.3456,0.9944,1.0,0.996,0.003418,0.129883,0.999512,0.870117
Highway_Signs_US,DistanceChicagoBostonCleveland_X01G09.png,Rectangle,2035,956,2.1287,0.9963,1.0,0.995,0.001953,0.266602,0.995605,0.733398
Highway_Signs_US,DistanceStLouisMemphisNewOrleans_X01G10.png,Rectangle,2042,1031,1.9806,0.9963,1.0,0.995,0.0,0.250488,0.99707,0.753906
Highway_Signs_US,DividedHighwayBegins_X01D17.png,Diamond,2035,2032,1.0015,0.5332,0.0,0.815,0.001953,0.003906,0.995605,0.996094
Highway_Signs_US,DividedHighwayEnds_X01D18.png,Diamond,2035,2032,1.0015,0.5331,0.0,0.814,0.002441,0.003906,0.996094,0.996094
Highway_Signs_US,DoNotBlockIntersection_X01C02.png,Rectangle,1643,2036,0.807,0.9964,1.0,0.997,0.100098,0.00293,0.902344,0.99707
Highway_Signs_US,DoNotEnter_X01B04.png,Octagon,2034,2034,1.0,0.7395,0.0,0.733,0.004883,0.003418,0.998047,0.996582
Highway_Signs_US,DoNotPass_X01A33.png,Rectangle,1650,2044,0.8072,0.9963,1.0,0.996,0.098633,0.000977,0.904297,0.999023
Highway_Signs_US,DoNotStopOnTracks_X01B33.png,Rectangle,1642,2034,0.8073,0.9969,1.0,0.998,0.097656,0.003418,0.899414,0.996582
Highway_Signs_US,DoubleArrowDown_X01E13.png,Diamond,2039,2038,1.0005,0.5317,0.0,0.807,0.003418,0.002441,0.999023,0.997559
Highway_Signs_US,EmergencyMedical_X01G30.png,Rectangle,2037,2036,1.0005,0.9979,1.0,0.999,0.003906,0.00293,0.998535,0.99707
Highway_Signs_US,EmergencyParkingOnly_X01B32.png,Rectangle,2037,1646,1.2375,0.9935,1.0,0.997,0.003906,0.098145,0.998535,0.901855
Highway_Signs_US,EndBlastingZone_X01E25.png,Rectangle,2028,1746,1.1615,0.9975,1.0,0.998,0.004883,0.07373,0.995117,0.92627
Highway_Signs_US,EndConstruction_X01H10.png,Rectangle,2034,873,2.3299,0.994,1.0,0.996,0.004883,0.286133,0.998047,0.712402
Highway_Signs_US,EndRoadWork_X01H11.png,Rectangle,2033,1071,1.8982,0.993,1.0,0.997,0.002441,0.237305,0.995117,0.760254
Highway_Signs_US,EquestrianCrossing_X01E07.png,Diamond,2037,2034,1.0015,0.5329,0.0,0.814,0.003906,0.003418,0.998535,0.996582
Highway_Signs_US,EvacuationRoute_X01H25.png,Circle,2038,2038,1.0,0.7846,0.002,0.985,0.000977,0.002441,0.996094,0.997559
Highway_Signs_US,Exit44_X01G14.png,Rectangle,2036,1734,1.1742,0.9972,1.0,0.997,0.003418,0.075684,0.997559,0.922363
Highway_Signs_US,ExitGuideInterstate20_X01G13.png,Traced,2038,1112,1.8327,0.8633,0.754,0.748,0.001465,0.228516,0.996582,0.771484
Highway_Signs_US,ExitOnly_X01H12.png,Rectangle,2036,494,4.1215,0.9882,1.0,0.996,0.004395,0.379395,0.998535,0.620605
Highway_Signs_US,ExitSpeed25_X01E16.png,Rectangle,1638,2030,0.8069,0.9929,1.0,0.996,0.100098,0.004395,0.899902,0.995605
Highway_Signs_US,FalloutShelter_X01H27.png,Rectangle,2040,1613,1.2647,0.9974,1.0,0.997,0.000488,0.10791,0.996582,0.895508
Highway_Signs_US,FarmMachinery_X01E06.png,Diamond,2035,2032,1.0015,0.5322,0.0,0.808,0.002441,0.003906,0.996094,0.996094
Highway_Signs_US,FireStation_X01E08.png,Diamond,2036,2034,1.001,0.5329,0.0,0.812,0.004395,0.003418,0.998535,0.996582
Highway_Signs_US,FlaggerSymbol_X01E32.png,Diamond,2038,2036,1.001,0.5328,0.0,0.811,0.003906,0.00293,0.999023,0.99707
Highway_Signs_US,Food_X01G34.png,Rectangle,2038,2038,1.0,0.9971,1.0,0.996,0.000977,0.002441,0.996094,0.997559
Highway_Signs_US,Gas_X01G31.png,Rectangle,2038,2038,1.0,0.9971,1.0,0.996,0.000977,0.002441,0.996094,0.997559
Highway_Signs_US,GuideNewYorkPhiladelphia_X01G12.png,Rectangle,2040,1290,1.5814,0.9955,1.0,0.997,0.00293,0.185059,0.999023,0.814941
Highway_Signs_US,Hiking_X01H03.png,Rectangle,2030,2030,1.0,0.9974,1.0,0.998,0.005859,0.004395,0.99707,0.995605
Highway_Signs_US,Hill_X01D22.png,Rectangle,2040,1516,1.3456,0.9944,1.0,0.996,0.003418,0.129883,0.999512,0.870117
Highway_Signs_US,Hospital_X01G25.png,Rectangle,2042,2042,1.0,0.9976,1.0,0.998,0.0,0.001465,0.99707,0.998535
Highway_Signs_US,Information_X01G36.png,Rectangle,2037,2036,1.0005,0.9979,1.0,0.999,0.003906,0.00293,0.998535,0.99707
Highway_Signs_US,InterstateShield123_X01F02.png,Traced,2042,1629,1.2535,0.8098,0.5,0.694,0.0,0.100098,0.99707,0.895508
Highway_Signs_US,InterstateShield20_X01F01.png,Traced,2028,2032,0.998,0.7978,0.123,0.84,0.006348,0.003906,0.996582,0.996094
Highway_Signs_US,JunctionPlaqueBlue_X01F12.png,Rectangle,2036,1460,1.3945,0.9966,1.0,0.998,0.001465,0.143555,0.995605,0.856445
Highway_Signs_US,JunctionPlaque_X01F11.png,Rectangle,2037,1460,1.3952,0.9963,1.0,0.997,0.000488,0.143555,0.995117,0.856445
Highway_Signs_US,JunctionSignGreen_X01F13.png,Rectangle,2035,1356,1.5007,0.9966,1.0,0.996,0.004883,0.168945,0.998535,0.831055
Highway_Signs_US,KangarooCrossing_X01E05.png,Diamond,2035,2032,1.0015,0.5332,0.0,0.815,0.001953,0.003906,0.995605,0.996094
Highway_Signs_US,KeepLeftSymbol_X01A35.png,Rectangle,1636,2028,0.8067,0.9967,1.0,0.997,0.102051,0.004883,0.900879,0.995117
Highway_Signs_US,KeepLeft_X01B03.png,Rectangle,1654,2044,0.8092,0.9966,1.0,0.997,0.097656,0.000977,0.905273,0.999023
Highway_Signs_US,KeepOffMedian_X01C06.png,Rectangle,1636,2030,0.8059,0.9965,1.0,0.996,0.101074,0.004395,0.899902,0.995605
Highway_Signs_US,KeepRightSymbol_X01A36.png,Rectangle,1648,2042,0.8071,0.9961,1.0,0.996,0.096191,0.001465,0.900879,0.998535
Highway_Signs_US,KeepRight_X01B02.png,Rectangle,1643,2030,0.8094,0.9971,1.0,0.999,0.097656,0.004395,0.899902,0.995605
Highway_Signs_US,LaneLeftOrThrough_X01A26.png,Rectangle,1650,2040,0.8088,0.9965,1.0,0.997,0.098633,0.001953,0.904297,0.998047
Highway_Signs_US,LaneRightOrThrough_X01A27.png,Rectangle,1650,2040,0.8088,0.9965,1.0,0.997,0.098633,0.001953,0.904297,0.998047
Highway_Signs_US,LeftLaneEnds_X01D35.png,Diamond,2035,2032,1.0015,0.5331,0.0,0.815,0.004395,0.003906,0.998047,0.996094
Highway_Signs_US,LeftLaneMustTurnLeft_X01A28.png,Rectangle,2024,2028,0.998,0.9971,1.0,0.997,0.007324,0.004883,0.995605,0.995117
Highway_Signs_US,LeftTurnOnly_X01A24.png,Rectangle,1646,2034,0.8092,0.9972,1.0,0.999,0.099609,0.003418,0.90332,0.996582
Highway_Signs_US,LeftTurnSignal_X01C03.png,Rectangle,1642,2036,0.8065,0.9969,1.0,0.998,0.100586,0.00293,0.902344,0.99707
Highway_Signs_US,LibraryReading_X01G38.png,Rectangle,2027,2026,1.0005,0.9973,1.0,0.997,0.003906,0.005371,0.993652,0.994629
Highway_Signs_US,LightRailStation_X01H06.png,Rectangle,2030,2030,1.0,0.9974,1.0,0.998,0.005859,0.004395,0.99707,0.995605
Highway_Signs_US,LitterBarrel1000Ft_X01G28.png,Rectangle,1517,2033,0.7462,0.9976,1.0,0.996,0.130859,0.003418,0.871582,0.996094
Highway_Signs_US,Lodging_X01G35.png,Rectangle,2036,2036,1.0,0.9973,1.0,0.997,0.004395,0.00293,0.998535,0.99707
Highway_Signs_US,LowClearance12Ft6In_X01E14.png,Diamond,2036,2034,1.001,0.5329,0.0,0.813,0.001465,0.004395,0.995605,0.997559
Highway_Signs_US,LowShoulder_X01D30.png,Diamond,2035,2032,1.0015,0.5332,0.0,0.815,0.004883,0.003906,0.998535,0.996094
Highway_Signs_US,Marina_X01G39.png,Rectangle,2026,2026,1.0,0.9978,1.0,0.999,0.003906,0.005371,0.993164,0.994629
Highway_Signs_US,MenWorking_X01E26.png,Diamond,2038,2035,1.0015,0.533,0.0,0.814,0.000977,0.004883,0.996094,0.998535
Highway_Signs_US,MergeLeft_X01D08.png,Diamond,2035,2032,1.0015,0.5331,0.0,0.815,0.001465,0.003906,0.995117,0.996094
Highway_Signs_US,MergeRight_X01D07.png,Diamond,2035,2032,1.0015,0.5332,0.0,0.815,0.001953,0.003906,0.995605,0.996094
Highway_Signs_US,MileMarker444_X01H07.png,Rectangle,528,2041,0.2587,0.9891,1.0,0.992,0.369629,0.000977,0.627441,0.997559
Highway_Signs_US,NarrowBridge_X01D14.png,Diamond,2035,2032,1.0015,0.5332,0.0,0.815,0.00293,0.003906,0.996582,0.996094
Highway_Signs_US,NationalForestRoute13_X01F10.png,Traced,1987,2034,0.9769,0.8369,0.5,0.498,0.015137,0.00293,0.985352,0.996094
Highway_Signs_US,NationalParkRockyMountain_X01G20.png,Traced,2040,714,2.8571,0.8882,0.75,0.752,0.001953,0.325684,0.998047,0.674316
Highway_Signs_US,NoBicycles_X01B10.png,Rectangle,2034,2034,1.0,0.9942,1.0,0.996,0.004883,0.003418,0.998047,0.996582
Highway_Signs_US,NoHitchhikingSymbol_X01B37.png,Rectangle,2034,2033,1.0005,0.9945,1.0,0.997,0.004883,0.005371,0.998047,0.998047
Highway_Signs_US,NoHitchhiking_X01B36.png,Rectangle,1539,2030,0.7581,0.9965,1.0,0.997,0.124023,0.004395,0.875488,0.995605
Highway_Signs_US,NoLeftTurn_X01A21.png,Rectangle,2036,2040,0.998,0.9971,1.0,0.997,0.001465,0.001953,0.995605,0.998047
Highway_Signs_US,NoMotorVehicles_X01B08.png,Rectangle,2018,2042,0.9882,0.9972,1.0,0.998,0.005859,0.001465,0.991211,0.998535
Highway_Signs_US,NoOutlet_X01E18.png,Diamond,2038,2036,1.001,0.5328,0.0,0.813,0.000488,0.00293,0.995605,0.99707
Highway_Signs_US,NoParkingAnyTimeLeft_X01B16.png,Rectangle,1367,2032,0.6727,0.991,1.0,0.993,0.16748,0.003906,0.834961,0.996094
Highway_Signs_US,NoParkingAnyTimeRight_X01B17.png,Rectangle,1367,2032,0.6727,0.991,1.0,0.993,0.16748,0.003906,0.834961,0.996094
Highway_Signs_US,NoParkingBikeLane_X01B23.png,Rectangle,1347,2042,0.6596,0.9906,1.0,0.996,0.172363,0.001465,0.830078,0.998535
Highway_Signs_US,NoParkingBusStopTransit_X01B26.png,Rectangle,824,2046,0.4027,0.9953,1.0,0.997,0.300293,0.000488,0.702637,0.999512
Highway_Signs_US,NoParkingBusStop_X01B24.png,Rectangle,1364,2028,0.6726,0.992,1.0,0.996,0.165527,0.004883,0.831543,0.995117
Highway_Signs_US,NoParkingExceptSundaysHolidays_X01B19.png,Rectangle,1375,2046,0.672,0.9923,1.0,0.997,0.165527,0.000488,0.836914,0.999512
Highway_Signs_US,NoParkingLoadingZone_X01B21.png,Rectangle,1367,2032,0.6727,0.991,1.0,0.993,0.16748,0.003906,0.834961,0.996094
Highway_Signs_US,NoParkingStreetCleaning_X01C15.png,Rectangle,1366,2033,0.6719,0.9921,1.0,0.996,0.166504,0.002441,0.833496,0.995117
Highway_Signs_US,NoParkingSymbolTimeRestricted_X01B25.png,Rectangle,1362,2026,0.6723,0.992,1.0,0.996,0.168945,0.005371,0.833984,0.994629
Highway_Signs_US,NoParkingSymbol_X01B31.png,Rectangle,2034,2034,1.0,0.9942,1.0,0.996,0.004883,0.003418,0.998047,0.996582
Highway_Signs_US,NoParkingText_X01B30.png,Rectangle,1643,2036,0.807,0.9963,1.0,0.996,0.100098,0.00293,0.902344,0.99707
Highway_Signs_US,NoParkingTimeRestrictedRight_X01B18.png,Rectangle,1367,2032,0.6727,0.991,1.0,0.993,0.16748,0.003906,0.834961,0.996094
Highway_Signs_US,NoPassingZone_X01E19.png,Triangle,2045,1666,1.2275,0.5474,0.5,0.432,0.000977,0.093262,0.999512,0.906738
Highway_Signs_US,NoPedestrianCrossing_X01B34.png,Rectangle,1362,2026,0.6723,0.992,1.0,0.996,0.168945,0.005371,0.833984,0.994629
Highway_Signs_US,NoPedestrians_X01B35.png,Rectangle,2040,2040,1.0,0.9947,1.0,0.998,0.000488,0.001953,0.996582,0.998047
Highway_Signs_US,NoRightTurn_X01A20.png,Rectangle,2036,2040,0.998,0.9971,1.0,0.997,0.001465,0.001953,0.995605,0.998047
Highway_Signs_US,NoStandingAnyTime_X01B20.png,Rectangle,1367,2032,0.6727,0.991,1.0,0.993,0.16748,0.003906,0.834961,0.996094
Highway_Signs_US,NoTrucksSign_X01B07.png,Rectangle,2038,2038,1.0,0.998,1.0,0.998,0.000977,0.002441,0.996094,0.997559
Highway_Signs_US,NoTrucksSymbol_X01B06.png,Rectangle,2037,2038,0.9995,0.9943,1.0,0.996,0.001465,0.002441,0.996094,0.997559
Highway_Signs_US,NoTurnOnRed_X01C05.png,Rectangle,1626,2036,0.7986,0.9961,1.0,0.995,0.103027,0.00293,0.896973,0.99707
Highway_Signs_US,NoTurns_X01A22.png,Pictogram,2026,2030,0.998,0.2087,0.145,0.416,0.006836,0.004395,0.996094,0.995605
Highway_Signs_US,NoUTurn_X01A23.png,Rectangle,2036,2040,0.998,0.9971,1.0,0.997,0.001465,0.001953,0.995605,0.998047
Highway_Signs_US,ObjectMarkerDiamondBlackRed_X01H23.png,Diamond,2035,2036,0.9995,0.5329,0.0,0.817,0.004395,0.00293,0.998047,0.99707
Highway_Signs_US,ObjectMarkerDiamondBlackYellow_X01H16.png,Diamond,2035,2036,0.9995,0.5329,0.0,0.817,0.004395,0.00293,0.998047,0.99707
Highway_Signs_US,ObjectMarkerDiamondRed_X01H22.png,Diamond,2035,2037,0.999,0.5345,0.0,0.825,0.001953,0.004395,0.995605,0.999023
Highway_Signs_US,ObjectMarkerDiamondYellow_X01H15.png,Diamond,2035,2037,0.999,0.5326,0.0,0.813,0.003906,0.001953,0.997559,0.996582
Highway_Signs_US,ObjectMarkerStripesLeft_X01H13.png,Rectangle,692,2031,0.3407,0.9986,1.0,0.997,0.32959,0.003906,0.66748,0.995605
Highway_Signs_US,ObjectMarkerStripesRight_X01H14.png,Rectangle,692,2031,0.3407,0.9987,1.0,0.998,0.332031,0.004883,0.669922,0.996582
Highway_Signs_US,OneLaneBridge_X01D16.png,Diamond,2035,2032,1.0015,0.5331,0.0,0.815,0.003418,0.003906,0.99707,0.996094
Highway_Signs_US,OneWayLeftStacked_X01B14.png,Rectangle,1642,2034,0.8073,0.9962,1.0,0.996,0.100586,0.003418,0.902344,0.996582
Highway_Signs_US,OneWayLeft_X01B12.png,Rectangle,2036,716,2.8436,0.984,1.0,0.99,0.001465,0.325195,0.995605,0.674805
Highway_Signs_US,OneWayRightStacked_X01B15.png,Rectangle,1642,2034,0.8073,0.9962,1.0,0.996,0.100586,0.003418,0.902344,0.996582
Highway_Signs_US,OneWayRight_X01B11.png,Rectangle,2032,714,2.8459,0.9859,1.0,0.997,0.002441,0.325684,0.994629,0.674316
Highway_Signs_US,ParkAndRide_X01G16.png,Rectangle,1540,2036,0.7564,0.9948,1.0,0.997,0.124023,0.004883,0.875977,0.999023
Highway_Signs_US,Parking_X01G15.png,Rectangle,2040,1669,1.2223,0.9965,1.0,0.998,0.000488,0.092285,0.996582,0.907227
Highway_Signs_US,PassWithCare_X01A34.png,Rectangle,1652,2046,0.8074,0.9967,1.0,0.998,0.095215,0.000488,0.901855,0.999512
Highway_Signs_US,PavementEndsSymbol_X01D26.png,Diamond,2035,2032,1.0015,0.5332,0.0,0.815,0.001953,0.003906,0.995605,0.996094
Highway_Signs_US,PavementEnds_X01D25.png,Diamond,2035,2032,1.0015,0.5332,0.0,0.815,0.00293,0.003906,0.996582,0.996094
Highway_Signs_US,PedestrianCrossing_X01E02.png,Diamond,2036,2034,1.001,0.5329,0.0,0.812,0.004395,0.003418,0.998535,0.996582
Highway_Signs_US,PedestrianCrosswalk_X01E12.png,Diamond,2037,2034,1.0015,0.5327,0.0,0.813,0.003906,0.003418,0.998535,0.996582
Highway_Signs_US,PedestriansProhibited_X01B13.png,Rectangle,2041,1032,1.9777,0.9909,1.0,0.998,0.00293,0.248047,0.999512,0.751953
Highway_Signs_US,PlaqueAllWay_X01A04.png,Rectangle,2034,666,3.0541,0.9867,1.0,0.996,0.001953,0.337402,0.995117,0.662598
Highway_Signs_US,PlaqueFourWay_X01A03.png,Rectangle,2042,1014,2.0138,0.9816,1.0,1.0,0.00293,0.252441,1.0,0.747559
Highway_Signs_US,PlaqueSchool_X01H31.png,Rectangle,2035,680,2.9926,0.9893,1.0,0.993,0.004395,0.333984,0.998047,0.666016
Highway_Signs_US,PlaqueWhenFlashing_X01H32.png,Rectangle,2034,879,2.314,0.9939,1.0,0.997,0.001953,0.286133,0.995117,0.715332
Highway_Signs_US,PlaygroundSeesaw_X01E20.png,Diamond,2038,2036,1.001,0.5318,0.0,0.808,0.002441,0.004395,0.997559,0.998535
Highway_Signs_US,Police_X01H01.png,Rectangle,2042,1031,1.9806,0.9897,1.0,0.998,0.00293,0.24707,1.0,0.750488
Highway_Signs_US,PropaneLPGas_X01G33.png,Rectangle,2038,2038,1.0,0.9971,1.0,0.996,0.000977,0.002441,0.996094,0.997559
Highway_Signs_US,PushButtonForGreenLight_X01B40.png,Rectangle,1532,2036,0.7525,0.9931,1.0,0.997,0.126465,0.003906,0.874512,0.998047
Highway_Signs_US,RVSanitaryStation_X01G37.png,Rectangle,2038,2038,1.0,0.9971,1.0,0.996,0.000977,0.002441,0.996094,0.997559
Highway_Signs_US,RailroadAdvanceWarning_X01D37.png,Circle,2039,2040,0.9995,0.7848,0.002,0.986,0.003906,0.001953,0.999512,0.998047
Highway_Signs_US,RailroadCrossbuck_X01C07.png,Triangle,2038,2040,0.999,0.4776,0.372,0.0,0.0,0.001953,0.995117,0.998047
Highway_Signs_US,RailroadCrossingCrossroad_X01D38.png,Diamond,2035,2032,1.0015,0.5332,0.0,0.815,0.001953,0.003906,0.995605,0.996094
Highway_Signs_US,RailroadCrossingSideRoad_X01D39.png,Diamond,2035,2032,1.0015,0.5332,0.0,0.815,0.001953,0.003906,0.995605,0.996094
Highway_Signs_US,RailroadCrossingTIntersection_X01D40.png,Diamond,2035,2032,1.0015,0.5332,0.0,0.815,0.001953,0.003906,0.995605,0.996094
Highway_Signs_US,ReducedSpeedAhead_X01A18.png,Rectangle,1648,2040,0.8078,0.997,1.0,0.999,0.096191,0.001953,0.900879,0.998047
Highway_Signs_US,ReservedParkingAccessible_X01B22.png,Rectangle,1367,2032,0.6727,0.991,1.0,0.993,0.16748,0.003906,0.834961,0.996094
Highway_Signs_US,RestAreaPicnic_X01G17.png,Rectangle,2032,2002,1.015,0.9953,1.0,0.997,0.002441,0.01123,0.994629,0.98877
Highway_Signs_US,RestArea_X01H08.png,Rectangle,2030,2030,1.0,0.9944,1.0,0.998,0.005859,0.004395,0.99707,0.995605
Highway_Signs_US,RestrictedLaneAhead_X01A31.png,Rectangle,2036,1140,1.786,0.9956,1.0,0.996,0.001465,0.22168,0.995605,0.77832
Highway_Signs_US,RestrictedLaneEnds_X01A32.png,Rectangle,2036,1140,1.786,0.9956,1.0,0.996,0.001465,0.22168,0.995605,0.77832
Highway_Signs_US,ReverseCurveLeft_X01C23.png,Diamond,2031,2028,1.0015,0.5339,0.0,0.819,0.004395,0.004883,0.996094,0.995117
Highway_Signs_US,ReverseCurveRight_X01C22.png,Diamond,2035,2032,1.0015,0.5332,0.0,0.815,0.001953,0.003906,0.995605,0.996094
Highway_Signs_US,ReverseTurnLeft_X01C21.png,Diamond,2035,2032,1.0015,0.5332,0.0,0.815,0.001953,0.003906,0.995605,0.996094
Highway_Signs_US,ReverseTurnRight_X01C20.png,Diamond,2039,2038,1.0005,0.5319,0.0,0.809,0.003418,0.002441,0.999023,0.997559
Highway_Signs_US,RightLaneEnds_X01D34.png,Diamond,2045,2044,1.0005,0.5328,0.0,0.813,0.001465,0.000977,1.0,0.999023
Highway_Signs_US,RightLaneMustTurnRight_X01A29.png,Rectangle,2028,2032,0.998,0.9974,1.0,0.998,0.006348,0.003906,0.996582,0.996094
Highway_Signs_US,RightTurnOnly_X01A25.png,Rectangle,1641,2028,0.8092,0.9966,1.0,0.997,0.100586,0.004883,0.901855,0.995117
Highway_Signs_US,RightTurnSignal_X01C04.png,Rectangle,1642,2036,0.8065,0.9969,1.0,0.998,0.099121,0.00293,0.900879,0.99707
Highway_Signs_US,RoadClosedConstruction_X01E23.png,Diamond,2038,2036,1.001,0.5328,0.0,0.811,0.003906,0.00293,0.999023,0.99707
Highway_Signs_US,RoadClosedToThruTraffic_X01C09.png,Rectangle,2032,1074,1.892,0.9891,1.0,0.993,0.004883,0.237793,0.99707,0.762207
Highway_Signs_US,RoadClosed_X01C08.png,Rectangle,2034,1308,1.555,0.9921,1.0,0.998,0.00293,0.180664,0.996094,0.819336
Highway_Signs_US,RoadConstruction500Ft_X01E21.png,Diamond,2037,2036,1.0005,0.533,0.0,0.814,0.000977,0.00293,0.995605,0.99707
Highway_Signs_US,RoadNarrowsLeft_X01D10.png,Diamond,2035,2032,1.0015,0.5332,0.0,0.815,0.001953,0.003906,0.995605,0.996094
Highway_Signs_US,RoadNarrowsRight_X01D09.png,Diamond,2035,2032,1.0015,0.5331,0.0,0.816,0.002441,0.003906,0.996094,0.996094
Highway_Signs_US,RoadNarrows_X01D13.png,Diamond,2035,2032,1.0015,0.5332,0.0,0.815,0.00293,0.003906,0.996582,0.996094
Highway_Signs_US,RoadWidens_X01D15.png,Diamond,2037,2036,1.0005,0.5327,0.0,0.811,0.004395,0.00293,0.999023,0.99707
Highway_Signs_US,RoughRoad_X01D29.png,Diamond,2045,2044,1.0005,0.5328,0.0,0.812,0.001465,0.000977,1.0,0.999023
Highway_Signs_US,SchoolBusStopAhead_X01H30.png,Diamond,2041,2038,1.0015,0.5327,0.0,0.812,0.00293,0.001465,0.999512,0.996582
Highway_Signs_US,SchoolCrossingWithCrosswalk_X01H29.png,Traced,2041,1974,1.0339,0.7615,0.5,0.956,0.003418,0.018066,1.0,0.981934
Highway_Signs_US,SchoolCrossing_X01H28.png,Traced,2041,1974,1.0339,0.7615,0.5,0.956,0.003418,0.017578,1.0,0.981445
Highway_Signs_US,SchoolSpeedLimit20WhenFlashing_X01H33.png,Rectangle,1035,2044,0.5064,0.9936,1.0,0.995,0.246094,0.001953,0.751465,1.0
Highway_Signs_US,ShoulderDropOff_X01D31.png,Diamond,2035,2033,1.001,0.5328,0.0,0.813,0.00293,0.002441,0.996582,0.995117
Highway_Signs_US,ShoulderWork_X01E27.png,Diamond,2039,2038,1.0005,0.5318,0.0,0.807,0.002441,0.002441,0.998047,0.997559
Highway_Signs_US,SideRoadAngleLeft_X01D02.png,Diamond,2035,2032,1.0015,0.5332,0.0,0.816,0.003418,0.003906,0.99707,0.996094
Highway_Signs_US,SideRoadAngleRight_X01D01.png,Diamond,2035,2032,1.0015,0.5332,0.0,0.815,0.001953,0.003906,0.995605,0.996094
Highway_Signs_US,SideRoadLeft_X01C33.png,Diamond,2035,2032,1.0015,0.5332,0.0,0.815,0.001953,0.003906,0.995605,0.996094
Highway_Signs_US,SideRoadRight_X01C32.png,Diamond,2035,2032,1.0015,0.5332,0.0,0.815,0.001953,0.003906,0.995605,0.996094
Highway_Signs_US,SignalAhead_X01D06.png,Diamond,2035,2032,1.0015,0.5332,0.0,0.815,0.001953,0.003906,0.995605,0.996094
Highway_Signs_US,SignalDontWalkText_X01I16.png,Rectangle,2039,1943,1.0494,0.9773,1.0,0.995,0.000488,0.027344,0.996094,0.976074
Highway_Signs_US,SignalHandDontWalk_X01I14.png,Rectangle,2031,1936,1.0491,0.9777,1.0,0.998,0.005859,0.027344,0.997559,0.972656
Highway_Signs_US,SignalPanelAmberHorizontal_X01H20.png,Rectangle,2037,1020,1.9971,0.9911,1.0,0.994,0.000977,0.250977,0.995605,0.749023
Highway_Signs_US,SignalPanelAmberVertical_X01H18.png,Rectangle,1019,2038,0.5,0.9914,1.0,0.995,0.25293,0.002441,0.750488,0.997559
Highway_Signs_US,SignalWalkText_X01I17.png,Rectangle,2039,1942,1.0499,0.9777,1.0,0.997,0.000488,0.025391,0.996094,0.973633
Highway_Signs_US,SignalWalkingPerson_X01I15.png,Rectangle,2031,1936,1.0491,0.9777,1.0,0.998,0.005859,0.026855,0.997559,0.972168
Highway_Signs_US,SlipperyWhenWetBicycle_X01D32.png,Diamond,2035,2033,1.001,0.5329,0.0,0.813,0.003906,0.004395,0.997559,0.99707
Highway_Signs_US,SlipperyWhenWetSymbol_X01D28.png,Diamond,2035,2032,1.0015,0.5332,0.0,0.815,0.001953,0.003906,0.995605,0.996094
Highway_Signs_US,SlipperyWhenWet_X01D33.png,Rectangle,2028,1506,1.3466,0.9949,1.0,0.998,0.004395,0.132324,0.994629,0.867676
Highway_Signs_US,SlowChildrenAtPlay_X01H35.png,Rectangle,1531,2043,0.7494,0.9981,1.0,0.997,0.127441,0.001953,0.875,0.999512
Highway_Signs_US,SlowerTrafficKeepRight_X01B01.png,Rectangle,1650,2046,0.8065,0.9972,1.0,0.999,0.098633,0.000488,0.904297,0.999512
Highway_Signs_US,SnowmobileCrossing_X01E09.png,Diamond,2034,2032,1.001,0.5322,0.0,0.81,0.003418,0.003906,0.996582,0.996094
Highway_Signs_US,SoftShoulder_X01D27.png,Diamond,2035,2032,1.0015,0.5332,0.0,0.815,0.004395,0.003906,0.998047,0.996094
Highway_Signs_US,SpeedLimit10_X01A05.png,Rectangle,1610,2034,0.7915,0.9969,1.0,0.999,0.105469,0.003418,0.891602,0.996582
Highway_Signs_US,SpeedLimit15_X01A06.png,Rectangle,1610,2034,0.7915,0.9969,1.0,0.999,0.105469,0.003418,0.891602,0.996582
Highway_Signs_US,SpeedLimit20_X01A07.png,Rectangle,1610,2034,0.7915,0.9969,1.0,0.999,0.105469,0.003418,0.891602,0.996582
Highway_Signs_US,SpeedLimit25_X01A08.png,Rectangle,1610,2034,0.7915,0.9969,1.0,0.999,0.105469,0.003418,0.891602,0.996582
Highway_Signs_US,SpeedLimit30_X01A09.png,Rectangle,1610,2034,0.7915,0.9969,1.0,0.999,0.105469,0.003418,0.891602,0.996582
Highway_Signs_US,SpeedLimit35_X01A10.png,Rectangle,1610,2034,0.7915,0.9969,1.0,0.999,0.105469,0.003418,0.891602,0.996582
Highway_Signs_US,SpeedLimit40_X01A11.png,Rectangle,1610,2034,0.7915,0.9969,1.0,0.999,0.105469,0.003418,0.891602,0.996582
Highway_Signs_US,SpeedLimit45_X01A12.png,Rectangle,1610,2034,0.7915,0.9969,1.0,0.999,0.105469,0.003418,0.891602,0.996582
Highway_Signs_US,SpeedLimit50Minimum30_X01A17.png,Rectangle,1023,2030,0.5039,0.997,1.0,0.994,0.251465,0.004395,0.750977,0.995605
Highway_Signs_US,SpeedLimit50_X01A13.png,Rectangle,1610,2034,0.7915,0.9969,1.0,0.999,0.105469,0.003418,0.891602,0.996582
Highway_Signs_US,SpeedLimit55_X01A14.png,Rectangle,1610,2034,0.7915,0.9969,1.0,0.999,0.105469,0.003418,0.891602,0.996582
Highway_Signs_US,SpeedLimit60_X01A15.png,Rectangle,1610,2034,0.7915,0.9969,1.0,0.999,0.105469,0.003418,0.891602,0.996582
Highway_Signs_US,SpeedLimit65_X01A16.png,Rectangle,1610,2034,0.7915,0.9969,1.0,0.999,0.105469,0.003418,0.891602,0.996582
Highway_Signs_US,SpeedZoneAhead_X01A19.png,Rectangle,1650,2044,0.8072,0.9963,1.0,0.996,0.098633,0.000977,0.904297,0.999023
Highway_Signs_US,StateRouteCircle50_X01F09.png,Rectangle,2038,2038,1.0,0.9954,1.0,1.0,0.000977,0.002441,0.996094,0.997559
Highway_Signs_US,StopAhead_X01D05.png,Diamond,2035,2032,1.0015,0.5332,0.0,0.814,0.003418,0.003906,0.99707,0.996094
Highway_Signs_US,StopHereOnRed_X01C01.png,Rectangle,1368,2036,0.6719,0.9919,1.0,0.995,0.166016,0.001465,0.833984,0.995605
Highway_Signs_US,Stop_X01A01.png,Octagon,1956,1956,1.0,0.699,0.005,0.996,0.020996,0.022461,0.976074,0.977539
Highway_Signs_US,StreetName8thAve_X01G07.png,Rectangle,2042,790,2.5848,0.9944,1.0,0.993,0.0,0.307129,0.99707,0.692871
Highway_Signs_US,StreetNameEMainSt_X01G11.png,Rectangle,2043,678,3.0133,0.9951,1.0,0.994,0.0,0.334473,0.997559,0.665527
Highway_Signs_US,SurveyCrew_X01E28.png,Diamond,2039,2037,1.001,0.5321,0.0,0.811,0.003906,0.001465,0.999512,0.996094
Highway_Signs_US,TIntersection_X01D03.png,Diamond,2035,2032,1.0015,0.5332,0.0,0.815,0.001953,0.003906,0.995605,0.996094
Highway_Signs_US,TelephoneLightBlue_X01G22.png,Rectangle,2037,2036,1.0005,0.9979,1.0,0.999,0.003906,0.00293,0.998535,0.99707
Highway_Signs_US,TelephoneQuarterMile_X01G24.png,Rectangle,1617,2036,0.7942,0.997,1.0,0.997,0.104004,0.001465,0.893555,0.995605
Highway_Signs_US,TelephoneWithArrow_X01G23.png,Rectangle,1626,2046,0.7947,0.9972,1.0,0.998,0.101562,0.0,0.895508,0.999023
Highway_Signs_US,TouristInfoCenter_X01H09.png,Rectangle,2034,901,2.2575,0.9908,1.0,0.995,0.001953,0.278809,0.995117,0.71875
Highway_Signs_US,TowAwayZone_X01B29.png,Rectangle,2041,952,2.1439,0.9894,1.0,0.998,0.00293,0.267578,0.999512,0.732422
Highway_Signs_US,TowTruckSymbol_X01B28.png,Rectangle,2041,952,2.1439,0.9894,1.0,0.998,0.00293,0.267578,0.999512,0.732422
Highway_Signs_US,TrailerCamping_X01G27.png,Rectangle,2037,2036,1.0005,0.9979,1.0,0.999,0.003906,0.00293,0.998535,0.99707
Highway_Signs_US,TruckCrossing_X01E11.png,Diamond,2038,2036,1.001,0.5328,0.0,0.811,0.003906,0.00293,0.999023,0.99707
Highway_Signs_US,TruckRoute_X01C13.png,Rectangle,2040,1526,1.3368,0.997,1.0,0.998,0.001953,0.127441,0.998047,0.872559
Highway_Signs_US,TruckSteepGrade_X01D20.png,Diamond,2045,2044,1.0005,0.5328,0.0,0.813,0.000977,0.000977,0.999512,0.999023
Highway_Signs_US,TurnArrowLeft_X01F30.png,Rectangle,2034,1466,1.3874,0.9963,1.0,0.997,0.004883,0.14209,0.998047,0.85791
Highway_Signs_US,TurnArrowRight_X01F31.png,Rectangle,2034,1466,1.3874,0.9963,1.0,0.997,0.004883,0.14209,0.998047,0.85791
Highway_Signs_US,TurnLeft_X01C17.png,Diamond,2039,2038,1.0005,0.5319,0.0,0.809,0.003418,0.002441,0.999023,0.997559
Highway_Signs_US,TurnRight_X01C16.png,Diamond,2035,2032,1.0015,0.5332,0.0,0.815,0.001953,0.003906,0.995605,0.996094
Highway_Signs_US,TwoHourParking_X01B27.png,Rectangle,1343,2036,0.6596,0.9913,1.0,0.998,0.17334,0.00293,0.829102,0.99707
Highway_Signs_US,TwoWayTraffic_X01D19.png,Diamond,2035,2032,1.0015,0.5332,0.0,0.815,0.001953,0.003906,0.995605,0.996094
Highway_Signs_US,USRouteShield40Black_X01F04.png,Rectangle,2042,2042,1.0,0.9953,1.0,1.0,0.0,0.001465,0.99707,0.998535
Highway_Signs_US,USRouteShield40_X01F06.png,Traced,2032,2039,0.9966,0.8093,0.0,0.579,0.00293,0.0,0.995117,0.995605
Highway_Signs_US,USRouteShield789Black_X01F05.png,Rectangle,2038,1639,1.2434,0.99,1.0,0.998,0.001465,0.100586,0.996582,0.900879
Highway_Signs_US,USRouteShield789_X01F07.png,Traced,2034,1612,1.2618,0.8113,0.049,0.627,0.002441,0.103516,0.995605,0.890625
Highway_Signs_US,UseCrosswalk_X01B38.png,Rectangle,2037,1408,1.4467,0.9927,1.0,0.997,0.000488,0.15625,0.995117,0.84375
Highway_Signs_US,WeighStation_X01G21.png,Rectangle,2037,1836,1.1095,0.9973,1.0,0.998,0.001465,0.051758,0.996094,0.948242
Highway_Signs_US,WeightLimit10Tons_X01C10.png,Rectangle,1651,2046,0.8069,0.9969,1.0,0.998,0.096191,0.000977,0.902344,1.0
Highway_Signs_US,WeightLimitByAxle_X01C11.png,Rectangle,1643,2036,0.807,0.9963,1.0,0.996,0.100098,0.00293,0.902344,0.99707
Highway_Signs_US,WindingRoadLeft_X01C25.png,Diamond,2039,2038,1.0005,0.5319,0.0,0.809,0.003418,0.002441,0.999023,0.997559
Highway_Signs_US,WindingRoadRight_X01C24.png,Diamond,2036,2032,1.002,0.5328,0.0,0.813,0.00293,0.003906,0.99707,0.996094
Highway_Signs_US,WinterRecreation_X01G40.png,Rectangle,2036,2036,1.0,0.997,1.0,0.997,0.001465,0.000977,0.995605,0.995117
Highway_Signs_US,WorkerSymbol_X01E31.png,Diamond,2036,2034,1.001,0.5331,0.0,0.815,0.004395,0.003906,0.998535,0.99707
Highway_Signs_US,WrongWay_X01B05.png,Rectangle,2042,1340,1.5239,0.9919,1.0,0.997,0.0,0.172852,0.99707,0.827148
Highway_Signs_US,YIntersection_X01D04.png,Diamond,2035,2032,1.0015,0.5332,0.0,0.815,0.001953,0.003906,0.995605,0.996094
Highway_Signs_US,YieldToPedestriansInCrosswalk_X01B42.png,Rectangle,1539,2041,0.754,0.998,1.0,0.997,0.124023,0.003418,0.875488,1.0
Highway_Signs_US,YieldToPedestrians_X01B39.png,Rectangle,1377,2042,0.6743,0.997,1.0,0.997,0.164551,0.00293,0.836914,1.0
Highway_Signs_US,Yield_X01A02.png,Triangle,2039,1812,1.1253,0.5657,0.5,0.456,0.003418,0.057617,0.999023,0.942383
International_Icons_Electronic_Labeling,ACDCCombined_X06E09.png,Triangle,2038,937,2.175,0.4561,0.504,0.283,0.00293,0.273438,0.998047,0.730957
International_Icons_Electronic_Labeling,AccentCharacter_X06F21.png,Pictogram,2039,847,2.4073,0.3414,0.59,0.241,0.002441,0.294922,0.998047,0.708496
International_Icons_Electronic_Labeling,AccessibleOutline_X06G12.png,Pictogram,1808,2040,0.8863,0.2445,0.002,0.225,0.061523,0.003418,0.944336,0.999512
International_Icons_Electronic_Labeling,AlternatingCurrent_X06E08.png,Pictogram,2032,614,3.3094,0.344,0.004,0.427,0.004883,0.350586,0.99707,0.650391
International_Icons_Electronic_Labeling,AntennaBroadcast_X06D35.png,Pictogram,2044,1889,1.0821,0.4086,0.622,0.312,0.000977,0.038574,0.999023,0.960938
International_Icons_Electronic_Labeling,AntennaDipole_X06E20.png,Pictogram,1318,2039,0.6464,0.1858,0.312,0.453,0.178223,0.002441,0.821777,0.998047
International_Icons_Electronic_Labeling,AntennaLoop_X06E21.png,Pictogram,2020,1853,1.0901,0.2425,0.488,0.25,0.006836,0.047852,0.993164,0.952637
International_Icons_Electronic_Labeling,AntennaSymbol_X06C34.png,Pictogram,2032,2032,1.0,0.4354,0.002,0.982,0.003906,0.004395,0.996094,0.996582
International_Icons_Electronic_Labeling,ApertureIris_X06E30.png,Pictogram,2026,2026,1.0,0.4265,0.002,0.997,0.005371,0.005371,0.994629,0.994629
International_Icons_Electronic_Labeling,ApertureWheel_X06E31.png,Pictogram,2042,2042,1.0,0.4038,0.002,0.996,0.0,0.0,0.99707,0.99707
International_Icons_Electronic_Labeling,ApertureWithMarker_X06E32.png,Pictogram,1590,2036,0.7809,0.3598,0.006,0.917,0.111816,0.004883,0.888184,0.999023
International_Icons_Electronic_Labeling,ArrowsCycleUpDown_X06D25.png,Pictogram,2038,1428,1.4272,0.2364,0.0,0.046,0.002441,0.148926,0.997559,0.846191
International_Icons_Electronic_Labeling,ArrowsLeftRight_X06I03.png,Pictogram,2032,1012,2.0079,0.2641,0.001,0.431,0.003906,0.252441,0.996094,0.746582
International_Icons_Electronic_Labeling,ArrowsOppositeLoop_X06B25.png,Pictogram,2039,1305,1.5625,0.2387,0.002,0.302,0.003906,0.179688,0.999512,0.816895
International_Icons_Electronic_Labeling,ArrowsOppositeStraight_X06B24.png,Pictogram,2043,1429,1.4297,0.239,0.0,0.0,0.000977,0.151367,0.998535,0.849121
International_Icons_Electronic_Labeling,Asterisk_X06F30.png,Pictogram,1892,2047,0.9243,0.3407,0.001,0.498,0.041016,0.000488,0.964844,1.0
International_Icons_Electronic_Labeling,AudioBalance_X06B10.png,Pictogram,1864,2026,0.92,0.2659,0.0,0.498,0.042969,0.005371,0.953125,0.994629
International_Icons_Electronic_Labeling,AudioTrackSelect_X06B22.png,Diamond,2037,750,2.716,0.4778,0.0,0.703,0.0,0.313965,0.994629,0.680176
International_Icons_Electronic_Labeling,BassClef_X06B19.png,Pictogram,1598,2042,0.7826,0.1875,0.102,0.05,0.111328,0.000488,0.891602,0.997559
International_Icons_Electronic_Labeling,BatteriesTwo_X06E05.png,Pictogram,1732,2026,0.8549,0.3989,0.213,0.5,0.07666,0.005371,0.922363,0.994629
International_Icons_Electronic_Labeling,BatteryEmpty_X06E04.png,Pictogram,2032,882,2.3039,0.3835,0.595,0.974,0.003418,0.286133,0.995605,0.716797
International_Icons_Electronic_Labeling,BatteryFull_X06E02.png,Traced,2032,882,2.3039,0.9387,0.595,0.983,0.003418,0.284668,0.995605,0.715332
International_Icons_Electronic_Labeling,BatteryHalf_X06E03.png,Triangle,2032,882,2.3039,0.5705,0.595,0.974,0.003418,0.284668,0.995605,0.715332
International_Icons_Electronic_Labeling,BatteryPolarity_X06E01.png,Pictogram,1868,2034,0.9184,0.2435,0.201,0.582,0.043945,0.001465,0.956055,0.994629
International_Icons_Electronic_Labeling,Battery_X06I16.png,Pictogram,2036,1337,1.5228,0.3513,0.446,0.754,0.00293,0.17334,0.99707,0.826172
International_Icons_Electronic_Labeling,BellMuted_X06D37.png,Pictogram,1750,2036,0.8595,0.2987,0.193,0.098,0.072266,0.003418,0.926758,0.997559
International_Icons_Electronic_Labeling,Bell_X06D36.png,Pictogram,1898,2022,0.9387,0.2441,0.008,0.5,0.036133,0.005859,0.962891,0.993164
International_Icons_Electronic_Labeling,BleachChlorine_X06I37.png,Pictogram,2026,2028,0.999,0.1954,0.478,0.32,0.005371,0.003418,0.994629,0.993652
International_Icons_Electronic_Labeling,Bleach_X06I35.png,Pictogram,2026,2028,0.999,0.1617,0.478,0.319,0.005371,0.00293,0.994629,0.993164
International_Icons_Electronic_Labeling,Box3D_X06H17.png,Pictogram,2039,1275,1.5992,0.2699,0.295,0.932,0.0,0.1875,0.995605,0.810059
International_Icons_Electronic_Labeling,BracketDashed_X06H30.png,Pictogram,2036,1733,1.1748,0.1333,0.189,0.173,0.001465,0.077637,0.995605,0.923828
International_Icons_Electronic_Labeling,BrightnessRamp_X06D26.png,Triangle,2032,737,2.7571,0.4992,0.499,0.498,0.003906,0.317383,0.996094,0.677246
International_Icons_Electronic_Labeling,BrightnessSteps_X06D27.png,Pictogram,2032,737,2.7571,0.4344,0.499,0.498,0.003906,0.317383,0.996094,0.677246
International_Icons_Electronic_Labeling,BulletShape_X06H24.png,Pictogram,2038,1199,1.6997,0.1744,0.311,0.899,0.003418,0.206055,0.998535,0.791504
International_Icons_Electronic_Labeling,Camcorder_X06C26.png,Pictogram,2029,1544,1.3141,0.2796,0.307,0.5,0.005371,0.124023,0.996094,0.87793
International_Icons_Electronic_Labeling,Camera_X06E24.png,Triangle,2033,1425,1.4267,0.532,0.5,0.988,0.003418,0.152344,0.996094,0.848145
International_Icons_Electronic_Labeling,Capsule_X06H29.png,Pictogram,2037,911,2.236,0.2175,0.032,0.893,0.001953,0.275391,0.996582,0.720215
International_Icons_Electronic_Labeling,CarHoodOpen_X06I10.png,Diamond,2044,946,2.1607,0.5943,0.142,0.666,0.001465,0.267578,0.999512,0.729492
International_Icons_Electronic_Labeling,CarTrunkOpen_X06I11.png,Diamond,2033,940,2.1628,0.5774,0.117,0.66,0.003906,0.271484,0.996582,0.730469
International_Icons_Electronic_Labeling,CardInsertDown_X06G27.png,Pictogram,2034,1696,1.1993,0.378,0.341,0.588,0.003906,0.08252,0.99707,0.910645
International_Icons_Electronic_Labeling,CardInsertUp_X06G26.png,Pictogram,2034,1696,1.1993,0.378,0.339,0.586,0.001953,0.08252,0.995117,0.910645
International_Icons_Electronic_Labeling,CartridgeEject_X06A19.png,Pictogram,2032,1848,1.0996,0.3704,0.364,0.424,0.001953,0.04541,0.994141,0.947754
International_Icons_Electronic_Labeling,CartridgeInsert_X06A20.png,Pictogram,2033,1849,1.0995,0.37,0.366,0.422,0.003418,0.044922,0.996094,0.947754
International_Icons_Electronic_Labeling,Cartridge_X06A18.png,Triangle,1128,2028,0.5562,0.5537,0.908,0.745,0.223145,0.004883,0.773926,0.995117
International_Icons_Electronic_Labeling,CassetteEjectUp_X06C28.png,Triangle,2031,873,2.3265,0.6191,0.5,0.554,0.003906,0.285645,0.995605,0.711914
International_Icons_Electronic_Labeling,CassetteEject_X06C27.png,Triangle,2031,879,2.3106,0.5184,0.5,0.739,0.003906,0.285645,0.995605,0.714844
International_Icons_Electronic_Labeling,CassetteFilled_X06B28.png,Triangle,2037,1149,1.7728,0.6049,0.993,1.0,0.002441,0.219727,0.99707,0.780762
International_Icons_Electronic_Labeling,CassetteInsert_X06C29.png,Pictogram,1763,2040,0.8642,0.3959,0.5,0.96,0.069824,0.003906,0.930664,1.0
International_Icons_Electronic_Labeling,CassetteOutline_X06B27.png,Triangle,2037,1149,1.7728,0.527,0.993,1.0,0.002441,0.219727,0.99707,0.780762
International_Icons_Electronic_Labeling,CassetteReelsDots_X06B34.png,Pictogram,2038,1350,1.5096,0.2998,0.169,0.61,0.000977,0.171387,0.996094,0.830566
International_Icons_Electronic_Labeling,Checkmark_X06D03.png,Pictogram,1902,2039,0.9328,0.175,0.25,0.002,0.036621,0.002441,0.965332,0.998047
International_Icons_Electronic_Labeling,CircleDot_X06C35.png,Pictogram,2032,2032,1.0,0.3404,0.002,0.98,0.003906,0.004883,0.996094,0.99707
International_Icons_Electronic_Labeling,CircleOpenGap_X06D01.png,Pictogram,2046,1939,1.0552,0.277,0.005,0.715,0.000488,0.027344,0.999512,0.974121
International_Icons_Electronic_Labeling,CircleWithSlot_X06B33.png,Pictogram,2039,1888,1.08,0.2745,0.003,0.997,0.001465,0.038086,0.99707,0.959961
International_Icons_Electronic_Labeling,CircleWithTail_X06H20.png,Pictogram,2043,1997,1.023,0.1813,0.043,0.897,0.001465,0.011719,0.999023,0.986816
International_Icons_Electronic_Labeling,Circle_X06H28.png,Pictogram,2042,2042,1.0,0.1652,0.002,0.987,0.001465,0.00293,0.998535,1.0
International_Icons_Electronic_Labeling,CircuitDiagramA_X06A34.png,Pictogram,2046,1972,1.0375,0.4062,0.5,0.437,0.000488,0.018555,0.999512,0.981445
International_Icons_Electronic_Labeling,CircuitDiagramB_X06A35.png,Pictogram,1843,2023,0.911,0.3927,0.5,0.614,0.050781,0.006348,0.950684,0.994141
International_Icons_Electronic_Labeling,CircuitLoop_X06A36.png,Pictogram,1883,2035,0.9253,0.3938,0.5,0.278,0.038574,0.006348,0.958008,1.0
International_Icons_Electronic_Labeling,ClockSolid_X06D32.png,Pictogram,1911,2043,0.9354,0.2054,0.002,0.816,0.033203,0.001465,0.966309,0.999023
International_Icons_Electronic_Labeling,Cloud_X06E28.png,Pictogram,2034,1404,1.4487,0.2593,0.252,0.698,0.00293,0.157227,0.996094,0.842773
International_Icons_Electronic_Labeling,CoilCore_X06E23.png,Pictogram,1101,2037,0.5405,0.4176,0.461,0.75,0.230957,0.002441,0.768555,0.99707
International_Icons_Electronic_Labeling,CoilInductor_X06E22.png,Pictogram,1377,2040,0.675,0.3341,0.495,0.497,0.163574,0.001953,0.835938,0.998047
International_Icons_Electronic_Labeling,CompactDiscAlt_X06B36.png,Traced,2028,2028,1.0,0.7717,0.002,0.988,0.004395,0.004883,0.994629,0.995117
International_Icons_Electronic_Labeling,CompactDiscDataStorageLogo_X06A38.png,Triangle,2032,1245,1.6321,0.5901,0.381,0.604,0.006836,0.195801,0.999023,0.803711
International_Icons_Electronic_Labeling,CompactDiscDigitalAudioLogo_X06B35.png,Traced,2040,1206,1.6915,0.6541,0.477,0.62,0.0,0.205566,0.996094,0.794434
International_Icons_Electronic_Labeling,CompactDisc_X06A39.png,Pictogram,2028,2028,1.0,0.1975,0.003,0.253,0.004883,0.003418,0.995117,0.993652
International_Icons_Electronic_Labeling,ComponentChain_X06D11.png,Pictogram,2045,1042,1.9626,0.3105,0.5,0.25,0.0,0.243164,0.998535,0.751953
International_Icons_Electronic_Labeling,ContrastHorizontal_X06C19.png,Octagon,2017,2033,0.9921,0.667,0.003,0.492,0.009766,0.001953,0.994629,0.994629
International_Icons_Electronic_Labeling,ContrastVertical_X06C20.png,Diamond,2033,2033,1.0,0.6117,0.002,0.982,0.002441,0.001953,0.995117,0.994629
International_Icons_Electronic_Labeling,Contrast_X06C23.png,Diamond,2032,1606,1.2653,0.5499,0.02,0.993,0.003906,0.108887,0.996094,0.893066
International_Icons_Electronic_Labeling,CoolantTemperature_X06I15.png,Pictogram,2028,1848,1.0974,0.2606,0.354,0.454,0.005859,0.046875,0.996094,0.949219
International_Icons_Electronic_Labeling,CopyPages_X06F12.png,Pictogram,1809,2039,0.8872,0.3315,0.112,0.998,0.058594,0.001953,0.941895,0.997559
International_Icons_Electronic_Labeling,CopyStack_X06F16.png,Pictogram,2043,1682,1.2146,0.3293,0.128,0.776,0.000977,0.090332,0.998535,0.911621
International_Icons_Electronic_Labeling,CopyrightC_X06G01.png,Pictogram,2040,2040,1.0,0.3268,0.002,1.0,0.001953,0.001465,0.998047,0.997559
International_Icons_Electronic_Labeling,CrossX_X06F22.png,Pictogram,2025,2025,1.0,0.2383,1.0,0.0,0.005859,0.005371,0.994629,0.994141
International_Icons_Electronic_Labeling,CurvedRamp_X06D28.png,Diamond,2040,680,3.0,0.4568,0.004,0.277,0.003418,0.335449,0.999512,0.66748
International_Icons_Electronic_Labeling,CurvedSteps_X06D29.png,Pictogram,2040,680,3.0,0.4056,0.004,0.273,0.003418,0.335449,0.999512,0.66748
International_Icons_Electronic_Labeling,CurvedTab_X06H13.png,Pictogram,2027,1124,1.8034,0.2458,0.49,0.726,0.005371,0.224121,0.995117,0.772949
International_Icons_Electronic_Labeling,CycleArrow_X06D05.png,Pictogram,2038,1397,1.4588,0.2135,0.003,0.512,0.002441,0.159668,0.997559,0.841797
International_Icons_Electronic_Labeling,CyclicC_X06D04.png,Pictogram,2026,2024,1.001,0.2757,0.002,0.75,0.004395,0.008301,0.993652,0.996582
International_Icons_Electronic_Labeling,CylinderStacked_X06H22.png,Pictogram,1481,2032,0.7288,0.298,0.313,0.919,0.141113,0.002441,0.864258,0.994629
International_Icons_Electronic_Labeling,Cylinder_X06H21.png,Pictogram,2031,1481,1.3714,0.2165,0.316,0.919,0.00293,0.13623,0.994629,0.859375
International_Icons_Electronic_Labeling,DiamondShape_X06H02.png,Pictogram,2046,1221,1.6757,0.1446,0.0,0.593,0.000488,0.200684,0.999512,0.796875
International_Icons_Electronic_Labeling,DiamondSplit_X06H10.png,Pictogram,1179,2042,0.5774,0.1801,0.0,0.574,0.212402,0.0,0.788086,0.99707
International_Icons_Electronic_Labeling,Diamond_X06F32.png,Pictogram,1319,2046,0.6447,0.2856,0.0,0.572,0.177734,0.000488,0.821777,0.999512
International_Icons_Electronic_Labeling,DirectCurrent_X06E07.png,Triangle,2044,747,2.7363,0.4928,1.0,0.491,0.000488,0.314941,0.998535,0.679688
International_Icons_Electronic_Labeling,DiskDrive_X06A08.png,Triangle,2032,887,2.2909,0.5272,1.0,0.989,0.003906,0.282227,0.996094,0.715332
International_Icons_Electronic_Labeling,DiskEject_X06A13.png,Traced,2036,1280,1.5906,0.6212,0.5,0.733,0.005859,0.1875,1.0,0.8125
International_Icons_Electronic_Labeling,DiskInsertDrive_X06A11.png,Pictogram,1522,2041,0.7457,0.3721,0.262,0.938,0.12793,0.001953,0.871094,0.998535
International_Icons_Electronic_Labeling,DiskInsert_X06A14.png,Traced,2036,1278,1.5931,0.6224,0.5,0.744,0.001465,0.187988,0.995605,0.812012
International_Icons_Electronic_Labeling,DiskStorage_X06A16.png,Pictogram,1344,2032,0.6614,0.3041,0.412,1.0,0.17041,0.003906,0.82666,0.996094
International_Icons_Electronic_Labeling,Divide_X06F28.png,Pictogram,2034,1781,1.1421,0.2113,0.0,0.979,0.003418,0.062012,0.996582,0.931641
International_Icons_Electronic_Labeling,DoNotBleach_X06I36.png,Pictogram,2032,1550,1.311,0.2308,0.029,0.308,0.003906,0.121094,0.996094,0.87793
International_Icons_Electronic_Labeling,DoNotDryClean_X06I39.png,Pictogram,2032,1300,1.5631,0.2552,0.182,0.5,0.003906,0.182617,0.996094,0.817383
International_Icons_Electronic_Labeling,DoNotIron_X06I31.png,Pictogram,2031,1327,1.5305,0.3196,0.934,0.0,0.005371,0.176758,0.99707,0.824707
International_Icons_Electronic_Labeling,DoNotWash_X06I20.png,Pictogram,2032,1572,1.2926,0.2165,0.004,0.243,0.003906,0.116211,0.996094,0.883789
International_Icons_Electronic_Labeling,DocumentEye_X06F09.png,Triangle,1352,2044,0.6614,0.4933,0.64,0.747,0.17041,0.001953,0.830566,1.0
International_Icons_Electronic_Labeling,DocumentLines_X06F07.png,Triangle,1353,2043,0.6623,0.4535,0.642,0.749,0.170898,0.0,0.831543,0.997559
International_Icons_Electronic_Labeling,DocumentPerson_X06F08.png,Triangle,1345,2031,0.6622,0.4731,0.644,0.749,0.172852,0.004883,0.82959,0.996582
International_Icons_Electronic_Labeling,DocumentWithPhone_X06G24.png,Pictogram,1344,2032,0.6614,0.3967,0.648,0.831,0.170898,0.004395,0.827148,0.996582
International_Icons_Electronic_Labeling,DoubleLine_X06H26.png,Triangle,2027,329,6.1611,0.5454,1.0,0.489,0.005371,0.419434,0.995117,0.580078
International_Icons_Electronic_Labeling,DripDry_X06I27.png,Pictogram,2021,2020,1.0005,0.3101,0.328,1.0,0.006348,0.007324,0.993164,0.993652
International_Icons_Electronic_Labeling,DryCleanAnySolvent_X06I40.png,Pictogram,2036,2037,0.9995,0.2359,0.002,0.93,0.00293,0.0,0.99707,0.994629
International_Icons_Electronic_Labeling,DryCleanPerchloroethylene_X06I42.png,Pictogram,2036,2037,0.9995,0.2358,0.002,0.93,0.00293,0.0,0.99707,0.994629
International_Icons_Electronic_Labeling,DryCleanPetroleum_X06I41.png,Pictogram,2036,2037,0.9995,0.2242,0.002,0.93,0.00293,0.0,0.99707,0.994629
International_Icons_Electronic_Labeling,DryClean_X06I38.png,Pictogram,2036,2037,0.9995,0.1504,0.002,0.93,0.00293,0.0,0.99707,0.994629
International_Icons_Electronic_Labeling,DryFlat_X06I29.png,Pictogram,2021,2020,1.0005,0.2545,0.328,1.0,0.006348,0.007324,0.993164,0.993652
International_Icons_Electronic_Labeling,Duplex2Pass_X06F14.png,Pictogram,2036,1575,1.2927,0.3583,0.011,0.652,0.004395,0.11377,0.998535,0.882812
International_Icons_Electronic_Labeling,Duplex3Pass_X06F15.png,Pictogram,2047,1582,1.2939,0.3584,0.01,0.655,0.000488,0.111328,1.0,0.883789
International_Icons_Electronic_Labeling,DuplexLoop_X06F13.png,Pictogram,2047,1390,1.4727,0.3945,0.003,0.706,0.000488,0.160156,1.0,0.838867
International_Icons_Electronic_Labeling,DuplexPage1To2_X06F10.png,Traced,1344,2032,0.6614,0.8054,0.75,0.746,0.171875,0.004883,0.828125,0.99707
International_Icons_Electronic_Labeling,ESDSensitive_X06G15.png,Pictogram,2045,1860,1.0995,0.2969,0.247,0.379,0.000977,0.04541,0.999512,0.953613
International_Icons_Electronic_Labeling,Ear_X06B06.png,Pictogram,1314,2039,0.6444,0.3251,0.0,0.5,0.179688,0.000488,0.821289,0.996094
International_Icons_Electronic_Labeling,EarthChassis_X06E15.png,Pictogram,1379,2038,0.6766,0.1653,0.0,0.443,0.162598,0.004883,0.835938,1.0
International_Icons_Electronic_Labeling,EarthGroundMulti_X06E19.png,Pictogram,1749,2033,0.8603,0.1743,0.228,0.145,0.070801,0.000488,0.924805,0.993164
International_Icons_Electronic_Labeling,EarthGround_X06E16.png,Pictogram,1312,2048,0.6406,0.1977,0.0,0.483,0.178711,0.0,0.819336,1.0
International_Icons_Electronic_Labeling,EjectFromSlot_X06G30.png,Pictogram,1032,2038,0.5064,0.3928,0.465,0.495,0.247559,0.002441,0.751465,0.997559
International_Icons_Electronic_Labeling,Eject_X06D19.png,Triangle,2038,2031,1.0034,0.5792,0.5,0.455,0.002441,0.000488,0.997559,0.992188
International_Icons_Electronic_Labeling,ElectricalDischarge_X06G23.png,Diamond,2030,2032,0.999,0.5112,0.0,0.496,0.004883,0.00293,0.996094,0.995117
International_Icons_Electronic_Labeling,Equals_X06F29.png,Triangle,2032,848,2.3962,0.5601,1.0,0.5,0.003906,0.292969,0.996094,0.707031
International_Icons_Electronic_Labeling,FaceWithCable_X06G34.png,Pictogram,1686,2048,0.8232,0.306,0.67,0.135,0.085938,0.0,0.90918,1.0
International_Icons_Electronic_Labeling,FamilyGroup_X06E37.png,Diamond,2030,1818,1.1166,0.4767,0.0,0.549,0.004395,0.054688,0.995605,0.942383
International_Icons_Electronic_Labeling,Fan_X06I08.png,Diamond,2032,2032,1.0,0.6051,0.008,0.055,0.003906,0.004883,0.996094,0.99707
International_Icons_Electronic_Labeling,FastForwardPanel_X06G29.png,Triangle,2031,978,2.0767,0.553,1.0,0.988,0.003418,0.26123,0.995117,0.73877
International_Icons_Electronic_Labeling,FastForward_X06D16.png,Triangle,2038,1363,1.4952,0.4992,0.253,0.623,0.002441,0.16748,0.997559,0.833008
International_Icons_Electronic_Labeling,FloppyDisk35Alt_X06A10.png,Triangle,2027,2036,0.9956,0.4623,0.91,1.0,0.005859,0.000977,0.995605,0.995117
International_Icons_Electronic_Labeling,FloppyDisk35_X06A09.png,Triangle,2027,2027,1.0,0.5068,0.583,1.0,0.005371,0.005371,0.995117,0.995117
International_Icons_Electronic_Labeling,FloppyDisk525Alt_X06A15.png,Traced,2027,2028,0.9995,0.7521,0.902,0.999,0.003418,0.004883,0.993164,0.995117
International_Icons_Electronic_Labeling,FloppyDisk525_X06A12.png,Traced,2032,2032,1.0,0.9131,1.0,0.998,0.003906,0.0,0.996094,0.992188
International_Icons_Electronic_Labeling,Flower_X06E39.png,Diamond,1958,2018,0.9703,0.5822,0.019,0.917,0.020508,0.007324,0.976562,0.992676
International_Icons_Electronic_Labeling,FluorescentLamp_X06E27.png,Pictogram,2041,1931,1.057,0.2869,0.15,0.816,0.002441,0.028809,0.999023,0.97168
International_Icons_Electronic_Labeling,FontSize_X06C24.png,Diamond,2040,1117,1.8263,0.5336,0.0,0.828,0.00293,0.228516,0.999023,0.773926
International_Icons_Electronic_Labeling,FuelPump_X06I14.png,Triangle,1895,2042,0.928,0.5605,0.46,0.508,0.038574,0.001953,0.963867,0.999023
International_Icons_Electronic_Labeling,FuseOrResistor_X06E06.png,Pictogram,2037,336,6.0625,0.3714,0.0,0.554,0.001953,0.417969,0.996582,0.582031
International_Icons_Electronic_Labeling,HandOnPanel_X06F06.png,Pictogram,1610,2035,0.7912,0.26,0.002,0.853,0.106934,0.000977,0.893066,0.994629
International_Icons_Electronic_Labeling,HandTouch_X06D40.png,Pictogram,2043,1215,1.6815,0.1816,0.005,0.196,0.002441,0.203613,1.0,0.796875
International_Icons_Electronic_Labeling,HandWash_X06I19.png,Pictogram,1709,2023,0.8448,0.3598,0.03,0.234,0.083008,0.006348,0.91748,0.994141
International_Icons_Electronic_Labeling,HardDisk_X06A17.png,Pictogram,2046,1712,1.1951,0.4234,0.005,0.881,0.000488,0.082031,0.999512,0.917969
International_Icons_Electronic_Labeling,Hash_X06F33.png,Pictogram,2036,1683,1.2097,0.3882,0.0,0.289,0.00293,0.087891,0.99707,0.909668
International_Icons_Electronic_Labeling,HazardWarningTriangle_X06I04.png,Pictogram,2036,1763,1.1548,0.2839,0.5,0.329,0.00293,0.069336,0.99707,0.930176
International_Icons_Electronic_Labeling,HeadlightHighBeam_X06I02.png,Pictogram,2029,1562,1.299,0.2627,0.254,0.45,0.005859,0.117676,0.996582,0.880371
International_Icons_Electronic_Labeling,HeadlightLowBeam_X06I01.png,Pictogram,2031,1250,1.6248,0.3206,0.505,0.969,0.004883,0.192871,0.996582,0.803223
International_Icons_Electronic_Labeling,Headphones_X06B07.png,Pictogram,1688,2042,0.8266,0.2443,0.006,0.602,0.088379,0.001465,0.912598,0.998535
International_Icons_Electronic_Labeling,Headset_X06B08.png,Pictogram,1378,2039,0.6758,0.228,0.0,0.51,0.161621,0.001465,0.834473,0.99707
International_Icons_Electronic_Labeling,Hexagon_X06H03.png,Pictogram,2032,1144,1.7762,0.1882,0.0,0.934,0.004883,0.223145,0.99707,0.781738
International_Icons_Electronic_Labeling,HighVoltageBoxed_X06C39.png,Pictogram,2035,1626,1.2515,0.4461,0.362,0.75,0.003418,0.105469,0.99707,0.899414
International_Icons_Electronic_Labeling,HighVoltageCircle_X06C38.png,Pictogram,2032,2032,1.0,0.447,0.002,0.983,0.003906,0.004395,0.996094,0.996582
International_Icons_Electronic_Labeling,Horn_X06I13.png,Pictogram,2024,1262,1.6038,0.3613,0.035,0.742,0.005859,0.191895,0.994141,0.808105
International_Icons_Electronic_Labeling,Hourglass_X06H09.png,Pictogram,1276,2038,0.6261,0.2106,0.622,0.386,0.189453,0.004883,0.8125,1.0
International_Icons_Electronic_Labeling,HumidityPercent_X06F20.png,Pictogram,1942,2025,0.959,0.2213,0.387,0.009,0.022949,0.005371,0.971191,0.994141
International_Icons_Electronic_Labeling,InformationI_X06G04.png,Pictogram,2042,2042,1.0,0.255,0.002,1.0,0.001465,0.00293,0.998535,1.0
International_Icons_Electronic_Labeling,Input_X06A32.png,Pictogram,1985,2031,0.9774,0.17,0.0,0.505,0.014648,0.004395,0.983887,0.996094
International_Icons_Electronic_Labeling,IronHigh_X06I34.png,Pictogram,2036,1002,2.0319,0.2916,0.452,0.503,0.00293,0.254395,0.99707,0.743652
International_Icons_Electronic_Labeling,IronLow_X06I32.png,Pictogram,2036,1002,2.0319,0.2714,0.452,0.503,0.00293,0.254395,0.99707,0.743652
International_Icons_Electronic_Labeling,IronMedium_X06I33.png,Pictogram,2036,1002,2.0319,0.2814,0.451,0.503,0.00293,0.256348,0.99707,0.745605
International_Icons_Electronic_Labeling,Iron_X06I30.png,Pictogram,2036,1002,2.0319,0.2613,0.452,0.503,0.00293,0.254395,0.99707,0.743652
International_Icons_Electronic_Labeling,Joystick_X06A05.png,Pictogram,2027,2040,0.9936,0.3413,0.5,0.499,0.006836,0.001953,0.996582,0.998047
International_Icons_Electronic_Labeling,Key_X06D38.png,Pictogram,810,2038,0.3974,0.2962,0.228,0.496,0.302246,0.00293,0.697754,0.998047
International_Icons_Electronic_Labeling,Key_X06F23.png,Diamond,902,2047,0.4406,0.4844,0.024,0.458,0.279785,0.000488,0.720215,1.0
International_Icons_Electronic_Labeling,Keyboard_X06A02.png,Triangle,2046,1137,1.7995,0.4952,0.947,1.0,0.000488,0.219727,0.999512,0.774902
International_Icons_Electronic_Labeling,LandscapeTrees_X06E40.png,Triangle,2037,1405,1.4498,0.5433,0.962,1.0,0.004883,0.157715,0.999512,0.84375
International_Icons_Electronic_Labeling,LetterC_X06G07.png,Diamond,1724,2030,0.8493,0.4645,0.007,0.746,0.07959,0.00293,0.921387,0.994141
International_Icons_Electronic_Labeling,LetterI_X06G05.png,Pictogram,789,2036,0.3875,0.411,0.054,0.496,0.309082,0.00293,0.694336,0.99707
International_Icons_Electronic_Labeling,LetterR_X06G08.png,Traced,1677,2010,0.8343,0.6311,0.744,0.5,0.09082,0.008301,0.909668,0.989746
International_Icons_Electronic_Labeling,LightBulbLit_X06E26.png,Pictogram,2048,1755,1.167,0.1914,0.0,0.398,0.0,0.071289,1.0,0.928223
International_Icons_Electronic_Labeling,LightningBolt_X06G16.png,Pictogram,811,2035,0.3985,0.3498,0.0,0.46,0.302734,0.003906,0.69873,0.997559
International_Icons_Electronic_Labeling,LightningLine_X06H27.png,Pictogram,2033,572,3.5542,0.2142,0.0,0.011,0.00293,0.358887,0.995605,0.638184
International_Icons_Electronic_Labeling,LineDry_X06I28.png,Pictogram,2021,2020,1.0005,0.2732,0.418,1.0,0.006348,0.009766,0.993164,0.996094
International_Icons_Electronic_Labeling,LineSpacingAdjust_X06F01.png,Pictogram,1736,2044,0.8493,0.3026,0.04,0.344,0.078125,0.001465,0.925781,0.999512
International_Icons_Electronic_Labeling,LineSpacing_X06A26.png,Pictogram,2033,1219,1.6678,0.3582,0.218,0.004,0.004883,0.202148,0.997559,0.797363
International_Icons_Electronic_Labeling,LinkChain_X06A23.png,Triangle,678,2043,0.3319,0.533,0.319,0.498,0.336426,0.0,0.66748,0.997559
International_Icons_Electronic_Labeling,Listening_X06B15.png,Pictogram,2033,1773,1.1466,0.258,0.031,0.225,0.005371,0.066895,0.998047,0.932617
International_Icons_Electronic_Labeling,Locked_X06A21.png,Traced,1290,2016,0.6399,0.6745,0.502,1.0,0.187988,0.007812,0.817871,0.992188
International_Icons_Electronic_Labeling,LoopArrow_X06D13.png,Pictogram,2040,1134,1.7989,0.3197,0.328,0.527,0.00293,0.224609,0.999023,0.77832
International_Icons_Electronic_Labeling,LoudspeakerProfile_X06B03.png,Pictogram,2026,2031,0.9975,0.2632,0.25,1.0,0.005371,0.006348,0.994629,0.998047
International_Icons_Electronic_Labeling,Loudspeaker_X06B09.png,Pictogram,1251,2038,0.6138,0.2732,0.5,0.5,0.194824,0.004883,0.805664,1.0
International_Icons_Electronic_Labeling,Magnet_X06G18.png,Pictogram,1302,2034,0.6401,0.3618,0.0,0.403,0.182129,0.000488,0.817871,0.993652
International_Icons_Electronic_Labeling,MailIn_X06A29.png,Pictogram,2040,1782,1.1448,0.328,0.488,0.75,0.003418,0.068359,0.999512,0.938477
International_Icons_Electronic_Labeling,MailOut_X06A28.png,Pictogram,2040,1782,1.1448,0.3281,0.49,0.75,0.003418,0.061523,0.999512,0.931641
International_Icons_Electronic_Labeling,Mail_X06A27.png,Pictogram,2032,1345,1.5108,0.3745,0.853,1.0,0.003906,0.172363,0.996094,0.829102
International_Icons_Electronic_Labeling,ManualInformation_X06G32.png,Pictogram,2044,1588,1.2872,0.3227,0.519,0.598,0.000488,0.111816,0.998535,0.887207
International_Icons_Electronic_Labeling,ManualService_X06G33.png,Pictogram,2032,1578,1.2877,0.3326,0.519,0.599,0.005371,0.114258,0.997559,0.884766
International_Icons_Electronic_Labeling,MicrophoneHandheld_X06B01.png,Pictogram,2032,2029,1.0015,0.2785,0.489,0.0,0.001953,0.006348,0.994141,0.99707
International_Icons_Electronic_Labeling,MicrophoneStand_X06B04.png,Diamond,1239,2032,0.6097,0.5358,0.007,0.993,0.197266,0.003418,0.802246,0.995605
International_Icons_Electronic_Labeling,MicrophoneStudio_X06B05.png,Pictogram,1549,2041,0.7589,0.2315,0.006,0.621,0.123047,0.0,0.879395,0.996582
International_Icons_Electronic_Labeling,MicrophoneWithCable_X06B02.png,Pictogram,1644,2038,0.8067,0.2875,0.454,0.0,0.100098,0.000488,0.902832,0.995605
International_Icons_Electronic_Labeling,MinusBar_X06F25.png,Rectangle,2032,239,8.5021,0.9937,1.0,0.978,0.003906,0.444336,0.996094,0.561035
International_Icons_Electronic_Labeling,Monitor_X06A01.png,Pictogram,2031,1751,1.1599,0.2964,0.257,0.506,0.004883,0.072754,0.996582,0.927734
International_Icons_Electronic_Labeling,Mountains_X06E38.png,Triangle,2036,1744,1.1674,0.5392,0.5,0.251,0.001953,0.070801,0.996094,0.922363
International_Icons_Electronic_Labeling,Mouse_X06A04.png,Pictogram,996,2026,0.4916,0.3291,0.0,0.989,0.255371,0.005859,0.741699,0.995117
International_Icons_Electronic_Labeling,MoveFourWay_X06A24.png,Pictogram,2038,2038,1.0,0.1962,0.0,0.572,0.002441,0.0,0.997559,0.995117
International_Icons_Electronic_Labeling,Multiply_X06F27.png,Pictogram,2023,2022,1.0005,0.3362,1.0,0.0,0.005371,0.006348,0.993164,0.993652
International_Icons_Electronic_Labeling,MusicNoteDouble_X06B17.png,Pictogram,1807,2043,0.8845,0.2573,0.444,0.199,0.058594,0.001465,0.940918,0.999023
International_Icons_Electronic_Labeling,MusicNote_X06B16.png,Pictogram,1153,2039,0.5655,0.2031,0.25,0.377,0.219727,0.00293,0.782715,0.998535
International_Icons_Electronic_Labeling,NextTrack_X06D23.png,Triangle,2036,733,2.7776,0.5502,0.662,0.499,0.003906,0.318359,0.998047,0.67627
International_Icons_Electronic_Labeling,NotForDomesticUse_X06G13.png,Pictogram,2036,1859,1.0952,0.2893,0.004,0.393,0.00293,0.045898,0.99707,0.953613
International_Icons_Electronic_Labeling,OKLightning_X06G10.png,Pictogram,1611,2032,0.7928,0.3019,0.132,0.023,0.109375,0.004395,0.895996,0.996582
International_Icons_Electronic_Labeling,OK_X06G11.png,Triangle,2039,1074,1.8985,0.4686,0.562,0.25,0.001465,0.237793,0.99707,0.762207
International_Icons_Electronic_Labeling,OilCan_X06I17.png,Pictogram,2041,794,2.5705,0.345,0.253,0.361,0.003418,0.306641,1.0,0.694336
International_Icons_Electronic_Labeling,OpenBook_X06G31.png,Triangle,2038,1450,1.4055,0.4928,0.319,0.836,0.004395,0.146484,0.999512,0.854492
International_Icons_Electronic_Labeling,OpticalDrive_X06A06.png,Pictogram,1639,2033,0.8062,0.3248,0.003,0.267,0.100098,0.00293,0.900391,0.995605
International_Icons_Electronic_Labeling,Output_X06A33.png,Pictogram,2039,1965,1.0377,0.1987,0.0,0.535,0.002441,0.022461,0.998047,0.981934
International_Icons_Electronic_Labeling,PagePosition2_X06F11.png,Pictogram,1352,2041,0.6624,0.3872,0.872,1.0,0.169922,0.003418,0.830078,1.0
International_Icons_Electronic_Labeling,PanoramaGradient_X06E33.png,Triangle,2027,691,2.9334,0.589,0.159,0.498,0.004883,0.33252,0.994629,0.669922
International_Icons_Electronic_Labeling,PaperClip_X06F18.png,Triangle,776,2038,0.3808,0.4705,0.273,0.977,0.310059,0.000977,0.688965,0.996094
International_Icons_Electronic_Labeling,PaperFeedTilt_X06F05.png,Pictogram,1912,2028,0.9428,0.3651,0.463,0.253,0.033691,0.006836,0.967285,0.99707
International_Icons_Electronic_Labeling,Parallelogram_X06H12.png,Pictogram,2044,1062,1.9247,0.2287,0.411,0.5,0.000977,0.239258,0.999023,0.757812
International_Icons_Electronic_Labeling,ParkingLight_X06I09.png,Pictogram,2032,1932,1.0518,0.2227,0.136,0.25,0.003418,0.027832,0.995605,0.971191
International_Icons_Electronic_Labeling,Pause_X06D17.png,Traced,2032,2031,1.0005,0.7393,1.0,0.505,0.003906,0.000488,0.996094,0.992188
International_Icons_Electronic_Labeling,PersonBending_X06G36.png,Pictogram,1895,2019,0.9386,0.2341,0.238,0.22,0.034668,0.007812,0.959961,0.993652
International_Icons_Electronic_Labeling,PersonMotionTrail_X06G37.png,Pictogram,2040,1475,1.3831,0.298,0.119,0.006,0.00293,0.141602,0.999023,0.861816
International_Icons_Electronic_Labeling,PersonStanding_X06G35.png,Pictogram,1321,2040,0.6475,0.3119,0.5,0.254,0.175781,0.00293,0.820801,0.999023
International_Icons_Electronic_Labeling,PhoneHandsetCrossed_X06G20.png,Pictogram,2031,2031,1.0,0.3541,0.5,0.361,0.004395,0.004395,0.996094,0.996094
International_Icons_Electronic_Labeling,PhoneHandsetOffHook_X06G19.png,Pictogram,2037,2036,1.0005,0.304,0.016,0.0,0.001953,0.003906,0.996582,0.998047
International_Icons_Electronic_Labeling,Pillar_X06D42.png,Pictogram,2036,1807,1.1267,0.2757,0.5,0.499,0.00293,0.059082,0.99707,0.941406
International_Icons_Electronic_Labeling,PlayHead_X06D20.png,Pictogram,2035,1631,1.2477,0.41,0.499,0.325,0.003418,0.102051,0.99707,0.898438
International_Icons_Electronic_Labeling,PlayOutline_X06D24.png,Pictogram,2038,1518,1.3426,0.3194,0.5,0.325,0.004395,0.126465,0.999512,0.867676
International_Icons_Electronic_Labeling,Play_X06D14.png,Triangle,2034,1628,1.2494,0.4999,0.499,0.326,0.003418,0.099609,0.996582,0.894531
International_Icons_Electronic_Labeling,PlugCircle_X06E11.png,Pictogram,2036,1555,1.3093,0.3292,0.006,0.839,0.00293,0.121094,0.99707,0.880371
International_Icons_Electronic_Labeling,PlugMaleTwoPin_X06E14.png,Pictogram,2030,1049,1.9352,0.2839,0.001,0.987,0.003418,0.243164,0.994629,0.755371
International_Icons_Electronic_Labeling,PlugMale_X06E13.png,Pictogram,2034,933,2.1801,0.3129,0.0,0.742,0.001953,0.272461,0.995117,0.728027
International_Icons_Electronic_Labeling,Plus_X06F26.png,Pictogram,2032,2033,0.9995,0.2201,0.0,0.998,0.003906,0.006348,0.996094,0.999023
International_Icons_Electronic_Labeling,PolarityCenter_X06E10.png,Pictogram,2039,598,3.4097,0.333,0.0,0.398,0.004395,0.353516,1.0,0.645508
International_Icons_Electronic_Labeling,PortraitPerson_X06E35.png,Triangle,1937,2040,0.9495,0.5706,0.5,0.494,0.027344,0.000488,0.973145,0.996582
International_Icons_Electronic_Labeling,PortraitTree_X06E41.png,Pictogram,2037,1623,1.2551,0.4463,0.59,0.963,0.004883,0.103027,0.999512,0.895508
International_Icons_Electronic_Labeling,PowerOffCircle_X06C32.png,Pictogram,2032,2032,1.0,0.3076,0.002,0.98,0.003906,0.004395,0.996094,0.996582
International_Icons_Electronic_Labeling,PowerOnBar_X06C31.png,Rectangle,252,2033,0.124,0.9966,1.0,0.988,0.438477,0.000488,0.561523,0.993164
International_Icons_Electronic_Labeling,PowerOnOffCircleBar_X06C33.png,Pictogram,2032,2032,1.0,0.3768,0.002,0.98,0.003906,0.004395,0.996094,0.996582
International_Icons_Electronic_Labeling,PreviousTrack_X06D22.png,Triangle,2038,941,2.1658,0.4984,0.496,0.379,0.000488,0.270508,0.995605,0.72998
International_Icons_Electronic_Labeling,Printer_X06A03.png,Pictogram,2032,1916,1.0605,0.3211,0.363,0.505,0.003418,0.033691,0.995605,0.969238
International_Icons_Electronic_Labeling,ProhibitedBlank_X06G09.png,Pictogram,2032,2031,1.0005,0.3919,0.002,0.979,0.003906,0.004883,0.996094,0.996582
International_Icons_Electronic_Labeling,ProtectiveEarthCircle_X06E17.png,Pictogram,2042,1696,1.204,0.2809,0.006,0.997,0.0,0.085449,0.99707,0.913574
International_Icons_Electronic_Labeling,ProtectiveEarthDouble_X06E18.png,Pictogram,2042,2042,1.0,0.305,0.002,1.0,0.002441,0.001953,0.999512,0.999023
International_Icons_Electronic_Labeling,PulseSignal_X06A25.png,Pictogram,2035,1453,1.4006,0.3514,0.0,0.0,0.003418,0.145508,0.99707,0.85498
International_Icons_Electronic_Labeling,PushButton_X06D41.png,Triangle,2036,813,2.5043,0.456,0.507,0.498,0.00293,0.302734,0.99707,0.699707
International_Icons_Electronic_Labeling,RampIncline_X06G28.png,Pictogram,2031,1046,1.9417,0.2965,0.706,0.248,0.004395,0.243164,0.996094,0.753906
International_Icons_Electronic_Labeling,RearWiperWasher_X06I12.png,Pictogram,2042,1642,1.2436,0.277,0.196,0.513,0.001465,0.099121,0.998535,0.900879
International_Icons_Electronic_Labeling,Record_X06D18.png,Circle,2034,2033,1.0005,0.7836,0.002,0.985,0.003418,0.000488,0.996582,0.993164
International_Icons_Electronic_Labeling,RectangleWithBars_X06H04.png,Pictogram,2032,1055,1.9261,0.3231,0.827,0.898,0.002441,0.241211,0.994629,0.756348
International_Icons_Electronic_Labeling,RectangleWithLead_X06D10.png,Pictogram,2021,1655,1.2211,0.3132,0.5,0.924,0.007324,0.096191,0.994141,0.904297
International_Icons_Electronic_Labeling,Rectangle_X06H01.png,Pictogram,2044,1060,1.9283,0.2487,0.747,0.929,0.000977,0.239746,0.999023,0.757324
International_Icons_Electronic_Labeling,Recycling_X06G06.png,Pictogram,2039,1981,1.0293,0.1833,0.0,0.302,0.000488,0.015625,0.996094,0.98291
International_Icons_Electronic_Labeling,ReelToReelTape_X06A37.png,Circle,2038,2035,1.0015,0.7853,0.002,0.988,0.004395,0.004395,0.999512,0.998047
International_Icons_Electronic_Labeling,RegisteredR_X06G02.png,Pictogram,2040,2040,1.0,0.3557,0.002,1.0,0.001953,0.001465,0.998047,0.997559
International_Icons_Electronic_Labeling,RepeatLoop_X06B23.png,Pictogram,2046,1155,1.7714,0.2647,0.006,0.588,0.000488,0.217285,0.999512,0.78125
International_Icons_Electronic_Labeling,RepeatR_X06D06.png,Pictogram,2026,2024,1.001,0.2836,0.002,0.75,0.004395,0.006836,0.993652,0.995117
International_Icons_Electronic_Labeling,ReturnArrow_X06D07.png,Pictogram,2032,1616,1.2574,0.276,0.396,0.5,0.001465,0.10498,0.993652,0.894043
International_Icons_Electronic_Labeling,RewindToStart_X06D21.png,Triangle,2036,925,2.2011,0.5509,0.365,0.974,0.004883,0.274414,0.999023,0.726074
International_Icons_Electronic_Labeling,Ribbon_X06F17.png,Pictogram,2037,649,3.1387,0.4045,0.453,0.741,0.001953,0.34082,0.996582,0.657715
International_Icons_Electronic_Labeling,SatelliteDish_X06C25.png,Pictogram,1526,2036,0.7495,0.2356,0.205,0.252,0.125488,0.000977,0.870605,0.995117
International_Icons_Electronic_Labeling,ScreenArrowsInward_X06G25.png,Pictogram,2031,1588,1.279,0.3661,0.327,0.75,0.003906,0.111816,0.995605,0.887207
International_Icons_Electronic_Labeling,ScreenBlank_X06B37.png,Pictogram,2032,1605,1.266,0.219,0.019,0.999,0.003906,0.10791,0.996094,0.891602
International_Icons_Electronic_Labeling,ScreenCentering_X06C02.png,Pictogram,2045,1616,1.2655,0.2824,0.018,0.999,0.000488,0.106934,0.999023,0.895996
International_Icons_Electronic_Labeling,ScreenConvergence_X06C09.png,Pictogram,2032,1605,1.266,0.3476,0.019,0.999,0.003906,0.108398,0.996094,0.89209
International_Icons_Electronic_Labeling,ScreenDegauss_X06C14.png,Pictogram,2042,1296,1.5756,0.3503,0.048,0.827,0.000488,0.183594,0.997559,0.816406
International_Icons_Electronic_Labeling,ScreenFastForwardTriple_X06C22.png,Pictogram,2045,1615,1.2663,0.3633,0.019,0.999,0.000488,0.105469,0.999023,0.894043
International_Icons_Electronic_Labeling,ScreenFastForward_X06C21.png,Pictogram,2045,1616,1.2655,0.3654,0.018,0.999,0.000488,0.106445,0.999023,0.895508
International_Icons_Electronic_Labeling,ScreenHeightAdjust_X06B42.png,Pictogram,2032,1606,1.2653,0.3056,0.018,0.999,0.003906,0.108887,0.996094,0.893066
International_Icons_Electronic_Labeling,ScreenHorizontalShift_X06C10.png,Pictogram,2036,1221,1.6675,0.2767,0.065,0.733,0.000977,0.204102,0.995117,0.800293
International_Icons_Electronic_Labeling,ScreenInFrame_X06B38.png,Pictogram,2031,1772,1.1462,0.3901,0.542,1.0,0.003906,0.067383,0.995605,0.932617
International_Icons_Electronic_Labeling,ScreenInput_X06C12.png,Pictogram,2037,1562,1.3041,0.2441,0.148,0.467,0.0,0.117676,0.994629,0.880371
International_Icons_Electronic_Labeling,ScreenLCD_X06C16.png,Pictogram,2032,1606,1.2653,0.3465,0.018,0.999,0.003906,0.108887,0.996094,0.893066
International_Icons_Electronic_Labeling,ScreenOutput_X06C11.png,Pictogram,2037,1616,1.2605,0.2524,0.14,0.527,0.0,0.104492,0.994629,0.893555
International_Icons_Electronic_Labeling,ScreenPincushion_X06C06.png,Pictogram,2046,1616,1.2661,0.3112,0.019,0.999,0.0,0.105469,0.999023,0.894531
International_Icons_Electronic_Labeling,ScreenPlayPause_X06C04.png,Pictogram,2046,1616,1.2661,0.3842,0.02,0.999,0.0,0.102539,0.999023,0.891602
International_Icons_Electronic_Labeling,ScreenPositionAdjust_X06C01.png,Pictogram,2045,1615,1.2663,0.4038,0.019,0.982,0.000488,0.105469,0.999023,0.894043
International_Icons_Electronic_Labeling,ScreenPowerSave_X06C15.png,Pictogram,2045,1615,1.2663,0.4032,0.019,0.999,0.000488,0.105469,0.999023,0.894043
International_Icons_Electronic_Labeling,ScreenShift_X06C13.png,Pictogram,2036,1615,1.2607,0.2648,0.141,0.528,0.001953,0.103027,0.996094,0.891602
International_Icons_Electronic_Labeling,ScreenSideBySide_X06B39.png,Pictogram,2038,1438,1.4172,0.4335,0.033,0.953,0.002441,0.148926,0.997559,0.851074
International_Icons_Electronic_Labeling,ScreenSizeAdjust_X06C08.png,Pictogram,2032,1605,1.266,0.3193,0.02,0.999,0.003906,0.108398,0.996094,0.89209
International_Icons_Electronic_Labeling,ScreenTextIndent_X06C03.png,Pictogram,2046,1616,1.2661,0.4244,0.019,0.999,0.0,0.105469,0.999023,0.894531
International_Icons_Electronic_Labeling,ScreenTilt_X06C17.png,Pictogram,1995,2039,0.9784,0.2724,0.175,0.994,0.012695,0.001953,0.986816,0.997559
International_Icons_Electronic_Labeling,ScreenTrapezoid_X06C07.png,Pictogram,2046,1616,1.2661,0.3147,0.019,0.999,0.0,0.105469,0.999023,0.894531
International_Icons_Electronic_Labeling,ScreenVerticalCompress_X06C05.png,Pictogram,2034,1607,1.2657,0.3871,0.018,0.999,0.003418,0.11084,0.996582,0.895508
International_Icons_Electronic_Labeling,ScreenWidthAdjust_X06B41.png,Pictogram,2032,1605,1.266,0.3218,0.019,0.982,0.003906,0.108398,0.996094,0.89209
International_Icons_Electronic_Labeling,ScreenWithHandle_X06B40.png,Pictogram,2045,1860,1.0995,0.44,0.082,0.992,0.000488,0.04541,0.999023,0.953613
International_Icons_Electronic_Labeling,SeatBelt_X06I18.png,Pictogram,1674,2034,0.823,0.33,0.002,0.242,0.091309,0.003418,0.908691,0.996582
International_Icons_Electronic_Labeling,SignalWaveform_X06F04.png,Pictogram,2037,1482,1.3745,0.2454,0.497,0.205,0.003418,0.138184,0.998047,0.861816
International_Icons_Electronic_Labeling,SingleLine_X06H25.png,Rectangle,2027,91,22.2747,0.9834,1.0,0.934,0.005371,0.478027,0.995117,0.522461
International_Icons_Electronic_Labeling,SkewAdjust_X06F02.png,Pictogram,1846,2036,0.9067,0.3754,0.251,0.258,0.047852,0.002441,0.949219,0.996582
International_Icons_Electronic_Labeling,SlabWithTab_X06H18.png,Pictogram,2035,1155,1.7619,0.2053,0.218,0.46,0.003906,0.217285,0.997559,0.78125
International_Icons_Electronic_Labeling,Slab_X06H16.png,Pictogram,2044,1061,1.9265,0.2394,0.573,0.929,0.000977,0.239746,0.999023,0.757812
International_Icons_Electronic_Labeling,SocketCircle_X06E12.png,Pictogram,2035,1262,1.6125,0.2693,0.0,0.277,0.003418,0.191895,0.99707,0.808105
International_Icons_Electronic_Labeling,SpeakerMuted_X06B11.png,Pictogram,1872,2038,0.9185,0.2508,0.333,0.005,0.042969,0.004395,0.957031,0.999512
International_Icons_Electronic_Labeling,SpeechOutput_X06B14.png,Pictogram,1723,2048,0.8413,0.2254,0.267,0.189,0.079102,0.0,0.92041,1.0
International_Icons_Electronic_Labeling,SpotlightGradient_X06E34.png,Triangle,2035,1070,1.9019,0.5451,0.5,0.828,0.000977,0.241211,0.994629,0.763672
International_Icons_Electronic_Labeling,SquareInCircle_X06B21.png,Pictogram,2048,2048,1.0,0.4027,0.002,0.986,0.0,0.0,1.0,1.0
International_Icons_Electronic_Labeling,SquareLayered_X06H23.png,Pictogram,2023,2022,1.0005,0.2867,0.127,0.958,0.005859,0.006348,0.993652,0.993652
International_Icons_Electronic_Labeling,SquareRoot_X06F31.png,Pictogram,1541,2038,0.7561,0.2285,0.236,0.248,0.123535,0.001953,0.875977,0.99707
International_Icons_Electronic_Labeling,SquareWaveCircle_X06B20.png,Octagon,2034,2033,1.0005,0.6833,0.002,0.976,0.003418,0.000488,0.996582,0.993164
International_Icons_Electronic_Labeling,SquareWithArrow_X06D12.png,Pictogram,2029,2033,0.998,0.2721,0.39,0.5,0.003418,0.006348,0.994141,0.999023
International_Icons_Electronic_Labeling,Square_X06H06.png,Pictogram,2018,2019,0.9995,0.2345,0.476,1.0,0.008301,0.010254,0.993652,0.996094
International_Icons_Electronic_Labeling,StandbyBrokenCircle_X06C37.png,Pictogram,1920,2038,0.9421,0.3096,0.002,0.971,0.03125,0.000488,0.96875,0.995605
International_Icons_Electronic_Labeling,StandbyOpen_X06C36.png,Pictogram,1540,2038,0.7556,0.2875,0.006,0.834,0.124023,0.0,0.875977,0.995117
International_Icons_Electronic_Labeling,StandbyPower_X06D02.png,Pictogram,1752,2028,0.8639,0.3111,0.005,0.971,0.072266,0.003906,0.927734,0.994141
International_Icons_Electronic_Labeling,StarBurst_X06G17.png,Pictogram,2038,1697,1.2009,0.2624,0.001,0.214,0.004883,0.085449,1.0,0.914062
International_Icons_Electronic_Labeling,StepLine_X06D09.png,Pictogram,585,2025,0.2889,0.4265,0.5,0.41,0.356934,0.004883,0.642578,0.993652
International_Icons_Electronic_Labeling,StepUpArrow_X06D08.png,Pictogram,2046,1956,1.046,0.1407,0.127,0.002,0.000488,0.021484,0.999512,0.976562
International_Icons_Electronic_Labeling,Stop_X06D15.png,Rectangle,2032,2032,1.0,0.9993,1.0,0.998,0.003906,0.0,0.996094,0.992188
International_Icons_Electronic_Labeling,Sun_X06E25.png,Pictogram,2038,2038,1.0,0.2037,0.0,0.605,0.002441,0.000488,0.997559,0.995605
International_Icons_Electronic_Labeling,Sunrise_X06E29.png,Pictogram,2038,1074,1.8976,0.2667,0.479,0.399,0.0,0.236328,0.995117,0.760742
International_Icons_Electronic_Labeling,Table_X06A30.png,Pictogram,2041,1763,1.1577,0.2462,0.0,0.501,0.003418,0.069336,1.0,0.930176
International_Icons_Electronic_Labeling,TapeDrive_X06A07.png,Triangle,2032,887,2.2909,0.5218,1.0,0.99,0.003906,0.284668,0.996094,0.717773
International_Icons_Electronic_Labeling,TapeReels_X06B26.png,Pictogram,2038,810,2.516,0.3464,0.153,0.729,0.000977,0.30127,0.996094,0.696777
International_Icons_Electronic_Labeling,TelephoneDesk_X06G21.png,Diamond,2040,1609,1.2679,0.5409,0.001,0.492,0.001465,0.105469,0.997559,0.891113
International_Icons_Electronic_Labeling,TelephoneRinging_X06G22.png,Pictogram,1985,2045,0.9707,0.2416,0.5,0.247,0.016602,0.001465,0.98584,1.0
International_Icons_Electronic_Labeling,TextAlign_X06A31.png,Pictogram,1412,2022,0.6983,0.2861,0.335,0.462,0.155273,0.006348,0.844727,0.993652
International_Icons_Electronic_Labeling,TextWithWaveform_X06F03.png,Pictogram,2038,1834,1.1112,0.3258,0.273,0.25,0.001953,0.053223,0.99707,0.94873
International_Icons_Electronic_Labeling,Thermometer_X06D30.png,Pictogram,957,2038,0.4696,0.4006,0.286,0.021,0.26709,0.0,0.734375,0.995117
International_Icons_Electronic_Labeling,TimerDashed_X06D31.png,Pictogram,1913,2044,0.9359,0.1603,0.001,0.718,0.033203,0.000977,0.967285,0.999023
International_Icons_Electronic_Labeling,TimerPartial_X06D33.png,Pictogram,1912,2042,0.9363,0.1877,0.002,0.661,0.032715,0.00293,0.966309,1.0
International_Icons_Electronic_Labeling,TimerT_X06D39.png,Pictogram,2040,2037,1.0015,0.2458,0.002,0.75,0.001953,0.005371,0.998047,1.0
International_Icons_Electronic_Labeling,TonerHopper_X06F19.png,Pictogram,2039,1933,1.0548,0.3688,0.25,0.497,0.0,0.027344,0.995605,0.971191
International_Icons_Electronic_Labeling,TrademarkTM_X06G03.png,Triangle,2033,976,2.083,0.4721,0.686,0.75,0.002441,0.261719,0.995117,0.738281
International_Icons_Electronic_Labeling,Trapezoid_X06H05.png,Pictogram,2034,1020,1.9941,0.2296,0.454,0.5,0.002441,0.248535,0.995605,0.746582
International_Icons_Electronic_Labeling,TrebleClef_X06B18.png,Pictogram,757,2038,0.3714,0.3046,0.0,0.463,0.31543,0.004883,0.685059,1.0
International_Icons_Electronic_Labeling,TriangleDownLine_X06B30.png,Pictogram,1447,2038,0.71,0.4297,0.655,0.499,0.147461,0.004395,0.854004,0.999512
International_Icons_Electronic_Labeling,TriangleDownWideLine_X06B31.png,Triangle,1873,2031,0.9222,0.5585,0.908,0.499,0.043457,0.001953,0.958008,0.993652
International_Icons_Electronic_Labeling,TriangleDownWithLine_X06H14.png,Pictogram,2028,1756,1.1549,0.1821,0.475,0.328,0.004883,0.068848,0.995117,0.92627
International_Icons_Electronic_Labeling,TriangleDown_X06H07.png,Pictogram,2043,1769,1.1549,0.1641,0.476,0.328,0.0,0.06543,0.997559,0.929199
International_Icons_Electronic_Labeling,TriangleUp_X06H08.png,Pictogram,2028,1757,1.1542,0.1641,0.476,0.328,0.004883,0.070312,0.995117,0.928223
International_Icons_Electronic_Labeling,TriangleWithArc_X06D34.png,Pictogram,2028,1756,1.1549,0.2495,0.5,0.39,0.003906,0.070801,0.994141,0.928223
International_Icons_Electronic_Labeling,TumbleDryLow_X06I25.png,Pictogram,2036,2036,1.0,0.3796,0.326,0.98,0.00293,0.005859,0.99707,1.0
International_Icons_Electronic_Labeling,TumbleDryNormal_X06I26.png,Pictogram,2036,2036,1.0,0.3975,0.326,0.981,0.00293,0.0,0.99707,0.994141
International_Icons_Electronic_Labeling,TumbleDry_X06I24.png,Pictogram,2036,2036,1.0,0.3617,0.326,0.98,0.00293,0.005859,0.99707,1.0
International_Icons_Electronic_Labeling,TurntableStylus_X06B29.png,Pictogram,2034,1949,1.0436,0.2396,0.147,0.796,0.001465,0.025879,0.994629,0.977539
International_Icons_Electronic_Labeling,TwoPeople_X06E36.png,Triangle,2044,1771,1.1542,0.5778,0.502,0.032,0.001465,0.069824,0.999512,0.93457
International_Icons_Electronic_Labeling,Unlocked_X06A22.png,Pictogram,1995,2016,0.9896,0.4362,0.376,0.499,0.015625,0.007812,0.989746,0.992188
International_Icons_Electronic_Labeling,VHSLogo_X06C18.png,Rectangle,2030,1036,1.9595,0.9986,1.0,0.995,0.004395,0.249023,0.995605,0.754883
International_Icons_Electronic_Labeling,VideoCamera_X06C30.png,Pictogram,2031,1095,1.8548,0.3275,0.5,0.995,0.005859,0.233887,0.997559,0.768555
International_Icons_Electronic_Labeling,VinylRecord_X06B32.png,Circle,2042,2042,1.0,0.785,0.002,0.987,0.001465,0.0,0.998535,0.99707
International_Icons_Electronic_Labeling,VolumeRamp_X06B12.png,Pictogram,2034,2030,1.002,0.318,0.251,0.313,0.004883,0.003906,0.998047,0.995117
International_Icons_Electronic_Labeling,VolumeSteps_X06B13.png,Pictogram,2034,2020,1.0069,0.2788,0.251,0.286,0.001953,0.005859,0.995117,0.992188
International_Icons_Electronic_Labeling,WarningExclamation_X06G14.png,Pictogram,2044,1771,1.1542,0.2111,0.486,0.328,0.000977,0.067383,0.999023,0.932129
International_Icons_Electronic_Labeling,WashTemp40Gentle_X06I23.png,Pictogram,1686,2029,0.831,0.2376,0.221,0.0,0.088867,0.003906,0.912109,0.994629
International_Icons_Electronic_Labeling,WashTemp60_X06I22.png,Pictogram,1685,2029,0.8305,0.2503,0.219,0.222,0.089844,0.00293,0.912598,0.993652
International_Icons_Electronic_Labeling,WashTemp95_X06I21.png,Pictogram,1887,2041,0.9245,0.2371,0.208,0.244,0.039551,0.003418,0.960938,1.0
International_Icons_Electronic_Labeling,WavyBottomShape_X06H15.png,Pictogram,2044,1182,1.7293,0.2251,0.358,0.682,0.000977,0.211426,0.999023,0.788574
International_Icons_Electronic_Labeling,WavySheet_X06H19.png,Pictogram,2034,1344,1.5134,0.2034,0.31,0.433,0.002441,0.171875,0.995605,0.828125
International_Icons_Electronic_Labeling,Wedge_X06H11.png,Pictogram,2044,1074,1.9032,0.2322,0.623,0.68,0.000488,0.239746,0.998535,0.76416
International_Icons_Electronic_Labeling,WindshieldWasher_X06I07.png,Pictogram,2038,1743,1.1692,0.1961,0.0,0.254,0.0,0.076172,0.995117,0.927246
International_Icons_Electronic_Labeling,WindshieldWiperWasher_X06I06.png,Pictogram,2038,1906,1.0693,0.2099,0.001,0.225,0.000977,0.035156,0.996094,0.96582
International_Icons_Electronic_Labeling,WindshieldWiper_X06I05.png,Pictogram,2038,1424,1.4312,0.2201,0.004,0.451,0.000977,0.150879,0.996094,0.846191
International_Icons_Electronic_Labeling,Wrench_X06F24.png,Pictogram,697,2026,0.344,0.4487,0.216,0.47,0.32959,0.005371,0.669922,0.994629
Symbol_Signs_Recreational,AccessibleDark_X03G06.png,Rectangle,2038,2038,1.0,0.9996,1.0,0.999,0.000977,0.002441,0.996094,0.997559
Symbol_Signs_Recreational,Accessible_X03G12.png,Rectangle,2039,2040,0.9995,0.9842,1.0,0.997,0.000977,0.001953,0.996582,0.998047
Symbol_Signs_Recreational,AerialTramwayDark_X03E01.png,Rectangle,2038,2038,1.0,0.9996,1.0,0.999,0.000977,0.002441,0.996094,0.997559
Symbol_Signs_Recreational,AerialTramway_X03E07.png,Rectangle,2039,2040,0.9995,0.9842,1.0,0.997,0.000977,0.001953,0.996582,0.998047
Symbol_Signs_Recreational,AirportDark_X03D15.png,Rectangle,2028,2028,1.0,0.9986,1.0,0.995,0.004883,0.004883,0.995117,0.995117
Symbol_Signs_Recreational,Airport_X03D21.png,Rectangle,2039,2040,0.9995,0.9842,1.0,0.997,0.0,0.001953,0.995605,0.998047
Symbol_Signs_Recreational,AlcoholDark_X03F26.png,Rectangle,2038,2038,1.0,0.9996,1.0,0.999,0.000977,0.002441,0.996094,0.997559
Symbol_Signs_Recreational,Alcohol_X03F32.png,Rectangle,2039,2040,0.9995,0.9842,1.0,0.997,0.000977,0.001953,0.996582,0.998047
Symbol_Signs_Recreational,AllTerrainVehicleDark_X03A26.png,Rectangle,2038,2038,1.0,0.9996,1.0,0.999,0.000977,0.002441,0.996094,0.997559
Symbol_Signs_Recreational,AllTerrainVehicle_X03A32.png,Rectangle,2039,2040,0.9995,0.9842,1.0,0.997,0.000977,0.001953,0.996582,0.998047
Symbol_Signs_Recreational,AmphitheaterDark_X03A13.png,Rectangle,2038,2038,1.0,0.9997,1.0,0.999,0.000977,0.0,0.996094,0.995117
Symbol_Signs_Recreational,Amphitheater_X03A19.png,Rectangle,2039,2040,0.9995,0.9842,1.0,0.997,0.000977,0.001953,0.996582,0.998047
Symbol_Signs_Recreational,AnchorageDark_X03B25.png,Rectangle,2038,2038,1.0,0.9996,1.0,0.999,0.000977,0.002441,0.996094,0.997559
Symbol_Signs_Recreational,Anchorage_X03B31.png,Rectangle,2039,2040,0.9995,0.9842,1.0,0.997,0.000488,0.001953,0.996094,0.998047
Symbol_Signs_Recreational,AutomobileDark_X03E19.png,Rectangle,2038,2038,1.0,0.9996,1.0,0.999,0.000977,0.002441,0.996094,0.997559
Symbol_Signs_Recreational,Automobile_X03E25.png,Rectangle,2040,2039,1.0005,0.9843,1.0,0.997,0.00293,0.003906,0.999023,0.999512
Symbol_Signs_Recreational,BaseballDark_X03A27.png,Rectangle,2038,2038,1.0,0.9996,1.0,0.999,0.000977,0.002441,0.996094,0.997559
Symbol_Signs_Recreational,Baseball_X03A33.png,Rectangle,2039,2040,0.9995,0.9842,1.0,0.997,0.000977,0.001953,0.996582,0.998047
Symbol_Signs_Recreational,BearViewingDark_X03F05.png,Rectangle,2039,2039,1.0,0.9988,1.0,0.996,0.003906,0.004395,0.999512,1.0
Symbol_Signs_Recreational,BearViewing_X03F11.png,Rectangle,2039,2040,0.9995,0.9842,1.0,0.997,0.000977,0.001953,0.996582,0.998047
Symbol_Signs_Recreational,BeveragesDark_X03F27.png,Rectangle,2038,2038,1.0,0.9996,1.0,0.999,0.000977,0.002441,0.996094,0.997559
Symbol_Signs_Recreational,Beverages_X03F33.png,Rectangle,2039,2040,0.9995,0.9842,1.0,0.997,0.000977,0.001953,0.996582,0.998047
Symbol_Signs_Recreational,BicycleTrailDark_X03A03.png,Rectangle,2038,2039,0.9995,0.9991,1.0,0.997,0.003418,0.000488,0.998535,0.996094
Symbol_Signs_Recreational,BicycleTrail_X03A09.png,Rectangle,2040,2040,1.0,0.9837,1.0,0.995,0.002441,0.001953,0.998535,0.998047
Symbol_Signs_Recreational,BinocularsViewingDark_X03A15.png,Rectangle,2038,2038,1.0,0.9997,1.0,0.999,0.000977,0.000977,0.996094,0.996094
Symbol_Signs_Recreational,BinocularsViewing_X03A21.png,Rectangle,2039,2040,0.9995,0.9842,1.0,0.997,0.000977,0.001953,0.996582,0.998047
Symbol_Signs_Recreational,BoatLaunchDark_X03B26.png,Rectangle,2038,2038,1.0,0.9996,1.0,0.999,0.000977,0.002441,0.996094,0.997559
Symbol_Signs_Recreational,BoatLaunch_X03B32.png,Rectangle,2039,2040,0.9995,0.9842,1.0,0.997,0.000977,0.001953,0.996582,0.998047
Symbol_Signs_Recreational,BoulderingDark_X03A17.png,Rectangle,2038,2038,1.0,0.9996,1.0,0.999,0.000977,0.002441,0.996094,0.997559
Symbol_Signs_Recreational,Bouldering_X03A23.png,Rectangle,2039,2040,0.9995,0.9842,1.0,0.997,0.000977,0.001953,0.996582,0.998047
Symbol_Signs_Recreational,BusDark_X03F14.png,Rectangle,2038,2038,1.0,0.9996,1.0,0.999,0.000977,0.002441,0.996094,0.997559
Symbol_Signs_Recreational,Bus_X03F20.png,Rectangle,2039,2039,1.0,0.9847,1.0,0.998,0.000977,0.001465,0.996582,0.99707
Symbol_Signs_Recreational,CampfireDark_X03F16.png,Rectangle,2027,2028,0.9995,0.999,1.0,0.997,0.005371,0.004883,0.995117,0.995117
Symbol_Signs_Recreational,Campfire_X03F22.png,Rectangle,2039,2040,0.9995,0.9842,1.0,0.997,0.000977,0.001953,0.996582,0.998047
Symbol_Signs_Recreational,CampingShelterDark_X03G14.png,Rectangle,2038,2038,1.0,0.9996,1.0,0.999,0.000977,0.002441,0.996094,0.997559
Symbol_Signs_Recreational,CampingShelter_X03G19.png,Rectangle,2040,2039,1.0005,0.9843,1.0,0.997,0.000977,0.001953,0.99707,0.997559
Symbol_Signs_Recreational,CavingDark_X03A25.png,Rectangle,2038,2038,1.0,0.9996,1.0,0.999,0.001465,0.002441,0.996582,0.997559
Symbol_Signs_Recreational,Caving_X03A31.png,Rectangle,2039,2040,0.9995,0.9842,1.0,0.997,0.000977,0.001953,0.996582,0.998047
Symbol_Signs_Recreational,ClammingDark_X03C14.png,Rectangle,2038,2038,1.0,0.9996,1.0,0.999,0.000977,0.002441,0.996094,0.997559
Symbol_Signs_Recreational,Clamming_X03C20.png,Rectangle,2039,2040,0.9995,0.9842,1.0,0.997,0.000977,0.001953,0.996582,0.998047
Symbol_Signs_Recreational,CrossCountrySkiingDark_X03B01.png,Rectangle,2039,2038,1.0005,0.9993,1.0,0.998,0.001953,0.003418,0.997559,0.998535
Symbol_Signs_Recreational,CrossCountrySkiing_X03B07.png,Rectangle,2039,2040,0.9995,0.9842,1.0,0.997,0.00293,0.001953,0.998535,0.998047
Symbol_Signs_Recreational,DamDark_X03F03.png,Rectangle,2038,2038,1.0,0.9996,1.0,0.999,0.000977,0.002441,0.996094,0.997559
Symbol_Signs_Recreational,Dam_X03F09.png,Rectangle,2039,2040,0.9995,0.9842,1.0,0.997,0.000977,0.001953,0.996582,0.998047
Symbol_Signs_Recreational,DeerViewingDark_X03F04.png,Rectangle,2038,2038,1.0,0.9997,1.0,0.999,0.003418,0.001465,0.998535,0.996582
Symbol_Signs_Recreational,DeerViewing_X03F10.png,Rectangle,2039,2040,0.9995,0.9842,1.0,0.997,0.000977,0.001953,0.996582,0.998047
Symbol_Signs_Recreational,DivingDark_X03C05.png,Rectangle,2038,2038,1.0,0.9996,1.0,0.999,0.000977,0.002441,0.996094,0.997559
Symbol_Signs_Recreational,Diving_X03C11.png,Rectangle,2029,2028,1.0005,0.9841,1.0,0.997,0.00293,0.004395,0.993652,0.994629
Symbol_Signs_Recreational,DownhillSkiingDark_X03B02.png,Rectangle,2038,2038,1.0,0.9996,1.0,0.999,0.000977,0.002441,0.996094,0.997559
Symbol_Signs_Recreational,DownhillSkiing_X03B08.png,Rectangle,2039,2040,0.9995,0.9842,1.0,0.997,0.000977,0.001953,0.996582,0.998047
Symbol_Signs_Recreational,DrinkingWaterDark_X03D01.png,Rectangle,2038,2038,1.0,0.9997,1.0,0.999,0.001465,0.003906,0.996582,0.999023
Symbol_Signs_Recreational,DrinkingWater_X03D07.png,Rectangle,2039,2040,0.9995,0.9843,1.0,0.997,0.000977,0.00293,0.996582,0.999023
Symbol_Signs_Recreational,ElectricalHookupDark_X03F25.png,Rectangle,2039,2038,1.0005,0.9993,1.0,0.998,0.0,0.002441,0.995605,0.997559
Symbol_Signs_Recreational,ElectricalHookup_X03F31.png,Rectangle,2040,2040,1.0,0.9837,1.0,0.995,0.003906,0.002441,1.0,0.998535
Symbol_Signs_Recreational,ExerciseDark_X03A28.png,Rectangle,2039,2038,1.0005,0.9991,1.0,0.997,0.000488,0.002441,0.996094,0.997559
Symbol_Signs_Recreational,Exercise_X03A34.png,Rectangle,2039,2040,0.9995,0.9842,1.0,0.997,0.000977,0.001953,0.996582,0.998047
Symbol_Signs_Recreational,FallingRocksDark_X03F02.png,Rectangle,2038,2038,1.0,0.9996,1.0,0.999,0.000977,0.002441,0.996094,0.997559
Symbol_Signs_Recreational,FallingRocks_X03F08.png,Rectangle,2039,2040,0.9995,0.9842,1.0,0.997,0.000977,0.001953,0.996582,0.998047
Symbol_Signs_Recreational,FerryDark_X03D18.png,Rectangle,2028,2028,1.0,0.9986,1.0,0.995,0.004883,0.004395,0.995117,0.994629
Symbol_Signs_Recreational,Ferry_X03D24.png,Rectangle,2039,2040,0.9995,0.9843,1.0,0.997,0.002441,0.000977,0.998047,0.99707
Symbol_Signs_Recreational,FireExtinguisherDark_X03F18.png,Rectangle,2038,2038,1.0,0.9996,1.0,0.999,0.000977,0.002441,0.996094,0.997559
Symbol_Signs_Recreational,FireExtinguisher_X03F24.png,Rectangle,2039,2040,0.9995,0.9842,1.0,0.997,0.000977,0.001953,0.996582,0.998047
Symbol_Signs_Recreational,FirearmsDark_X03E17.png,Rectangle,2038,2038,1.0,0.9999,1.0,1.0,0.000977,0.002441,0.996094,0.997559
Symbol_Signs_Recreational,Firearms_X03E23.png,Rectangle,2039,2040,0.9995,0.9842,1.0,0.997,0.000977,0.001953,0.996582,0.998047
Symbol_Signs_Recreational,FirstAidDark_X03D05.png,Rectangle,2027,2027,1.0,0.9995,1.0,0.998,0.005371,0.007324,0.995117,0.99707
Symbol_Signs_Recreational,FirstAid_X03D11.png,Rectangle,2039,2040,0.9995,0.9842,1.0,0.997,0.000977,0.001953,0.996582,0.998047
Symbol_Signs_Recreational,FishCleaningDark_X03C16.png,Rectangle,2038,2038,1.0,0.9996,1.0,0.999,0.000977,0.002441,0.996094,0.997559
Symbol_Signs_Recreational,FishCleaning_X03C22.png,Rectangle,2039,2040,0.9995,0.9842,1.0,0.997,0.000977,0.001953,0.996582,0.998047
Symbol_Signs_Recreational,FishHatcheryDark_X03B23.png,Rectangle,2038,2039,0.9995,0.9993,1.0,0.998,0.004395,0.004395,0.999512,1.0
Symbol_Signs_Recreational,FishHatchery_X03B29.png,Rectangle,2039,2040,0.9995,0.9842,1.0,0.997,0.000977,0.001953,0.996582,0.998047
Symbol_Signs_Recreational,FishLadderDark_X03C15.png,Rectangle,2038,2038,1.0,0.9996,1.0,0.999,0.000977,0.002441,0.996094,0.997559
Symbol_Signs_Recreational,FishLadder_X03C21.png,Rectangle,2039,2040,0.9995,0.9842,1.0,0.997,0.000977,0.001953,0.996582,0.998047
Symbol_Signs_Recreational,FishingDark_X03C06.png,Rectangle,2038,2038,1.0,0.9996,1.0,0.999,0.000977,0.002441,0.996094,0.997559
Symbol_Signs_Recreational,Fishing_X03C12.png,Rectangle,2039,2040,0.9995,0.9842,1.0,0.997,0.000977,0.001953,0.996582,0.998047
Symbol_Signs_Recreational,FourWheelDriveDark_X03A04.png,Rectangle,2032,2028,1.002,0.9966,1.0,0.988,0.00293,0.004883,0.995117,0.995117
Symbol_Signs_Recreational,FourWheelDrive_X03A10.png,Rectangle,2039,2040,0.9995,0.9842,1.0,0.997,0.003906,0.001953,0.999512,0.998047
Symbol_Signs_Recreational,GasStationDark_X03D17.png,Rectangle,2038,2039,0.9995,0.9993,1.0,0.998,0.00293,0.00293,0.998047,0.998535
Symbol_Signs_Recreational,GasStation_X03D23.png,Rectangle,2039,2040,0.9995,0.9842,1.0,0.997,0.000977,0.001953,0.996582,0.998047
Symbol_Signs_Recreational,GroceryStoreDark_X03D04.png,Rectangle,2038,2038,1.0,0.9996,1.0,0.999,0.000977,0.002441,0.996094,0.997559
Symbol_Signs_Recreational,GroceryStore_X03D10.png,Rectangle,2039,2040,0.9995,0.9842,1.0,0.997,0.000977,0.001953,0.996582,0.998047
Symbol_Signs_Recreational,HikingDark_X03A05.png,Rectangle,2038,2038,1.0,0.9996,1.0,0.999,0.000977,0.002441,0.996094,0.997559
Symbol_Signs_Recreational,Hiking_X03A11.png,Rectangle,2040,2039,1.0005,0.9843,1.0,0.997,0.0,0.0,0.996094,0.995605
Symbol_Signs_Recreational,HorsebackRidingDark_X03A01.png,Rectangle,2038,2038,1.0,0.9996,1.0,0.999,0.000977,0.002441,0.996094,0.997559
Symbol_Signs_Recreational,HorsebackRiding_X03A07.png,Rectangle,2039,2040,0.9995,0.9842,1.0,0.997,0.000977,0.001953,0.996582,0.998047
Symbol_Signs_Recreational,IceFishingDark_X03B15.png,Rectangle,2038,2038,1.0,0.9996,1.0,0.999,0.000977,0.002441,0.996094,0.997559
Symbol_Signs_Recreational,IceFishing_X03B20.png,Rectangle,2039,2040,0.9995,0.9842,1.0,0.997,0.000977,0.001953,0.996582,0.998047
Symbol_Signs_Recreational,IceSkatingDark_X03B05.png,Rectangle,2038,2038,1.0,0.9996,1.0,0.999,0.000977,0.002441,0.996094,0.997559
Symbol_Signs_Recreational,IceSkating_X03B11.png,Rectangle,2039,2040,0.9995,0.9842,1.0,0.997,0.000977,0.001953,0.996582,0.998047
Symbol_Signs_Recreational,InformationDark_X03D02.png,Rectangle,2038,2038,1.0,0.9996,1.0,0.999,0.003906,0.002441,0.999023,0.997559
Symbol_Signs_Recreational,Information_X03D08.png,Rectangle,2028,2028,1.0,0.9845,1.0,0.998,0.003418,0.004883,0.993652,0.995117
Symbol_Signs_Recreational,InlineSkatingDark_X03A30.png,Rectangle,2038,2038,1.0,0.9996,1.0,0.999,0.000977,0.002441,0.996094,0.997559
Symbol_Signs_Recreational,InlineSkating_X03A36.png,Rectangle,2039,2040,0.9995,0.9842,1.0,0.997,0.004395,0.001953,1.0,0.998047
Symbol_Signs_Recreational,InterpretiveDisplayDark_X03E13.png,Rectangle,2038,2038,1.0,0.9996,1.0,0.999,0.000977,0.002441,0.996094,0.997559
Symbol_Signs_Recreational,InterpretiveDisplay_X03E15.png,Rectangle,2039,2040,0.9995,0.9843,1.0,0.997,0.004395,0.00293,1.0,0.999023
Symbol_Signs_Recreational,KennelDark_X03D30.png,Rectangle,2039,2038,1.0005,0.9991,1.0,0.997,0.001953,0.002441,0.997559,0.997559
Symbol_Signs_Recreational,Kennel_X03D36.png,Rectangle,2039,2039,1.0,0.9847,1.0,0.998,0.003418,0.001953,0.999023,0.997559
Symbol_Signs_Recreational,LaundryDark_X03E03.png,Rectangle,2038,2038,1.0,0.9996,1.0,0.999,0.000977,0.002441,0.996094,0.997559
Symbol_Signs_Recreational,Laundry_X03E09.png,Rectangle,2039,2040,0.9995,0.9842,1.0,0.997,0.000977,0.001953,0.996582,0.998047
Symbol_Signs_Recreational,LifeJacketDark_X03C17.png,Rectangle,2038,2039,0.9995,0.9992,1.0,0.997,0.000488,0.001953,0.995605,0.997559
Symbol_Signs_Recreational,LifeJacket_X03C23.png,Rectangle,2039,2040,0.9995,0.9842,1.0,0.997,0.000977,0.001953,0.996582,0.998047
Symbol_Signs_Recreational,LighthouseDark_X03F01.png,Rectangle,2027,2028,0.9995,0.999,1.0,0.997,0.004395,0.004883,0.994141,0.995117
Symbol_Signs_Recreational,Lighthouse_X03F07.png,Rectangle,2039,2040,0.9995,0.9842,1.0,0.997,0.000977,0.001953,0.996582,0.998047
Symbol_Signs_Recreational,LitterDark_X03E04.png,Rectangle,2038,2038,1.0,0.9996,1.0,0.999,0.004395,0.003418,0.999512,0.998535
Symbol_Signs_Recreational,Litter_X03E10.png,Rectangle,2039,2040,0.9995,0.9842,1.0,0.997,0.000977,0.001953,0.996582,0.998047
Symbol_Signs_Recreational,LockerDark_X03D16.png,Rectangle,2038,2038,1.0,0.9996,1.0,0.999,0.002441,0.003418,0.997559,0.998535
Symbol_Signs_Recreational,Locker_X03D22.png,Rectangle,2039,2040,0.9995,0.9842,1.0,0.997,0.000977,0.001953,0.996582,0.998047
Symbol_Signs_Recreational,LodgingDark_X03G01.png,Rectangle,2038,2038,1.0,0.9996,1.0,0.999,0.000977,0.002441,0.996094,0.997559
Symbol_Signs_Recreational,Lodging_X03G07.png,Rectangle,2039,2040,0.9995,0.9842,1.0,0.997,0.0,0.001953,0.995605,0.998047
Symbol_Signs_Recreational,LookoutTowerDark_X03E22.png,Rectangle,2038,2038,1.0,0.9996,1.0,0.999,0.000977,0.002441,0.996094,0.997559
Symbol_Signs_Recreational,LookoutTower_X03E28.png,Rectangle,2028,2028,1.0,0.9846,1.0,0.998,0.005371,0.003418,0.995605,0.993652
Symbol_Signs_Recreational,MailDark_X03D13.png,Rectangle,2037,2036,1.0005,0.9994,1.0,0.998,0.003418,0.00293,0.998047,0.99707
Symbol_Signs_Recreational,Mail_X03D19.png,Rectangle,2039,2040,0.9995,0.9842,1.0,0.997,0.000977,0.001953,0.996582,0.998047
Symbol_Signs_Recreational,MechanicDark_X03D14.png,Rectangle,2039,2039,1.0,0.9988,1.0,0.996,0.002441,0.00293,0.998047,0.998535
Symbol_Signs_Recreational,Mechanic_X03D20.png,Rectangle,2039,2039,1.0,0.9847,1.0,0.998,0.000488,0.0,0.996094,0.995605
Symbol_Signs_Recreational,MotorbikeTrailDark_X03A02.png,Rectangle,2036,1984,1.0262,0.9735,1.0,0.878,0.001465,0.013672,0.995605,0.982422
Symbol_Signs_Recreational,MotorbikeTrail_X03A08.png,Rectangle,2039,2040,0.9995,0.9842,1.0,0.997,0.000977,0.001953,0.996582,0.998047
Symbol_Signs_Recreational,MotorboatingDark_X03B27.png,Rectangle,2039,2038,1.0005,0.9993,1.0,0.998,0.001953,0.003906,0.997559,0.999023
Symbol_Signs_Recreational,Motorboating_X03B33.png,Rectangle,2028,2028,1.0,0.9846,1.0,0.998,0.00293,0.005371,0.993164,0.995605
Symbol_Signs_Recreational,NoAlcohol_X03H33.png,Rectangle,2035,2036,0.9995,0.9863,1.0,0.997,0.001953,0.00293,0.995605,0.99707
Symbol_Signs_Recreational,NoAllTerrainVehicles_X03H30.png,Rectangle,2035,2036,0.9995,0.9863,1.0,0.997,0.004395,0.00293,0.998047,0.99707
Symbol_Signs_Recreational,NoAutomobiles_X03G25.png,Diamond,2041,2041,1.0,0.4695,0.002,1.0,0.000488,0.001953,0.99707,0.998535
Symbol_Signs_Recreational,NoBaseball_X03H31.png,Rectangle,2035,2035,1.0,0.9867,1.0,0.998,0.005371,0.004883,0.999023,0.998535
Symbol_Signs_Recreational,NoBeverages_X03H09.png,Rectangle,2035,2036,0.9995,0.9863,1.0,0.997,0.004395,0.00293,0.998047,0.99707
Symbol_Signs_Recreational,NoBicycles_X03H25.png,Rectangle,2036,2036,1.0,0.9866,1.0,0.998,0.004395,0.00293,0.998535,0.99707
Symbol_Signs_Recreational,NoBoatLaunch_X03H21.png,Rectangle,2036,2036,1.0,0.9866,1.0,0.998,0.004395,0.00293,0.998535,0.99707
Symbol_Signs_Recreational,NoCampfires_X03G29.png,Rectangle,2047,2048,0.9995,0.9863,1.0,0.997,0.000488,0.0,1.0,1.0
Symbol_Signs_Recreational,NoClamming_X03H07.png,Rectangle,2036,2036,1.0,0.9866,1.0,0.998,0.001953,0.00293,0.996094,0.99707
Symbol_Signs_Recreational,NoDiving_X03H02.png,Rectangle,2036,2037,0.9995,0.9862,1.0,0.996,0.004395,0.004395,0.998535,0.999023
Symbol_Signs_Recreational,NoDownhillSkiing_X03H36.png,Rectangle,2032,2032,1.0,0.9868,1.0,0.998,0.003906,0.003906,0.996094,0.996094
Symbol_Signs_Recreational,NoDrinkingWater_X03G27.png,Rectangle,2036,2036,1.0,0.9871,1.0,0.998,0.001465,0.00293,0.995605,0.99707
Symbol_Signs_Recreational,NoFirearms_X03G23.png,Pictogram,2035,2035,1.0,0.4263,0.002,1.0,0.002441,0.002441,0.996094,0.996094
Symbol_Signs_Recreational,NoFishCleaning_X03H29.png,Rectangle,2036,2036,1.0,0.9866,1.0,0.998,0.004395,0.00293,0.998535,0.99707
Symbol_Signs_Recreational,NoFishingAlt_X03H08.png,Rectangle,2036,2036,1.0,0.9866,1.0,0.998,0.004395,0.00293,0.998535,0.99707
Symbol_Signs_Recreational,NoFishing_X03H03.png,Rectangle,2036,2036,1.0,0.9866,1.0,0.998,0.004395,0.00293,0.998535,0.99707
Symbol_Signs_Recreational,NoFoodOrDrink_X03H10.png,Rectangle,2035,2036,0.9995,0.9863,1.0,0.997,0.004395,0.00293,0.998047,0.99707
Symbol_Signs_Recreational,NoFourWheelDrive_X03H26.png,Rectangle,2036,2036,1.0,0.9866,1.0,0.998,0.004395,0.00293,0.998535,0.99707
Symbol_Signs_Recreational,NoFuel_X03H16.png,Rectangle,2036,2036,1.0,0.9866,1.0,0.998,0.004395,0.00293,0.998535,0.99707
Symbol_Signs_Recreational,NoHorsebackRiding_X03H24.png,Rectangle,2036,2036,1.0,0.9866,1.0,0.998,0.001465,0.00293,0.995605,0.99707
Symbol_Signs_Recreational,NoIceSkating_X03H19.png,Rectangle,2036,2036,1.0,0.9866,1.0,0.998,0.004395,0.00293,0.998535,0.99707
Symbol_Signs_Recreational,NoLittering_X03H06.png,Rectangle,2036,2036,1.0,0.9866,1.0,0.998,0.004395,0.00293,0.998535,0.99707
Symbol_Signs_Recreational,NoMotorbikes_X03H35.png,Rectangle,2032,2032,1.0,0.9868,1.0,0.998,0.00293,0.003906,0.995117,0.996094
Symbol_Signs_Recreational,NoMotorboating_X03H22.png,Rectangle,2036,2036,1.0,0.9867,1.0,0.998,0.004883,0.002441,0.999023,0.996582
Symbol_Signs_Recreational,NoParking_X03H17.png,Rectangle,2036,2036,1.0,0.9866,1.0,0.998,0.004395,0.00293,0.998535,0.99707
Symbol_Signs_Recreational,NoPedestrians_X03H14.png,Rectangle,2036,2036,1.0,0.9866,1.0,0.998,0.004395,0.00293,0.998535,0.99707
Symbol_Signs_Recreational,NoPetsOnLeash_X03H15.png,Rectangle,2036,2036,1.0,0.9866,1.0,0.998,0.004395,0.00293,0.998535,0.99707
Symbol_Signs_Recreational,NoPicnicking_X03G30.png,Rectangle,2036,2036,1.0,0.9866,1.0,0.998,0.004395,0.002441,0.998535,0.996582
Symbol_Signs_Recreational,NoRVs_X03H12.png,Rectangle,2035,2036,0.9995,0.9863,1.0,0.997,0.004395,0.00293,0.998047,0.99707
Symbol_Signs_Recreational,NoRadios_X03H11.png,Rectangle,2035,2036,0.9995,0.9863,1.0,0.997,0.004395,0.00293,0.998047,0.99707
Symbol_Signs_Recreational,NoRockClimbing_X03H04.png,Rectangle,2036,2036,1.0,0.9867,1.0,0.998,0.003418,0.004883,0.997559,0.999023
Symbol_Signs_Recreational,NoRockCollecting_X03H05.png,Rectangle,2036,2036,1.0,0.9867,1.0,0.998,0.004395,0.004883,0.998535,0.999023
Symbol_Signs_Recreational,NoRopeClimbing_X03H28.png,Rectangle,2036,2036,1.0,0.9866,1.0,0.998,0.004395,0.00293,0.998535,0.99707
Symbol_Signs_Recreational,NoScubaDiving_X03G34.png,Rectangle,2036,2036,1.0,0.9866,1.0,0.998,0.003906,0.003418,0.998047,0.997559
Symbol_Signs_Recreational,NoShooting_X03H27.png,Rectangle,2036,2036,1.0,0.9866,1.0,0.998,0.004395,0.00293,0.998535,0.99707
Symbol_Signs_Recreational,NoSkateboarding_X03H32.png,Rectangle,2035,2036,0.9995,0.9863,1.0,0.997,0.004395,0.00293,0.998047,0.99707
Symbol_Signs_Recreational,NoSkiJumping_X03G31.png,Rectangle,2036,2036,1.0,0.9866,1.0,0.998,0.004395,0.00293,0.998535,0.99707
Symbol_Signs_Recreational,NoSledding_X03G32.png,Rectangle,2036,2036,1.0,0.9867,1.0,0.998,0.002441,0.000977,0.996582,0.995117
Symbol_Signs_Recreational,NoSmoking_X03G24.png,Pictogram,2029,2029,1.0,0.415,0.002,1.0,0.005371,0.003906,0.996094,0.994629
Symbol_Signs_Recreational,NoSnowboarding_X03G33.png,Rectangle,2036,2036,1.0,0.9866,1.0,0.998,0.003418,0.00293,0.997559,0.99707
Symbol_Signs_Recreational,NoSnowmobiling_X03H20.png,Rectangle,2036,2036,1.0,0.9866,1.0,0.998,0.001953,0.00293,0.996094,0.99707
Symbol_Signs_Recreational,NoStrollers_X03H13.png,Rectangle,2047,2046,1.0005,0.9866,1.0,0.998,0.000488,0.000488,1.0,0.999512
Symbol_Signs_Recreational,NoSwimming_X03H01.png,Rectangle,2036,2036,1.0,0.9866,1.0,0.998,0.004395,0.00293,0.998535,0.99707
Symbol_Signs_Recreational,NoTentCamping_X03H18.png,Rectangle,2036,2036,1.0,0.9866,1.0,0.998,0.004395,0.00293,0.998535,0.99707
Symbol_Signs_Recreational,NoTrailers_X03G28.png,Diamond,2029,2029,1.0,0.4814,0.002,1.0,0.003906,0.003906,0.994629,0.994629
Symbol_Signs_Recreational,NoTrucks_X03G26.png,Diamond,2029,2029,1.0,0.4679,0.002,1.0,0.003906,0.003906,0.994629,0.994629
Symbol_Signs_Recreational,NoWaterSkiing_X03H23.png,Rectangle,2036,2036,1.0,0.9866,1.0,0.998,0.004395,0.00293,0.998535,0.99707
Symbol_Signs_Recreational,NoWoodcutting_X03H34.png,Rectangle,2047,2046,1.0005,0.9866,1.0,0.998,0.000488,0.000488,1.0,0.999512
Symbol_Signs_Recreational,ObservationDark_X03F15.png,Rectangle,2038,2038,1.0,0.9995,1.0,0.998,0.002441,0.002441,0.997559,0.997559
Symbol_Signs_Recreational,Observation_X03F21.png,Rectangle,2039,2040,0.9995,0.9842,1.0,0.997,0.000977,0.001953,0.996582,0.998047
Symbol_Signs_Recreational,ParkingDark_X03G13.png,Rectangle,2027,2028,0.9995,0.999,1.0,0.997,0.005371,0.004883,0.995117,0.995117
Symbol_Signs_Recreational,Parking_X03G18.png,Rectangle,2039,2040,0.9995,0.9842,1.0,0.997,0.000977,0.001953,0.996582,0.998047
Symbol_Signs_Recreational,PedestrianCrossingDark_X03F06.png,Rectangle,2038,2038,1.0,0.9996,1.0,0.999,0.000977,0.002441,0.996094,0.997559
Symbol_Signs_Recreational,PedestrianCrossing_X03F12.png,Rectangle,2039,2040,0.9995,0.9842,1.0,0.997,0.000977,0.001953,0.996582,0.998047
Symbol_Signs_Recreational,PetsOnLeashDark_X03F13.png,Rectangle,2038,2038,1.0,0.9996,1.0,0.999,0.000977,0.002441,0.996094,0.997559
Symbol_Signs_Recreational,PetsOnLeash_X03F19.png,Rectangle,2039,2040,0.9995,0.9842,1.0,0.997,0.0,0.001953,0.995605,0.998047
Symbol_Signs_Recreational,PicnicAreaDark_X03D29.png,Rectangle,2027,2028,0.9995,0.999,1.0,0.997,0.007324,0.004883,0.99707,0.995117
Symbol_Signs_Recreational,PicnicArea_X03D35.png,Rectangle,2039,2039,1.0,0.9847,1.0,0.998,0.000977,0.002441,0.996582,0.998047
Symbol_Signs_Recreational,PicnicShelterDark_X03D26.png,Rectangle,2038,2038,1.0,0.9996,1.0,0.999,0.000977,0.002441,0.996094,0.997559
Symbol_Signs_Recreational,PicnicShelter_X03D32.png,Rectangle,2028,2028,1.0,0.9846,1.0,0.998,0.005371,0.004395,0.995605,0.994629
Symbol_Signs_Recreational,PlaygroundSwingDark_X03A06.png,Rectangle,2038,2038,1.0,0.9996,1.0,0.999,0.000977,0.002441,0.996094,0.997559
Symbol_Signs_Recreational,PlaygroundSwing_X03A12.png,Rectangle,2028,2028,1.0,0.9845,1.0,0.998,0.006348,0.004883,0.996582,0.995117
Symbol_Signs_Recreational,PointOfInterestDark_X03F17.png,Rectangle,2038,2039,0.9995,0.9992,1.0,0.997,0.0,0.004395,0.995117,1.0
Symbol_Signs_Recreational,PointOfInterest_X03F23.png,Rectangle,2039,2040,0.9995,0.9842,1.0,0.997,0.000977,0.001953,0.996582,0.998047
Symbol_Signs_Recreational,RVCampingDark_X03G17.png,Rectangle,2038,2038,1.0,0.9996,1.0,0.999,0.000977,0.002441,0.996094,0.997559
Symbol_Signs_Recreational,RVCamping_X03G22.png,Rectangle,2039,2040,0.9995,0.9842,1.0,0.997,0.000977,0.001953,0.996582,0.998047
Symbol_Signs_Recreational,RadioDark_X03F29.png,Rectangle,2038,2038,1.0,0.9996,1.0,0.999,0.000977,0.002441,0.996094,0.997559
Symbol_Signs_Recreational,Radio_X03F35.png,Rectangle,2039,2039,1.0,0.9847,1.0,0.998,0.000977,0.00293,0.996582,0.998535
Symbol_Signs_Recreational,RaftingDark_X03C13.png,Rectangle,2038,2038,1.0,0.9996,1.0,0.999,0.000977,0.002441,0.996094,0.997559
Symbol_Signs_Recreational,Rafting_X03C19.png,Rectangle,2039,2040,0.9995,0.9842,1.0,0.997,0.0,0.001953,0.995605,0.998047
Symbol_Signs_Recreational,RangerStationDark_X03D03.png,Rectangle,2038,2038,1.0,0.9996,1.0,0.999,0.000977,0.002441,0.996094,0.997559
Symbol_Signs_Recreational,RangerStation_X03D09.png,Rectangle,2039,2040,0.9995,0.9842,1.0,0.997,0.000977,0.001953,0.996582,0.998047
Symbol_Signs_Recreational,RefuseCollectionDark_X03E05.png,Rectangle,2038,2039,0.9995,0.9993,1.0,0.998,0.000488,0.00293,0.995605,0.998535
Symbol_Signs_Recreational,RefuseCollection_X03E11.png,Rectangle,2039,2040,0.9995,0.9842,1.0,0.997,0.000977,0.001953,0.996582,0.998047
Symbol_Signs_Recreational,RestaurantDark_X03G02.png,Rectangle,2038,2038,1.0,0.9996,1.0,0.999,0.000977,0.002441,0.996094,0.997559
Symbol_Signs_Recreational,Restaurant_X03G08.png,Rectangle,2039,2040,0.9995,0.9842,1.0,0.997,0.000977,0.001953,0.996582,0.998047
Symbol_Signs_Recreational,RestroomMenDark_X03G03.png,Rectangle,2027,2028,0.9995,0.999,1.0,0.997,0.005371,0.004883,0.995117,0.995117
Symbol_Signs_Recreational,RestroomMen_X03G09.png,Rectangle,2039,2040,0.9995,0.9842,1.0,0.997,0.000977,0.001953,0.996582,0.998047
Symbol_Signs_Recreational,RestroomWomenDark_X03G05.png,Rectangle,2039,2039,1.0,0.9988,1.0,0.996,0.001953,0.002441,0.997559,0.998047
Symbol_Signs_Recreational,RestroomWomen_X03G11.png,Rectangle,2039,2039,1.0,0.9847,1.0,0.998,0.0,0.001953,0.995605,0.997559
Symbol_Signs_Recreational,RestroomsDark_X03G04.png,Rectangle,2039,2038,1.0005,0.9991,1.0,0.997,0.000488,0.002441,0.996094,0.997559
Symbol_Signs_Recreational,Restrooms_X03G10.png,Rectangle,2039,2040,0.9995,0.9842,1.0,0.997,0.002441,0.001465,0.998047,0.997559
Symbol_Signs_Recreational,RockClimbingDark_X03A16.png,Rectangle,2038,2038,1.0,0.9996,1.0,0.999,0.000977,0.002441,0.996094,0.997559
Symbol_Signs_Recreational,RockClimbing_X03A22.png,Rectangle,2039,2040,0.9995,0.9842,1.0,0.997,0.000977,0.001953,0.996582,0.998047
Symbol_Signs_Recreational,RockCollectingDark_X03A18.png,Rectangle,2038,2038,1.0,0.9996,1.0,0.999,0.000977,0.002441,0.996094,0.997559
Symbol_Signs_Recreational,RockCollecting_X03A24.png,Rectangle,2039,2040,0.9995,0.9842,1.0,0.997,0.000977,0.001953,0.996582,0.998047
Symbol_Signs_Recreational,RowingDark_X03B28.png,Rectangle,2038,2038,1.0,0.9996,1.0,0.999,0.000977,0.002441,0.996094,0.997559
Symbol_Signs_Recreational,Rowing_X03B34.png,Rectangle,2039,2039,1.0,0.9847,1.0,0.998,0.000977,0.004395,0.996582,1.0
Symbol_Signs_Recreational,SailingDark_X03C27.png,Rectangle,2038,2038,1.0,0.9996,1.0,0.999,0.000977,0.002441,0.996094,0.997559
Symbol_Signs_Recreational,Sailing_X03C30.png,Rectangle,2039,2040,0.9995,0.9842,1.0,0.997,0.000977,0.001953,0.996582,0.998047
Symbol_Signs_Recreational,SanitaryDisposalDark_X03D27.png,Rectangle,2027,2027,1.0,0.9995,1.0,0.998,0.005371,0.004883,0.995117,0.994629
Symbol_Signs_Recreational,SanitaryDisposal_X03D33.png,Rectangle,2039,2040,0.9995,0.9842,1.0,0.997,0.000977,0.001953,0.996582,0.998047
Symbol_Signs_Recreational,ScubaDivingDark_X03C04.png,Rectangle,2038,2038,1.0,0.9997,1.0,0.999,0.000977,0.000488,0.996094,0.995605
Symbol_Signs_Recreational,ScubaDiving_X03C10.png,Rectangle,2039,2040,0.9995,0.9842,1.0,0.997,0.000977,0.001953,0.996582,0.998047
Symbol_Signs_Recreational,SealViewingDark_X03C18.png,Rectangle,2038,2038,1.0,0.9996,1.0,0.999,0.000977,0.002441,0.996094,0.997559
Symbol_Signs_Recreational,SealViewing_X03C24.png,Rectangle,2039,2040,0.9995,0.9842,1.0,0.997,0.000977,0.001953,0.996582,0.998047
Symbol_Signs_Recreational,ShelterDark_X03D28.png,Rectangle,2038,2038,1.0,0.9996,1.0,0.999,0.000977,0.002441,0.996094,0.997559
Symbol_Signs_Recreational,Shelter_X03D34.png,Rectangle,2039,2040,0.9995,0.9842,1.0,0.997,0.00293,0.001953,0.998535,0.998047
Symbol_Signs_Recreational,ShootingDark_X03A14.png,Rectangle,2038,2039,0.9995,0.9993,1.0,0.998,0.000977,0.000977,0.996094,0.996582
Symbol_Signs_Recreational,Shooting_X03A20.png,Rectangle,2039,2040,0.9995,0.9842,1.0,0.997,0.000977,0.001953,0.996582,0.998047
Symbol_Signs_Recreational,ShowersDark_X03D25.png,Rectangle,2038,2038,1.0,0.9996,1.0,0.999,0.000977,0.002441,0.996094,0.997559
Symbol_Signs_Recreational,Showers_X03D31.png,Rectangle,2039,2040,0.9995,0.9842,1.0,0.997,0.000977,0.001953,0.996582,0.998047
Symbol_Signs_Recreational,SkateboardingDark_X03A29.png,Rectangle,2038,2038,1.0,0.9996,1.0,0.999,0.000977,0.002441,0.996094,0.997559
Symbol_Signs_Recreational,Skateboarding_X03A35.png,Rectangle,2039,2040,0.9995,0.9842,1.0,0.997,0.000977,0.001953,0.996582,0.998047
Symbol_Signs_Recreational,SkiJumpingDark_X03B03.png,Rectangle,2038,2038,1.0,0.9996,1.0,0.999,0.000977,0.002441,0.996094,0.997559
Symbol_Signs_Recreational,SkiJumping_X03B09.png,Rectangle,2039,2040,0.9995,0.9842,1.0,0.997,0.000977,0.001953,0.996582,0.998047
Symbol_Signs_Recreational,SkiLiftDark_X03B16.png,Rectangle,2039,2038,1.0005,0.9993,1.0,0.998,0.001953,0.001465,0.997559,0.996582
Symbol_Signs_Recreational,SkiLift_X03B21.png,Rectangle,2039,2040,0.9995,0.9843,1.0,0.997,0.004395,0.002441,1.0,0.998535
Symbol_Signs_Recreational,SleddingDark_X03B04.png,Rectangle,2039,2038,1.0005,0.9993,1.0,0.998,0.003906,0.000977,0.999512,0.996094
Symbol_Signs_Recreational,Sledding_X03B10.png,Rectangle,2039,2040,0.9995,0.9844,1.0,0.998,0.004395,0.000977,1.0,0.99707
Symbol_Signs_Recreational,SmokingDark_X03E18.png,Rectangle,2038,2038,1.0,0.9997,1.0,0.999,0.0,0.003418,0.995117,0.998535
Symbol_Signs_Recreational,Smoking_X03E24.png,Rectangle,2028,2028,1.0,0.9846,1.0,0.998,0.004883,0.003418,0.995117,0.993652
Symbol_Signs_Recreational,SnackBarDark_X03F28.png,Rectangle,2038,2038,1.0,0.9996,1.0,0.999,0.000977,0.002441,0.996094,0.997559
Symbol_Signs_Recreational,SnackBar_X03F34.png,Rectangle,2039,2040,0.9995,0.9843,1.0,0.997,0.000977,0.00293,0.996582,0.999023
Symbol_Signs_Recreational,SnowboardingDark_X03B17.png,Rectangle,2039,2039,1.0,0.9988,1.0,0.996,0.000488,0.001465,0.996094,0.99707
Symbol_Signs_Recreational,Snowboarding_X03B22.png,Rectangle,2039,2039,1.0,0.9848,1.0,0.999,0.0,0.002441,0.995605,0.998047
Symbol_Signs_Recreational,SnowflakeDark_X03B13.png,Rectangle,2038,2038,1.0,0.9996,1.0,0.999,0.000977,0.002441,0.996094,0.997559
Symbol_Signs_Recreational,Snowflake_X03B18.png,Rectangle,2039,2040,0.9995,0.9842,1.0,0.997,0.00293,0.001953,0.998535,0.998047
Symbol_Signs_Recreational,SnowmobilingDark_X03B06.png,Rectangle,2028,2028,1.0,0.9986,1.0,0.995,0.004883,0.004883,0.995117,0.995117
Symbol_Signs_Recreational,Snowmobiling_X03B12.png,Rectangle,2039,2040,0.9995,0.9842,1.0,0.997,0.00293,0.001953,0.998535,0.998047
Symbol_Signs_Recreational,SnowshoeingDark_X03B14.png,Rectangle,2038,2038,1.0,0.9996,1.0,0.999,0.000977,0.002441,0.996094,0.997559
Symbol_Signs_Recreational,Snowshoeing_X03B19.png,Rectangle,2039,2040,0.9995,0.9842,1.0,0.997,0.0,0.001953,0.995605,0.998047
Symbol_Signs_Recreational,StableDark_X03E02.png,Rectangle,2038,2038,1.0,0.9996,1.0,0.999,0.003418,0.000488,0.998535,0.995605
Symbol_Signs_Recreational,Stable_X03E08.png,Rectangle,2039,2040,0.9995,0.9842,1.0,0.997,0.000977,0.001953,0.996582,0.998047
Symbol_Signs_Recreational,StrollerDark_X03F30.png,Rectangle,2038,2038,1.0,0.9999,1.0,1.0,0.000977,0.002441,0.996094,0.997559
Symbol_Signs_Recreational,Stroller_X03F36.png,Rectangle,2039,2040,0.9995,0.9842,1.0,0.997,0.000977,0.001953,0.996582,0.998047
Symbol_Signs_Recreational,SurfingDark_X03C02.png,Rectangle,2038,2038,1.0,0.9996,1.0,0.999,0.000977,0.002441,0.996094,0.997559
Symbol_Signs_Recreational,Surfing_X03C08.png,Rectangle,2039,2040,0.9995,0.9842,1.0,0.997,0.000977,0.001953,0.996582,0.998047
Symbol_Signs_Recreational,SwimmingDark_X03C03.png,Rectangle,2038,2038,1.0,0.9996,1.0,0.999,0.000977,0.002441,0.996094,0.997559
Symbol_Signs_Recreational,Swimming_X03C09.png,Rectangle,2028,2028,1.0,0.9845,1.0,0.998,0.006348,0.004395,0.996582,0.994629
Symbol_Signs_Recreational,TelephoneDark_X03D06.png,Rectangle,2038,2038,1.0,0.9996,1.0,0.999,0.000977,0.002441,0.996094,0.997559
Symbol_Signs_Recreational,Telephone_X03D12.png,Rectangle,2039,2040,0.9995,0.9842,1.0,0.997,0.000977,0.001953,0.996582,0.998047
Symbol_Signs_Recreational,TentCampingDark_X03G15.png,Rectangle,2027,2028,0.9995,0.999,1.0,0.997,0.005371,0.004883,0.995117,0.995117
Symbol_Signs_Recreational,TentCamping_X03G20.png,Rectangle,1932,1932,1.0,0.985,1.0,1.0,0.053223,0.02832,0.996582,0.97168
Symbol_Signs_Recreational,TourBoatDark_X03B24.png,Rectangle,2038,2038,1.0,0.9995,1.0,0.998,0.004395,0.004395,0.999512,0.999512
Symbol_Signs_Recreational,TourBoat_X03B30.png,Rectangle,2039,2040,0.9995,0.9842,1.0,0.997,0.000977,0.001953,0.996582,0.998047
Symbol_Signs_Recreational,TrailerCampingDark_X03G16.png,Rectangle,2038,2038,1.0,0.9996,1.0,0.999,0.000977,0.002441,0.996094,0.997559
Symbol_Signs_Recreational,TrailerCamping_X03G21.png,Rectangle,2039,2040,0.9995,0.9842,1.0,0.997,0.000977,0.001953,0.996582,0.998047
Symbol_Signs_Recreational,TruckDark_X03E20.png,Rectangle,2038,2038,1.0,0.9996,1.0,0.999,0.000977,0.002441,0.996094,0.997559
Symbol_Signs_Recreational,Truck_X03E26.png,Rectangle,2039,2040,0.9995,0.9842,1.0,0.997,0.000977,0.001953,0.996582,0.998047
Symbol_Signs_Recreational,TunnelDark_X03E21.png,Rectangle,2038,2038,1.0,0.9996,1.0,0.999,0.000977,0.002441,0.996094,0.997559
Symbol_Signs_Recreational,Tunnel_X03E27.png,Rectangle,2039,2040,0.9995,0.9842,1.0,0.997,0.000977,0.001953,0.996582,0.998047
Symbol_Signs_Recreational,ViewingShelterDark_X03E06.png,Rectangle,2038,2038,1.0,0.9999,1.0,1.0,0.000977,0.002441,0.996094,0.997559
Symbol_Signs_Recreational,ViewingShelter_X03E12.png,Rectangle,2039,2040,0.9995,0.9842,1.0,0.997,0.000977,0.001953,0.996582,0.998047
Symbol_Signs_Recreational,WaterSkiingDark_X03C01.png,Rectangle,2027,2028,0.9995,0.999,1.0,0.997,0.003906,0.004883,0.993652,0.995117
Symbol_Signs_Recreational,WaterSkiing_X03C07.png,Rectangle,2039,2040,0.9995,0.9842,1.0,0.997,0.000977,0.001953,0.996582,0.998047
Symbol_Signs_Recreational,WhaleViewingDark_X03C25.png,Rectangle,2038,2038,1.0,0.9996,1.0,0.999,0.000977,0.002441,0.996094,0.997559
Symbol_Signs_Recreational,WhaleViewing_X03C28.png,Rectangle,2039,2040,0.9995,0.9842,1.0,0.997,0.0,0.001953,0.995605,0.998047
Symbol_Signs_Recreational,WindsurfingDark_X03C26.png,Rectangle,2038,2038,1.0,0.9996,1.0,0.999,0.000977,0.002441,0.996094,0.997559
Symbol_Signs_Recreational,Windsurfing_X03C29.png,Rectangle,2039,2040,0.9995,0.9842,1.0,0.997,0.0,0.001953,0.995605,0.998047
Symbol_Signs_Recreational,WoodcuttingDark_X03E14.png,Rectangle,2039,2039,1.0,0.9988,1.0,0.996,0.000488,0.000488,0.996094,0.996094
Symbol_Signs_Recreational,Woodcutting_X03E16.png,Rectangle,2039,2040,0.9995,0.9842,1.0,0.997,0.000977,0.001953,0.996582,0.998047
Symbol_Signs_Transportation_01,AccessibleCircle_X04B34.png,Circle,2029,2029,1.0,0.7844,0.002,0.984,0.006348,0.004883,0.99707,0.995605
Symbol_Signs_Transportation_01,Accessible_X04B29.png,Rectangle,2042,2032,1.0049,0.9882,1.0,0.998,0.001465,0.002441,0.998535,0.994629
Symbol_Signs_Transportation_01,Accessible_X04E17.png,Rectangle,2043,2032,1.0054,0.9879,1.0,0.997,0.000488,0.005371,0.998047,0.997559
Symbol_Signs_Transportation_01,AirTransportationCircle_X04B22.png,Circle,2028,2028,1.0,0.7847,0.002,0.985,0.006348,0.004883,0.996582,0.995117
Symbol_Signs_Transportation_01,AirTransportation_X04B16.png,Rectangle,2029,2028,1.0005,0.9881,1.0,0.998,0.002441,0.004883,0.993164,0.995117
Symbol_Signs_Transportation_01,ArrivingFlightsCircle_X04C28.png,Circle,2028,2028,1.0,0.7847,0.002,0.985,0.006348,0.004883,0.996582,0.995117
Symbol_Signs_Transportation_01,ArrivingFlights_X04C22.png,Rectangle,2028,2028,1.0,0.9885,1.0,1.0,0.005371,0.004883,0.995605,0.995117
Symbol_Signs_Transportation_01,ArrowDownLeft_X04D27.png,Triangle,2033,2034,0.9995,0.5839,0.256,0.499,0.003906,0.00293,0.996582,0.996094
Symbol_Signs_Transportation_01,ArrowDownRight_X04D28.png,Triangle,2033,2034,0.9995,0.5839,0.256,0.498,0.001953,0.003418,0.994629,0.996582
Symbol_Signs_Transportation_01,ArrowDown_X04D24.png,Pictogram,1708,2038,0.8381,0.4304,0.0,0.909,0.084473,0.002441,0.918457,0.997559
Symbol_Signs_Transportation_01,ArrowLeft_X04D26.png,Pictogram,2039,1708,1.1938,0.4304,0.0,0.905,0.000977,0.083008,0.996582,0.916992
Symbol_Signs_Transportation_01,ArrowRight_X04D25.png,Pictogram,2038,1708,1.1932,0.4305,0.0,0.909,0.0,0.083008,0.995117,0.916992
Symbol_Signs_Transportation_01,ArrowUpLeft_X04D29.png,Triangle,2033,2034,0.9995,0.5838,0.256,0.499,0.001953,0.003418,0.994629,0.996582
Symbol_Signs_Transportation_01,ArrowUpRight_X04D30.png,Triangle,2033,2034,0.9995,0.5839,0.256,0.498,0.001953,0.003418,0.994629,0.996582
Symbol_Signs_Transportation_01,ArrowUp_X04D23.png,Pictogram,1708,2038,0.8381,0.4304,0.0,0.906,0.084473,0.002441,0.918457,0.997559
Symbol_Signs_Transportation_01,BabyChanging_X04E25.png,Rectangle,2040,2040,1.0,0.9877,1.0,0.997,0.000488,0.001953,0.996582,0.998047
Symbol_Signs_Transportation_01,BaggageCartCircle_X04A34.png,Circle,2028,2028,1.0,0.7847,0.002,0.985,0.006348,0.004883,0.996582,0.995117
Symbol_Signs_Transportation_01,BaggageCart_X04A29.png,Rectangle,2029,2028,1.0005,0.9881,1.0,0.998,0.004395,0.004883,0.995117,0.995117
Symbol_Signs_Transportation_01,BaggageCircle_X04C24.png,Circle,2028,2028,1.0,0.7847,0.002,0.985,0.006348,0.004883,0.996582,0.995117
Symbol_Signs_Transportation_01,BaggageStorageCircle_X04A33.png,Circle,2028,2028,1.0,0.7847,0.002,0.985,0.007324,0.004883,0.997559,0.995117
Symbol_Signs_Transportation_01,BaggageStorage_X04A28.png,Rectangle,2028,2028,1.0,0.9885,1.0,1.0,0.003906,0.004883,0.994141,0.995117
Symbol_Signs_Transportation_01,Baggage_X04C18.png,Rectangle,2028,2028,1.0,0.9885,1.0,1.0,0.006348,0.004883,0.996582,0.995117
Symbol_Signs_Transportation_01,BarCircle_X04C10.png,Circle,2028,2028,1.0,0.7847,0.002,0.985,0.006348,0.004883,0.996582,0.995117
Symbol_Signs_Transportation_01,Bar_X04C04.png,Rectangle,2028,2028,1.0,0.9885,1.0,1.0,0.003906,0.004883,0.994141,0.995117
Symbol_Signs_Transportation_01,BarberBeautyCircle_X04C12.png,Circle,2028,2028,1.0,0.7847,0.002,0.985,0.006348,0.004883,0.996582,0.995117
Symbol_Signs_Transportation_01,BarberBeauty_X04C06.png,Rectangle,2028,2028,1.0,0.9885,1.0,1.0,0.006348,0.004883,0.996582,0.995117
Symbol_Signs_Transportation_01,BarberShopCircle_X04C15.png,Circle,2039,2039,1.0,0.7849,0.002,0.986,0.003906,0.00293,0.999512,0.998535
Symbol_Signs_Transportation_01,BarberShop_X04C13.png,Rectangle,2028,2028,1.0,0.9885,1.0,1.0,0.006348,0.004883,0.996582,0.995117
Symbol_Signs_Transportation_01,Battery_X04E32.png,Rectangle,2040,2040,1.0,0.9876,1.0,0.996,0.003418,0.00293,0.999512,0.999023
Symbol_Signs_Transportation_01,BeautySalonCircle_X04C16.png,Circle,2039,2039,1.0,0.7849,0.002,0.986,0.003418,0.004395,0.999023,1.0
Symbol_Signs_Transportation_01,BeautySalon_X04C14.png,Rectangle,2028,2028,1.0,0.9885,1.0,1.0,0.006348,0.004883,0.996582,0.995117
Symbol_Signs_Transportation_01,BeverageServiceMan_X04E07.png,Rectangle,2029,2028,1.0005,0.9882,1.0,0.998,0.006348,0.004883,0.99707,0.995117
Symbol_Signs_Transportation_01,BeverageServiceWoman_X04E08.png,Rectangle,2028,2028,1.0,0.9885,1.0,1.0,0.006836,0.004883,0.99707,0.995117
Symbol_Signs_Transportation_01,BeverageService_X04E09.png,Rectangle,2028,2028,1.0,0.9885,1.0,1.0,0.006348,0.004883,0.996582,0.995117
Symbol_Signs_Transportation_01,BusCircle_X04B30.png,Circle,2039,2039,1.0,0.7849,0.002,0.986,0.003418,0.001465,0.999023,0.99707
Symbol_Signs_Transportation_01,Bus_X04B25.png,Rectangle,2028,2028,1.0,0.9885,1.0,1.0,0.006348,0.004883,0.996582,0.995117
Symbol_Signs_Transportation_01,CarRentalCircle_X04C07.png,Circle,2028,2028,1.0,0.7847,0.002,0.985,0.003906,0.004883,0.994141,0.995117
Symbol_Signs_Transportation_01,CarRental_X04C01.png,Rectangle,2028,2028,1.0,0.9885,1.0,1.0,0.006348,0.004883,0.996582,0.995117
Symbol_Signs_Transportation_01,CashierCircle_X04A11.png,Circle,2038,2038,1.0,0.785,0.002,0.987,0.00293,0.001465,0.998047,0.996582
Symbol_Signs_Transportation_01,Cashier_X04A05.png,Rectangle,2028,2028,1.0,0.9885,1.0,1.0,0.006348,0.004883,0.996582,0.995117
Symbol_Signs_Transportation_01,CoatroomCircle_X04A31.png,Circle,2028,2028,1.0,0.7847,0.002,0.985,0.002441,0.004883,0.992676,0.995117
Symbol_Signs_Transportation_01,Coatroom_X04A26.png,Rectangle,2029,2028,1.0005,0.9881,1.0,0.998,0.00293,0.004883,0.993652,0.995117
Symbol_Signs_Transportation_01,CoffeeShopCircle_X04C09.png,Circle,2028,2028,1.0,0.7847,0.002,0.985,0.006348,0.004883,0.996582,0.995117
Symbol_Signs_Transportation_01,CoffeeShop_X04C03.png,Rectangle,2028,2028,1.0,0.9885,1.0,1.0,0.006348,0.004883,0.996582,0.995117
Symbol_Signs_Transportation_01,CurrencyExchangeCircle_X04A10.png,Circle,2038,2039,0.9995,0.7852,0.002,0.987,0.002441,0.003418,0.997559,0.999023
Symbol_Signs_Transportation_01,CurrencyExchange_X04A04.png,Rectangle,2028,2028,1.0,0.9885,1.0,1.0,0.006348,0.004883,0.996582,0.995117
Symbol_Signs_Transportation_01,CustomsCircle_X04C25.png,Circle,2039,2039,1.0,0.7849,0.002,0.986,0.003418,0.003906,0.999023,0.999512
Symbol_Signs_Transportation_01,Customs_X04C19.png,Rectangle,2028,2028,1.0,0.9885,1.0,1.0,0.006348,0.004883,0.996582,0.995117
Symbol_Signs_Transportation_01,DepartingFlightsCircle_X04C27.png,Circle,2039,2039,1.0,0.7849,0.002,0.986,0.000488,0.001465,0.996094,0.99707
Symbol_Signs_Transportation_01,DepartingFlights_X04C21.png,Rectangle,2028,2028,1.0,0.9885,1.0,1.0,0.006348,0.004883,0.996582,0.995117
Symbol_Signs_Transportation_01,DrinkingFountainCircle_X04B12.png,Circle,2028,2028,1.0,0.7847,0.002,0.985,0.006348,0.004883,0.996582,0.995117
Symbol_Signs_Transportation_01,DrinkingFountain_X04B06.png,Rectangle,2028,2028,1.0,0.9885,1.0,1.0,0.006348,0.004883,0.996582,0.995117
Symbol_Signs_Transportation_01,ElevatorCircle_X04B10.png,Circle,2028,2028,1.0,0.7847,0.002,0.985,0.006348,0.004883,0.996582,0.995117
Symbol_Signs_Transportation_01,Elevator_X04B04.png,Rectangle,2028,2028,1.0,0.9885,1.0,1.0,0.004883,0.005859,0.995117,0.996094
Symbol_Signs_Transportation_01,EscalatorCircle_X04A22.png,Circle,2028,2028,1.0,0.7847,0.002,0.985,0.006348,0.004883,0.996582,0.995117
Symbol_Signs_Transportation_01,EscalatorDownCircle_X04A24.png,Circle,2028,2028,1.0,0.7847,0.002,0.985,0.006348,0.004883,0.996582,0.995117
Symbol_Signs_Transportation_01,EscalatorDown_X04A18.png,Rectangle,2028,2029,0.9995,0.988,1.0,0.998,0.00293,0.004395,0.993164,0.995117
Symbol_Signs_Transportation_01,EscalatorUpCircle_X04A23.png,Circle,2028,2028,1.0,0.7847,0.002,0.985,0.006348,0.004883,0.996582,0.995117
Symbol_Signs_Transportation_01,EscalatorUp_X04A17.png,Rectangle,2040,2039,1.0005,0.9881,1.0,0.998,0.001465,0.001465,0.997559,0.99707
Symbol_Signs_Transportation_01,Escalator_X04A16.png,Rectangle,2028,2028,1.0,0.9885,1.0,1.0,0.004395,0.004883,0.994629,0.995117
Symbol_Signs_Transportation_01,FastenSeatBelt_X04E12.png,Rectangle,2039,887,2.2988,0.9986,1.0,0.995,0.003418,0.283203,0.999023,0.716309
Symbol_Signs_Transportation_01,FireExtinguisherCircle_X04D21.png,Circle,2028,2028,1.0,0.7847,0.002,0.985,0.006348,0.004883,0.996582,0.995117
Symbol_Signs_Transportation_01,FireExtinguisher_X04D16.png,Rectangle,2028,2028,1.0,0.9885,1.0,1.0,0.006348,0.004883,0.996582,0.995117
Symbol_Signs_Transportation_01,FireExtinguisher_X04E27.png,Rectangle,2028,2028,1.0,0.9885,1.0,1.0,0.006348,0.004883,0.996582,0.995117
Symbol_Signs_Transportation_01,FirstAidCircle_X04A12.png,Circle,2028,2028,1.0,0.7847,0.002,0.985,0.006348,0.004883,0.996582,0.995117
Symbol_Signs_Transportation_01,FirstAid_X04A06.png,Rectangle,2028,2028,1.0,0.9885,1.0,1.0,0.006348,0.004883,0.996582,0.995117
Symbol_Signs_Transportation_01,FirstAid_X04E30.png,Rectangle,2028,2028,1.0,0.9885,1.0,1.0,0.006348,0.004883,0.996582,0.995117
Symbol_Signs_Transportation_01,Flashlight_X04E31.png,Rectangle,2028,2028,1.0,0.9885,1.0,1.0,0.006348,0.004883,0.996582,0.995117
Symbol_Signs_Transportation_01,GiftShopCircle_X04C11.png,Circle,2039,2038,1.0005,0.7852,0.002,0.988,0.0,0.0,0.995605,0.995117
Symbol_Signs_Transportation_01,GiftShop_X04C05.png,Rectangle,2028,2028,1.0,0.9885,1.0,1.0,0.006348,0.004883,0.996582,0.995117
Symbol_Signs_Transportation_01,GreenCircleOpenCircle_X04D20.png,Traced,2032,2000,1.016,0.6238,0.004,0.493,0.002441,0.011719,0.994629,0.988281
Symbol_Signs_Transportation_01,GreenCircleOpenPlate_X04E20.png,Rectangle,2035,2036,0.9995,0.9877,1.0,0.997,0.004395,0.00293,0.998047,0.99707
Symbol_Signs_Transportation_01,GreenCircleOpen_X04D15.png,Rectangle,2035,2036,0.9995,0.9877,1.0,0.997,0.004395,0.00293,0.998047,0.99707
Symbol_Signs_Transportation_01,GroundTransportationCircle_X04B31.png,Circle,2038,2038,1.0,0.7856,0.002,0.989,0.004883,0.003906,1.0,0.999023
Symbol_Signs_Transportation_01,GroundTransportation_X04B26.png,Rectangle,2028,2028,1.0,0.9885,1.0,1.0,0.006348,0.004883,0.996582,0.995117
Symbol_Signs_Transportation_01,HelicopterServiceCircle_X04B23.png,Circle,2028,2028,1.0,0.7847,0.002,0.985,0.006348,0.004883,0.996582,0.995117
Symbol_Signs_Transportation_01,HelicopterService_X04B17.png,Rectangle,2040,2040,1.0,0.9877,1.0,0.997,0.003418,0.002441,0.999512,0.998535
Symbol_Signs_Transportation_01,HotelInformationCircle_X04B21.png,Circle,2028,2028,1.0,0.7847,0.002,0.985,0.006348,0.004883,0.996582,0.995117
Symbol_Signs_Transportation_01,HotelInformation_X04B15.png,Rectangle,2028,2028,1.0,0.9885,1.0,1.0,0.005859,0.004883,0.996094,0.995117
Symbol_Signs_Transportation_01,ImmigrationCircle_X04C26.png,Circle,2028,2028,1.0,0.7847,0.002,0.985,0.006348,0.004883,0.996582,0.995117
Symbol_Signs_Transportation_01,Immigration_X04C20.png,Rectangle,2028,2028,1.0,0.9885,1.0,1.0,0.006348,0.004883,0.996582,0.995117
Symbol_Signs_Transportation_01,InformationCircle_X04B20.png,Circle,2028,2028,1.0,0.785,0.002,0.987,0.006348,0.004883,0.996582,0.995117
Symbol_Signs_Transportation_01,Information_X04B14.png,Rectangle,2040,2040,1.0,0.9877,1.0,0.997,0.001953,0.0,0.998047,0.996094
Symbol_Signs_Transportation_01,LifeRaft_X04E28.png,Rectangle,2028,2028,1.0,0.9885,1.0,1.0,0.006348,0.004883,0.996582,0.995117
Symbol_Signs_Transportation_01,LightBulb_X04E34.png,Rectangle,2028,2028,1.0,0.9885,1.0,1.0,0.006348,0.004883,0.996582,0.995117
Symbol_Signs_Transportation_01,LitterCircle_X04D22.png,Circle,2028,2028,1.0,0.7847,0.002,0.985,0.006348,0.004883,0.996582,0.995117
Symbol_Signs_Transportation_01,Litter_X04D17.png,Rectangle,2028,2028,1.0,0.9885,1.0,1.0,0.006348,0.004883,0.996582,0.995117
Symbol_Signs_Transportation_01,Litter_X04E21.png,Rectangle,2028,2028,1.0,0.9885,1.0,1.0,0.006348,0.004883,0.996582,0.995117
Symbol_Signs_Transportation_01,LockerCircle_X04A32.png,Circle,2039,2039,1.0,0.7849,0.002,0.986,0.003418,0.000977,0.999023,0.996582
Symbol_Signs_Transportation_01,Locker_X04A27.png,Rectangle,2029,2028,1.0005,0.9881,1.0,0.998,0.006348,0.004883,0.99707,0.995117
Symbol_Signs_Transportation_01,LostAndFoundCircle_X04A30.png,Octagon,2043,1932,1.0575,0.7441,0.002,0.767,0.001465,0.02832,0.999023,0.97168
Symbol_Signs_Transportation_01,LostAndFound_X04A25.png,Rectangle,2028,2028,1.0,0.9885,1.0,1.0,0.006348,0.004883,0.996582,0.995117
Symbol_Signs_Transportation_01,MailCircle_X04A08.png,Circle,2039,2039,1.0,0.7849,0.002,0.986,0.000488,0.002441,0.996094,0.998047
Symbol_Signs_Transportation_01,Mail_X04A02.png,Rectangle,2040,2039,1.0005,0.9881,1.0,0.998,0.003418,0.001465,0.999512,0.99707
Symbol_Signs_Transportation_01,Megaphone_X04E35.png,Rectangle,2028,2028,1.0,0.9885,1.0,1.0,0.006348,0.004883,0.996582,0.995117
Symbol_Signs_Transportation_01,NoBaggage_X04E36.png,Rectangle,2028,2028,1.0,0.9885,1.0,1.0,0.006348,0.004883,0.996582,0.995117
Symbol_Signs_Transportation_01,NoEntryCircle_X04D19.png,Octagon,2034,2034,1.0,0.6456,0.002,0.994,0.004883,0.003418,0.998047,0.996582
Symbol_Signs_Transportation_01,NoEntryRound_X04E19.png,Rectangle,2035,2036,0.9995,0.9877,1.0,0.997,0.004395,0.00293,0.998047,0.99707
Symbol_Signs_Transportation_01,NoEntry_X04D14.png,Rectangle,2035,2036,0.9995,0.9877,1.0,0.997,0.004395,0.00293,0.998047,0.99707
Symbol_Signs_Transportation_01,NoLittering_X04D06.png,Rectangle,2040,2039,1.0005,0.988,1.0,0.998,0.003418,0.001465,0.999512,0.99707
Symbol_Signs_Transportation_01,NoLittering_X04E22.png,Rectangle,2028,2028,1.0,0.9885,1.0,1.0,0.006348,0.004883,0.996582,0.995117
Symbol_Signs_Transportation_01,NoParkingCircle_X04D10.png,Diamond,2028,2028,1.0,0.5022,0.002,0.978,0.006348,0.004883,0.996582,0.995117
Symbol_Signs_Transportation_01,NoParking_X04D04.png,Rectangle,2035,2036,0.9995,0.9877,1.0,0.997,0.004395,0.00293,0.998047,0.99707
Symbol_Signs_Transportation_01,NoPetsAltPlain_X04D12.png,Diamond,2034,2034,1.0,0.5352,0.002,0.978,0.002441,0.003418,0.995605,0.996582
Symbol_Signs_Transportation_01,NoPetsPlain_X04D11.png,Diamond,2037,2036,1.0005,0.508,0.002,0.979,0.002441,0.000977,0.99707,0.995117
Symbol_Signs_Transportation_01,NoPets_X04D05.png,Rectangle,2035,2036,0.9995,0.9877,1.0,0.997,0.004395,0.00293,0.998047,0.99707
Symbol_Signs_Transportation_01,NoSeating_X04E10.png,Rectangle,2040,2040,1.0,0.9876,1.0,0.996,0.00293,0.000488,0.999023,0.996582
Symbol_Signs_Transportation_01,NoSmokingAshtray_X04E05.png,Rectangle,2040,2040,1.0,0.9876,1.0,0.996,0.000977,0.002441,0.99707,0.998535
Symbol_Signs_Transportation_01,NoSmokingBanner_X04E04.png,Traced,2039,1803,1.1309,0.9452,1.0,0.668,0.000977,0.059082,0.996582,0.939453
Symbol_Signs_Transportation_01,NoSmokingCircle_X04D08.png,Diamond,2028,2028,1.0,0.463,0.002,0.98,0.006836,0.004883,0.99707,0.995117
Symbol_Signs_Transportation_01,NoSmoking_X04D02.png,Rectangle,2035,2036,0.9995,0.9877,1.0,0.997,0.004395,0.00293,0.998047,0.99707
Symbol_Signs_Transportation_01,NoSmoking_X04E02.png,Rectangle,2036,2035,1.0005,0.9877,1.0,0.997,0.000977,0.00293,0.995117,0.996582
Symbol_Signs_Transportation_01,NurseryCircle_X04B11.png,Circle,2028,2028,1.0,0.7847,0.002,0.985,0.006348,0.004883,0.996582,0.995117
Symbol_Signs_Transportation_01,Nursery_X04B05.png,Rectangle,2028,2028,1.0,0.9885,1.0,1.0,0.006348,0.004883,0.996582,0.995117
Symbol_Signs_Transportation_01,OxygenCylinder_X04E29.png,Rectangle,2028,2028,1.0,0.9885,1.0,1.0,0.006348,0.004883,0.996582,0.995117
Symbol_Signs_Transportation_01,ParkingCircle_X04D09.png,Circle,2028,2028,1.0,0.7847,0.002,0.985,0.006348,0.004883,0.996582,0.995117
Symbol_Signs_Transportation_01,Parking_X04D03.png,Rectangle,2028,2028,1.0,0.9886,1.0,1.0,0.005371,0.004883,0.995605,0.995117
Symbol_Signs_Transportation_01,PorterCircle_X04C30.png,Circle,2028,2028,1.0,0.7847,0.002,0.985,0.006348,0.004883,0.996582,0.995117
Symbol_Signs_Transportation_01,Porter_X04C29.png,Rectangle,2028,2028,1.0,0.9885,1.0,1.0,0.006348,0.004883,0.996582,0.995117
Symbol_Signs_Transportation_01,PowerOutlet_X04E37.png,Rectangle,2028,2028,1.0,0.9885,1.0,1.0,0.006348,0.004883,0.996582,0.995117
Symbol_Signs_Transportation_01,ProhibitionBlankCircle_X04D18.png,Pictogram,2036,2036,1.0,0.3927,0.002,0.98,0.004883,0.004883,0.999023,0.999023
Symbol_Signs_Transportation_01,ProhibitionBlank_X04D13.png,Rectangle,2040,2040,1.0,0.9877,1.0,0.997,0.003906,0.0,1.0,0.996094
Symbol_Signs_Transportation_01,RailTransportationCircle_X04B32.png,Circle,2028,2028,1.0,0.7847,0.002,0.985,0.006348,0.004883,0.996582,0.995117
Symbol_Signs_Transportation_01,RailTransportation_X04B27.png,Rectangle,2028,2028,1.0,0.9885,1.0,1.0,0.006348,0.004883,0.996582,0.995117
Symbol_Signs_Transportation_01,RazorBladeDisposal_X04E24.png,Rectangle,2028,2028,1.0,0.9885,1.0,1.0,0.006348,0.004883,0.996582,0.995117
Symbol_Signs_Transportation_01,RestaurantCircle_X04C08.png,Circle,2028,2028,1.0,0.7847,0.002,0.985,0.006348,0.004883,0.996582,0.995117
Symbol_Signs_Transportation_01,Restaurant_X04C02.png,Rectangle,2028,2028,1.0,0.9885,1.0,1.0,0.006348,0.004883,0.996582,0.995117
Symbol_Signs_Transportation_01,RestroomMenCircle_X04B07.png,Circle,2039,2039,1.0,0.7849,0.002,0.986,0.003418,0.001953,0.999023,0.997559
Symbol_Signs_Transportation_01,RestroomMen_X04B01.png,Rectangle,2029,2028,1.0005,0.9882,1.0,0.998,0.003418,0.004883,0.994141,0.995117
Symbol_Signs_Transportation_01,RestroomWomenCircle_X04B08.png,Circle,2038,2039,0.9995,0.7852,0.002,0.988,0.000977,0.000488,0.996094,0.996094
Symbol_Signs_Transportation_01,RestroomWomen_X04B02.png,Rectangle,2028,2028,1.0,0.9886,1.0,1.0,0.005371,0.004883,0.995605,0.995117
Symbol_Signs_Transportation_01,RestroomsCircle_X04B09.png,Circle,2028,2028,1.0,0.7848,0.002,0.985,0.004395,0.004883,0.994629,0.995117
Symbol_Signs_Transportation_01,RestroomsProhibited_X04E16.png,Rectangle,2028,2028,1.0,0.9885,1.0,1.0,0.006348,0.004883,0.996582,0.995117
Symbol_Signs_Transportation_01,Restrooms_X04B03.png,Rectangle,2028,2028,1.0,0.9885,1.0,1.0,0.006348,0.004883,0.996582,0.995117
Symbol_Signs_Transportation_01,Restrooms_X04E15.png,Rectangle,2028,2028,1.0,0.9885,1.0,1.0,0.006348,0.004883,0.996582,0.995117
Symbol_Signs_Transportation_01,SanitaryFacilities_X04E23.png,Rectangle,2040,2040,1.0,0.9877,1.0,0.997,0.003418,0.003906,0.999512,1.0
Symbol_Signs_Transportation_01,SeatAssignment_X04E11.png,Rectangle,2028,2028,1.0,0.9885,1.0,1.0,0.006348,0.004883,0.996582,0.995117
Symbol_Signs_Transportation_01,SeatRowSign35_X04E13.png,Traced,2036,1209,1.684,0.7414,1.0,0.505,0.004395,0.204102,0.998535,0.794434
Symbol_Signs_Transportation_01,SeatRowSign5_X04E14.png,Traced,2036,1198,1.6995,0.7485,1.0,0.505,0.004395,0.208496,0.998535,0.793457
Symbol_Signs_Transportation_01,SecureAreaArrow_X04E18.png,Rectangle,2028,2028,1.0,0.9885,1.0,1.0,0.006348,0.004883,0.996582,0.995117
Symbol_Signs_Transportation_01,SmokingArea_X04E03.png,Rectangle,2029,2028,1.0005,0.9881,1.0,0.998,0.005371,0.004883,0.996094,0.995117
Symbol_Signs_Transportation_01,SmokingBanner_X04E06.png,Rectangle,2034,906,2.245,0.9981,1.0,0.994,0.004883,0.278809,0.998047,0.721191
Symbol_Signs_Transportation_01,SmokingCircle_X04D07.png,Circle,2028,2028,1.0,0.7847,0.002,0.985,0.006348,0.004883,0.996582,0.995117
Symbol_Signs_Transportation_01,Smoking_X04D01.png,Rectangle,2028,2028,1.0,0.9885,1.0,1.0,0.006348,0.004883,0.996582,0.995117
Symbol_Signs_Transportation_01,Smoking_X04E01.png,Rectangle,2029,2028,1.0005,0.9881,1.0,0.998,0.005371,0.004883,0.996094,0.995117
Symbol_Signs_Transportation_01,StairsCircle_X04A19.png,Circle,2028,2028,1.0,0.7847,0.002,0.985,0.006348,0.004883,0.996582,0.995117
Symbol_Signs_Transportation_01,StairsDownCircle_X04A21.png,Circle,2028,2028,1.0,0.7847,0.002,0.985,0.006348,0.004883,0.996582,0.995117
Symbol_Signs_Transportation_01,StairsDown_X04A15.png,Rectangle,2040,2040,1.0,0.9875,1.0,0.996,0.000488,0.0,0.996582,0.996094
Symbol_Signs_Transportation_01,StairsUpCircle_X04A20.png,Circle,1855,1856,0.9995,0.7849,0.002,0.986,0.036621,0.092773,0.942383,0.999023
Symbol_Signs_Transportation_01,StairsUp_X04A14.png,Rectangle,2039,2040,0.9995,0.988,1.0,0.998,0.004395,0.0,1.0,0.996094
Symbol_Signs_Transportation_01,Stairs_X04A13.png,Rectangle,2040,2040,1.0,0.9876,1.0,0.996,0.000488,0.0,0.996582,0.996094
Symbol_Signs_Transportation_01,TaxiCircle_X04B24.png,Circle,2028,2028,1.0,0.7847,0.002,0.985,0.006348,0.004883,0.996582,0.995117
Symbol_Signs_Transportation_01,Taxi_X04B18.png,Rectangle,2028,2028,1.0,0.9885,1.0,1.0,0.005859,0.004883,0.996094,0.995117
Symbol_Signs_Transportation_01,TelegraphCircle_X04A09.png,Circle,2039,2039,1.0,0.7849,0.002,0.986,0.003418,0.001465,0.999023,0.99707
Symbol_Signs_Transportation_01,Telegraph_X04A03.png,Rectangle,2029,2028,1.0005,0.9881,1.0,0.998,0.005371,0.004883,0.996094,0.995117
Symbol_Signs_Transportation_01,TelephoneCircle_X04A07.png,Circle,2028,2028,1.0,0.7847,0.002,0.985,0.006348,0.004883,0.996582,0.995117
Symbol_Signs_Transportation_01,Telephone_X04A01.png,Rectangle,2028,2028,1.0,0.9885,1.0,1.0,0.00293,0.004883,0.993164,0.995117
Symbol_Signs_Transportation_01,TicketPurchaseCircle_X04C23.png,Circle,2039,2038,1.0005,0.7852,0.002,0.987,0.004395,0.000977,1.0,0.996094
Symbol_Signs_Transportation_01,TicketPurchase_X04C17.png,Rectangle,2028,2028,1.0,0.9885,1.0,1.0,0.006348,0.004883,0.996582,0.995117
Symbol_Signs_Transportation_01,ToiletTissue_X04E26.png,Rectangle,2039,2040,0.9995,0.9881,1.0,0.998,0.001465,0.001953,0.99707,0.998047
Symbol_Signs_Transportation_01,WaitingRoomCircle_X04B19.png,Circle,2039,2039,1.0,0.7849,0.002,0.986,0.001465,0.00293,0.99707,0.998535
Symbol_Signs_Transportation_01,WaitingRoom_X04B13.png,Rectangle,2040,2039,1.0005,0.988,1.0,0.998,0.000977,0.001465,0.99707,0.99707
Symbol_Signs_Transportation_01,WasteContainer_X04E33.png,Rectangle,2040,2039,1.0005,0.9882,1.0,0.998,0.003418,0.000488,0.999512,0.996094
Symbol_Signs_Transportation_01,WaterTransportationCircle_X04B33.png,Circle,2028,2028,1.0,0.7847,0.002,0.985,0.006348,0.004883,0.996582,0.995117
Symbol_Signs_Transportation_01,WaterTransportation_X04B28.png,Rectangle,2028,2028,1.0,0.9885,1.0,1.0,0.006348,0.004883,0.996582,0.995117
Symbol_Signs_Transportation_02,AccessibleDark_X05A03.png,Rectangle,2038,2038,1.0,0.9817,1.0,0.997,0.000977,0.002441,0.996094,0.997559
Symbol_Signs_Transportation_02,AccessibleRampDark_X05B26.png,Rectangle,2038,2038,1.0,0.9817,1.0,0.997,0.000977,0.002441,0.996094,0.997559
Symbol_Signs_Transportation_02,AccessibleRamp_X05B32.png,Rectangle,2038,2038,1.0,0.9812,1.0,0.997,0.003906,0.002441,0.999023,0.997559
Symbol_Signs_Transportation_02,Accessible_X05A09.png,Rectangle,2038,2038,1.0,0.9812,1.0,0.997,0.003906,0.002441,0.999023,0.997559
Symbol_Signs_Transportation_02,ArrowRight_X05C17.png,Pictogram,2030,1522,1.3338,0.4317,0.0,0.914,0.00293,0.128418,0.994141,0.871582
Symbol_Signs_Transportation_02,ArrowUTurnDown_X05C19.png,Triangle,1971,2038,0.9671,0.464,0.249,0.599,0.020508,0.002441,0.98291,0.997559
Symbol_Signs_Transportation_02,ArrowUpRight_X05C18.png,Triangle,2031,2028,1.0015,0.5454,0.315,0.495,0.006348,0.004883,0.998047,0.995117
Symbol_Signs_Transportation_02,BicycleDark_X05B14.png,Rectangle,2038,2038,1.0,0.9817,1.0,0.997,0.000977,0.002441,0.996094,0.997559
Symbol_Signs_Transportation_02,Bicycle_X05B20.png,Rectangle,2037,2038,0.9995,0.9817,1.0,0.998,0.004395,0.002441,0.999023,0.997559
Symbol_Signs_Transportation_02,BusDark_X05B05.png,Rectangle,2038,2038,1.0,0.9817,1.0,0.997,0.000977,0.002441,0.996094,0.997559
Symbol_Signs_Transportation_02,BusStopDark_X05C03.png,Rectangle,2038,2038,1.0,0.9817,1.0,0.997,0.000977,0.002441,0.996094,0.997559
Symbol_Signs_Transportation_02,BusStop_X05C06.png,Rectangle,2038,2038,1.0,0.9812,1.0,0.997,0.003906,0.002441,0.999023,0.997559
Symbol_Signs_Transportation_02,Bus_X05B11.png,Rectangle,2038,2038,1.0,0.9812,1.0,0.997,0.003906,0.002441,0.999023,0.997559
Symbol_Signs_Transportation_02,CarFerryDark_X05B06.png,Rectangle,2038,2037,1.0005,0.9822,1.0,0.998,0.004395,0.004395,0.999512,0.999023
Symbol_Signs_Transportation_02,CarFerry_X05B12.png,Rectangle,2038,2038,1.0,0.9812,1.0,0.997,0.002441,0.002441,0.997559,0.997559
Symbol_Signs_Transportation_02,CarRentalDark_X05B13.png,Rectangle,2038,2038,1.0,0.9817,1.0,0.997,0.000977,0.002441,0.996094,0.997559
Symbol_Signs_Transportation_02,CarRental_X05B19.png,Rectangle,2038,2038,1.0,0.9812,1.0,0.997,0.003906,0.002441,0.999023,0.997559
Symbol_Signs_Transportation_02,DangerElectrical_X05C14.png,Traced,1777,2039,0.8715,0.6885,0.5,0.487,0.067383,0.001465,0.935059,0.99707
Symbol_Signs_Transportation_02,DangerFlammable_X05C15.png,Traced,1786,2048,0.8721,0.6884,0.5,0.487,0.063477,0.0,0.935547,1.0
Symbol_Signs_Transportation_02,DrinkingFountainDark_X05A17.png,Rectangle,2037,2038,0.9995,0.9822,1.0,0.998,0.001953,0.00293,0.996582,0.998047
Symbol_Signs_Transportation_02,DrinkingFountain_X05A23.png,Rectangle,2037,2038,0.9995,0.9817,1.0,0.998,0.001953,0.002441,0.996582,0.997559
Symbol_Signs_Transportation_02,ElevatorAccessibleDark_X05A13.png,Rectangle,2038,2038,1.0,0.9816,1.0,0.996,0.000977,0.004395,0.996094,0.999512
Symbol_Signs_Transportation_02,ElevatorAccessible_X05A19.png,Rectangle,2038,2037,1.0005,0.9817,1.0,0.998,0.003906,0.003418,0.999023,0.998047
Symbol_Signs_Transportation_02,EmergencyPhoneDark_X05C01.png,Rectangle,2038,2038,1.0,0.9817,1.0,0.997,0.000977,0.002441,0.996094,0.997559
Symbol_Signs_Transportation_02,EmergencyPhone_X05C04.png,Rectangle,2038,2038,1.0,0.9812,1.0,0.997,0.003906,0.002441,0.999023,0.997559
Symbol_Signs_Transportation_02,EmergencyRefugeDark_X05B30.png,Rectangle,2038,2038,1.0,0.9817,1.0,0.997,0.000977,0.002441,0.996094,0.997559
Symbol_Signs_Transportation_02,EmergencyRefuge_X05B36.png,Rectangle,2038,2038,1.0,0.9812,1.0,0.997,0.004395,0.002441,0.999512,0.997559
Symbol_Signs_Transportation_02,EscalatorDark_X05A04.png,Rectangle,2037,2038,0.9995,0.9822,1.0,0.998,0.000488,0.002441,0.995117,0.997559
Symbol_Signs_Transportation_02,Escalator_X05A10.png,Rectangle,2038,2038,1.0,0.9812,1.0,0.997,0.003906,0.002441,0.999023,0.997559
Symbol_Signs_Transportation_02,ExitDark_X05A01.png,Rectangle,2038,2038,1.0,0.9817,1.0,0.997,0.003418,0.002441,0.998535,0.997559
Symbol_Signs_Transportation_02,Exit_X05A07.png,Rectangle,2038,2038,1.0,0.9812,1.0,0.997,0.003906,0.002441,0.999023,0.997559
Symbol_Signs_Transportation_02,FireExtinguisherDark_X05B03.png,Rectangle,2038,2038,1.0,0.9817,1.0,0.997,0.000977,0.002441,0.996094,0.997559
Symbol_Signs_Transportation_02,FireExtinguisher_X05B09.png,Rectangle,2038,2038,1.0,0.9812,1.0,0.997,0.003906,0.002441,0.999023,0.997559
Symbol_Signs_Transportation_02,FirstAidDark_X05A29.png,Rectangle,2038,2038,1.0,0.9817,1.0,0.997,0.000977,0.002441,0.996094,0.997559
Symbol_Signs_Transportation_02,FirstAid_X05A35.png,Rectangle,2038,2038,1.0,0.9812,1.0,0.997,0.003906,0.002441,0.999023,0.997559
Symbol_Signs_Transportation_02,HearingLoopDark_X05A28.png,Rectangle,2038,2038,1.0,0.9817,1.0,0.997,0.000488,0.002441,0.995605,0.997559
Symbol_Signs_Transportation_02,HearingLoop_X05A34.png,Rectangle,2038,2038,1.0,0.9812,1.0,0.997,0.0,0.004395,0.995117,0.999512
Symbol_Signs_Transportation_02,InformationDark_X05A02.png,Rectangle,2038,2038,1.0,0.9817,1.0,0.997,0.000977,0.002441,0.996094,0.997559
Symbol_Signs_Transportation_02,Information_X05A08.png,Rectangle,2038,2038,1.0,0.9812,1.0,0.997,0.003906,0.002441,0.999023,0.997559
Symbol_Signs_Transportation_02,LitterDark_X05A18.png,Rectangle,2037,2038,0.9995,0.9822,1.0,0.998,0.000977,0.002441,0.995605,0.997559
Symbol_Signs_Transportation_02,Litter_X05A24.png,Rectangle,2038,2038,1.0,0.9812,1.0,0.997,0.003906,0.002441,0.999023,0.997559
Symbol_Signs_Transportation_02,LockerDark_X05B01.png,Rectangle,2038,2038,1.0,0.9817,1.0,0.997,0.000977,0.002441,0.996094,0.997559
Symbol_Signs_Transportation_02,Locker_X05B07.png,Rectangle,2038,2038,1.0,0.9812,1.0,0.997,0.000977,0.002441,0.996094,0.997559
Symbol_Signs_Transportation_02,LostAndFoundDark_X05A30.png,Rectangle,2038,2038,1.0,0.9817,1.0,0.997,0.000977,0.002441,0.996094,0.997559
Symbol_Signs_Transportation_02,LostAndFound_X05A36.png,Rectangle,2038,2038,1.0,0.9812,1.0,0.997,0.000488,0.002441,0.995605,0.997559
Symbol_Signs_Transportation_02,MailDark_X05B17.png,Rectangle,2038,2038,1.0,0.9817,1.0,0.997,0.003906,0.004883,0.999023,1.0
Symbol_Signs_Transportation_02,Mail_X05B23.png,Rectangle,2037,2038,0.9995,0.9817,1.0,0.998,0.004395,0.004883,0.999023,1.0
Symbol_Signs_Transportation_02,MotorcycleDark_X05B15.png,Rectangle,2038,2037,1.0005,0.9822,1.0,0.998,0.002441,0.005371,0.997559,1.0
Symbol_Signs_Transportation_02,Motorcycle_X05B21.png,Rectangle,2038,2038,1.0,0.9812,1.0,0.997,0.003906,0.002441,0.999023,0.997559
Symbol_Signs_Transportation_02,NoDrinks_X05C10.png,Pictogram,2038,2038,1.0,0.3341,0.002,1.0,0.003418,0.002441,0.998535,0.997559
Symbol_Signs_Transportation_02,NoFoodOrDrink_X05C11.png,Pictogram,2038,2037,1.0005,0.4159,0.002,1.0,0.000488,0.001953,0.995605,0.996582
Symbol_Signs_Transportation_02,NoFood_X05C08.png,Pictogram,2038,2038,1.0,0.3908,0.002,1.0,0.002441,0.002441,0.997559,0.997559
Symbol_Signs_Transportation_02,NoLittering_X05C09.png,Pictogram,2048,2048,1.0,0.3523,0.002,1.0,0.0,0.0,1.0,1.0
Symbol_Signs_Transportation_02,NoRadio_X05C07.png,Pictogram,2038,2037,1.0005,0.4023,0.002,1.0,0.0,0.001953,0.995117,0.996582
Symbol_Signs_Transportation_02,NoSmoking_X05C12.png,Pictogram,2038,2038,1.0,0.349,0.002,1.0,0.000977,0.002441,0.996094,0.997559
Symbol_Signs_Transportation_02,ParkingDark_X05B16.png,Rectangle,2038,2038,1.0,0.9817,1.0,0.997,0.000977,0.002441,0.996094,0.997559
Symbol_Signs_Transportation_02,Parking_X05B22.png,Rectangle,2038,2038,1.0,0.9812,1.0,0.997,0.003906,0.002441,0.999023,0.997559
Symbol_Signs_Transportation_02,PassengerPickupDark_X05C02.png,Rectangle,2038,2038,1.0,0.9817,1.0,0.997,0.000977,0.002441,0.996094,0.997559
Symbol_Signs_Transportation_02,PassengerPickup_X05C05.png,Rectangle,2038,2038,1.0,0.9812,1.0,0.997,0.003906,0.002441,0.999023,0.997559
Symbol_Signs_Transportation_02,PedestrianWarning_X05C16.png,Triangle,2033,1806,1.1257,0.5977,0.5,0.483,0.003906,0.056641,0.996582,0.938477
Symbol_Signs_Transportation_02,PorterDark_X05B25.png,Rectangle,2038,2038,1.0,0.9817,1.0,0.997,0.000977,0.002441,0.996094,0.997559
Symbol_Signs_Transportation_02,Porter_X05B31.png,Rectangle,2038,2038,1.0,0.9812,1.0,0.997,0.003906,0.002441,0.999023,0.997559
Symbol_Signs_Transportation_02,RecyclingDark_X05B18.png,Rectangle,2038,2038,1.0,0.9818,1.0,0.997,0.002441,0.002441,0.997559,0.997559
Symbol_Signs_Transportation_02,Recycling_X05B24.png,Rectangle,2038,2038,1.0,0.9812,1.0,0.997,0.003906,0.002441,0.999023,0.997559
Symbol_Signs_Transportation_02,RestroomMenDark_X05A14.png,Rectangle,2038,2038,1.0,0.9817,1.0,0.997,0.000977,0.002441,0.996094,0.997559
Symbol_Signs_Transportation_02,RestroomMen_X05A20.png,Rectangle,2038,2038,1.0,0.9812,1.0,0.997,0.003906,0.002441,0.999023,0.997559
Symbol_Signs_Transportation_02,RestroomWomenDark_X05A15.png,Rectangle,2038,2038,1.0,0.9817,1.0,0.997,0.000977,0.002441,0.996094,0.997559
Symbol_Signs_Transportation_02,RestroomWomen_X05A21.png,Rectangle,2038,2038,1.0,0.9812,1.0,0.997,0.003906,0.002441,0.999023,0.997559
Symbol_Signs_Transportation_02,RestroomsDark_X05A16.png,Rectangle,2038,2038,1.0,0.9817,1.0,0.997,0.000977,0.002441,0.996094,0.997559
Symbol_Signs_Transportation_02,Restrooms_X05A22.png,Rectangle,2038,2038,1.0,0.9812,1.0,0.997,0.002441,0.002441,0.997559,0.997559
Symbol_Signs_Transportation_02,SmokingDark_X05B02.png,Rectangle,2038,2038,1.0,0.9817,1.0,0.997,0.000977,0.002441,0.996094,0.997559
Symbol_Signs_Transportation_02,Smoking_X05B08.png,Rectangle,2037,2038,0.9995,0.9817,1.0,0.998,0.001953,0.002441,0.996582,0.997559
Symbol_Signs_Transportation_02,StairsDownDark_X05A06.png,Rectangle,2038,2038,1.0,0.9817,1.0,0.997,0.000977,0.002441,0.996094,0.997559
Symbol_Signs_Transportation_02,StairsDown_X05A12.png,Rectangle,2038,2038,1.0,0.9812,1.0,0.997,0.003906,0.00293,0.999023,0.998047
Symbol_Signs_Transportation_02,StairsUpDark_X05A05.png,Rectangle,2038,2038,1.0,0.9817,1.0,0.997,0.000977,0.002441,0.996094,0.997559
Symbol_Signs_Transportation_02,StairsUp_X05A11.png,Rectangle,2038,2038,1.0,0.9812,1.0,0.997,0.003418,0.00293,0.998535,0.998047
Symbol_Signs_Transportation_02,SubwayDark_X05B29.png,Rectangle,2038,2038,1.0,0.9817,1.0,0.997,0.000977,0.002441,0.996094,0.997559
Symbol_Signs_Transportation_02,Subway_X05B35.png,Rectangle,2038,2038,1.0,0.9812,1.0,0.997,0.003906,0.002441,0.999023,0.997559
Symbol_Signs_Transportation_02,TaxiDark_X05B04.png,Rectangle,2037,2038,0.9995,0.9822,1.0,0.998,0.004395,0.003906,0.999023,0.999023
Symbol_Signs_Transportation_02,Taxi_X05B10.png,Rectangle,2038,2038,1.0,0.9812,1.0,0.997,0.003906,0.002441,0.999023,0.997559
Symbol_Signs_Transportation_02,TelephoneAmplifiedDark_X05A27.png,Rectangle,2038,2038,1.0,0.9817,1.0,0.997,0.000977,0.002441,0.996094,0.997559
Symbol_Signs_Transportation_02,TelephoneAmplified_X05A33.png,Rectangle,2038,2038,1.0,0.9812,1.0,0.997,0.003906,0.002441,0.999023,0.997559
Symbol_Signs_Transportation_02,TelephoneDark_X05A25.png,Rectangle,2038,2038,1.0,0.9817,1.0,0.997,0.000977,0.002441,0.996094,0.997559
Symbol_Signs_Transportation_02,Telephone_X05A31.png,Rectangle,2038,2038,1.0,0.9812,1.0,0.997,0.003906,0.002441,0.999023,0.997559
Symbol_Signs_Transportation_02,TextTelephoneDark_X05A26.png,Rectangle,2038,2038,1.0,0.9817,1.0,0.997,0.000977,0.002441,0.996094,0.997559
Symbol_Signs_Transportation_02,TextTelephone_X05A32.png,Rectangle,2038,2038,1.0,0.9812,1.0,0.997,0.004395,0.004883,0.999512,1.0
Symbol_Signs_Transportation_02,TrainDark_X05B28.png,Rectangle,2038,2038,1.0,0.9817,1.0,0.997,0.000977,0.002441,0.996094,0.997559
Symbol_Signs_Transportation_02,Train_X05B34.png,Rectangle,2038,2038,1.0,0.9812,1.0,0.997,0.003906,0.002441,0.999023,0.997559
Symbol_Signs_Transportation_02,TramDark_X05B27.png,Rectangle,2038,2038,1.0,0.9817,1.0,0.997,0.004883,0.002441,1.0,0.997559
Symbol_Signs_Transportation_02,Tram_X05B33.png,Rectangle,2038,2038,1.0,0.9812,1.0,0.997,0.003906,0.002441,0.999023,0.997559
Symbol_Signs_Transportation_02,WetFloorWarning_X05C13.png,Triangle,2035,1808,1.1256,0.5975,0.5,0.482,0.004883,0.058594,0.998535,0.941406
