folder,old_name,new_name,descriptive_name,code,set,confidence
Highway_Signs_US,X01A01.png,Stop_X01A01.png,Stop,X01A01,Highway_Signs_US,high
Highway_Signs_US,X01A02.png,Yield_X01A02.png,Yield,X01A02,Highway_Signs_US,high
Highway_Signs_US,X01A03.png,PlaqueFourWay_X01A03.png,PlaqueFourWay,X01A03,Highway_Signs_US,high
Highway_Signs_US,X01A04.png,PlaqueAllWay_X01A04.png,PlaqueAllWay,X01A04,Highway_Signs_US,high
Highway_Signs_US,X01A05.png,SpeedLimit10_X01A05.png,SpeedLimit10,X01A05,Highway_Signs_US,high
Highway_Signs_US,X01A06.png,SpeedLimit15_X01A06.png,SpeedLimit15,X01A06,Highway_Signs_US,high
Highway_Signs_US,X01A07.png,SpeedLimit20_X01A07.png,SpeedLimit20,X01A07,Highway_Signs_US,high
Highway_Signs_US,X01A08.png,SpeedLimit25_X01A08.png,SpeedLimit25,X01A08,Highway_Signs_US,high
Highway_Signs_US,X01A09.png,SpeedLimit30_X01A09.png,SpeedLimit30,X01A09,Highway_Signs_US,high
Highway_Signs_US,X01A10.png,SpeedLimit35_X01A10.png,SpeedLimit35,X01A10,Highway_Signs_US,high
Highway_Signs_US,X01A11.png,SpeedLimit40_X01A11.png,SpeedLimit40,X01A11,Highway_Signs_US,high
Highway_Signs_US,X01A12.png,SpeedLimit45_X01A12.png,SpeedLimit45,X01A12,Highway_Signs_US,high
Highway_Signs_US,X01A13.png,SpeedLimit50_X01A13.png,SpeedLimit50,X01A13,Highway_Signs_US,high
Highway_Signs_US,X01A14.png,SpeedLimit55_X01A14.png,SpeedLimit55,X01A14,Highway_Signs_US,high
Highway_Signs_US,X01A15.png,SpeedLimit60_X01A15.png,SpeedLimit60,X01A15,Highway_Signs_US,high
Highway_Signs_US,X01A16.png,SpeedLimit65_X01A16.png,SpeedLimit65,X01A16,Highway_Signs_US,high
Highway_Signs_US,X01A17.png,SpeedLimit50Minimum30_X01A17.png,SpeedLimit50Minimum30,X01A17,Highway_Signs_US,high
Highway_Signs_US,X01A18.png,ReducedSpeedAhead_X01A18.png,ReducedSpeedAhead,X01A18,Highway_Signs_US,high
Highway_Signs_US,X01A19.png,SpeedZoneAhead_X01A19.png,SpeedZoneAhead,X01A19,Highway_Signs_US,high
Highway_Signs_US,X01A20.png,NoRightTurn_X01A20.png,NoRightTurn,X01A20,Highway_Signs_US,high
Highway_Signs_US,X01A21.png,NoLeftTurn_X01A21.png,NoLeftTurn,X01A21,Highway_Signs_US,high
Highway_Signs_US,X01A22.png,NoTurns_X01A22.png,NoTurns,X01A22,Highway_Signs_US,high
Highway_Signs_US,X01A23.png,NoUTurn_X01A23.png,NoUTurn,X01A23,Highway_Signs_US,high
Highway_Signs_US,X01A24.png,LeftTurnOnly_X01A24.png,LeftTurnOnly,X01A24,Highway_Signs_US,high
Highway_Signs_US,X01A25.png,RightTurnOnly_X01A25.png,RightTurnOnly,X01A25,Highway_Signs_US,high
Highway_Signs_US,X01A26.png,LaneLeftOrThrough_X01A26.png,LaneLeftOrThrough,X01A26,Highway_Signs_US,high
Highway_Signs_US,X01A27.png,LaneRightOrThrough_X01A27.png,LaneRightOrThrough,X01A27,Highway_Signs_US,high
Highway_Signs_US,X01A28.png,LeftLaneMustTurnLeft_X01A28.png,LeftLaneMustTurnLeft,X01A28,Highway_Signs_US,high
Highway_Signs_US,X01A29.png,RightLaneMustTurnRight_X01A29.png,RightLaneMustTurnRight,X01A29,Highway_Signs_US,high
Highway_Signs_US,X01A30.png,CenterLaneTurnOnly_X01A30.png,CenterLaneTurnOnly,X01A30,Highway_Signs_US,high
Highway_Signs_US,X01A31.png,RestrictedLaneAhead_X01A31.png,RestrictedLaneAhead,X01A31,Highway_Signs_US,high
Highway_Signs_US,X01A32.png,RestrictedLaneEnds_X01A32.png,RestrictedLaneEnds,X01A32,Highway_Signs_US,high
Highway_Signs_US,X01A33.png,DoNotPass_X01A33.png,DoNotPass,X01A33,Highway_Signs_US,high
Highway_Signs_US,X01A34.png,PassWithCare_X01A34.png,PassWithCare,X01A34,Highway_Signs_US,high
Highway_Signs_US,X01A35.png,KeepLeftSymbol_X01A35.png,KeepLeftSymbol,X01A35,Highway_Signs_US,medium
Highway_Signs_US,X01A36.png,KeepRightSymbol_X01A36.png,KeepRightSymbol,X01A36,Highway_Signs_US,medium
Highway_Signs_US,X01B01.png,SlowerTrafficKeepRight_X01B01.png,SlowerTrafficKeepRight,X01B01,Highway_Signs_US,high
Highway_Signs_US,X01B02.png,KeepRight_X01B02.png,KeepRight,X01B02,Highway_Signs_US,high
Highway_Signs_US,X01B03.png,KeepLeft_X01B03.png,KeepLeft,X01B03,Highway_Signs_US,high
Highway_Signs_US,X01B04.png,DoNotEnter_X01B04.png,DoNotEnter,X01B04,Highway_Signs_US,high
Highway_Signs_US,X01B05.png,WrongWay_X01B05.png,WrongWay,X01B05,Highway_Signs_US,high
Highway_Signs_US,X01B06.png,NoTrucksSymbol_X01B06.png,NoTrucksSymbol,X01B06,Highway_Signs_US,high
Highway_Signs_US,X01B07.png,NoTrucksSign_X01B07.png,NoTrucksSign,X01B07,Highway_Signs_US,high
Highway_Signs_US,X01B08.png,NoMotorVehicles_X01B08.png,NoMotorVehicles,X01B08,Highway_Signs_US,high
Highway_Signs_US,X01B09.png,CommercialVehiclesExcluded_X01B09.png,CommercialVehiclesExcluded,X01B09,Highway_Signs_US,high
Highway_Signs_US,X01B10.png,NoBicycles_X01B10.png,NoBicycles,X01B10,Highway_Signs_US,high
Highway_Signs_US,X01B11.png,OneWayRight_X01B11.png,OneWayRight,X01B11,Highway_Signs_US,high
Highway_Signs_US,X01B12.png,OneWayLeft_X01B12.png,OneWayLeft,X01B12,Highway_Signs_US,high
Highway_Signs_US,X01B13.png,PedestriansProhibited_X01B13.png,PedestriansProhibited,X01B13,Highway_Signs_US,high
Highway_Signs_US,X01B14.png,OneWayLeftStacked_X01B14.png,OneWayLeftStacked,X01B14,Highway_Signs_US,high
Highway_Signs_US,X01B15.png,OneWayRightStacked_X01B15.png,OneWayRightStacked,X01B15,Highway_Signs_US,high
Highway_Signs_US,X01B16.png,NoParkingAnyTimeLeft_X01B16.png,NoParkingAnyTimeLeft,X01B16,Highway_Signs_US,high
Highway_Signs_US,X01B17.png,NoParkingAnyTimeRight_X01B17.png,NoParkingAnyTimeRight,X01B17,Highway_Signs_US,high
Highway_Signs_US,X01B18.png,NoParkingTimeRestrictedRight_X01B18.png,NoParkingTimeRestrictedRight,X01B18,Highway_Signs_US,high
Highway_Signs_US,X01B19.png,NoParkingExceptSundaysHolidays_X01B19.png,NoParkingExceptSundaysHolidays,X01B19,Highway_Signs_US,high
Highway_Signs_US,X01B20.png,NoStandingAnyTime_X01B20.png,NoStandingAnyTime,X01B20,Highway_Signs_US,high
Highway_Signs_US,X01B21.png,NoParkingLoadingZone_X01B21.png,NoParkingLoadingZone,X01B21,Highway_Signs_US,high
Highway_Signs_US,X01B22.png,ReservedParkingAccessible_X01B22.png,ReservedParkingAccessible,X01B22,Highway_Signs_US,high
Highway_Signs_US,X01B23.png,NoParkingBikeLane_X01B23.png,NoParkingBikeLane,X01B23,Highway_Signs_US,high
Highway_Signs_US,X01B24.png,NoParkingBusStop_X01B24.png,NoParkingBusStop,X01B24,Highway_Signs_US,high
Highway_Signs_US,X01B25.png,NoParkingSymbolTimeRestricted_X01B25.png,NoParkingSymbolTimeRestricted,X01B25,Highway_Signs_US,high
Highway_Signs_US,X01B26.png,NoParkingBusStopTransit_X01B26.png,NoParkingBusStopTransit,X01B26,Highway_Signs_US,medium
Highway_Signs_US,X01B27.png,TwoHourParking_X01B27.png,TwoHourParking,X01B27,Highway_Signs_US,high
Highway_Signs_US,X01B28.png,TowTruckSymbol_X01B28.png,TowTruckSymbol,X01B28,Highway_Signs_US,high
Highway_Signs_US,X01B29.png,TowAwayZone_X01B29.png,TowAwayZone,X01B29,Highway_Signs_US,high
Highway_Signs_US,X01B30.png,NoParkingText_X01B30.png,NoParkingText,X01B30,Highway_Signs_US,high
Highway_Signs_US,X01B31.png,NoParkingSymbol_X01B31.png,NoParkingSymbol,X01B31,Highway_Signs_US,high
Highway_Signs_US,X01B32.png,EmergencyParkingOnly_X01B32.png,EmergencyParkingOnly,X01B32,Highway_Signs_US,high
Highway_Signs_US,X01B33.png,DoNotStopOnTracks_X01B33.png,DoNotStopOnTracks,X01B33,Highway_Signs_US,high
Highway_Signs_US,X01B34.png,NoPedestrianCrossing_X01B34.png,NoPedestrianCrossing,X01B34,Highway_Signs_US,high
Highway_Signs_US,X01B35.png,NoPedestrians_X01B35.png,NoPedestrians,X01B35,Highway_Signs_US,high
Highway_Signs_US,X01B36.png,NoHitchhiking_X01B36.png,NoHitchhiking,X01B36,Highway_Signs_US,high
Highway_Signs_US,X01B37.png,NoHitchhikingSymbol_X01B37.png,NoHitchhikingSymbol,X01B37,Highway_Signs_US,high
Highway_Signs_US,X01B38.png,UseCrosswalk_X01B38.png,UseCrosswalk,X01B38,Highway_Signs_US,high
Highway_Signs_US,X01B39.png,YieldToPedestrians_X01B39.png,YieldToPedestrians,X01B39,Highway_Signs_US,high
Highway_Signs_US,X01B40.png,PushButtonForGreenLight_X01B40.png,PushButtonForGreenLight,X01B40,Highway_Signs_US,high
Highway_Signs_US,X01B41.png,CrossOnlyOnSignal_X01B41.png,CrossOnlyOnSignal,X01B41,Highway_Signs_US,high
Highway_Signs_US,X01B42.png,YieldToPedestriansInCrosswalk_X01B42.png,YieldToPedestriansInCrosswalk,X01B42,Highway_Signs_US,high
Highway_Signs_US,X01C01.png,StopHereOnRed_X01C01.png,StopHereOnRed,X01C01,Highway_Signs_US,high
Highway_Signs_US,X01C02.png,DoNotBlockIntersection_X01C02.png,DoNotBlockIntersection,X01C02,Highway_Signs_US,high
Highway_Signs_US,X01C03.png,LeftTurnSignal_X01C03.png,LeftTurnSignal,X01C03,Highway_Signs_US,high
Highway_Signs_US,X01C04.png,RightTurnSignal_X01C04.png,RightTurnSignal,X01C04,Highway_Signs_US,high
Highway_Signs_US,X01C05.png,NoTurnOnRed_X01C05.png,NoTurnOnRed,X01C05,Highway_Signs_US,high
Highway_Signs_US,X01C06.png,KeepOffMedian_X01C06.png,KeepOffMedian,X01C06,Highway_Signs_US,high
Highway_Signs_US,X01C07.png,RailroadCrossbuck_X01C07.png,RailroadCrossbuck,X01C07,Highway_Signs_US,high
Highway_Signs_US,X01C08.png,RoadClosed_X01C08.png,RoadClosed,X01C08,Highway_Signs_US,high
Highway_Signs_US,X01C09.png,RoadClosedToThruTraffic_X01C09.png,RoadClosedToThruTraffic,X01C09,Highway_Signs_US,high
Highway_Signs_US,X01C10.png,WeightLimit10Tons_X01C10.png,WeightLimit10Tons,X01C10,Highway_Signs_US,high
Highway_Signs_US,X01C11.png,WeightLimitByAxle_X01C11.png,WeightLimitByAxle,X01C11,Highway_Signs_US,high
Highway_Signs_US,X01C13.png,TruckRoute_X01C13.png,TruckRoute,X01C13,Highway_Signs_US,high
Highway_Signs_US,X01C14.png,CleanUpAfterYourDog_X01C14.png,CleanUpAfterYourDog,X01C14,Highway_Signs_US,high
Highway_Signs_US,X01C15.png,NoParkingStreetCleaning_X01C15.png,NoParkingStreetCleaning,X01C15,Highway_Signs_US,medium
Highway_Signs_US,X01C16.png,TurnRight_X01C16.png,TurnRight,X01C16,Highway_Signs_US,high
Highway_Signs_US,X01C17.png,TurnLeft_X01C17.png,TurnLeft,X01C17,Highway_Signs_US,high
Highway_Signs_US,X01C18.png,CurveRight_X01C18.png,CurveRight,X01C18,Highway_Signs_US,high
Highway_Signs_US,X01C19.png,CurveLeft_X01C19.png,CurveLeft,X01C19,Highway_Signs_US,high
Highway_Signs_US,X01C20.png,ReverseTurnRight_X01C20.png,ReverseTurnRight,X01C20,Highway_Signs_US,medium
Highway_Signs_US,X01C21.png,ReverseTurnLeft_X01C21.png,ReverseTurnLeft,X01C21,Highway_Signs_US,medium
Highway_Signs_US,X01C22.png,ReverseCurveRight_X01C22.png,ReverseCurveRight,X01C22,Highway_Signs_US,medium
Highway_Signs_US,X01C23.png,ReverseCurveLeft_X01C23.png,ReverseCurveLeft,X01C23,Highway_Signs_US,medium
Highway_Signs_US,X01C24.png,WindingRoadRight_X01C24.png,WindingRoadRight,X01C24,Highway_Signs_US,medium
Highway_Signs_US,X01C25.png,WindingRoadLeft_X01C25.png,WindingRoadLeft,X01C25,Highway_Signs_US,medium
Highway_Signs_US,X01C26.png,ArrowRight_X01C26.png,ArrowRight,X01C26,Highway_Signs_US,high
Highway_Signs_US,X01C27.png,ArrowLeft_X01C27.png,ArrowLeft,X01C27,Highway_Signs_US,high
Highway_Signs_US,X01C28.png,ArrowTwoWay_X01C28.png,ArrowTwoWay,X01C28,Highway_Signs_US,high
Highway_Signs_US,X01C29.png,ChevronRight_X01C29.png,ChevronRight,X01C29,Highway_Signs_US,high
Highway_Signs_US,X01C30.png,ChevronLeft_X01C30.png,ChevronLeft,X01C30,Highway_Signs_US,high
Highway_Signs_US,X01C31.png,CrossRoad_X01C31.png,CrossRoad,X01C31,Highway_Signs_US,high
Highway_Signs_US,X01C32.png,SideRoadRight_X01C32.png,SideRoadRight,X01C32,Highway_Signs_US,high
Highway_Signs_US,X01C33.png,SideRoadLeft_X01C33.png,SideRoadLeft,X01C33,Highway_Signs_US,high
Highway_Signs_US,X01D01.png,SideRoadAngleRight_X01D01.png,SideRoadAngleRight,X01D01,Highway_Signs_US,high
Highway_Signs_US,X01D02.png,SideRoadAngleLeft_X01D02.png,SideRoadAngleLeft,X01D02,Highway_Signs_US,high
Highway_Signs_US,X01D03.png,TIntersection_X01D03.png,TIntersection,X01D03,Highway_Signs_US,high
Highway_Signs_US,X01D04.png,YIntersection_X01D04.png,YIntersection,X01D04,Highway_Signs_US,high
Highway_Signs_US,X01D05.png,StopAhead_X01D05.png,StopAhead,X01D05,Highway_Signs_US,high
Highway_Signs_US,X01D06.png,SignalAhead_X01D06.png,SignalAhead,X01D06,Highway_Signs_US,high
Highway_Signs_US,X01D07.png,MergeRight_X01D07.png,MergeRight,X01D07,Highway_Signs_US,high
Highway_Signs_US,X01D08.png,MergeLeft_X01D08.png,MergeLeft,X01D08,Highway_Signs_US,high
Highway_Signs_US,X01D09.png,RoadNarrowsRight_X01D09.png,RoadNarrowsRight,X01D09,Highway_Signs_US,medium
Highway_Signs_US,X01D10.png,RoadNarrowsLeft_X01D10.png,RoadNarrowsLeft,X01D10,Highway_Signs_US,medium
Highway_Signs_US,X01D11.png,AddedLaneLeft_X01D11.png,AddedLaneLeft,X01D11,Highway_Signs_US,medium
Highway_Signs_US,X01D12.png,AddedLaneRight_X01D12.png,AddedLaneRight,X01D12,Highway_Signs_US,medium
Highway_Signs_US,X01D13.png,RoadNarrows_X01D13.png,RoadNarrows,X01D13,Highway_Signs_US,high
Highway_Signs_US,X01D14.png,NarrowBridge_X01D14.png,NarrowBridge,X01D14,Highway_Signs_US,high
Highway_Signs_US,X01D15.png,RoadWidens_X01D15.png,RoadWidens,X01D15,Highway_Signs_US,low
Highway_Signs_US,X01D16.png,OneLaneBridge_X01D16.png,OneLaneBridge,X01D16,Highway_Signs_US,high
Highway_Signs_US,X01D17.png,DividedHighwayBegins_X01D17.png,DividedHighwayBegins,X01D17,Highway_Signs_US,medium
Highway_Signs_US,X01D18.png,DividedHighwayEnds_X01D18.png,DividedHighwayEnds,X01D18,Highway_Signs_US,medium
Highway_Signs_US,X01D19.png,TwoWayTraffic_X01D19.png,TwoWayTraffic,X01D19,Highway_Signs_US,high
Highway_Signs_US,X01D20.png,TruckSteepGrade_X01D20.png,TruckSteepGrade,X01D20,Highway_Signs_US,high
Highway_Signs_US,X01D21.png,BicycleSteepGrade_X01D21.png,BicycleSteepGrade,X01D21,Highway_Signs_US,high
Highway_Signs_US,X01D22.png,Hill_X01D22.png,Hill,X01D22,Highway_Signs_US,high
Highway_Signs_US,X01D23.png,Bump_X01D23.png,Bump,X01D23,Highway_Signs_US,high
Highway_Signs_US,X01D24.png,Dip_X01D24.png,Dip,X01D24,Highway_Signs_US,high
Highway_Signs_US,X01D25.png,PavementEnds_X01D25.png,PavementEnds,X01D25,Highway_Signs_US,high
Highway_Signs_US,X01D26.png,PavementEndsSymbol_X01D26.png,PavementEndsSymbol,X01D26,Highway_Signs_US,medium
Highway_Signs_US,X01D27.png,SoftShoulder_X01D27.png,SoftShoulder,X01D27,Highway_Signs_US,high
Highway_Signs_US,X01D28.png,SlipperyWhenWetSymbol_X01D28.png,SlipperyWhenWetSymbol,X01D28,Highway_Signs_US,high
Highway_Signs_US,X01D29.png,RoughRoad_X01D29.png,RoughRoad,X01D29,Highway_Signs_US,high
Highway_Signs_US,X01D30.png,LowShoulder_X01D30.png,LowShoulder,X01D30,Highway_Signs_US,high
Highway_Signs_US,X01D31.png,ShoulderDropOff_X01D31.png,ShoulderDropOff,X01D31,Highway_Signs_US,medium
Highway_Signs_US,X01D32.png,SlipperyWhenWetBicycle_X01D32.png,SlipperyWhenWetBicycle,X01D32,Highway_Signs_US,medium
Highway_Signs_US,X01D33.png,SlipperyWhenWet_X01D33.png,SlipperyWhenWet,X01D33,Highway_Signs_US,high
Highway_Signs_US,X01D34.png,RightLaneEnds_X01D34.png,RightLaneEnds,X01D34,Highway_Signs_US,high
Highway_Signs_US,X01D35.png,LeftLaneEnds_X01D35.png,LeftLaneEnds,X01D35,Highway_Signs_US,high
Highway_Signs_US,X01D37.png,RailroadAdvanceWarning_X01D37.png,RailroadAdvanceWarning,X01D37,Highway_Signs_US,high
Highway_Signs_US,X01D38.png,RailroadCrossingCrossroad_X01D38.png,RailroadCrossingCrossroad,X01D38,Highway_Signs_US,medium
Highway_Signs_US,X01D39.png,RailroadCrossingSideRoad_X01D39.png,RailroadCrossingSideRoad,X01D39,Highway_Signs_US,medium
Highway_Signs_US,X01D40.png,RailroadCrossingTIntersection_X01D40.png,RailroadCrossingTIntersection,X01D40,Highway_Signs_US,medium
Highway_Signs_US,X01E01.png,BicycleCrossing_X01E01.png,BicycleCrossing,X01E01,Highway_Signs_US,high
Highway_Signs_US,X01E02.png,PedestrianCrossing_X01E02.png,PedestrianCrossing,X01E02,Highway_Signs_US,high
Highway_Signs_US,X01E03.png,DeerCrossing_X01E03.png,DeerCrossing,X01E03,Highway_Signs_US,high
Highway_Signs_US,X01E04.png,CattleCrossing_X01E04.png,CattleCrossing,X01E04,Highway_Signs_US,high
Highway_Signs_US,X01E05.png,KangarooCrossing_X01E05.png,KangarooCrossing,X01E05,Highway_Signs_US,high
Highway_Signs_US,X01E06.png,FarmMachinery_X01E06.png,FarmMachinery,X01E06,Highway_Signs_US,high
Highway_Signs_US,X01E07.png,EquestrianCrossing_X01E07.png,EquestrianCrossing,X01E07,Highway_Signs_US,high
Highway_Signs_US,X01E08.png,FireStation_X01E08.png,FireStation,X01E08,Highway_Signs_US,high
Highway_Signs_US,X01E09.png,SnowmobileCrossing_X01E09.png,SnowmobileCrossing,X01E09,Highway_Signs_US,high
Highway_Signs_US,X01E10.png,AccessibleCrossing_X01E10.png,AccessibleCrossing,X01E10,Highway_Signs_US,high
Highway_Signs_US,X01E11.png,TruckCrossing_X01E11.png,TruckCrossing,X01E11,Highway_Signs_US,high
Highway_Signs_US,X01E12.png,PedestrianCrosswalk_X01E12.png,PedestrianCrosswalk,X01E12,Highway_Signs_US,high
Highway_Signs_US,X01E13.png,DoubleArrowDown_X01E13.png,DoubleArrowDown,X01E13,Highway_Signs_US,medium
Highway_Signs_US,X01E14.png,LowClearance12Ft6In_X01E14.png,LowClearance12Ft6In,X01E14,Highway_Signs_US,high
Highway_Signs_US,X01E15.png,AdvisorySpeed35_X01E15.png,AdvisorySpeed35,X01E15,Highway_Signs_US,high
Highway_Signs_US,X01E16.png,ExitSpeed25_X01E16.png,ExitSpeed25,X01E16,Highway_Signs_US,high
Highway_Signs_US,X01E17.png,DeadEnd_X01E17.png,DeadEnd,X01E17,Highway_Signs_US,high
Highway_Signs_US,X01E18.png,NoOutlet_X01E18.png,NoOutlet,X01E18,Highway_Signs_US,high
Highway_Signs_US,X01E19.png,NoPassingZone_X01E19.png,NoPassingZone,X01E19,Highway_Signs_US,high
Highway_Signs_US,X01E20.png,PlaygroundSeesaw_X01E20.png,PlaygroundSeesaw,X01E20,Highway_Signs_US,high
Highway_Signs_US,X01E21.png,RoadConstruction500Ft_X01E21.png,RoadConstruction500Ft,X01E21,Highway_Signs_US,high
Highway_Signs_US,X01E22.png,Detour1000Ft_X01E22.png,Detour1000Ft,X01E22,Highway_Signs_US,high
Highway_Signs_US,X01E23.png,RoadClosedConstruction_X01E23.png,RoadClosedConstruction,X01E23,Highway_Signs_US,high
Highway_Signs_US,X01E24.png,Distance500Feet_X01E24.png,Distance500Feet,X01E24,Highway_Signs_US,high
Highway_Signs_US,X01E25.png,EndBlastingZone_X01E25.png,EndBlastingZone,X01E25,Highway_Signs_US,high
Highway_Signs_US,X01E26.png,MenWorking_X01E26.png,MenWorking,X01E26,Highway_Signs_US,high
Highway_Signs_US,X01E27.png,ShoulderWork_X01E27.png,ShoulderWork,X01E27,Highway_Signs_US,high
Highway_Signs_US,X01E28.png,SurveyCrew_X01E28.png,SurveyCrew,X01E28,Highway_Signs_US,high
Highway_Signs_US,X01E29.png,BlastingZone500Ft_X01E29.png,BlastingZone500Ft,X01E29,Highway_Signs_US,high
Highway_Signs_US,X01E30.png,BlastingZone1000Ft_X01E30.png,BlastingZone1000Ft,X01E30,Highway_Signs_US,high
Highway_Signs_US,X01E31.png,WorkerSymbol_X01E31.png,WorkerSymbol,X01E31,Highway_Signs_US,high
Highway_Signs_US,X01E32.png,FlaggerSymbol_X01E32.png,FlaggerSymbol,X01E32,Highway_Signs_US,high
Highway_Signs_US,X01E38.png,BarricadeStripes_X01E38.png,BarricadeStripes,X01E38,Highway_Signs_US,high
Highway_Signs_US,X01F01.png,InterstateShield20_X01F01.png,InterstateShield20,X01F01,Highway_Signs_US,high
Highway_Signs_US,X01F02.png,InterstateShield123_X01F02.png,InterstateShield123,X01F02,Highway_Signs_US,high
Highway_Signs_US,X01F03.png,BusinessLoopShield70_X01F03.png,BusinessLoopShield70,X01F03,Highway_Signs_US,high
Highway_Signs_US,X01F04.png,USRouteShield40Black_X01F04.png,USRouteShield40Black,X01F04,Highway_Signs_US,high
Highway_Signs_US,X01F05.png,USRouteShield789Black_X01F05.png,USRouteShield789Black,X01F05,Highway_Signs_US,high
Highway_Signs_US,X01F06.png,USRouteShield40_X01F06.png,USRouteShield40,X01F06,Highway_Signs_US,high
Highway_Signs_US,X01F07.png,USRouteShield789_X01F07.png,USRouteShield789,X01F07,Highway_Signs_US,high
Highway_Signs_US,X01F08.png,CountyRouteShield16_X01F08.png,CountyRouteShield16,X01F08,Highway_Signs_US,high
Highway_Signs_US,X01F09.png,StateRouteCircle50_X01F09.png,StateRouteCircle50,X01F09,Highway_Signs_US,high
Highway_Signs_US,X01F10.png,NationalForestRoute13_X01F10.png,NationalForestRoute13,X01F10,Highway_Signs_US,high
Highway_Signs_US,X01F11.png,JunctionPlaque_X01F11.png,JunctionPlaque,X01F11,Highway_Signs_US,high
Highway_Signs_US,X01F12.png,JunctionPlaqueBlue_X01F12.png,JunctionPlaqueBlue,X01F12,Highway_Signs_US,high
Highway_Signs_US,X01F13.png,JunctionSignGreen_X01F13.png,JunctionSignGreen,X01F13,Highway_Signs_US,high
Highway_Signs_US,X01F14.png,CardinalNorth_X01F14.png,CardinalNorth,X01F14,Highway_Signs_US,high
Highway_Signs_US,X01F15.png,CardinalEast_X01F15.png,CardinalEast,X01F15,Highway_Signs_US,high
Highway_Signs_US,X01F16.png,CardinalSouth_X01F16.png,CardinalSouth,X01F16,Highway_Signs_US,high
Highway_Signs_US,X01F17.png,CardinalWest_X01F17.png,CardinalWest,X01F17,Highway_Signs_US,high
Highway_Signs_US,X01F18.png,CardinalNorthBlue_X01F18.png,CardinalNorthBlue,X01F18,Highway_Signs_US,high
Highway_Signs_US,X01F19.png,CardinalEastBlue_X01F19.png,CardinalEastBlue,X01F19,Highway_Signs_US,high
Highway_Signs_US,X01F20.png,CardinalSouthBlue_X01F20.png,CardinalSouthBlue,X01F20,Highway_Signs_US,high
Highway_Signs_US,X01F21.png,CardinalWestBlue_X01F21.png,CardinalWestBlue,X01F21,Highway_Signs_US,high
Highway_Signs_US,X01F22.png,Alternate_X01F22.png,Alternate,X01F22,Highway_Signs_US,high
Highway_Signs_US,X01F23.png,Alt_X01F23.png,Alt,X01F23,Highway_Signs_US,high
Highway_Signs_US,X01F24.png,Bypass_X01F24.png,Bypass,X01F24,Highway_Signs_US,high
Highway_Signs_US,X01F25.png,Business_X01F25.png,Business,X01F25,Highway_Signs_US,high
Highway_Signs_US,X01F26.png,DetourRight_X01F26.png,DetourRight,X01F26,Highway_Signs_US,high
Highway_Signs_US,X01F27.png,DetourLeft_X01F27.png,DetourLeft,X01F27,Highway_Signs_US,high
Highway_Signs_US,X01F28.png,DetourArrowLeft_X01F28.png,DetourArrowLeft,X01F28,Highway_Signs_US,high
Highway_Signs_US,X01F29.png,DetourArrowRight_X01F29.png,DetourArrowRight,X01F29,Highway_Signs_US,high
Highway_Signs_US,X01F30.png,TurnArrowLeft_X01F30.png,TurnArrowLeft,X01F30,Highway_Signs_US,high
Highway_Signs_US,X01F31.png,TurnArrowRight_X01F31.png,TurnArrowRight,X01F31,Highway_Signs_US,high
Highway_Signs_US,X01F32.png,ArrowRightPlaque_X01F32.png,ArrowRightPlaque,X01F32,Highway_Signs_US,high
Highway_Signs_US,X01F33.png,ArrowLeftPlaque_X01F33.png,ArrowLeftPlaque,X01F33,Highway_Signs_US,high
Highway_Signs_US,X01F34.png,ArrowUpPlaque_X01F34.png,ArrowUpPlaque,X01F34,Highway_Signs_US,high
Highway_Signs_US,X01F35.png,ArrowBidirectional_X01F35.png,ArrowBidirectional,X01F35,Highway_Signs_US,high
Highway_Signs_US,X01F36.png,ArrowDiagonalUpRightDownLeft_X01F36.png,ArrowDiagonalUpRightDownLeft,X01F36,Highway_Signs_US,high
Highway_Signs_US,X01F37.png,ArrowDiagonalUpLeftDownRight_X01F37.png,ArrowDiagonalUpLeftDownRight,X01F37,Highway_Signs_US,high
Highway_Signs_US,X01F38.png,ArrowThroughAndRight_X01F38.png,ArrowThroughAndRight,X01F38,Highway_Signs_US,medium
Highway_Signs_US,X01F39.png,ArrowThroughAndLeft_X01F39.png,ArrowThroughAndLeft,X01F39,Highway_Signs_US,medium
Highway_Signs_US,X01F40.png,ArrowDiagonalUpLeft_X01F40.png,ArrowDiagonalUpLeft,X01F40,Highway_Signs_US,high
Highway_Signs_US,X01F41.png,ArrowDiagonalUpRight_X01F41.png,ArrowDiagonalUpRight,X01F41,Highway_Signs_US,high
Highway_Signs_US,X01F42.png,ArrowAdvanceTurnRight_X01F42.png,ArrowAdvanceTurnRight,X01F42,Highway_Signs_US,medium
Highway_Signs_US,X01G01.png,ArrowAdvanceTurnLeft_X01G01.png,ArrowAdvanceTurnLeft,X01G01,Highway_Signs_US,medium
Highway_Signs_US,X01G02.png,ArrowThroughOrLeft_X01G02.png,ArrowThroughOrLeft,X01G02,Highway_Signs_US,medium
Highway_Signs_US,X01G03.png,ArrowThroughOrRight_X01G03.png,ArrowThroughOrRight,X01G03,Highway_Signs_US,medium
Highway_Signs_US,X01G04.png,DestinationNewYorkLeft_X01G04.png,DestinationNewYorkLeft,X01G04,Highway_Signs_US,high
Highway_Signs_US,X01G05.png,DestinationSalemRight_X01G05.png,DestinationSalemRight,X01G05,Highway_Signs_US,high
Highway_Signs_US,X01G06.png,DestinationSalemLeft_X01G06.png,DestinationSalemLeft,X01G06,Highway_Signs_US,high
Highway_Signs_US,X01G07.png,StreetName8thAve_X01G07.png,StreetName8thAve,X01G07,Highway_Signs_US,high
Highway_Signs_US,X01G08.png,DestinationSanFranciscoLosAngeles_X01G08.png,DestinationSanFranciscoLosAngeles,X01G08,Highway_Signs_US,high
Highway_Signs_US,X01G09.png,DistanceChicagoBostonCleveland_X01G09.png,DistanceChicagoBostonCleveland,X01G09,Highway_Signs_US,high
Highway_Signs_US,X01G10.png,DistanceStLouisMemphisNewOrleans_X01G10.png,DistanceStLouisMemphisNewOrleans,X01G10,Highway_Signs_US,high
Highway_Signs_US,X01G11.png,StreetNameEMainSt_X01G11.png,StreetNameEMainSt,X01G11,Highway_Signs_US,high
Highway_Signs_US,X01G12.png,GuideNewYorkPhiladelphia_X01G12.png,GuideNewYorkPhiladelphia,X01G12,Highway_Signs_US,high
Highway_Signs_US,X01G13.png,ExitGuideInterstate20_X01G13.png,ExitGuideInterstate20,X01G13,Highway_Signs_US,high
Highway_Signs_US,X01G14.png,Exit44_X01G14.png,Exit44,X01G14,Highway_Signs_US,high
Highway_Signs_US,X01G15.png,Parking_X01G15.png,Parking,X01G15,Highway_Signs_US,high
Highway_Signs_US,X01G16.png,ParkAndRide_X01G16.png,ParkAndRide,X01G16,Highway_Signs_US,high
Highway_Signs_US,X01G17.png,RestAreaPicnic_X01G17.png,RestAreaPicnic,X01G17,Highway_Signs_US,high
Highway_Signs_US,X01G18.png,ArrowRightBlue_X01G18.png,ArrowRightBlue,X01G18,Highway_Signs_US,high
Highway_Signs_US,X01G19.png,ArrowLeftBlue_X01G19.png,ArrowLeftBlue,X01G19,Highway_Signs_US,high
Highway_Signs_US,X01G20.png,NationalParkRockyMountain_X01G20.png,NationalParkRockyMountain,X01G20,Highway_Signs_US,high
Highway_Signs_US,X01G21.png,WeighStation_X01G21.png,WeighStation,X01G21,Highway_Signs_US,high
Highway_Signs_US,X01G22.png,TelephoneLightBlue_X01G22.png,TelephoneLightBlue,X01G22,Highway_Signs_US,high
Highway_Signs_US,X01G23.png,TelephoneWithArrow_X01G23.png,TelephoneWithArrow,X01G23,Highway_Signs_US,high
Highway_Signs_US,X01G24.png,TelephoneQuarterMile_X01G24.png,TelephoneQuarterMile,X01G24,Highway_Signs_US,high
Highway_Signs_US,X01G25.png,Hospital_X01G25.png,Hospital,X01G25,Highway_Signs_US,high
Highway_Signs_US,X01G26.png,Camping_X01G26.png,Camping,X01G26,Highway_Signs_US,high
Highway_Signs_US,X01G27.png,TrailerCamping_X01G27.png,TrailerCamping,X01G27,Highway_Signs_US,high
Highway_Signs_US,X01G28.png,LitterBarrel1000Ft_X01G28.png,LitterBarrel1000Ft,X01G28,Highway_Signs_US,high
Highway_Signs_US,X01G29.png,Accessible_X01G29.png,Accessible,X01G29,Highway_Signs_US,high
Highway_Signs_US,X01G30.png,EmergencyMedical_X01G30.png,EmergencyMedical,X01G30,Highway_Signs_US,high
Highway_Signs_US,X01G31.png,Gas_X01G31.png,Gas,X01G31,Highway_Signs_US,high
Highway_Signs_US,X01G32.png,Diesel_X01G32.png,Diesel,X01G32,Highway_Signs_US,high
Highway_Signs_US,X01G33.png,PropaneLPGas_X01G33.png,PropaneLPGas,X01G33,Highway_Signs_US,medium
Highway_Signs_US,X01G34.png,Food_X01G34.png,Food,X01G34,Highway_Signs_US,high
Highway_Signs_US,X01G35.png,Lodging_X01G35.png,Lodging,X01G35,Highway_Signs_US,high
Highway_Signs_US,X01G36.png,Information_X01G36.png,Information,X01G36,Highway_Signs_US,high
Highway_Signs_US,X01G37.png,RVSanitaryStation_X01G37.png,RVSanitaryStation,X01G37,Highway_Signs_US,medium
Highway_Signs_US,X01G38.png,LibraryReading_X01G38.png,LibraryReading,X01G38,Highway_Signs_US,medium
Highway_Signs_US,X01G39.png,Marina_X01G39.png,Marina,X01G39,Highway_Signs_US,high
Highway_Signs_US,X01G40.png,WinterRecreation_X01G40.png,WinterRecreation,X01G40,Highway_Signs_US,medium
Highway_Signs_International,X02A01.png,RoundaboutAhead_X02A01.png,RoundaboutAhead,X02A01,Highway_Signs_International,high
Highway_Signs_International,X02A02.png,CurveLeft_X02A02.png,CurveLeft,X02A02,Highway_Signs_International,medium
Highway_Signs_International,X02A03.png,CurveRight_X02A03.png,CurveRight,X02A03,Highway_Signs_International,medium
Highway_Signs_International,X02A04.png,DoubleBendRight_X02A04.png,DoubleBendRight,X02A04,Highway_Signs_International,medium
Highway_Signs_International,X02A05.png,DoubleBendLeft_X02A05.png,DoubleBendLeft,X02A05,Highway_Signs_International,medium
Highway_Signs_International,X02A06.png,CrossroadsAhead_X02A06.png,CrossroadsAhead,X02A06,Highway_Signs_International,high
Highway_Signs_International,X02A07.png,CrossroadPriority_X02A07.png,CrossroadPriority,X02A07,Highway_Signs_International,medium
Highway_Signs_International,X02A08.png,SideRoadRight_X02A08.png,SideRoadRight,X02A08,Highway_Signs_International,medium
Highway_Signs_International,X02A09.png,SideRoadLeft_X02A09.png,SideRoadLeft,X02A09,Highway_Signs_International,medium
Highway_Signs_International,X02A10.png,RoadNarrowsRight_X02A10.png,RoadNarrowsRight,X02A10,Highway_Signs_International,high
Highway_Signs_International,X02A11.png,RoadNarrowsBothSides_X02A11.png,RoadNarrowsBothSides,X02A11,Highway_Signs_International,high
Highway_Signs_International,X02A12.png,RoadNarrowsLeft_X02A12.png,RoadNarrowsLeft,X02A12,Highway_Signs_International,high
Highway_Signs_International,X02A13.png,SlipperyRoad_X02A13.png,SlipperyRoad,X02A13,Highway_Signs_International,high
Highway_Signs_International,X02A14.png,LooseChippings_X02A14.png,LooseChippings,X02A14,Highway_Signs_International,medium
Highway_Signs_International,X02A15.png,IceOrSnow_X02A15.png,IceOrSnow,X02A15,Highway_Signs_International,high
Highway_Signs_International,X02A16.png,GeneralWarning_X02A16.png,GeneralWarning,X02A16,Highway_Signs_International,high
Highway_Signs_International,X02A17.png,RoadEdgeDropOff_X02A17.png,RoadEdgeDropOff,X02A17,Highway_Signs_International,low
Highway_Signs_International,X02A18.png,TrafficQueues_X02A18.png,TrafficQueues,X02A18,Highway_Signs_International,high
Highway_Signs_International,X02A19.png,FlyingGravel_X02A19.png,FlyingGravel,X02A19,Highway_Signs_International,medium
Highway_Signs_International,X02A20.png,CyclistsCrossing_X02A20.png,CyclistsCrossing,X02A20,Highway_Signs_International,high
Highway_Signs_International,X02A21.png,PedestrianCrossing_X02A21.png,PedestrianCrossing,X02A21,Highway_Signs_International,high
Highway_Signs_International,X02A22.png,Pedestrians_X02A22.png,Pedestrians,X02A22,Highway_Signs_International,high
Highway_Signs_International,X02A23.png,ChildrenCrossing_X02A23.png,ChildrenCrossing,X02A23,Highway_Signs_International,high
Highway_Signs_International,X02A24.png,RoadWorks_X02A24.png,RoadWorks,X02A24,Highway_Signs_International,high
Highway_Signs_International,X02A25.png,WildAnimals_X02A25.png,WildAnimals,X02A25,Highway_Signs_International,high
Highway_Signs_International,X02A26.png,CattleCrossing_X02A26.png,CattleCrossing,X02A26,Highway_Signs_International,high
Highway_Signs_International,X02A27.png,LowFlyingAircraft_X02A27.png,LowFlyingAircraft,X02A27,Highway_Signs_International,high
Highway_Signs_International,X02A28.png,CrossWinds_X02A28.png,CrossWinds,X02A28,Highway_Signs_International,high
Highway_Signs_International,X02A29.png,SteepDescent10Percent_X02A29.png,SteepDescent10Percent,X02A29,Highway_Signs_International,high
Highway_Signs_International,X02A30.png,SteepAscent10Percent_X02A30.png,SteepAscent10Percent,X02A30,Highway_Signs_International,high
Highway_Signs_International,X02A31.png,UnevenRoad_X02A31.png,UnevenRoad,X02A31,Highway_Signs_International,high
Highway_Signs_International,X02A32.png,FallingRocks_X02A32.png,FallingRocks,X02A32,Highway_Signs_International,high
Highway_Signs_International,X02A33.png,RiverbankOrQuay_X02A33.png,RiverbankOrQuay,X02A33,Highway_Signs_International,medium
Highway_Signs_International,X02A34.png,OpeningBridge_X02A34.png,OpeningBridge,X02A34,Highway_Signs_International,high
Highway_Signs_International,X02A35.png,Tunnel_X02A35.png,Tunnel,X02A35,Highway_Signs_International,high
Highway_Signs_International,X02A36.png,TwoWayTraffic_X02A36.png,TwoWayTraffic,X02A36,Highway_Signs_International,high
Highway_Signs_International,X02A37.png,TrafficSignalsAhead_X02A37.png,TrafficSignalsAhead,X02A37,Highway_Signs_International,high
Highway_Signs_International,X02A38.png,LevelCrossingSignal_X02A38.png,LevelCrossingSignal,X02A38,Highway_Signs_International,medium
Highway_Signs_International,X02A39.png,TramCrossing_X02A39.png,TramCrossing,X02A39,Highway_Signs_International,high
Highway_Signs_International,X02A40.png,LevelCrossingNoBarrier_X02A40.png,LevelCrossingNoBarrier,X02A40,Highway_Signs_International,high
Highway_Signs_International,X02A41.png,LevelCrossingWithBarrier_X02A41.png,LevelCrossingWithBarrier,X02A41,Highway_Signs_International,high
Highway_Signs_International,X02A42.png,LevelCrossingCrossbuck_X02A42.png,LevelCrossingCrossbuck,X02A42,Highway_Signs_International,high
Highway_Signs_International,X02B01.png,Stop_X02B01.png,Stop,X02B01,Highway_Signs_International,high
Highway_Signs_International,X02B02.png,GiveWay_X02B02.png,GiveWay,X02B02,Highway_Signs_International,high
Highway_Signs_International,X02B03.png,PriorityOverOncoming_X02B03.png,PriorityOverOncoming,X02B03,Highway_Signs_International,high
Highway_Signs_International,X02B04.png,YieldToOncoming_X02B04.png,YieldToOncoming,X02B04,Highway_Signs_International,high
Highway_Signs_International,X02B05.png,PriorityRoad_X02B05.png,PriorityRoad,X02B05,Highway_Signs_International,high
Highway_Signs_International,X02B06.png,EndOfPriorityRoad_X02B06.png,EndOfPriorityRoad,X02B06,Highway_Signs_International,high
Highway_Signs_International,X02B07.png,SpeedLimit5_X02B07.png,SpeedLimit5,X02B07,Highway_Signs_International,high
Highway_Signs_International,X02B08.png,SpeedLimit10_X02B08.png,SpeedLimit10,X02B08,Highway_Signs_International,high
Highway_Signs_International,X02B09.png,SpeedLimit15_X02B09.png,SpeedLimit15,X02B09,Highway_Signs_International,high
Highway_Signs_International,X02B10.png,SpeedLimit20_X02B10.png,SpeedLimit20,X02B10,Highway_Signs_International,high
Highway_Signs_International,X02B11.png,SpeedLimit25_X02B11.png,SpeedLimit25,X02B11,Highway_Signs_International,high
Highway_Signs_International,X02B12.png,SpeedLimit30_X02B12.png,SpeedLimit30,X02B12,Highway_Signs_International,high
Highway_Signs_International,X02B13.png,SpeedLimit40_X02B13.png,SpeedLimit40,X02B13,Highway_Signs_International,high
Highway_Signs_International,X02B14.png,SpeedLimit50_X02B14.png,SpeedLimit50,X02B14,Highway_Signs_International,high
Highway_Signs_International,X02B15.png,SpeedLimit60_X02B15.png,SpeedLimit60,X02B15,Highway_Signs_International,high
Highway_Signs_International,X02B16.png,SpeedLimit70_X02B16.png,SpeedLimit70,X02B16,Highway_Signs_International,high
Highway_Signs_International,X02B17.png,SpeedLimit80_X02B17.png,SpeedLimit80,X02B17,Highway_Signs_International,high
Highway_Signs_International,X02B18.png,SpeedLimit90_X02B18.png,SpeedLimit90,X02B18,Highway_Signs_International,high
Highway_Signs_International,X02B19.png,SpeedLimit100_X02B19.png,SpeedLimit100,X02B19,Highway_Signs_International,high
Highway_Signs_International,X02B20.png,EndSpeedLimit50_X02B20.png,EndSpeedLimit50,X02B20,Highway_Signs_International,high
Highway_Signs_International,X02B21.png,RecommendedSpeed50_X02B21.png,RecommendedSpeed50,X02B21,Highway_Signs_International,high
Highway_Signs_International,X02B22.png,EndRecommendedSpeed50_X02B22.png,EndRecommendedSpeed50,X02B22,Highway_Signs_International,high
Highway_Signs_International,X02B23.png,NoEntry_X02B23.png,NoEntry,X02B23,Highway_Signs_International,high
Highway_Signs_International,X02B24.png,BlankProhibition_X02B24.png,BlankProhibition,X02B24,Highway_Signs_International,high
Highway_Signs_International,X02B25.png,NoThroughRoad_X02B25.png,NoThroughRoad,X02B25,Highway_Signs_International,medium
Highway_Signs_International,X02B26.png,PoliceCheckpoint_X02B26.png,PoliceCheckpoint,X02B26,Highway_Signs_International,high
Highway_Signs_International,X02B27.png,CustomsCheckpoint_X02B27.png,CustomsCheckpoint,X02B27,Highway_Signs_International,high
Highway_Signs_International,X02B28.png,NoLeftTurn_X02B28.png,NoLeftTurn,X02B28,Highway_Signs_International,high
Highway_Signs_International,X02B29.png,NoRightTurn_X02B29.png,NoRightTurn,X02B29,Highway_Signs_International,high
Highway_Signs_International,X02B30.png,NoUTurn_X02B30.png,NoUTurn,X02B30,Highway_Signs_International,high
Highway_Signs_International,X02B31.png,NoOvertaking_X02B31.png,NoOvertaking,X02B31,Highway_Signs_International,high
Highway_Signs_International,X02B32.png,EndNoOvertaking_X02B32.png,EndNoOvertaking,X02B32,Highway_Signs_International,high
Highway_Signs_International,X02B33.png,NoOvertakingByTrucks_X02B33.png,NoOvertakingByTrucks,X02B33,Highway_Signs_International,high
Highway_Signs_International,X02B34.png,EndNoOvertakingByTrucks_X02B34.png,EndNoOvertakingByTrucks,X02B34,Highway_Signs_International,high
Highway_Signs_International,X02B35.png,EndAllRestrictions_X02B35.png,EndAllRestrictions,X02B35,Highway_Signs_International,high
Highway_Signs_International,X02B36.png,NoGoodsVehicles_X02B36.png,NoGoodsVehicles,X02B36,Highway_Signs_International,medium
Highway_Signs_International,X02B37.png,MinimumDistance50m_X02B37.png,MinimumDistance50m,X02B37,Highway_Signs_International,high
Highway_Signs_International,X02B38.png,WidthLimit2Point3m_X02B38.png,WidthLimit2Point3m,X02B38,Highway_Signs_International,high
Highway_Signs_International,X02B39.png,HeightLimit3Point1m_X02B39.png,HeightLimit3Point1m,X02B39,Highway_Signs_International,high
Highway_Signs_International,X02B40.png,WeightLimit5Point4t_X02B40.png,WeightLimit5Point4t,X02B40,Highway_Signs_International,high
Highway_Signs_International,X02B41.png,AxleWeightLimit4Point8t_X02B41.png,AxleWeightLimit4Point8t,X02B41,Highway_Signs_International,high
Highway_Signs_International,X02B42.png,LengthLimit10m_X02B42.png,LengthLimit10m,X02B42,Highway_Signs_International,high
Highway_Signs_International,X02C01.png,NoBicycles_X02C01.png,NoBicycles,X02C01,Highway_Signs_International,high
Highway_Signs_International,X02C02.png,NoMopeds_X02C02.png,NoMopeds,X02C02,Highway_Signs_International,high
Highway_Signs_International,X02C03.png,NoBicyclesOrMopeds_X02C03.png,NoBicyclesOrMopeds,X02C03,Highway_Signs_International,high
Highway_Signs_International,X02C04.png,NoMotorcycles_X02C04.png,NoMotorcycles,X02C04,Highway_Signs_International,high
Highway_Signs_International,X02C05.png,NoCars_X02C05.png,NoCars,X02C05,Highway_Signs_International,high
Highway_Signs_International,X02C06.png,NoMotorVehicles_X02C06.png,NoMotorVehicles,X02C06,Highway_Signs_International,medium
Highway_Signs_International,X02C07.png,NoPedestrians_X02C07.png,NoPedestrians,X02C07,Highway_Signs_International,high
Highway_Signs_International,X02C08.png,NoTrailers_X02C08.png,NoTrailers,X02C08,Highway_Signs_International,high
Highway_Signs_International,X02C09.png,NoAgriculturalVehicles_X02C09.png,NoAgriculturalVehicles,X02C09,Highway_Signs_International,high
Highway_Signs_International,X02C10.png,NoSlowVehicles_X02C10.png,NoSlowVehicles,X02C10,Highway_Signs_International,medium
Highway_Signs_International,X02C11.png,NoTrucks_X02C11.png,NoTrucks,X02C11,Highway_Signs_International,high
Highway_Signs_International,X02C12.png,NoBuses_X02C12.png,NoBuses,X02C12,Highway_Signs_International,high
Highway_Signs_International,X02C13.png,PedestrianPath_X02C13.png,PedestrianPath,X02C13,Highway_Signs_International,high
Highway_Signs_International,X02C14.png,EndPedestrianPath_X02C14.png,EndPedestrianPath,X02C14,Highway_Signs_International,high
Highway_Signs_International,X02C15.png,EquestrianPath_X02C15.png,EquestrianPath,X02C15,Highway_Signs_International,high
Highway_Signs_International,X02C16.png,EndEquestrianPath_X02C16.png,EndEquestrianPath,X02C16,Highway_Signs_International,high
Highway_Signs_International,X02C17.png,CyclePath_X02C17.png,CyclePath,X02C17,Highway_Signs_International,high
Highway_Signs_International,X02C18.png,EndCyclePath_X02C18.png,EndCyclePath,X02C18,Highway_Signs_International,high
Highway_Signs_International,X02C19.png,SnowChainsRequired_X02C19.png,SnowChainsRequired,X02C19,Highway_Signs_International,high
Highway_Signs_International,X02C20.png,Roundabout_X02C20.png,Roundabout,X02C20,Highway_Signs_International,high
Highway_Signs_International,X02C21.png,KeepLeftBlue_X02C21.png,KeepLeftBlue,X02C21,Highway_Signs_International,medium
Highway_Signs_International,X02C22.png,KeepRightBlue_X02C22.png,KeepRightBlue,X02C22,Highway_Signs_International,medium
Highway_Signs_International,X02C23.png,TurnLeftBlue_X02C23.png,TurnLeftBlue,X02C23,Highway_Signs_International,high
Highway_Signs_International,X02C24.png,TurnRightBlue_X02C24.png,TurnRightBlue,X02C24,Highway_Signs_International,high
Highway_Signs_International,X02C25.png,ProceedStraight_X02C25.png,ProceedStraight,X02C25,Highway_Signs_International,high
Highway_Signs_International,X02C26.png,PassEitherSide_X02C26.png,PassEitherSide,X02C26,Highway_Signs_International,high
Highway_Signs_International,X02C27.png,TurnLeftAhead_X02C27.png,TurnLeftAhead,X02C27,Highway_Signs_International,high
Highway_Signs_International,X02C28.png,TurnRightAhead_X02C28.png,TurnRightAhead,X02C28,Highway_Signs_International,high
Highway_Signs_International,X02C29.png,StraightOrLeft_X02C29.png,StraightOrLeft,X02C29,Highway_Signs_International,high
Highway_Signs_International,X02C30.png,StraightOrRight_X02C30.png,StraightOrRight,X02C30,Highway_Signs_International,high
Highway_Signs_International,X02C31.png,LeftOrRight_X02C31.png,LeftOrRight,X02C31,Highway_Signs_International,high
Highway_Signs_International,X02C32.png,OneWayLeft_X02C32.png,OneWayLeft,X02C32,Highway_Signs_International,high
Highway_Signs_International,X02C33.png,OneWayRight_X02C33.png,OneWayRight,X02C33,Highway_Signs_International,high
Highway_Signs_International,X02C34.png,OneWayStraight_X02C34.png,OneWayStraight,X02C34,Highway_Signs_International,high
Highway_Signs_International,X02C35.png,TwoWayTrafficBlue_X02C35.png,TwoWayTrafficBlue,X02C35,Highway_Signs_International,medium
Highway_Signs_International,X02C36.png,DeadEndRoad_X02C36.png,DeadEndRoad,X02C36,Highway_Signs_International,high
Highway_Signs_International,X02C37.png,LaneReductionRight_X02C37.png,LaneReductionRight,X02C37,Highway_Signs_International,medium
Highway_Signs_International,X02C38.png,LaneReductionThreeLanes_X02C38.png,LaneReductionThreeLanes,X02C38,Highway_Signs_International,medium
Highway_Signs_International,X02C39.png,LaneClosureDiagram_X02C39.png,LaneClosureDiagram,X02C39,Highway_Signs_International,medium
Highway_Signs_International,X02C40.png,PriorityRoadBendRight_X02C40.png,PriorityRoadBendRight,X02C40,Highway_Signs_International,medium
Highway_Signs_International,X02C41.png,WinterConditions_X02C41.png,WinterConditions,X02C41,Highway_Signs_International,medium
Highway_Signs_International,X02C42.png,AccessibleSymbolBlack_X02C42.png,AccessibleSymbolBlack,X02C42,Highway_Signs_International,high
Highway_Signs_International,X02D01.png,Motorway_X02D01.png,Motorway,X02D01,Highway_Signs_International,high
Highway_Signs_International,X02D02.png,EndMotorway_X02D02.png,EndMotorway,X02D02,Highway_Signs_International,high
Highway_Signs_International,X02D03.png,Expressway_X02D03.png,Expressway,X02D03,Highway_Signs_International,high
Highway_Signs_International,X02D04.png,EndExpressway_X02D04.png,EndExpressway,X02D04,Highway_Signs_International,high
Highway_Signs_International,X02D05.png,PostalRoute_X02D05.png,PostalRoute,X02D05,Highway_Signs_International,medium
Highway_Signs_International,X02D06.png,EndPostalRoute_X02D06.png,EndPostalRoute,X02D06,Highway_Signs_International,medium
Highway_Signs_International,X02D07.png,ResidentialArea_X02D07.png,ResidentialArea,X02D07,Highway_Signs_International,high
Highway_Signs_International,X02D08.png,EndResidentialArea_X02D08.png,EndResidentialArea,X02D08,Highway_Signs_International,high
Highway_Signs_International,X02D09.png,TownEntryCologne_X02D09.png,TownEntryCologne,X02D09,Highway_Signs_International,high
Highway_Signs_International,X02D10.png,TownExitCologne_X02D10.png,TownExitCologne,X02D10,Highway_Signs_International,high
Highway_Signs_International,X02D11.png,Hospital_X02D11.png,Hospital,X02D11,Highway_Signs_International,high
Highway_Signs_International,X02D12.png,BicycleFacility_X02D12.png,BicycleFacility,X02D12,Highway_Signs_International,medium
Highway_Signs_International,X02D13.png,Ferry_X02D13.png,Ferry,X02D13,Highway_Signs_International,low
Highway_Signs_International,X02D14.png,Tunnel_X02D14.png,Tunnel,X02D14,Highway_Signs_International,high
Highway_Signs_International,X02D15.png,CampingTent_X02D15.png,CampingTent,X02D15,Highway_Signs_International,high
Highway_Signs_International,X02D16.png,CaravanSite_X02D16.png,CaravanSite,X02D16,Highway_Signs_International,high
Highway_Signs_International,X02D17.png,EmergencyTelephone_X02D17.png,EmergencyTelephone,X02D17,Highway_Signs_International,high
Highway_Signs_International,X02D18.png,FirstAid_X02D18.png,FirstAid,X02D18,Highway_Signs_International,high
Highway_Signs_International,X02D19.png,ServicePost_X02D19.png,ServicePost,X02D19,Highway_Signs_International,low
Highway_Signs_International,X02D20.png,FuelStation_X02D20.png,FuelStation,X02D20,Highway_Signs_International,high
Highway_Signs_International,X02D21.png,HotelMotel_X02D21.png,HotelMotel,X02D21,Highway_Signs_International,high
Highway_Signs_International,X02D22.png,Restaurant_X02D22.png,Restaurant,X02D22,Highway_Signs_International,high
Highway_Signs_International,X02D23.png,Cafe_X02D23.png,Cafe,X02D23,Highway_Signs_International,high
Highway_Signs_International,X02D24.png,Information_X02D24.png,Information,X02D24,Highway_Signs_International,high
Highway_Signs_International,X02D25.png,DirectionZurichBlue_X02D25.png,DirectionZurichBlue,X02D25,Highway_Signs_International,high
Highway_Signs_International,X02D26.png,DirectionFlimsWhite_X02D26.png,DirectionFlimsWhite,X02D26,Highway_Signs_International,high
Highway_Signs_International,X02D27.png,DirectionZurichGreen_X02D27.png,DirectionZurichGreen,X02D27,Highway_Signs_International,high
Highway_Signs_International,X02D28.png,DirectionFlimsOrange_X02D28.png,DirectionFlimsOrange,X02D28,Highway_Signs_International,high
Highway_Signs_International,X02D29.png,DirectionCamping_X02D29.png,DirectionCamping,X02D29,Highway_Signs_International,high
Highway_Signs_International,X02D30.png,DirectionParking300m_X02D30.png,DirectionParking300m,X02D30,Highway_Signs_International,high
Highway_Signs_International,X02D31.png,Parking_X02D31.png,Parking,X02D31,Highway_Signs_International,high
Highway_Signs_International,X02D32.png,ParkingTaxi_X02D32.png,ParkingTaxi,X02D32,Highway_Signs_International,high
Highway_Signs_International,X02D33.png,ParkingAccessible_X02D33.png,ParkingAccessible,X02D33,Highway_Signs_International,high
Highway_Signs_International,X02D34.png,ParkingLoading_X02D34.png,ParkingLoading,X02D34,Highway_Signs_International,high
Highway_Signs_International,X02D35.png,ParkingCars_X02D35.png,ParkingCars,X02D35,Highway_Signs_International,high
Highway_Signs_International,X02D36.png,ParkingMetered_X02D36.png,ParkingMetered,X02D36,Highway_Signs_International,high
Highway_Signs_International,X02D37.png,NoParking_X02D37.png,NoParking,X02D37,Highway_Signs_International,high
Highway_Signs_International,X02D38.png,NoParkingBicyclesMopeds_X02D38.png,NoParkingBicyclesMopeds,X02D38,Highway_Signs_International,high
Highway_Signs_International,X02D39.png,NoStopping_X02D39.png,NoStopping,X02D39,Highway_Signs_International,high
Highway_Signs_International,X02D40.png,NoParkingAlternateOdd_X02D40.png,NoParkingAlternateOdd,X02D40,Highway_Signs_International,medium
Highway_Signs_International,X02D41.png,NoParkingAlternateEven_X02D41.png,NoParkingAlternateEven,X02D41,Highway_Signs_International,medium
Highway_Signs_International,X02D42.png,GiveWayRoundabout_X02D42.png,GiveWayRoundabout,X02D42,Highway_Signs_International,high
Highway_Signs_International,X02E01.png,CountryCodeA_X02E01.png,CountryCodeA,X02E01,Highway_Signs_International,high
Highway_Signs_International,X02E02.png,CountryCodeAUS_X02E02.png,CountryCodeAUS,X02E02,Highway_Signs_International,high
Highway_Signs_International,X02E03.png,CountryCodeB_X02E03.png,CountryCodeB,X02E03,Highway_Signs_International,high
Highway_Signs_International,X02E04.png,CountryCodeBG_X02E04.png,CountryCodeBG,X02E04,Highway_Signs_International,high
Highway_Signs_International,X02E05.png,CountryCodeBR_X02E05.png,CountryCodeBR,X02E05,Highway_Signs_International,high
Highway_Signs_International,X02E06.png,CountryCodeCDN_X02E06.png,CountryCodeCDN,X02E06,Highway_Signs_International,high
Highway_Signs_International,X02E07.png,CountryCodeCH_X02E07.png,CountryCodeCH,X02E07,Highway_Signs_International,high
Highway_Signs_International,X02E08.png,CountryCodeCZ_X02E08.png,CountryCodeCZ,X02E08,Highway_Signs_International,high
Highway_Signs_International,X02E09.png,CountryCodeD_X02E09.png,CountryCodeD,X02E09,Highway_Signs_International,high
Highway_Signs_International,X02E10.png,CountryCodeDK_X02E10.png,CountryCodeDK,X02E10,Highway_Signs_International,high
Highway_Signs_International,X02E11.png,CountryCodeE_X02E11.png,CountryCodeE,X02E11,Highway_Signs_International,high
Highway_Signs_International,X02E12.png,CountryCodeF_X02E12.png,CountryCodeF,X02E12,Highway_Signs_International,high
Highway_Signs_International,X02E13.png,CountryCodeFIN_X02E13.png,CountryCodeFIN,X02E13,Highway_Signs_International,high
Highway_Signs_International,X02E14.png,CountryCodeGB_X02E14.png,CountryCodeGB,X02E14,Highway_Signs_International,high
Highway_Signs_International,X02E15.png,CountryCodeGR_X02E15.png,CountryCodeGR,X02E15,Highway_Signs_International,high
Highway_Signs_International,X02E16.png,CountryCodeH_X02E16.png,CountryCodeH,X02E16,Highway_Signs_International,high
Highway_Signs_International,X02E17.png,CountryCodeHK_X02E17.png,CountryCodeHK,X02E17,Highway_Signs_International,high
Highway_Signs_International,X02E18.png,CountryCodeI_X02E18.png,CountryCodeI,X02E18,Highway_Signs_International,high
Highway_Signs_International,X02E19.png,CountryCodeIL_X02E19.png,CountryCodeIL,X02E19,Highway_Signs_International,high
Highway_Signs_International,X02E20.png,CountryCodeIND_X02E20.png,CountryCodeIND,X02E20,Highway_Signs_International,high
Highway_Signs_International,X02E21.png,CountryCodeIRL_X02E21.png,CountryCodeIRL,X02E21,Highway_Signs_International,high
Highway_Signs_International,X02E22.png,CountryCodeIS_X02E22.png,CountryCodeIS,X02E22,Highway_Signs_International,high
Highway_Signs_International,X02E23.png,CountryCodeJ_X02E23.png,CountryCodeJ,X02E23,Highway_Signs_International,high
Highway_Signs_International,X02E24.png,CountryCodeL_X02E24.png,CountryCodeL,X02E24,Highway_Signs_International,high
Highway_Signs_International,X02E25.png,CountryCodeMC_X02E25.png,CountryCodeMC,X02E25,Highway_Signs_International,high
Highway_Signs_International,X02E26.png,CountryCodeMEX_X02E26.png,CountryCodeMEX,X02E26,Highway_Signs_International,high
Highway_Signs_International,X02E27.png,CountryCodeN_X02E27.png,CountryCodeN,X02E27,Highway_Signs_International,high
Highway_Signs_International,X02E28.png,CountryCodeNL_X02E28.png,CountryCodeNL,X02E28,Highway_Signs_International,high
Highway_Signs_International,X02E29.png,CountryCodeP_X02E29.png,CountryCodeP,X02E29,Highway_Signs_International,high
Highway_Signs_International,X02E30.png,CountryCodePL_X02E30.png,CountryCodePL,X02E30,Highway_Signs_International,high
Highway_Signs_International,X02E31.png,CountryCodeRA_X02E31.png,CountryCodeRA,X02E31,Highway_Signs_International,high
Highway_Signs_International,X02E32.png,CountryCodeRCH_X02E32.png,CountryCodeRCH,X02E32,Highway_Signs_International,high
Highway_Signs_International,X02E33.png,CountryCodeRO_X02E33.png,CountryCodeRO,X02E33,Highway_Signs_International,high
Highway_Signs_International,X02E34.png,CountryCodeRP_X02E34.png,CountryCodeRP,X02E34,Highway_Signs_International,high
Highway_Signs_International,X02E35.png,CountryCodeRUS_X02E35.png,CountryCodeRUS,X02E35,Highway_Signs_International,high
Highway_Signs_International,X02E36.png,CountryCodeS_X02E36.png,CountryCodeS,X02E36,Highway_Signs_International,high
Highway_Signs_International,X02E37.png,CountryCodeSK_X02E37.png,CountryCodeSK,X02E37,Highway_Signs_International,high
Highway_Signs_International,X02E38.png,CountryCodeTR_X02E38.png,CountryCodeTR,X02E38,Highway_Signs_International,high
Highway_Signs_International,X02E39.png,CountryCodeUSA_X02E39.png,CountryCodeUSA,X02E39,Highway_Signs_International,high
Highway_Signs_International,X02E40.png,CountryCodeV_X02E40.png,CountryCodeV,X02E40,Highway_Signs_International,high
Highway_Signs_International,X02E41.png,CountryCodeYV_X02E41.png,CountryCodeYV,X02E41,Highway_Signs_International,high
Highway_Signs_International,X02E42.png,CountryCodeZA_X02E42.png,CountryCodeZA,X02E42,Highway_Signs_International,high
Symbol_Signs_Recreational,X03A01.png,HorsebackRidingDark_X03A01.png,HorsebackRidingDark,X03A01,Symbol_Signs_Recreational,high
Symbol_Signs_Recreational,X03A02.png,MotorbikeTrailDark_X03A02.png,MotorbikeTrailDark,X03A02,Symbol_Signs_Recreational,high
Symbol_Signs_Recreational,X03A03.png,BicycleTrailDark_X03A03.png,BicycleTrailDark,X03A03,Symbol_Signs_Recreational,high
Symbol_Signs_Recreational,X03A04.png,FourWheelDriveDark_X03A04.png,FourWheelDriveDark,X03A04,Symbol_Signs_Recreational,high
Symbol_Signs_Recreational,X03A05.png,HikingDark_X03A05.png,HikingDark,X03A05,Symbol_Signs_Recreational,high
Symbol_Signs_Recreational,X03A06.png,PlaygroundSwingDark_X03A06.png,PlaygroundSwingDark,X03A06,Symbol_Signs_Recreational,high
Symbol_Signs_Recreational,X03A07.png,HorsebackRiding_X03A07.png,HorsebackRiding,X03A07,Symbol_Signs_Recreational,high
Symbol_Signs_Recreational,X03A08.png,MotorbikeTrail_X03A08.png,MotorbikeTrail,X03A08,Symbol_Signs_Recreational,high
Symbol_Signs_Recreational,X03A09.png,BicycleTrail_X03A09.png,BicycleTrail,X03A09,Symbol_Signs_Recreational,high
Symbol_Signs_Recreational,X03A10.png,FourWheelDrive_X03A10.png,FourWheelDrive,X03A10,Symbol_Signs_Recreational,high
Symbol_Signs_Recreational,X03A11.png,Hiking_X03A11.png,Hiking,X03A11,Symbol_Signs_Recreational,high
Symbol_Signs_Recreational,X03A12.png,PlaygroundSwing_X03A12.png,PlaygroundSwing,X03A12,Symbol_Signs_Recreational,high
Symbol_Signs_Recreational,X03A13.png,AmphitheaterDark_X03A13.png,AmphitheaterDark,X03A13,Symbol_Signs_Recreational,high
Symbol_Signs_Recreational,X03A14.png,ShootingDark_X03A14.png,ShootingDark,X03A14,Symbol_Signs_Recreational,high
Symbol_Signs_Recreational,X03A15.png,BinocularsViewingDark_X03A15.png,BinocularsViewingDark,X03A15,Symbol_Signs_Recreational,high
Symbol_Signs_Recreational,X03A16.png,RockClimbingDark_X03A16.png,RockClimbingDark,X03A16,Symbol_Signs_Recreational,high
Symbol_Signs_Recreational,X03A17.png,BoulderingDark_X03A17.png,BoulderingDark,X03A17,Symbol_Signs_Recreational,medium
Symbol_Signs_Recreational,X03A18.png,RockCollectingDark_X03A18.png,RockCollectingDark,X03A18,Symbol_Signs_Recreational,high
Symbol_Signs_Recreational,X03A19.png,Amphitheater_X03A19.png,Amphitheater,X03A19,Symbol_Signs_Recreational,high
Symbol_Signs_Recreational,X03A20.png,Shooting_X03A20.png,Shooting,X03A20,Symbol_Signs_Recreational,high
Symbol_Signs_Recreational,X03A21.png,BinocularsViewing_X03A21.png,BinocularsViewing,X03A21,Symbol_Signs_Recreational,high
Symbol_Signs_Recreational,X03A22.png,RockClimbing_X03A22.png,RockClimbing,X03A22,Symbol_Signs_Recreational,high
Symbol_Signs_Recreational,X03A23.png,Bouldering_X03A23.png,Bouldering,X03A23,Symbol_Signs_Recreational,medium
Symbol_Signs_Recreational,X03A24.png,RockCollecting_X03A24.png,RockCollecting,X03A24,Symbol_Signs_Recreational,high
Symbol_Signs_Recreational,X03A25.png,CavingDark_X03A25.png,CavingDark,X03A25,Symbol_Signs_Recreational,medium
Symbol_Signs_Recreational,X03A26.png,AllTerrainVehicleDark_X03A26.png,AllTerrainVehicleDark,X03A26,Symbol_Signs_Recreational,high
Symbol_Signs_Recreational,X03A27.png,BaseballDark_X03A27.png,BaseballDark,X03A27,Symbol_Signs_Recreational,high
Symbol_Signs_Recreational,X03A28.png,ExerciseDark_X03A28.png,ExerciseDark,X03A28,Symbol_Signs_Recreational,medium
Symbol_Signs_Recreational,X03A29.png,SkateboardingDark_X03A29.png,SkateboardingDark,X03A29,Symbol_Signs_Recreational,high
Symbol_Signs_Recreational,X03A30.png,InlineSkatingDark_X03A30.png,InlineSkatingDark,X03A30,Symbol_Signs_Recreational,high
Symbol_Signs_Recreational,X03A31.png,Caving_X03A31.png,Caving,X03A31,Symbol_Signs_Recreational,medium
Symbol_Signs_Recreational,X03A32.png,AllTerrainVehicle_X03A32.png,AllTerrainVehicle,X03A32,Symbol_Signs_Recreational,high
Symbol_Signs_Recreational,X03A33.png,Baseball_X03A33.png,Baseball,X03A33,Symbol_Signs_Recreational,high
Symbol_Signs_Recreational,X03A34.png,Exercise_X03A34.png,Exercise,X03A34,Symbol_Signs_Recreational,medium
Symbol_Signs_Recreational,X03A35.png,Skateboarding_X03A35.png,Skateboarding,X03A35,Symbol_Signs_Recreational,high
Symbol_Signs_Recreational,X03A36.png,InlineSkating_X03A36.png,InlineSkating,X03A36,Symbol_Signs_Recreational,high
Symbol_Signs_Recreational,X03B01.png,CrossCountrySkiingDark_X03B01.png,CrossCountrySkiingDark,X03B01,Symbol_Signs_Recreational,high
Symbol_Signs_Recreational,X03B02.png,DownhillSkiingDark_X03B02.png,DownhillSkiingDark,X03B02,Symbol_Signs_Recreational,high
Symbol_Signs_Recreational,X03B03.png,SkiJumpingDark_X03B03.png,SkiJumpingDark,X03B03,Symbol_Signs_Recreational,high
Symbol_Signs_Recreational,X03B04.png,SleddingDark_X03B04.png,SleddingDark,X03B04,Symbol_Signs_Recreational,high
Symbol_Signs_Recreational,X03B05.png,IceSkatingDark_X03B05.png,IceSkatingDark,X03B05,Symbol_Signs_Recreational,high
Symbol_Signs_Recreational,X03B06.png,SnowmobilingDark_X03B06.png,SnowmobilingDark,X03B06,Symbol_Signs_Recreational,high
Symbol_Signs_Recreational,X03B07.png,CrossCountrySkiing_X03B07.png,CrossCountrySkiing,X03B07,Symbol_Signs_Recreational,high
Symbol_Signs_Recreational,X03B08.png,DownhillSkiing_X03B08.png,DownhillSkiing,X03B08,Symbol_Signs_Recreational,high
Symbol_Signs_Recreational,X03B09.png,SkiJumping_X03B09.png,SkiJumping,X03B09,Symbol_Signs_Recreational,high
Symbol_Signs_Recreational,X03B10.png,Sledding_X03B10.png,Sledding,X03B10,Symbol_Signs_Recreational,high
Symbol_Signs_Recreational,X03B11.png,IceSkating_X03B11.png,IceSkating,X03B11,Symbol_Signs_Recreational,high
Symbol_Signs_Recreational,X03B12.png,Snowmobiling_X03B12.png,Snowmobiling,X03B12,Symbol_Signs_Recreational,high
Symbol_Signs_Recreational,X03B13.png,SnowflakeDark_X03B13.png,SnowflakeDark,X03B13,Symbol_Signs_Recreational,high
Symbol_Signs_Recreational,X03B14.png,SnowshoeingDark_X03B14.png,SnowshoeingDark,X03B14,Symbol_Signs_Recreational,high
Symbol_Signs_Recreational,X03B15.png,IceFishingDark_X03B15.png,IceFishingDark,X03B15,Symbol_Signs_Recreational,high
Symbol_Signs_Recreational,X03B16.png,SkiLiftDark_X03B16.png,SkiLiftDark,X03B16,Symbol_Signs_Recreational,high
Symbol_Signs_Recreational,X03B17.png,SnowboardingDark_X03B17.png,SnowboardingDark,X03B17,Symbol_Signs_Recreational,high
Symbol_Signs_Recreational,X03B18.png,Snowflake_X03B18.png,Snowflake,X03B18,Symbol_Signs_Recreational,high
Symbol_Signs_Recreational,X03B19.png,Snowshoeing_X03B19.png,Snowshoeing,X03B19,Symbol_Signs_Recreational,high
Symbol_Signs_Recreational,X03B20.png,IceFishing_X03B20.png,IceFishing,X03B20,Symbol_Signs_Recreational,high
Symbol_Signs_Recreational,X03B21.png,SkiLift_X03B21.png,SkiLift,X03B21,Symbol_Signs_Recreational,high
Symbol_Signs_Recreational,X03B22.png,Snowboarding_X03B22.png,Snowboarding,X03B22,Symbol_Signs_Recreational,high
Symbol_Signs_Recreational,X03B23.png,FishHatcheryDark_X03B23.png,FishHatcheryDark,X03B23,Symbol_Signs_Recreational,medium
Symbol_Signs_Recreational,X03B24.png,TourBoatDark_X03B24.png,TourBoatDark,X03B24,Symbol_Signs_Recreational,high
Symbol_Signs_Recreational,X03B25.png,AnchorageDark_X03B25.png,AnchorageDark,X03B25,Symbol_Signs_Recreational,high
Symbol_Signs_Recreational,X03B26.png,BoatLaunchDark_X03B26.png,BoatLaunchDark,X03B26,Symbol_Signs_Recreational,high
Symbol_Signs_Recreational,X03B27.png,MotorboatingDark_X03B27.png,MotorboatingDark,X03B27,Symbol_Signs_Recreational,high
Symbol_Signs_Recreational,X03B28.png,RowingDark_X03B28.png,RowingDark,X03B28,Symbol_Signs_Recreational,high
Symbol_Signs_Recreational,X03B29.png,FishHatchery_X03B29.png,FishHatchery,X03B29,Symbol_Signs_Recreational,medium
Symbol_Signs_Recreational,X03B30.png,TourBoat_X03B30.png,TourBoat,X03B30,Symbol_Signs_Recreational,high
Symbol_Signs_Recreational,X03B31.png,Anchorage_X03B31.png,Anchorage,X03B31,Symbol_Signs_Recreational,high
Symbol_Signs_Recreational,X03B32.png,BoatLaunch_X03B32.png,BoatLaunch,X03B32,Symbol_Signs_Recreational,high
Symbol_Signs_Recreational,X03B33.png,Motorboating_X03B33.png,Motorboating,X03B33,Symbol_Signs_Recreational,high
Symbol_Signs_Recreational,X03B34.png,Rowing_X03B34.png,Rowing,X03B34,Symbol_Signs_Recreational,high
Symbol_Signs_Recreational,X03C01.png,WaterSkiingDark_X03C01.png,WaterSkiingDark,X03C01,Symbol_Signs_Recreational,high
Symbol_Signs_Recreational,X03C02.png,SurfingDark_X03C02.png,SurfingDark,X03C02,Symbol_Signs_Recreational,high
Symbol_Signs_Recreational,X03C03.png,SwimmingDark_X03C03.png,SwimmingDark,X03C03,Symbol_Signs_Recreational,high
Symbol_Signs_Recreational,X03C04.png,ScubaDivingDark_X03C04.png,ScubaDivingDark,X03C04,Symbol_Signs_Recreational,high
Symbol_Signs_Recreational,X03C05.png,DivingDark_X03C05.png,DivingDark,X03C05,Symbol_Signs_Recreational,high
Symbol_Signs_Recreational,X03C06.png,FishingDark_X03C06.png,FishingDark,X03C06,Symbol_Signs_Recreational,high
Symbol_Signs_Recreational,X03C07.png,WaterSkiing_X03C07.png,WaterSkiing,X03C07,Symbol_Signs_Recreational,high
Symbol_Signs_Recreational,X03C08.png,Surfing_X03C08.png,Surfing,X03C08,Symbol_Signs_Recreational,high
Symbol_Signs_Recreational,X03C09.png,Swimming_X03C09.png,Swimming,X03C09,Symbol_Signs_Recreational,high
Symbol_Signs_Recreational,X03C10.png,ScubaDiving_X03C10.png,ScubaDiving,X03C10,Symbol_Signs_Recreational,high
Symbol_Signs_Recreational,X03C11.png,Diving_X03C11.png,Diving,X03C11,Symbol_Signs_Recreational,high
Symbol_Signs_Recreational,X03C12.png,Fishing_X03C12.png,Fishing,X03C12,Symbol_Signs_Recreational,high
Symbol_Signs_Recreational,X03C13.png,RaftingDark_X03C13.png,RaftingDark,X03C13,Symbol_Signs_Recreational,medium
Symbol_Signs_Recreational,X03C14.png,ClammingDark_X03C14.png,ClammingDark,X03C14,Symbol_Signs_Recreational,medium
Symbol_Signs_Recreational,X03C15.png,FishLadderDark_X03C15.png,FishLadderDark,X03C15,Symbol_Signs_Recreational,high
Symbol_Signs_Recreational,X03C16.png,FishCleaningDark_X03C16.png,FishCleaningDark,X03C16,Symbol_Signs_Recreational,high
Symbol_Signs_Recreational,X03C17.png,LifeJacketDark_X03C17.png,LifeJacketDark,X03C17,Symbol_Signs_Recreational,high
Symbol_Signs_Recreational,X03C18.png,SealViewingDark_X03C18.png,SealViewingDark,X03C18,Symbol_Signs_Recreational,high
Symbol_Signs_Recreational,X03C19.png,Rafting_X03C19.png,Rafting,X03C19,Symbol_Signs_Recreational,medium
Symbol_Signs_Recreational,X03C20.png,Clamming_X03C20.png,Clamming,X03C20,Symbol_Signs_Recreational,medium
Symbol_Signs_Recreational,X03C21.png,FishLadder_X03C21.png,FishLadder,X03C21,Symbol_Signs_Recreational,high
Symbol_Signs_Recreational,X03C22.png,FishCleaning_X03C22.png,FishCleaning,X03C22,Symbol_Signs_Recreational,high
Symbol_Signs_Recreational,X03C23.png,LifeJacket_X03C23.png,LifeJacket,X03C23,Symbol_Signs_Recreational,high
Symbol_Signs_Recreational,X03C24.png,SealViewing_X03C24.png,SealViewing,X03C24,Symbol_Signs_Recreational,high
Symbol_Signs_Recreational,X03C25.png,WhaleViewingDark_X03C25.png,WhaleViewingDark,X03C25,Symbol_Signs_Recreational,high
Symbol_Signs_Recreational,X03C26.png,WindsurfingDark_X03C26.png,WindsurfingDark,X03C26,Symbol_Signs_Recreational,high
Symbol_Signs_Recreational,X03C27.png,SailingDark_X03C27.png,SailingDark,X03C27,Symbol_Signs_Recreational,high
Symbol_Signs_Recreational,X03C28.png,WhaleViewing_X03C28.png,WhaleViewing,X03C28,Symbol_Signs_Recreational,high
Symbol_Signs_Recreational,X03C29.png,Windsurfing_X03C29.png,Windsurfing,X03C29,Symbol_Signs_Recreational,high
Symbol_Signs_Recreational,X03C30.png,Sailing_X03C30.png,Sailing,X03C30,Symbol_Signs_Recreational,high
Symbol_Signs_Recreational,X03D01.png,DrinkingWaterDark_X03D01.png,DrinkingWaterDark,X03D01,Symbol_Signs_Recreational,high
Symbol_Signs_Recreational,X03D02.png,InformationDark_X03D02.png,InformationDark,X03D02,Symbol_Signs_Recreational,high
Symbol_Signs_Recreational,X03D03.png,RangerStationDark_X03D03.png,RangerStationDark,X03D03,Symbol_Signs_Recreational,high
Symbol_Signs_Recreational,X03D04.png,GroceryStoreDark_X03D04.png,GroceryStoreDark,X03D04,Symbol_Signs_Recreational,high
Symbol_Signs_Recreational,X03D05.png,FirstAidDark_X03D05.png,FirstAidDark,X03D05,Symbol_Signs_Recreational,high
Symbol_Signs_Recreational,X03D06.png,TelephoneDark_X03D06.png,TelephoneDark,X03D06,Symbol_Signs_Recreational,high
Symbol_Signs_Recreational,X03D07.png,DrinkingWater_X03D07.png,DrinkingWater,X03D07,Symbol_Signs_Recreational,high
Symbol_Signs_Recreational,X03D08.png,Information_X03D08.png,Information,X03D08,Symbol_Signs_Recreational,high
Symbol_Signs_Recreational,X03D09.png,RangerStation_X03D09.png,RangerStation,X03D09,Symbol_Signs_Recreational,high
Symbol_Signs_Recreational,X03D10.png,GroceryStore_X03D10.png,GroceryStore,X03D10,Symbol_Signs_Recreational,high
Symbol_Signs_Recreational,X03D11.png,FirstAid_X03D11.png,FirstAid,X03D11,Symbol_Signs_Recreational,high
Symbol_Signs_Recreational,X03D12.png,Telephone_X03D12.png,Telephone,X03D12,Symbol_Signs_Recreational,high
Symbol_Signs_Recreational,X03D13.png,MailDark_X03D13.png,MailDark,X03D13,Symbol_Signs_Recreational,high
Symbol_Signs_Recreational,X03D14.png,MechanicDark_X03D14.png,MechanicDark,X03D14,Symbol_Signs_Recreational,high
Symbol_Signs_Recreational,X03D15.png,AirportDark_X03D15.png,AirportDark,X03D15,Symbol_Signs_Recreational,high
Symbol_Signs_Recreational,X03D16.png,LockerDark_X03D16.png,LockerDark,X03D16,Symbol_Signs_Recreational,high
Symbol_Signs_Recreational,X03D17.png,GasStationDark_X03D17.png,GasStationDark,X03D17,Symbol_Signs_Recreational,high
Symbol_Signs_Recreational,X03D18.png,FerryDark_X03D18.png,FerryDark,X03D18,Symbol_Signs_Recreational,high
Symbol_Signs_Recreational,X03D19.png,Mail_X03D19.png,Mail,X03D19,Symbol_Signs_Recreational,high
Symbol_Signs_Recreational,X03D20.png,Mechanic_X03D20.png,Mechanic,X03D20,Symbol_Signs_Recreational,high
Symbol_Signs_Recreational,X03D21.png,Airport_X03D21.png,Airport,X03D21,Symbol_Signs_Recreational,high
Symbol_Signs_Recreational,X03D22.png,Locker_X03D22.png,Locker,X03D22,Symbol_Signs_Recreational,high
Symbol_Signs_Recreational,X03D23.png,GasStation_X03D23.png,GasStation,X03D23,Symbol_Signs_Recreational,high
Symbol_Signs_Recreational,X03D24.png,Ferry_X03D24.png,Ferry,X03D24,Symbol_Signs_Recreational,high
Symbol_Signs_Recreational,X03D25.png,ShowersDark_X03D25.png,ShowersDark,X03D25,Symbol_Signs_Recreational,high
Symbol_Signs_Recreational,X03D26.png,PicnicShelterDark_X03D26.png,PicnicShelterDark,X03D26,Symbol_Signs_Recreational,high
Symbol_Signs_Recreational,X03D27.png,SanitaryDisposalDark_X03D27.png,SanitaryDisposalDark,X03D27,Symbol_Signs_Recreational,high
Symbol_Signs_Recreational,X03D28.png,ShelterDark_X03D28.png,ShelterDark,X03D28,Symbol_Signs_Recreational,high
Symbol_Signs_Recreational,X03D29.png,PicnicAreaDark_X03D29.png,PicnicAreaDark,X03D29,Symbol_Signs_Recreational,high
Symbol_Signs_Recreational,X03D30.png,KennelDark_X03D30.png,KennelDark,X03D30,Symbol_Signs_Recreational,medium
Symbol_Signs_Recreational,X03D31.png,Showers_X03D31.png,Showers,X03D31,Symbol_Signs_Recreational,high
Symbol_Signs_Recreational,X03D32.png,PicnicShelter_X03D32.png,PicnicShelter,X03D32,Symbol_Signs_Recreational,high
Symbol_Signs_Recreational,X03D33.png,SanitaryDisposal_X03D33.png,SanitaryDisposal,X03D33,Symbol_Signs_Recreational,high
Symbol_Signs_Recreational,X03D34.png,Shelter_X03D34.png,Shelter,X03D34,Symbol_Signs_Recreational,high
Symbol_Signs_Recreational,X03D35.png,PicnicArea_X03D35.png,PicnicArea,X03D35,Symbol_Signs_Recreational,high
Symbol_Signs_Recreational,X03D36.png,Kennel_X03D36.png,Kennel,X03D36,Symbol_Signs_Recreational,medium
Symbol_Signs_Recreational,X03E01.png,AerialTramwayDark_X03E01.png,AerialTramwayDark,X03E01,Symbol_Signs_Recreational,high
Symbol_Signs_Recreational,X03E02.png,StableDark_X03E02.png,StableDark,X03E02,Symbol_Signs_Recreational,medium
Symbol_Signs_Recreational,X03E03.png,LaundryDark_X03E03.png,LaundryDark,X03E03,Symbol_Signs_Recreational,high
Symbol_Signs_Recreational,X03E04.png,LitterDark_X03E04.png,LitterDark,X03E04,Symbol_Signs_Recreational,high
Symbol_Signs_Recreational,X03E05.png,RefuseCollectionDark_X03E05.png,RefuseCollectionDark,X03E05,Symbol_Signs_Recreational,medium
Symbol_Signs_Recreational,X03E06.png,ViewingShelterDark_X03E06.png,ViewingShelterDark,X03E06,Symbol_Signs_Recreational,medium
Symbol_Signs_Recreational,X03E07.png,AerialTramway_X03E07.png,AerialTramway,X03E07,Symbol_Signs_Recreational,high
Symbol_Signs_Recreational,X03E08.png,Stable_X03E08.png,Stable,X03E08,Symbol_Signs_Recreational,medium
Symbol_Signs_Recreational,X03E09.png,Laundry_X03E09.png,Laundry,X03E09,Symbol_Signs_Recreational,high
Symbol_Signs_Recreational,X03E10.png,Litter_X03E10.png,Litter,X03E10,Symbol_Signs_Recreational,high
Symbol_Signs_Recreational,X03E11.png,RefuseCollection_X03E11.png,RefuseCollection,X03E11,Symbol_Signs_Recreational,medium
Symbol_Signs_Recreational,X03E12.png,ViewingShelter_X03E12.png,ViewingShelter,X03E12,Symbol_Signs_Recreational,medium
Symbol_Signs_Recreational,X03E13.png,InterpretiveDisplayDark_X03E13.png,InterpretiveDisplayDark,X03E13,Symbol_Signs_Recreational,medium
Symbol_Signs_Recreational,X03E14.png,WoodcuttingDark_X03E14.png,WoodcuttingDark,X03E14,Symbol_Signs_Recreational,high
Symbol_Signs_Recreational,X03E15.png,InterpretiveDisplay_X03E15.png,InterpretiveDisplay,X03E15,Symbol_Signs_Recreational,medium
Symbol_Signs_Recreational,X03E16.png,Woodcutting_X03E16.png,Woodcutting,X03E16,Symbol_Signs_Recreational,high
Symbol_Signs_Recreational,X03E17.png,FirearmsDark_X03E17.png,FirearmsDark,X03E17,Symbol_Signs_Recreational,medium
Symbol_Signs_Recreational,X03E18.png,SmokingDark_X03E18.png,SmokingDark,X03E18,Symbol_Signs_Recreational,high
Symbol_Signs_Recreational,X03E19.png,AutomobileDark_X03E19.png,AutomobileDark,X03E19,Symbol_Signs_Recreational,high
Symbol_Signs_Recreational,X03E20.png,TruckDark_X03E20.png,TruckDark,X03E20,Symbol_Signs_Recreational,low
Symbol_Signs_Recreational,X03E21.png,TunnelDark_X03E21.png,TunnelDark,X03E21,Symbol_Signs_Recreational,high
Symbol_Signs_Recreational,X03E22.png,LookoutTowerDark_X03E22.png,LookoutTowerDark,X03E22,Symbol_Signs_Recreational,high
Symbol_Signs_Recreational,X03E23.png,Firearms_X03E23.png,Firearms,X03E23,Symbol_Signs_Recreational,medium
Symbol_Signs_Recreational,X03E24.png,Smoking_X03E24.png,Smoking,X03E24,Symbol_Signs_Recreational,high
Symbol_Signs_Recreational,X03E25.png,Automobile_X03E25.png,Automobile,X03E25,Symbol_Signs_Recreational,high
Symbol_Signs_Recreational,X03E26.png,Truck_X03E26.png,Truck,X03E26,Symbol_Signs_Recreational,low
Symbol_Signs_Recreational,X03E27.png,Tunnel_X03E27.png,Tunnel,X03E27,Symbol_Signs_Recreational,high
Symbol_Signs_Recreational,X03E28.png,LookoutTower_X03E28.png,LookoutTower,X03E28,Symbol_Signs_Recreational,high
Symbol_Signs_Recreational,X03F01.png,LighthouseDark_X03F01.png,LighthouseDark,X03F01,Symbol_Signs_Recreational,high
Symbol_Signs_Recreational,X03F02.png,FallingRocksDark_X03F02.png,FallingRocksDark,X03F02,Symbol_Signs_Recreational,high
Symbol_Signs_Recreational,X03F03.png,DamDark_X03F03.png,DamDark,X03F03,Symbol_Signs_Recreational,high
Symbol_Signs_Recreational,X03F04.png,DeerViewingDark_X03F04.png,DeerViewingDark,X03F04,Symbol_Signs_Recreational,high
Symbol_Signs_Recreational,X03F05.png,BearViewingDark_X03F05.png,BearViewingDark,X03F05,Symbol_Signs_Recreational,high
Symbol_Signs_Recreational,X03F06.png,PedestrianCrossingDark_X03F06.png,PedestrianCrossingDark,X03F06,Symbol_Signs_Recreational,high
Symbol_Signs_Recreational,X03F07.png,Lighthouse_X03F07.png,Lighthouse,X03F07,Symbol_Signs_Recreational,high
Symbol_Signs_Recreational,X03F08.png,FallingRocks_X03F08.png,FallingRocks,X03F08,Symbol_Signs_Recreational,high
Symbol_Signs_Recreational,X03F09.png,Dam_X03F09.png,Dam,X03F09,Symbol_Signs_Recreational,high
Symbol_Signs_Recreational,X03F10.png,DeerViewing_X03F10.png,DeerViewing,X03F10,Symbol_Signs_Recreational,high
Symbol_Signs_Recreational,X03F11.png,BearViewing_X03F11.png,BearViewing,X03F11,Symbol_Signs_Recreational,high
Symbol_Signs_Recreational,X03F12.png,PedestrianCrossing_X03F12.png,PedestrianCrossing,X03F12,Symbol_Signs_Recreational,high
Symbol_Signs_Recreational,X03F13.png,PetsOnLeashDark_X03F13.png,PetsOnLeashDark,X03F13,Symbol_Signs_Recreational,high
Symbol_Signs_Recreational,X03F14.png,BusDark_X03F14.png,BusDark,X03F14,Symbol_Signs_Recreational,high
Symbol_Signs_Recreational,X03F15.png,ObservationDark_X03F15.png,ObservationDark,X03F15,Symbol_Signs_Recreational,high
Symbol_Signs_Recreational,X03F16.png,CampfireDark_X03F16.png,CampfireDark,X03F16,Symbol_Signs_Recreational,high
Symbol_Signs_Recreational,X03F17.png,PointOfInterestDark_X03F17.png,PointOfInterestDark,X03F17,Symbol_Signs_Recreational,low
Symbol_Signs_Recreational,X03F18.png,FireExtinguisherDark_X03F18.png,FireExtinguisherDark,X03F18,Symbol_Signs_Recreational,high
Symbol_Signs_Recreational,X03F19.png,PetsOnLeash_X03F19.png,PetsOnLeash,X03F19,Symbol_Signs_Recreational,high
Symbol_Signs_Recreational,X03F20.png,Bus_X03F20.png,Bus,X03F20,Symbol_Signs_Recreational,high
Symbol_Signs_Recreational,X03F21.png,Observation_X03F21.png,Observation,X03F21,Symbol_Signs_Recreational,high
Symbol_Signs_Recreational,X03F22.png,Campfire_X03F22.png,Campfire,X03F22,Symbol_Signs_Recreational,high
Symbol_Signs_Recreational,X03F23.png,PointOfInterest_X03F23.png,PointOfInterest,X03F23,Symbol_Signs_Recreational,low
Symbol_Signs_Recreational,X03F24.png,FireExtinguisher_X03F24.png,FireExtinguisher,X03F24,Symbol_Signs_Recreational,high
Symbol_Signs_Recreational,X03F25.png,ElectricalHookupDark_X03F25.png,ElectricalHookupDark,X03F25,Symbol_Signs_Recreational,high
Symbol_Signs_Recreational,X03F26.png,AlcoholDark_X03F26.png,AlcoholDark,X03F26,Symbol_Signs_Recreational,high
Symbol_Signs_Recreational,X03F27.png,BeveragesDark_X03F27.png,BeveragesDark,X03F27,Symbol_Signs_Recreational,high
Symbol_Signs_Recreational,X03F28.png,SnackBarDark_X03F28.png,SnackBarDark,X03F28,Symbol_Signs_Recreational,high
Symbol_Signs_Recreational,X03F29.png,RadioDark_X03F29.png,RadioDark,X03F29,Symbol_Signs_Recreational,high
Symbol_Signs_Recreational,X03F30.png,StrollerDark_X03F30.png,StrollerDark,X03F30,Symbol_Signs_Recreational,high
Symbol_Signs_Recreational,X03F31.png,ElectricalHookup_X03F31.png,ElectricalHookup,X03F31,Symbol_Signs_Recreational,high
Symbol_Signs_Recreational,X03F32.png,Alcohol_X03F32.png,Alcohol,X03F32,Symbol_Signs_Recreational,high
Symbol_Signs_Recreational,X03F33.png,Beverages_X03F33.png,Beverages,X03F33,Symbol_Signs_Recreational,high
Symbol_Signs_Recreational,X03F34.png,SnackBar_X03F34.png,SnackBar,X03F34,Symbol_Signs_Recreational,high
Symbol_Signs_Recreational,X03F35.png,Radio_X03F35.png,Radio,X03F35,Symbol_Signs_Recreational,high
Symbol_Signs_Recreational,X03F36.png,Stroller_X03F36.png,Stroller,X03F36,Symbol_Signs_Recreational,high
Symbol_Signs_Recreational,X03G01.png,LodgingDark_X03G01.png,LodgingDark,X03G01,Symbol_Signs_Recreational,high
Symbol_Signs_Recreational,X03G02.png,RestaurantDark_X03G02.png,RestaurantDark,X03G02,Symbol_Signs_Recreational,high
Symbol_Signs_Recreational,X03G03.png,RestroomMenDark_X03G03.png,RestroomMenDark,X03G03,Symbol_Signs_Recreational,high
Symbol_Signs_Recreational,X03G04.png,RestroomsDark_X03G04.png,RestroomsDark,X03G04,Symbol_Signs_Recreational,high
Symbol_Signs_Recreational,X03G05.png,RestroomWomenDark_X03G05.png,RestroomWomenDark,X03G05,Symbol_Signs_Recreational,high
Symbol_Signs_Recreational,X03G06.png,AccessibleDark_X03G06.png,AccessibleDark,X03G06,Symbol_Signs_Recreational,high
Symbol_Signs_Recreational,X03G07.png,Lodging_X03G07.png,Lodging,X03G07,Symbol_Signs_Recreational,high
Symbol_Signs_Recreational,X03G08.png,Restaurant_X03G08.png,Restaurant,X03G08,Symbol_Signs_Recreational,high
Symbol_Signs_Recreational,X03G09.png,RestroomMen_X03G09.png,RestroomMen,X03G09,Symbol_Signs_Recreational,high
Symbol_Signs_Recreational,X03G10.png,Restrooms_X03G10.png,Restrooms,X03G10,Symbol_Signs_Recreational,high
Symbol_Signs_Recreational,X03G11.png,RestroomWomen_X03G11.png,RestroomWomen,X03G11,Symbol_Signs_Recreational,high
Symbol_Signs_Recreational,X03G12.png,Accessible_X03G12.png,Accessible,X03G12,Symbol_Signs_Recreational,high
Symbol_Signs_Recreational,X03G13.png,ParkingDark_X03G13.png,ParkingDark,X03G13,Symbol_Signs_Recreational,high
Symbol_Signs_Recreational,X03G14.png,CampingShelterDark_X03G14.png,CampingShelterDark,X03G14,Symbol_Signs_Recreational,high
Symbol_Signs_Recreational,X03G15.png,TentCampingDark_X03G15.png,TentCampingDark,X03G15,Symbol_Signs_Recreational,high
Symbol_Signs_Recreational,X03G16.png,TrailerCampingDark_X03G16.png,TrailerCampingDark,X03G16,Symbol_Signs_Recreational,high
Symbol_Signs_Recreational,X03G17.png,RVCampingDark_X03G17.png,RVCampingDark,X03G17,Symbol_Signs_Recreational,high
Symbol_Signs_Recreational,X03G18.png,Parking_X03G18.png,Parking,X03G18,Symbol_Signs_Recreational,high
Symbol_Signs_Recreational,X03G19.png,CampingShelter_X03G19.png,CampingShelter,X03G19,Symbol_Signs_Recreational,high
Symbol_Signs_Recreational,X03G20.png,TentCamping_X03G20.png,TentCamping,X03G20,Symbol_Signs_Recreational,high
Symbol_Signs_Recreational,X03G21.png,TrailerCamping_X03G21.png,TrailerCamping,X03G21,Symbol_Signs_Recreational,high
Symbol_Signs_Recreational,X03G22.png,RVCamping_X03G22.png,RVCamping,X03G22,Symbol_Signs_Recreational,high
Symbol_Signs_Recreational,X03G23.png,NoFirearms_X03G23.png,NoFirearms,X03G23,Symbol_Signs_Recreational,high
Symbol_Signs_Recreational,X03G24.png,NoSmoking_X03G24.png,NoSmoking,X03G24,Symbol_Signs_Recreational,high
Symbol_Signs_Recreational,X03G25.png,NoAutomobiles_X03G25.png,NoAutomobiles,X03G25,Symbol_Signs_Recreational,high
Symbol_Signs_Recreational,X03G26.png,NoTrucks_X03G26.png,NoTrucks,X03G26,Symbol_Signs_Recreational,high
Symbol_Signs_Recreational,X03G27.png,NoDrinkingWater_X03G27.png,NoDrinkingWater,X03G27,Symbol_Signs_Recreational,high
Symbol_Signs_Recreational,X03G28.png,NoTrailers_X03G28.png,NoTrailers,X03G28,Symbol_Signs_Recreational,high
Symbol_Signs_Recreational,X03G29.png,NoCampfires_X03G29.png,NoCampfires,X03G29,Symbol_Signs_Recreational,high
Symbol_Signs_Recreational,X03G30.png,NoPicnicking_X03G30.png,NoPicnicking,X03G30,Symbol_Signs_Recreational,high
Symbol_Signs_Recreational,X03G31.png,NoSkiJumping_X03G31.png,NoSkiJumping,X03G31,Symbol_Signs_Recreational,high
Symbol_Signs_Recreational,X03G32.png,NoSledding_X03G32.png,NoSledding,X03G32,Symbol_Signs_Recreational,high
Symbol_Signs_Recreational,X03G33.png,NoSnowboarding_X03G33.png,NoSnowboarding,X03G33,Symbol_Signs_Recreational,medium
Symbol_Signs_Recreational,X03G34.png,NoScubaDiving_X03G34.png,NoScubaDiving,X03G34,Symbol_Signs_Recreational,high
Symbol_Signs_Recreational,X03H01.png,NoSwimming_X03H01.png,NoSwimming,X03H01,Symbol_Signs_Recreational,high
Symbol_Signs_Recreational,X03H02.png,NoDiving_X03H02.png,NoDiving,X03H02,Symbol_Signs_Recreational,high
Symbol_Signs_Recreational,X03H03.png,NoFishing_X03H03.png,NoFishing,X03H03,Symbol_Signs_Recreational,high
Symbol_Signs_Recreational,X03H04.png,NoRockClimbing_X03H04.png,NoRockClimbing,X03H04,Symbol_Signs_Recreational,high
Symbol_Signs_Recreational,X03H05.png,NoRockCollecting_X03H05.png,NoRockCollecting,X03H05,Symbol_Signs_Recreational,high
Symbol_Signs_Recreational,X03H06.png,NoLittering_X03H06.png,NoLittering,X03H06,Symbol_Signs_Recreational,high
Symbol_Signs_Recreational,X03H07.png,NoClamming_X03H07.png,NoClamming,X03H07,Symbol_Signs_Recreational,medium
Symbol_Signs_Recreational,X03H08.png,NoFishingAlt_X03H08.png,NoFishingAlt,X03H08,Symbol_Signs_Recreational,medium
Symbol_Signs_Recreational,X03H09.png,NoBeverages_X03H09.png,NoBeverages,X03H09,Symbol_Signs_Recreational,high
Symbol_Signs_Recreational,X03H10.png,NoFoodOrDrink_X03H10.png,NoFoodOrDrink,X03H10,Symbol_Signs_Recreational,high
Symbol_Signs_Recreational,X03H11.png,NoRadios_X03H11.png,NoRadios,X03H11,Symbol_Signs_Recreational,high
Symbol_Signs_Recreational,X03H12.png,NoRVs_X03H12.png,NoRVs,X03H12,Symbol_Signs_Recreational,high
Symbol_Signs_Recreational,X03H13.png,NoStrollers_X03H13.png,NoStrollers,X03H13,Symbol_Signs_Recreational,high
Symbol_Signs_Recreational,X03H14.png,NoPedestrians_X03H14.png,NoPedestrians,X03H14,Symbol_Signs_Recreational,high
Symbol_Signs_Recreational,X03H15.png,NoPetsOnLeash_X03H15.png,NoPetsOnLeash,X03H15,Symbol_Signs_Recreational,high
Symbol_Signs_Recreational,X03H16.png,NoFuel_X03H16.png,NoFuel,X03H16,Symbol_Signs_Recreational,high
Symbol_Signs_Recreational,X03H17.png,NoParking_X03H17.png,NoParking,X03H17,Symbol_Signs_Recreational,high
Symbol_Signs_Recreational,X03H18.png,NoTentCamping_X03H18.png,NoTentCamping,X03H18,Symbol_Signs_Recreational,high
Symbol_Signs_Recreational,X03H19.png,NoIceSkating_X03H19.png,NoIceSkating,X03H19,Symbol_Signs_Recreational,high
Symbol_Signs_Recreational,X03H20.png,NoSnowmobiling_X03H20.png,NoSnowmobiling,X03H20,Symbol_Signs_Recreational,high
Symbol_Signs_Recreational,X03H21.png,NoBoatLaunch_X03H21.png,NoBoatLaunch,X03H21,Symbol_Signs_Recreational,high
Symbol_Signs_Recreational,X03H22.png,NoMotorboating_X03H22.png,NoMotorboating,X03H22,Symbol_Signs_Recreational,high
Symbol_Signs_Recreational,X03H23.png,NoWaterSkiing_X03H23.png,NoWaterSkiing,X03H23,Symbol_Signs_Recreational,high
Symbol_Signs_Recreational,X03H24.png,NoHorsebackRiding_X03H24.png,NoHorsebackRiding,X03H24,Symbol_Signs_Recreational,high
Symbol_Signs_Recreational,X03H25.png,NoBicycles_X03H25.png,NoBicycles,X03H25,Symbol_Signs_Recreational,high
Symbol_Signs_Recreational,X03H26.png,NoFourWheelDrive_X03H26.png,NoFourWheelDrive,X03H26,Symbol_Signs_Recreational,high
Symbol_Signs_Recreational,X03H27.png,NoShooting_X03H27.png,NoShooting,X03H27,Symbol_Signs_Recreational,high
Symbol_Signs_Recreational,X03H28.png,NoRopeClimbing_X03H28.png,NoRopeClimbing,X03H28,Symbol_Signs_Recreational,medium
Symbol_Signs_Recreational,X03H29.png,NoFishCleaning_X03H29.png,NoFishCleaning,X03H29,Symbol_Signs_Recreational,high
Symbol_Signs_Recreational,X03H30.png,NoAllTerrainVehicles_X03H30.png,NoAllTerrainVehicles,X03H30,Symbol_Signs_Recreational,high
Symbol_Signs_Recreational,X03H31.png,NoBaseball_X03H31.png,NoBaseball,X03H31,Symbol_Signs_Recreational,high
Symbol_Signs_Recreational,X03H32.png,NoSkateboarding_X03H32.png,NoSkateboarding,X03H32,Symbol_Signs_Recreational,high
Symbol_Signs_Recreational,X03H33.png,NoAlcohol_X03H33.png,NoAlcohol,X03H33,Symbol_Signs_Recreational,high
Symbol_Signs_Recreational,X03H34.png,NoWoodcutting_X03H34.png,NoWoodcutting,X03H34,Symbol_Signs_Recreational,high
Symbol_Signs_Recreational,X03H35.png,NoMotorbikes_X03H35.png,NoMotorbikes,X03H35,Symbol_Signs_Recreational,high
Symbol_Signs_Recreational,X03H36.png,NoDownhillSkiing_X03H36.png,NoDownhillSkiing,X03H36,Symbol_Signs_Recreational,high
Symbol_Signs_Transportation_01,X04A01.png,Telephone_X04A01.png,Telephone,X04A01,Symbol_Signs_Transportation_01,high
Symbol_Signs_Transportation_01,X04A02.png,Mail_X04A02.png,Mail,X04A02,Symbol_Signs_Transportation_01,high
Symbol_Signs_Transportation_01,X04A03.png,Telegraph_X04A03.png,Telegraph,X04A03,Symbol_Signs_Transportation_01,medium
Symbol_Signs_Transportation_01,X04A04.png,CurrencyExchange_X04A04.png,CurrencyExchange,X04A04,Symbol_Signs_Transportation_01,high
Symbol_Signs_Transportation_01,X04A05.png,Cashier_X04A05.png,Cashier,X04A05,Symbol_Signs_Transportation_01,medium
Symbol_Signs_Transportation_01,X04A06.png,FirstAid_X04A06.png,FirstAid,X04A06,Symbol_Signs_Transportation_01,high
Symbol_Signs_Transportation_01,X04A07.png,TelephoneCircle_X04A07.png,TelephoneCircle,X04A07,Symbol_Signs_Transportation_01,high
Symbol_Signs_Transportation_01,X04A08.png,MailCircle_X04A08.png,MailCircle,X04A08,Symbol_Signs_Transportation_01,high
Symbol_Signs_Transportation_01,X04A09.png,TelegraphCircle_X04A09.png,TelegraphCircle,X04A09,Symbol_Signs_Transportation_01,medium
Symbol_Signs_Transportation_01,X04A10.png,CurrencyExchangeCircle_X04A10.png,CurrencyExchangeCircle,X04A10,Symbol_Signs_Transportation_01,high
Symbol_Signs_Transportation_01,X04A11.png,CashierCircle_X04A11.png,CashierCircle,X04A11,Symbol_Signs_Transportation_01,medium
Symbol_Signs_Transportation_01,X04A12.png,FirstAidCircle_X04A12.png,FirstAidCircle,X04A12,Symbol_Signs_Transportation_01,high
Symbol_Signs_Transportation_01,X04A13.png,Stairs_X04A13.png,Stairs,X04A13,Symbol_Signs_Transportation_01,high
Symbol_Signs_Transportation_01,X04A14.png,StairsUp_X04A14.png,StairsUp,X04A14,Symbol_Signs_Transportation_01,high
Symbol_Signs_Transportation_01,X04A15.png,StairsDown_X04A15.png,StairsDown,X04A15,Symbol_Signs_Transportation_01,high
Symbol_Signs_Transportation_01,X04A16.png,Escalator_X04A16.png,Escalator,X04A16,Symbol_Signs_Transportation_01,high
Symbol_Signs_Transportation_01,X04A17.png,EscalatorUp_X04A17.png,EscalatorUp,X04A17,Symbol_Signs_Transportation_01,high
Symbol_Signs_Transportation_01,X04A18.png,EscalatorDown_X04A18.png,EscalatorDown,X04A18,Symbol_Signs_Transportation_01,high
Symbol_Signs_Transportation_01,X04A19.png,StairsCircle_X04A19.png,StairsCircle,X04A19,Symbol_Signs_Transportation_01,high
Symbol_Signs_Transportation_01,X04A20.png,StairsUpCircle_X04A20.png,StairsUpCircle,X04A20,Symbol_Signs_Transportation_01,high
Symbol_Signs_Transportation_01,X04A21.png,StairsDownCircle_X04A21.png,StairsDownCircle,X04A21,Symbol_Signs_Transportation_01,high
Symbol_Signs_Transportation_01,X04A22.png,EscalatorCircle_X04A22.png,EscalatorCircle,X04A22,Symbol_Signs_Transportation_01,high
Symbol_Signs_Transportation_01,X04A23.png,EscalatorUpCircle_X04A23.png,EscalatorUpCircle,X04A23,Symbol_Signs_Transportation_01,high
Symbol_Signs_Transportation_01,X04A24.png,EscalatorDownCircle_X04A24.png,EscalatorDownCircle,X04A24,Symbol_Signs_Transportation_01,high
Symbol_Signs_Transportation_01,X04A25.png,LostAndFound_X04A25.png,LostAndFound,X04A25,Symbol_Signs_Transportation_01,high
Symbol_Signs_Transportation_01,X04A26.png,Coatroom_X04A26.png,Coatroom,X04A26,Symbol_Signs_Transportation_01,high
Symbol_Signs_Transportation_01,X04A27.png,Locker_X04A27.png,Locker,X04A27,Symbol_Signs_Transportation_01,high
Symbol_Signs_Transportation_01,X04A28.png,BaggageStorage_X04A28.png,BaggageStorage,X04A28,Symbol_Signs_Transportation_01,medium
Symbol_Signs_Transportation_01,X04A29.png,BaggageCart_X04A29.png,BaggageCart,X04A29,Symbol_Signs_Transportation_01,high
Symbol_Signs_Transportation_01,X04A30.png,LostAndFoundCircle_X04A30.png,LostAndFoundCircle,X04A30,Symbol_Signs_Transportation_01,high
Symbol_Signs_Transportation_01,X04A31.png,CoatroomCircle_X04A31.png,CoatroomCircle,X04A31,Symbol_Signs_Transportation_01,high
Symbol_Signs_Transportation_01,X04A32.png,LockerCircle_X04A32.png,LockerCircle,X04A32,Symbol_Signs_Transportation_01,high
Symbol_Signs_Transportation_01,X04A33.png,BaggageStorageCircle_X04A33.png,BaggageStorageCircle,X04A33,Symbol_Signs_Transportation_01,medium
Symbol_Signs_Transportation_01,X04A34.png,BaggageCartCircle_X04A34.png,BaggageCartCircle,X04A34,Symbol_Signs_Transportation_01,high
Symbol_Signs_Transportation_01,X04B01.png,RestroomMen_X04B01.png,RestroomMen,X04B01,Symbol_Signs_Transportation_01,high
Symbol_Signs_Transportation_01,X04B02.png,RestroomWomen_X04B02.png,RestroomWomen,X04B02,Symbol_Signs_Transportation_01,high
Symbol_Signs_Transportation_01,X04B03.png,Restrooms_X04B03.png,Restrooms,X04B03,Symbol_Signs_Transportation_01,high
Symbol_Signs_Transportation_01,X04B04.png,Elevator_X04B04.png,Elevator,X04B04,Symbol_Signs_Transportation_01,high
Symbol_Signs_Transportation_01,X04B05.png,Nursery_X04B05.png,Nursery,X04B05,Symbol_Signs_Transportation_01,high
Symbol_Signs_Transportation_01,X04B06.png,DrinkingFountain_X04B06.png,DrinkingFountain,X04B06,Symbol_Signs_Transportation_01,high
Symbol_Signs_Transportation_01,X04B07.png,RestroomMenCircle_X04B07.png,RestroomMenCircle,X04B07,Symbol_Signs_Transportation_01,high
Symbol_Signs_Transportation_01,X04B08.png,RestroomWomenCircle_X04B08.png,RestroomWomenCircle,X04B08,Symbol_Signs_Transportation_01,high
Symbol_Signs_Transportation_01,X04B09.png,RestroomsCircle_X04B09.png,RestroomsCircle,X04B09,Symbol_Signs_Transportation_01,high
Symbol_Signs_Transportation_01,X04B10.png,ElevatorCircle_X04B10.png,ElevatorCircle,X04B10,Symbol_Signs_Transportation_01,high
Symbol_Signs_Transportation_01,X04B11.png,NurseryCircle_X04B11.png,NurseryCircle,X04B11,Symbol_Signs_Transportation_01,high
Symbol_Signs_Transportation_01,X04B12.png,DrinkingFountainCircle_X04B12.png,DrinkingFountainCircle,X04B12,Symbol_Signs_Transportation_01,high
Symbol_Signs_Transportation_01,X04B13.png,WaitingRoom_X04B13.png,WaitingRoom,X04B13,Symbol_Signs_Transportation_01,high
Symbol_Signs_Transportation_01,X04B14.png,Information_X04B14.png,Information,X04B14,Symbol_Signs_Transportation_01,high
Symbol_Signs_Transportation_01,X04B15.png,HotelInformation_X04B15.png,HotelInformation,X04B15,Symbol_Signs_Transportation_01,high
Symbol_Signs_Transportation_01,X04B16.png,AirTransportation_X04B16.png,AirTransportation,X04B16,Symbol_Signs_Transportation_01,high
Symbol_Signs_Transportation_01,X04B17.png,HelicopterService_X04B17.png,HelicopterService,X04B17,Symbol_Signs_Transportation_01,high
Symbol_Signs_Transportation_01,X04B18.png,Taxi_X04B18.png,Taxi,X04B18,Symbol_Signs_Transportation_01,high
Symbol_Signs_Transportation_01,X04B19.png,WaitingRoomCircle_X04B19.png,WaitingRoomCircle,X04B19,Symbol_Signs_Transportation_01,high
Symbol_Signs_Transportation_01,X04B20.png,InformationCircle_X04B20.png,InformationCircle,X04B20,Symbol_Signs_Transportation_01,high
Symbol_Signs_Transportation_01,X04B21.png,HotelInformationCircle_X04B21.png,HotelInformationCircle,X04B21,Symbol_Signs_Transportation_01,high
Symbol_Signs_Transportation_01,X04B22.png,AirTransportationCircle_X04B22.png,AirTransportationCircle,X04B22,Symbol_Signs_Transportation_01,high
Symbol_Signs_Transportation_01,X04B23.png,HelicopterServiceCircle_X04B23.png,HelicopterServiceCircle,X04B23,Symbol_Signs_Transportation_01,high
Symbol_Signs_Transportation_01,X04B24.png,TaxiCircle_X04B24.png,TaxiCircle,X04B24,Symbol_Signs_Transportation_01,high
Symbol_Signs_Transportation_01,X04B25.png,Bus_X04B25.png,Bus,X04B25,Symbol_Signs_Transportation_01,high
Symbol_Signs_Transportation_01,X04B26.png,GroundTransportation_X04B26.png,GroundTransportation,X04B26,Symbol_Signs_Transportation_01,high
Symbol_Signs_Transportation_01,X04B27.png,RailTransportation_X04B27.png,RailTransportation,X04B27,Symbol_Signs_Transportation_01,high
Symbol_Signs_Transportation_01,X04B28.png,WaterTransportation_X04B28.png,WaterTransportation,X04B28,Symbol_Signs_Transportation_01,high
Symbol_Signs_Transportation_01,X04B29.png,Accessible_X04B29.png,Accessible,X04B29,Symbol_Signs_Transportation_01,high
Symbol_Signs_Transportation_01,X04B30.png,BusCircle_X04B30.png,BusCircle,X04B30,Symbol_Signs_Transportation_01,high
Symbol_Signs_Transportation_01,X04B31.png,GroundTransportationCircle_X04B31.png,GroundTransportationCircle,X04B31,Symbol_Signs_Transportation_01,high
Symbol_Signs_Transportation_01,X04B32.png,RailTransportationCircle_X04B32.png,RailTransportationCircle,X04B32,Symbol_Signs_Transportation_01,high
Symbol_Signs_Transportation_01,X04B33.png,WaterTransportationCircle_X04B33.png,WaterTransportationCircle,X04B33,Symbol_Signs_Transportation_01,high
Symbol_Signs_Transportation_01,X04B34.png,AccessibleCircle_X04B34.png,AccessibleCircle,X04B34,Symbol_Signs_Transportation_01,high
Symbol_Signs_Transportation_01,X04C01.png,CarRental_X04C01.png,CarRental,X04C01,Symbol_Signs_Transportation_01,high
Symbol_Signs_Transportation_01,X04C02.png,Restaurant_X04C02.png,Restaurant,X04C02,Symbol_Signs_Transportation_01,high
Symbol_Signs_Transportation_01,X04C03.png,CoffeeShop_X04C03.png,CoffeeShop,X04C03,Symbol_Signs_Transportation_01,high
Symbol_Signs_Transportation_01,X04C04.png,Bar_X04C04.png,Bar,X04C04,Symbol_Signs_Transportation_01,high
Symbol_Signs_Transportation_01,X04C05.png,GiftShop_X04C05.png,GiftShop,X04C05,Symbol_Signs_Transportation_01,high
Symbol_Signs_Transportation_01,X04C06.png,BarberBeauty_X04C06.png,BarberBeauty,X04C06,Symbol_Signs_Transportation_01,high
Symbol_Signs_Transportation_01,X04C07.png,CarRentalCircle_X04C07.png,CarRentalCircle,X04C07,Symbol_Signs_Transportation_01,high
Symbol_Signs_Transportation_01,X04C08.png,RestaurantCircle_X04C08.png,RestaurantCircle,X04C08,Symbol_Signs_Transportation_01,high
Symbol_Signs_Transportation_01,X04C09.png,CoffeeShopCircle_X04C09.png,CoffeeShopCircle,X04C09,Symbol_Signs_Transportation_01,high
Symbol_Signs_Transportation_01,X04C10.png,BarCircle_X04C10.png,BarCircle,X04C10,Symbol_Signs_Transportation_01,high
Symbol_Signs_Transportation_01,X04C11.png,GiftShopCircle_X04C11.png,GiftShopCircle,X04C11,Symbol_Signs_Transportation_01,high
Symbol_Signs_Transportation_01,X04C12.png,BarberBeautyCircle_X04C12.png,BarberBeautyCircle,X04C12,Symbol_Signs_Transportation_01,high
Symbol_Signs_Transportation_01,X04C13.png,BarberShop_X04C13.png,BarberShop,X04C13,Symbol_Signs_Transportation_01,high
Symbol_Signs_Transportation_01,X04C14.png,BeautySalon_X04C14.png,BeautySalon,X04C14,Symbol_Signs_Transportation_01,high
Symbol_Signs_Transportation_01,X04C15.png,BarberShopCircle_X04C15.png,BarberShopCircle,X04C15,Symbol_Signs_Transportation_01,high
Symbol_Signs_Transportation_01,X04C16.png,BeautySalonCircle_X04C16.png,BeautySalonCircle,X04C16,Symbol_Signs_Transportation_01,high
Symbol_Signs_Transportation_01,X04C17.png,TicketPurchase_X04C17.png,TicketPurchase,X04C17,Symbol_Signs_Transportation_01,high
Symbol_Signs_Transportation_01,X04C18.png,Baggage_X04C18.png,Baggage,X04C18,Symbol_Signs_Transportation_01,medium
Symbol_Signs_Transportation_01,X04C19.png,Customs_X04C19.png,Customs,X04C19,Symbol_Signs_Transportation_01,medium
Symbol_Signs_Transportation_01,X04C20.png,Immigration_X04C20.png,Immigration,X04C20,Symbol_Signs_Transportation_01,medium
Symbol_Signs_Transportation_01,X04C21.png,DepartingFlights_X04C21.png,DepartingFlights,X04C21,Symbol_Signs_Transportation_01,medium
Symbol_Signs_Transportation_01,X04C22.png,ArrivingFlights_X04C22.png,ArrivingFlights,X04C22,Symbol_Signs_Transportation_01,medium
Symbol_Signs_Transportation_01,X04C23.png,TicketPurchaseCircle_X04C23.png,TicketPurchaseCircle,X04C23,Symbol_Signs_Transportation_01,high
Symbol_Signs_Transportation_01,X04C24.png,BaggageCircle_X04C24.png,BaggageCircle,X04C24,Symbol_Signs_Transportation_01,medium
Symbol_Signs_Transportation_01,X04C25.png,CustomsCircle_X04C25.png,CustomsCircle,X04C25,Symbol_Signs_Transportation_01,medium
Symbol_Signs_Transportation_01,X04C26.png,ImmigrationCircle_X04C26.png,ImmigrationCircle,X04C26,Symbol_Signs_Transportation_01,medium
Symbol_Signs_Transportation_01,X04C27.png,DepartingFlightsCircle_X04C27.png,DepartingFlightsCircle,X04C27,Symbol_Signs_Transportation_01,medium
Symbol_Signs_Transportation_01,X04C28.png,ArrivingFlightsCircle_X04C28.png,ArrivingFlightsCircle,X04C28,Symbol_Signs_Transportation_01,medium
Symbol_Signs_Transportation_01,X04C29.png,Porter_X04C29.png,Porter,X04C29,Symbol_Signs_Transportation_01,medium
Symbol_Signs_Transportation_01,X04C30.png,PorterCircle_X04C30.png,PorterCircle,X04C30,Symbol_Signs_Transportation_01,medium
Symbol_Signs_Transportation_01,X04D01.png,Smoking_X04D01.png,Smoking,X04D01,Symbol_Signs_Transportation_01,high
Symbol_Signs_Transportation_01,X04D02.png,NoSmoking_X04D02.png,NoSmoking,X04D02,Symbol_Signs_Transportation_01,high
Symbol_Signs_Transportation_01,X04D03.png,Parking_X04D03.png,Parking,X04D03,Symbol_Signs_Transportation_01,high
Symbol_Signs_Transportation_01,X04D04.png,NoParking_X04D04.png,NoParking,X04D04,Symbol_Signs_Transportation_01,high
Symbol_Signs_Transportation_01,X04D05.png,NoPets_X04D05.png,NoPets,X04D05,Symbol_Signs_Transportation_01,high
Symbol_Signs_Transportation_01,X04D06.png,NoLittering_X04D06.png,NoLittering,X04D06,Symbol_Signs_Transportation_01,low
Symbol_Signs_Transportation_01,X04D07.png,SmokingCircle_X04D07.png,SmokingCircle,X04D07,Symbol_Signs_Transportation_01,high
Symbol_Signs_Transportation_01,X04D08.png,NoSmokingCircle_X04D08.png,NoSmokingCircle,X04D08,Symbol_Signs_Transportation_01,high
Symbol_Signs_Transportation_01,X04D09.png,ParkingCircle_X04D09.png,ParkingCircle,X04D09,Symbol_Signs_Transportation_01,high
Symbol_Signs_Transportation_01,X04D10.png,NoParkingCircle_X04D10.png,NoParkingCircle,X04D10,Symbol_Signs_Transportation_01,high
Symbol_Signs_Transportation_01,X04D11.png,NoPetsPlain_X04D11.png,NoPetsPlain,X04D11,Symbol_Signs_Transportation_01,high
Symbol_Signs_Transportation_01,X04D12.png,NoPetsAltPlain_X04D12.png,NoPetsAltPlain,X04D12,Symbol_Signs_Transportation_01,low
Symbol_Signs_Transportation_01,X04D13.png,ProhibitionBlank_X04D13.png,ProhibitionBlank,X04D13,Symbol_Signs_Transportation_01,high
Symbol_Signs_Transportation_01,X04D14.png,NoEntry_X04D14.png,NoEntry,X04D14,Symbol_Signs_Transportation_01,high
Symbol_Signs_Transportation_01,X04D15.png,GreenCircleOpen_X04D15.png,GreenCircleOpen,X04D15,Symbol_Signs_Transportation_01,low
Symbol_Signs_Transportation_01,X04D16.png,FireExtinguisher_X04D16.png,FireExtinguisher,X04D16,Symbol_Signs_Transportation_01,high
Symbol_Signs_Transportation_01,X04D17.png,Litter_X04D17.png,Litter,X04D17,Symbol_Signs_Transportation_01,high
Symbol_Signs_Transportation_01,X04D18.png,ProhibitionBlankCircle_X04D18.png,ProhibitionBlankCircle,X04D18,Symbol_Signs_Transportation_01,high
Symbol_Signs_Transportation_01,X04D19.png,NoEntryCircle_X04D19.png,NoEntryCircle,X04D19,Symbol_Signs_Transportation_01,high
Symbol_Signs_Transportation_01,X04D20.png,GreenCircleOpenCircle_X04D20.png,GreenCircleOpenCircle,X04D20,Symbol_Signs_Transportation_01,low
Symbol_Signs_Transportation_01,X04D21.png,FireExtinguisherCircle_X04D21.png,FireExtinguisherCircle,X04D21,Symbol_Signs_Transportation_01,high
Symbol_Signs_Transportation_01,X04D22.png,LitterCircle_X04D22.png,LitterCircle,X04D22,Symbol_Signs_Transportation_01,high
Symbol_Signs_Transportation_01,X04D23.png,ArrowUp_X04D23.png,ArrowUp,X04D23,Symbol_Signs_Transportation_01,high
Symbol_Signs_Transportation_01,X04D24.png,ArrowDown_X04D24.png,ArrowDown,X04D24,Symbol_Signs_Transportation_01,high
Symbol_Signs_Transportation_01,X04D25.png,ArrowRight_X04D25.png,ArrowRight,X04D25,Symbol_Signs_Transportation_01,high
Symbol_Signs_Transportation_01,X04D26.png,ArrowLeft_X04D26.png,ArrowLeft,X04D26,Symbol_Signs_Transportation_01,high
Symbol_Signs_Transportation_01,X04D27.png,ArrowDownLeft_X04D27.png,ArrowDownLeft,X04D27,Symbol_Signs_Transportation_01,high
Symbol_Signs_Transportation_01,X04D28.png,ArrowDownRight_X04D28.png,ArrowDownRight,X04D28,Symbol_Signs_Transportation_01,high
Symbol_Signs_Transportation_01,X04D29.png,ArrowUpLeft_X04D29.png,ArrowUpLeft,X04D29,Symbol_Signs_Transportation_01,high
Symbol_Signs_Transportation_01,X04D30.png,ArrowUpRight_X04D30.png,ArrowUpRight,X04D30,Symbol_Signs_Transportation_01,high
Symbol_Signs_Transportation_01,X04E01.png,Smoking_X04E01.png,Smoking,X04E01,Symbol_Signs_Transportation_01,high
Symbol_Signs_Transportation_01,X04E02.png,NoSmoking_X04E02.png,NoSmoking,X04E02,Symbol_Signs_Transportation_01,high
Symbol_Signs_Transportation_01,X04E03.png,SmokingArea_X04E03.png,SmokingArea,X04E03,Symbol_Signs_Transportation_01,medium
Symbol_Signs_Transportation_01,X04E04.png,NoSmokingBanner_X04E04.png,NoSmokingBanner,X04E04,Symbol_Signs_Transportation_01,medium
Symbol_Signs_Transportation_01,X04E05.png,NoSmokingAshtray_X04E05.png,NoSmokingAshtray,X04E05,Symbol_Signs_Transportation_01,medium
Symbol_Signs_Transportation_01,X04E06.png,SmokingBanner_X04E06.png,SmokingBanner,X04E06,Symbol_Signs_Transportation_01,medium
Symbol_Signs_Transportation_01,X04E07.png,BeverageServiceMan_X04E07.png,BeverageServiceMan,X04E07,Symbol_Signs_Transportation_01,medium
Symbol_Signs_Transportation_01,X04E08.png,BeverageServiceWoman_X04E08.png,BeverageServiceWoman,X04E08,Symbol_Signs_Transportation_01,medium
Symbol_Signs_Transportation_01,X04E09.png,BeverageService_X04E09.png,BeverageService,X04E09,Symbol_Signs_Transportation_01,medium
Symbol_Signs_Transportation_01,X04E10.png,NoSeating_X04E10.png,NoSeating,X04E10,Symbol_Signs_Transportation_01,medium
Symbol_Signs_Transportation_01,X04E11.png,SeatAssignment_X04E11.png,SeatAssignment,X04E11,Symbol_Signs_Transportation_01,medium
Symbol_Signs_Transportation_01,X04E12.png,FastenSeatBelt_X04E12.png,FastenSeatBelt,X04E12,Symbol_Signs_Transportation_01,high
Symbol_Signs_Transportation_01,X04E13.png,SeatRowSign35_X04E13.png,SeatRowSign35,X04E13,Symbol_Signs_Transportation_01,medium
Symbol_Signs_Transportation_01,X04E14.png,SeatRowSign5_X04E14.png,SeatRowSign5,X04E14,Symbol_Signs_Transportation_01,medium
Symbol_Signs_Transportation_01,X04E15.png,Restrooms_X04E15.png,Restrooms,X04E15,Symbol_Signs_Transportation_01,high
Symbol_Signs_Transportation_01,X04E16.png,RestroomsProhibited_X04E16.png,RestroomsProhibited,X04E16,Symbol_Signs_Transportation_01,medium
Symbol_Signs_Transportation_01,X04E17.png,Accessible_X04E17.png,Accessible,X04E17,Symbol_Signs_Transportation_01,high
Symbol_Signs_Transportation_01,X04E18.png,SecureAreaArrow_X04E18.png,SecureAreaArrow,X04E18,Symbol_Signs_Transportation_01,low
Symbol_Signs_Transportation_01,X04E19.png,NoEntryRound_X04E19.png,NoEntryRound,X04E19,Symbol_Signs_Transportation_01,high
Symbol_Signs_Transportation_01,X04E20.png,GreenCircleOpenPlate_X04E20.png,GreenCircleOpenPlate,X04E20,Symbol_Signs_Transportation_01,low
Symbol_Signs_Transportation_01,X04E21.png,Litter_X04E21.png,Litter,X04E21,Symbol_Signs_Transportation_01,high
Symbol_Signs_Transportation_01,X04E22.png,NoLittering_X04E22.png,NoLittering,X04E22,Symbol_Signs_Transportation_01,high
Symbol_Signs_Transportation_01,X04E23.png,SanitaryFacilities_X04E23.png,SanitaryFacilities,X04E23,Symbol_Signs_Transportation_01,low
Symbol_Signs_Transportation_01,X04E24.png,RazorBladeDisposal_X04E24.png,RazorBladeDisposal,X04E24,Symbol_Signs_Transportation_01,medium
Symbol_Signs_Transportation_01,X04E25.png,BabyChanging_X04E25.png,BabyChanging,X04E25,Symbol_Signs_Transportation_01,high
Symbol_Signs_Transportation_01,X04E26.png,ToiletTissue_X04E26.png,ToiletTissue,X04E26,Symbol_Signs_Transportation_01,medium
Symbol_Signs_Transportation_01,X04E27.png,FireExtinguisher_X04E27.png,FireExtinguisher,X04E27,Symbol_Signs_Transportation_01,high
Symbol_Signs_Transportation_01,X04E28.png,LifeRaft_X04E28.png,LifeRaft,X04E28,Symbol_Signs_Transportation_01,high
Symbol_Signs_Transportation_01,X04E29.png,OxygenCylinder_X04E29.png,OxygenCylinder,X04E29,Symbol_Signs_Transportation_01,high
Symbol_Signs_Transportation_01,X04E30.png,FirstAid_X04E30.png,FirstAid,X04E30,Symbol_Signs_Transportation_01,high
Symbol_Signs_Transportation_01,X04E31.png,Flashlight_X04E31.png,Flashlight,X04E31,Symbol_Signs_Transportation_01,high
Symbol_Signs_Transportation_01,X04E32.png,Battery_X04E32.png,Battery,X04E32,Symbol_Signs_Transportation_01,high
Symbol_Signs_Transportation_01,X04E33.png,WasteContainer_X04E33.png,WasteContainer,X04E33,Symbol_Signs_Transportation_01,medium
Symbol_Signs_Transportation_01,X04E34.png,LightBulb_X04E34.png,LightBulb,X04E34,Symbol_Signs_Transportation_01,high
Symbol_Signs_Transportation_01,X04E35.png,Megaphone_X04E35.png,Megaphone,X04E35,Symbol_Signs_Transportation_01,high
Symbol_Signs_Transportation_01,X04E36.png,NoBaggage_X04E36.png,NoBaggage,X04E36,Symbol_Signs_Transportation_01,high
Symbol_Signs_Transportation_01,X04E37.png,PowerOutlet_X04E37.png,PowerOutlet,X04E37,Symbol_Signs_Transportation_01,high
Symbol_Signs_Transportation_02,X05A01.png,ExitDark_X05A01.png,ExitDark,X05A01,Symbol_Signs_Transportation_02,high
Symbol_Signs_Transportation_02,X05A02.png,InformationDark_X05A02.png,InformationDark,X05A02,Symbol_Signs_Transportation_02,high
Symbol_Signs_Transportation_02,X05A03.png,AccessibleDark_X05A03.png,AccessibleDark,X05A03,Symbol_Signs_Transportation_02,high
Symbol_Signs_Transportation_02,X05A04.png,EscalatorDark_X05A04.png,EscalatorDark,X05A04,Symbol_Signs_Transportation_02,high
Symbol_Signs_Transportation_02,X05A05.png,StairsUpDark_X05A05.png,StairsUpDark,X05A05,Symbol_Signs_Transportation_02,high
Symbol_Signs_Transportation_02,X05A06.png,StairsDownDark_X05A06.png,StairsDownDark,X05A06,Symbol_Signs_Transportation_02,high
Symbol_Signs_Transportation_02,X05A07.png,Exit_X05A07.png,Exit,X05A07,Symbol_Signs_Transportation_02,high
Symbol_Signs_Transportation_02,X05A08.png,Information_X05A08.png,Information,X05A08,Symbol_Signs_Transportation_02,high
Symbol_Signs_Transportation_02,X05A09.png,Accessible_X05A09.png,Accessible,X05A09,Symbol_Signs_Transportation_02,high
Symbol_Signs_Transportation_02,X05A10.png,Escalator_X05A10.png,Escalator,X05A10,Symbol_Signs_Transportation_02,high
Symbol_Signs_Transportation_02,X05A11.png,StairsUp_X05A11.png,StairsUp,X05A11,Symbol_Signs_Transportation_02,high
Symbol_Signs_Transportation_02,X05A12.png,StairsDown_X05A12.png,StairsDown,X05A12,Symbol_Signs_Transportation_02,high
Symbol_Signs_Transportation_02,X05A13.png,ElevatorAccessibleDark_X05A13.png,ElevatorAccessibleDark,X05A13,Symbol_Signs_Transportation_02,high
Symbol_Signs_Transportation_02,X05A14.png,RestroomMenDark_X05A14.png,RestroomMenDark,X05A14,Symbol_Signs_Transportation_02,high
Symbol_Signs_Transportation_02,X05A15.png,RestroomWomenDark_X05A15.png,RestroomWomenDark,X05A15,Symbol_Signs_Transportation_02,high
Symbol_Signs_Transportation_02,X05A16.png,RestroomsDark_X05A16.png,RestroomsDark,X05A16,Symbol_Signs_Transportation_02,high
Symbol_Signs_Transportation_02,X05A17.png,DrinkingFountainDark_X05A17.png,DrinkingFountainDark,X05A17,Symbol_Signs_Transportation_02,high
Symbol_Signs_Transportation_02,X05A18.png,LitterDark_X05A18.png,LitterDark,X05A18,Symbol_Signs_Transportation_02,high
Symbol_Signs_Transportation_02,X05A19.png,ElevatorAccessible_X05A19.png,ElevatorAccessible,X05A19,Symbol_Signs_Transportation_02,high
Symbol_Signs_Transportation_02,X05A20.png,RestroomMen_X05A20.png,RestroomMen,X05A20,Symbol_Signs_Transportation_02,high
Symbol_Signs_Transportation_02,X05A21.png,RestroomWomen_X05A21.png,RestroomWomen,X05A21,Symbol_Signs_Transportation_02,high
Symbol_Signs_Transportation_02,X05A22.png,Restrooms_X05A22.png,Restrooms,X05A22,Symbol_Signs_Transportation_02,high
Symbol_Signs_Transportation_02,X05A23.png,DrinkingFountain_X05A23.png,DrinkingFountain,X05A23,Symbol_Signs_Transportation_02,high
Symbol_Signs_Transportation_02,X05A24.png,Litter_X05A24.png,Litter,X05A24,Symbol_Signs_Transportation_02,high
Symbol_Signs_Transportation_02,X05A25.png,TelephoneDark_X05A25.png,TelephoneDark,X05A25,Symbol_Signs_Transportation_02,high
Symbol_Signs_Transportation_02,X05A26.png,TextTelephoneDark_X05A26.png,TextTelephoneDark,X05A26,Symbol_Signs_Transportation_02,high
Symbol_Signs_Transportation_02,X05A27.png,TelephoneAmplifiedDark_X05A27.png,TelephoneAmplifiedDark,X05A27,Symbol_Signs_Transportation_02,high
Symbol_Signs_Transportation_02,X05A28.png,HearingLoopDark_X05A28.png,HearingLoopDark,X05A28,Symbol_Signs_Transportation_02,high
Symbol_Signs_Transportation_02,X05A29.png,FirstAidDark_X05A29.png,FirstAidDark,X05A29,Symbol_Signs_Transportation_02,high
Symbol_Signs_Transportation_02,X05A30.png,LostAndFoundDark_X05A30.png,LostAndFoundDark,X05A30,Symbol_Signs_Transportation_02,high
Symbol_Signs_Transportation_02,X05A31.png,Telephone_X05A31.png,Telephone,X05A31,Symbol_Signs_Transportation_02,high
Symbol_Signs_Transportation_02,X05A32.png,TextTelephone_X05A32.png,TextTelephone,X05A32,Symbol_Signs_Transportation_02,high
Symbol_Signs_Transportation_02,X05A33.png,TelephoneAmplified_X05A33.png,TelephoneAmplified,X05A33,Symbol_Signs_Transportation_02,high
Symbol_Signs_Transportation_02,X05A34.png,HearingLoop_X05A34.png,HearingLoop,X05A34,Symbol_Signs_Transportation_02,high
Symbol_Signs_Transportation_02,X05A35.png,FirstAid_X05A35.png,FirstAid,X05A35,Symbol_Signs_Transportation_02,high
Symbol_Signs_Transportation_02,X05A36.png,LostAndFound_X05A36.png,LostAndFound,X05A36,Symbol_Signs_Transportation_02,high
Symbol_Signs_Transportation_02,X05B01.png,LockerDark_X05B01.png,LockerDark,X05B01,Symbol_Signs_Transportation_02,high
Symbol_Signs_Transportation_02,X05B02.png,SmokingDark_X05B02.png,SmokingDark,X05B02,Symbol_Signs_Transportation_02,high
Symbol_Signs_Transportation_02,X05B03.png,FireExtinguisherDark_X05B03.png,FireExtinguisherDark,X05B03,Symbol_Signs_Transportation_02,high
Symbol_Signs_Transportation_02,X05B04.png,TaxiDark_X05B04.png,TaxiDark,X05B04,Symbol_Signs_Transportation_02,high
Symbol_Signs_Transportation_02,X05B05.png,BusDark_X05B05.png,BusDark,X05B05,Symbol_Signs_Transportation_02,high
Symbol_Signs_Transportation_02,X05B06.png,CarFerryDark_X05B06.png,CarFerryDark,X05B06,Symbol_Signs_Transportation_02,high
Symbol_Signs_Transportation_02,X05B07.png,Locker_X05B07.png,Locker,X05B07,Symbol_Signs_Transportation_02,high
Symbol_Signs_Transportation_02,X05B08.png,Smoking_X05B08.png,Smoking,X05B08,Symbol_Signs_Transportation_02,high
Symbol_Signs_Transportation_02,X05B09.png,FireExtinguisher_X05B09.png,FireExtinguisher,X05B09,Symbol_Signs_Transportation_02,high
Symbol_Signs_Transportation_02,X05B10.png,Taxi_X05B10.png,Taxi,X05B10,Symbol_Signs_Transportation_02,high
Symbol_Signs_Transportation_02,X05B11.png,Bus_X05B11.png,Bus,X05B11,Symbol_Signs_Transportation_02,high
Symbol_Signs_Transportation_02,X05B12.png,CarFerry_X05B12.png,CarFerry,X05B12,Symbol_Signs_Transportation_02,high
Symbol_Signs_Transportation_02,X05B13.png,CarRentalDark_X05B13.png,CarRentalDark,X05B13,Symbol_Signs_Transportation_02,high
Symbol_Signs_Transportation_02,X05B14.png,BicycleDark_X05B14.png,BicycleDark,X05B14,Symbol_Signs_Transportation_02,high
Symbol_Signs_Transportation_02,X05B15.png,MotorcycleDark_X05B15.png,MotorcycleDark,X05B15,Symbol_Signs_Transportation_02,high
Symbol_Signs_Transportation_02,X05B16.png,ParkingDark_X05B16.png,ParkingDark,X05B16,Symbol_Signs_Transportation_02,high
Symbol_Signs_Transportation_02,X05B17.png,MailDark_X05B17.png,MailDark,X05B17,Symbol_Signs_Transportation_02,high
Symbol_Signs_Transportation_02,X05B18.png,RecyclingDark_X05B18.png,RecyclingDark,X05B18,Symbol_Signs_Transportation_02,high
Symbol_Signs_Transportation_02,X05B19.png,CarRental_X05B19.png,CarRental,X05B19,Symbol_Signs_Transportation_02,high
Symbol_Signs_Transportation_02,X05B20.png,Bicycle_X05B20.png,Bicycle,X05B20,Symbol_Signs_Transportation_02,high
Symbol_Signs_Transportation_02,X05B21.png,Motorcycle_X05B21.png,Motorcycle,X05B21,Symbol_Signs_Transportation_02,high
Symbol_Signs_Transportation_02,X05B22.png,Parking_X05B22.png,Parking,X05B22,Symbol_Signs_Transportation_02,high
Symbol_Signs_Transportation_02,X05B23.png,Mail_X05B23.png,Mail,X05B23,Symbol_Signs_Transportation_02,high
Symbol_Signs_Transportation_02,X05B24.png,Recycling_X05B24.png,Recycling,X05B24,Symbol_Signs_Transportation_02,high
Symbol_Signs_Transportation_02,X05B25.png,PorterDark_X05B25.png,PorterDark,X05B25,Symbol_Signs_Transportation_02,high
Symbol_Signs_Transportation_02,X05B26.png,AccessibleRampDark_X05B26.png,AccessibleRampDark,X05B26,Symbol_Signs_Transportation_02,high
Symbol_Signs_Transportation_02,X05B27.png,TramDark_X05B27.png,TramDark,X05B27,Symbol_Signs_Transportation_02,high
Symbol_Signs_Transportation_02,X05B28.png,TrainDark_X05B28.png,TrainDark,X05B28,Symbol_Signs_Transportation_02,high
Symbol_Signs_Transportation_02,X05B29.png,SubwayDark_X05B29.png,SubwayDark,X05B29,Symbol_Signs_Transportation_02,high
Symbol_Signs_Transportation_02,X05B30.png,EmergencyRefugeDark_X05B30.png,EmergencyRefugeDark,X05B30,Symbol_Signs_Transportation_02,medium
Symbol_Signs_Transportation_02,X05B31.png,Porter_X05B31.png,Porter,X05B31,Symbol_Signs_Transportation_02,high
Symbol_Signs_Transportation_02,X05B32.png,AccessibleRamp_X05B32.png,AccessibleRamp,X05B32,Symbol_Signs_Transportation_02,high
Symbol_Signs_Transportation_02,X05B33.png,Tram_X05B33.png,Tram,X05B33,Symbol_Signs_Transportation_02,high
Symbol_Signs_Transportation_02,X05B34.png,Train_X05B34.png,Train,X05B34,Symbol_Signs_Transportation_02,high
Symbol_Signs_Transportation_02,X05B35.png,Subway_X05B35.png,Subway,X05B35,Symbol_Signs_Transportation_02,high
Symbol_Signs_Transportation_02,X05B36.png,EmergencyRefuge_X05B36.png,EmergencyRefuge,X05B36,Symbol_Signs_Transportation_02,medium
Symbol_Signs_Transportation_02,X05C01.png,EmergencyPhoneDark_X05C01.png,EmergencyPhoneDark,X05C01,Symbol_Signs_Transportation_02,high
Symbol_Signs_Transportation_02,X05C02.png,PassengerPickupDark_X05C02.png,PassengerPickupDark,X05C02,Symbol_Signs_Transportation_02,medium
Symbol_Signs_Transportation_02,X05C03.png,BusStopDark_X05C03.png,BusStopDark,X05C03,Symbol_Signs_Transportation_02,high
Symbol_Signs_Transportation_02,X05C04.png,EmergencyPhone_X05C04.png,EmergencyPhone,X05C04,Symbol_Signs_Transportation_02,high
Symbol_Signs_Transportation_02,X05C05.png,PassengerPickup_X05C05.png,PassengerPickup,X05C05,Symbol_Signs_Transportation_02,medium
Symbol_Signs_Transportation_02,X05C06.png,BusStop_X05C06.png,BusStop,X05C06,Symbol_Signs_Transportation_02,high
Symbol_Signs_Transportation_02,X05C07.png,NoRadio_X05C07.png,NoRadio,X05C07,Symbol_Signs_Transportation_02,high
Symbol_Signs_Transportation_02,X05C08.png,NoFood_X05C08.png,NoFood,X05C08,Symbol_Signs_Transportation_02,high
Symbol_Signs_Transportation_02,X05C09.png,NoLittering_X05C09.png,NoLittering,X05C09,Symbol_Signs_Transportation_02,high
Symbol_Signs_Transportation_02,X05C10.png,NoDrinks_X05C10.png,NoDrinks,X05C10,Symbol_Signs_Transportation_02,high
Symbol_Signs_Transportation_02,X05C11.png,NoFoodOrDrink_X05C11.png,NoFoodOrDrink,X05C11,Symbol_Signs_Transportation_02,high
Symbol_Signs_Transportation_02,X05C12.png,NoSmoking_X05C12.png,NoSmoking,X05C12,Symbol_Signs_Transportation_02,high
Symbol_Signs_Transportation_02,X05C13.png,WetFloorWarning_X05C13.png,WetFloorWarning,X05C13,Symbol_Signs_Transportation_02,high
Symbol_Signs_Transportation_02,X05C14.png,DangerElectrical_X05C14.png,DangerElectrical,X05C14,Symbol_Signs_Transportation_02,high
Symbol_Signs_Transportation_02,X05C15.png,DangerFlammable_X05C15.png,DangerFlammable,X05C15,Symbol_Signs_Transportation_02,high
Symbol_Signs_Transportation_02,X05C16.png,PedestrianWarning_X05C16.png,PedestrianWarning,X05C16,Symbol_Signs_Transportation_02,high
Symbol_Signs_Transportation_02,X05C17.png,ArrowRight_X05C17.png,ArrowRight,X05C17,Symbol_Signs_Transportation_02,high
Symbol_Signs_Transportation_02,X05C18.png,ArrowUpRight_X05C18.png,ArrowUpRight,X05C18,Symbol_Signs_Transportation_02,high
Symbol_Signs_Transportation_02,X05C19.png,ArrowUTurnDown_X05C19.png,ArrowUTurnDown,X05C19,Symbol_Signs_Transportation_02,high
International_Icons_Electronic_Labeling,X06A01.png,Monitor_X06A01.png,Monitor,X06A01,International_Icons_Electronic_Labeling,high
International_Icons_Electronic_Labeling,X06A02.png,Keyboard_X06A02.png,Keyboard,X06A02,International_Icons_Electronic_Labeling,high
International_Icons_Electronic_Labeling,X06A03.png,Printer_X06A03.png,Printer,X06A03,International_Icons_Electronic_Labeling,high
International_Icons_Electronic_Labeling,X06A04.png,Mouse_X06A04.png,Mouse,X06A04,International_Icons_Electronic_Labeling,high
International_Icons_Electronic_Labeling,X06A05.png,Joystick_X06A05.png,Joystick,X06A05,International_Icons_Electronic_Labeling,high
International_Icons_Electronic_Labeling,X06A06.png,OpticalDrive_X06A06.png,OpticalDrive,X06A06,International_Icons_Electronic_Labeling,low
International_Icons_Electronic_Labeling,X06A07.png,TapeDrive_X06A07.png,TapeDrive,X06A07,International_Icons_Electronic_Labeling,low
International_Icons_Electronic_Labeling,X06A08.png,DiskDrive_X06A08.png,DiskDrive,X06A08,International_Icons_Electronic_Labeling,medium
International_Icons_Electronic_Labeling,X06A09.png,FloppyDisk35_X06A09.png,FloppyDisk35,X06A09,International_Icons_Electronic_Labeling,high
International_Icons_Electronic_Labeling,X06A10.png,FloppyDisk35Alt_X06A10.png,FloppyDisk35Alt,X06A10,International_Icons_Electronic_Labeling,high
International_Icons_Electronic_Labeling,X06A11.png,DiskInsertDrive_X06A11.png,DiskInsertDrive,X06A11,International_Icons_Electronic_Labeling,medium
International_Icons_Electronic_Labeling,X06A12.png,FloppyDisk525_X06A12.png,FloppyDisk525,X06A12,International_Icons_Electronic_Labeling,high
International_Icons_Electronic_Labeling,X06A13.png,DiskEject_X06A13.png,DiskEject,X06A13,International_Icons_Electronic_Labeling,medium
International_Icons_Electronic_Labeling,X06A14.png,DiskInsert_X06A14.png,DiskInsert,X06A14,International_Icons_Electronic_Labeling,medium
International_Icons_Electronic_Labeling,X06A15.png,FloppyDisk525Alt_X06A15.png,FloppyDisk525Alt,X06A15,International_Icons_Electronic_Labeling,high
International_Icons_Electronic_Labeling,X06A16.png,DiskStorage_X06A16.png,DiskStorage,X06A16,International_Icons_Electronic_Labeling,medium
International_Icons_Electronic_Labeling,X06A17.png,HardDisk_X06A17.png,HardDisk,X06A17,International_Icons_Electronic_Labeling,low
International_Icons_Electronic_Labeling,X06A18.png,Cartridge_X06A18.png,Cartridge,X06A18,International_Icons_Electronic_Labeling,low
International_Icons_Electronic_Labeling,X06A19.png,CartridgeEject_X06A19.png,CartridgeEject,X06A19,International_Icons_Electronic_Labeling,low
International_Icons_Electronic_Labeling,X06A20.png,CartridgeInsert_X06A20.png,CartridgeInsert,X06A20,International_Icons_Electronic_Labeling,low
International_Icons_Electronic_Labeling,X06A21.png,Locked_X06A21.png,Locked,X06A21,International_Icons_Electronic_Labeling,high
International_Icons_Electronic_Labeling,X06A22.png,Unlocked_X06A22.png,Unlocked,X06A22,International_Icons_Electronic_Labeling,high
International_Icons_Electronic_Labeling,X06A23.png,LinkChain_X06A23.png,LinkChain,X06A23,International_Icons_Electronic_Labeling,medium
International_Icons_Electronic_Labeling,X06A24.png,MoveFourWay_X06A24.png,MoveFourWay,X06A24,International_Icons_Electronic_Labeling,high
International_Icons_Electronic_Labeling,X06A25.png,PulseSignal_X06A25.png,PulseSignal,X06A25,International_Icons_Electronic_Labeling,medium
International_Icons_Electronic_Labeling,X06A26.png,LineSpacing_X06A26.png,LineSpacing,X06A26,International_Icons_Electronic_Labeling,low
International_Icons_Electronic_Labeling,X06A27.png,Mail_X06A27.png,Mail,X06A27,International_Icons_Electronic_Labeling,high
International_Icons_Electronic_Labeling,X06A28.png,MailOut_X06A28.png,MailOut,X06A28,International_Icons_Electronic_Labeling,medium
International_Icons_Electronic_Labeling,X06A29.png,MailIn_X06A29.png,MailIn,X06A29,International_Icons_Electronic_Labeling,medium
International_Icons_Electronic_Labeling,X06A30.png,Table_X06A30.png,Table,X06A30,International_Icons_Electronic_Labeling,low
International_Icons_Electronic_Labeling,X06A31.png,TextAlign_X06A31.png,TextAlign,X06A31,International_Icons_Electronic_Labeling,low
International_Icons_Electronic_Labeling,X06A32.png,Input_X06A32.png,Input,X06A32,International_Icons_Electronic_Labeling,medium
International_Icons_Electronic_Labeling,X06A33.png,Output_X06A33.png,Output,X06A33,International_Icons_Electronic_Labeling,medium
International_Icons_Electronic_Labeling,X06A34.png,CircuitDiagramA_X06A34.png,CircuitDiagramA,X06A34,International_Icons_Electronic_Labeling,low
International_Icons_Electronic_Labeling,X06A35.png,CircuitDiagramB_X06A35.png,CircuitDiagramB,X06A35,International_Icons_Electronic_Labeling,low
International_Icons_Electronic_Labeling,X06A36.png,CircuitLoop_X06A36.png,CircuitLoop,X06A36,International_Icons_Electronic_Labeling,low
International_Icons_Electronic_Labeling,X06A37.png,ReelToReelTape_X06A37.png,ReelToReelTape,X06A37,International_Icons_Electronic_Labeling,high
International_Icons_Electronic_Labeling,X06A38.png,CompactDiscDataStorageLogo_X06A38.png,CompactDiscDataStorageLogo,X06A38,International_Icons_Electronic_Labeling,high
International_Icons_Electronic_Labeling,X06A39.png,CompactDisc_X06A39.png,CompactDisc,X06A39,International_Icons_Electronic_Labeling,high
International_Icons_Electronic_Labeling,X06B01.png,MicrophoneHandheld_X06B01.png,MicrophoneHandheld,X06B01,International_Icons_Electronic_Labeling,high
International_Icons_Electronic_Labeling,X06B02.png,MicrophoneWithCable_X06B02.png,MicrophoneWithCable,X06B02,International_Icons_Electronic_Labeling,high
International_Icons_Electronic_Labeling,X06B03.png,LoudspeakerProfile_X06B03.png,LoudspeakerProfile,X06B03,International_Icons_Electronic_Labeling,low
International_Icons_Electronic_Labeling,X06B04.png,MicrophoneStand_X06B04.png,MicrophoneStand,X06B04,International_Icons_Electronic_Labeling,high
International_Icons_Electronic_Labeling,X06B05.png,MicrophoneStudio_X06B05.png,MicrophoneStudio,X06B05,International_Icons_Electronic_Labeling,low
International_Icons_Electronic_Labeling,X06B06.png,Ear_X06B06.png,Ear,X06B06,International_Icons_Electronic_Labeling,high
International_Icons_Electronic_Labeling,X06B07.png,Headphones_X06B07.png,Headphones,X06B07,International_Icons_Electronic_Labeling,high
International_Icons_Electronic_Labeling,X06B08.png,Headset_X06B08.png,Headset,X06B08,International_Icons_Electronic_Labeling,high
International_Icons_Electronic_Labeling,X06B09.png,Loudspeaker_X06B09.png,Loudspeaker,X06B09,International_Icons_Electronic_Labeling,high
International_Icons_Electronic_Labeling,X06B10.png,AudioBalance_X06B10.png,AudioBalance,X06B10,International_Icons_Electronic_Labeling,low
International_Icons_Electronic_Labeling,X06B11.png,SpeakerMuted_X06B11.png,SpeakerMuted,X06B11,International_Icons_Electronic_Labeling,high
International_Icons_Electronic_Labeling,X06B12.png,VolumeRamp_X06B12.png,VolumeRamp,X06B12,International_Icons_Electronic_Labeling,high
International_Icons_Electronic_Labeling,X06B13.png,VolumeSteps_X06B13.png,VolumeSteps,X06B13,International_Icons_Electronic_Labeling,high
International_Icons_Electronic_Labeling,X06B14.png,SpeechOutput_X06B14.png,SpeechOutput,X06B14,International_Icons_Electronic_Labeling,high
International_Icons_Electronic_Labeling,X06B15.png,Listening_X06B15.png,Listening,X06B15,International_Icons_Electronic_Labeling,high
International_Icons_Electronic_Labeling,X06B16.png,MusicNote_X06B16.png,MusicNote,X06B16,International_Icons_Electronic_Labeling,high
International_Icons_Electronic_Labeling,X06B17.png,MusicNoteDouble_X06B17.png,MusicNoteDouble,X06B17,International_Icons_Electronic_Labeling,high
International_Icons_Electronic_Labeling,X06B18.png,TrebleClef_X06B18.png,TrebleClef,X06B18,International_Icons_Electronic_Labeling,high
International_Icons_Electronic_Labeling,X06B19.png,BassClef_X06B19.png,BassClef,X06B19,International_Icons_Electronic_Labeling,high
International_Icons_Electronic_Labeling,X06B20.png,SquareWaveCircle_X06B20.png,SquareWaveCircle,X06B20,International_Icons_Electronic_Labeling,low
International_Icons_Electronic_Labeling,X06B21.png,SquareInCircle_X06B21.png,SquareInCircle,X06B21,International_Icons_Electronic_Labeling,low
International_Icons_Electronic_Labeling,X06B22.png,AudioTrackSelect_X06B22.png,AudioTrackSelect,X06B22,International_Icons_Electronic_Labeling,low
International_Icons_Electronic_Labeling,X06B23.png,RepeatLoop_X06B23.png,RepeatLoop,X06B23,International_Icons_Electronic_Labeling,high
International_Icons_Electronic_Labeling,X06B24.png,ArrowsOppositeStraight_X06B24.png,ArrowsOppositeStraight,X06B24,International_Icons_Electronic_Labeling,low
International_Icons_Electronic_Labeling,X06B25.png,ArrowsOppositeLoop_X06B25.png,ArrowsOppositeLoop,X06B25,International_Icons_Electronic_Labeling,low
International_Icons_Electronic_Labeling,X06B26.png,TapeReels_X06B26.png,TapeReels,X06B26,International_Icons_Electronic_Labeling,medium
International_Icons_Electronic_Labeling,X06B27.png,CassetteOutline_X06B27.png,CassetteOutline,X06B27,International_Icons_Electronic_Labeling,high
International_Icons_Electronic_Labeling,X06B28.png,CassetteFilled_X06B28.png,CassetteFilled,X06B28,International_Icons_Electronic_Labeling,high
International_Icons_Electronic_Labeling,X06B29.png,TurntableStylus_X06B29.png,TurntableStylus,X06B29,International_Icons_Electronic_Labeling,medium
International_Icons_Electronic_Labeling,X06B30.png,TriangleDownLine_X06B30.png,TriangleDownLine,X06B30,International_Icons_Electronic_Labeling,low
International_Icons_Electronic_Labeling,X06B31.png,TriangleDownWideLine_X06B31.png,TriangleDownWideLine,X06B31,International_Icons_Electronic_Labeling,low
International_Icons_Electronic_Labeling,X06B32.png,VinylRecord_X06B32.png,VinylRecord,X06B32,International_Icons_Electronic_Labeling,high
International_Icons_Electronic_Labeling,X06B33.png,CircleWithSlot_X06B33.png,CircleWithSlot,X06B33,International_Icons_Electronic_Labeling,low
International_Icons_Electronic_Labeling,X06B34.png,CassetteReelsDots_X06B34.png,CassetteReelsDots,X06B34,International_Icons_Electronic_Labeling,low
International_Icons_Electronic_Labeling,X06B35.png,CompactDiscDigitalAudioLogo_X06B35.png,CompactDiscDigitalAudioLogo,X06B35,International_Icons_Electronic_Labeling,high
International_Icons_Electronic_Labeling,X06B36.png,CompactDiscAlt_X06B36.png,CompactDiscAlt,X06B36,International_Icons_Electronic_Labeling,high
International_Icons_Electronic_Labeling,X06B37.png,ScreenBlank_X06B37.png,ScreenBlank,X06B37,International_Icons_Electronic_Labeling,medium
International_Icons_Electronic_Labeling,X06B38.png,ScreenInFrame_X06B38.png,ScreenInFrame,X06B38,International_Icons_Electronic_Labeling,medium
International_Icons_Electronic_Labeling,X06B39.png,ScreenSideBySide_X06B39.png,ScreenSideBySide,X06B39,International_Icons_Electronic_Labeling,low
International_Icons_Electronic_Labeling,X06B40.png,ScreenWithHandle_X06B40.png,ScreenWithHandle,X06B40,International_Icons_Electronic_Labeling,low
International_Icons_Electronic_Labeling,X06B41.png,ScreenWidthAdjust_X06B41.png,ScreenWidthAdjust,X06B41,International_Icons_Electronic_Labeling,high
International_Icons_Electronic_Labeling,X06B42.png,ScreenHeightAdjust_X06B42.png,ScreenHeightAdjust,X06B42,International_Icons_Electronic_Labeling,high
International_Icons_Electronic_Labeling,X06C01.png,ScreenPositionAdjust_X06C01.png,ScreenPositionAdjust,X06C01,International_Icons_Electronic_Labeling,high
International_Icons_Electronic_Labeling,X06C02.png,ScreenCentering_X06C02.png,ScreenCentering,X06C02,International_Icons_Electronic_Labeling,medium
International_Icons_Electronic_Labeling,X06C03.png,ScreenTextIndent_X06C03.png,ScreenTextIndent,X06C03,International_Icons_Electronic_Labeling,low
International_Icons_Electronic_Labeling,X06C04.png,ScreenPlayPause_X06C04.png,ScreenPlayPause,X06C04,International_Icons_Electronic_Labeling,low
International_Icons_Electronic_Labeling,X06C05.png,ScreenVerticalCompress_X06C05.png,ScreenVerticalCompress,X06C05,International_Icons_Electronic_Labeling,low
International_Icons_Electronic_Labeling,X06C06.png,ScreenPincushion_X06C06.png,ScreenPincushion,X06C06,International_Icons_Electronic_Labeling,medium
International_Icons_Electronic_Labeling,X06C07.png,ScreenTrapezoid_X06C07.png,ScreenTrapezoid,X06C07,International_Icons_Electronic_Labeling,medium
International_Icons_Electronic_Labeling,X06C08.png,ScreenSizeAdjust_X06C08.png,ScreenSizeAdjust,X06C08,International_Icons_Electronic_Labeling,medium
International_Icons_Electronic_Labeling,X06C09.png,ScreenConvergence_X06C09.png,ScreenConvergence,X06C09,International_Icons_Electronic_Labeling,low
International_Icons_Electronic_Labeling,X06C10.png,ScreenHorizontalShift_X06C10.png,ScreenHorizontalShift,X06C10,International_Icons_Electronic_Labeling,medium
International_Icons_Electronic_Labeling,X06C11.png,ScreenOutput_X06C11.png,ScreenOutput,X06C11,International_Icons_Electronic_Labeling,low
International_Icons_Electronic_Labeling,X06C12.png,ScreenInput_X06C12.png,ScreenInput,X06C12,International_Icons_Electronic_Labeling,low
International_Icons_Electronic_Labeling,X06C13.png,ScreenShift_X06C13.png,ScreenShift,X06C13,International_Icons_Electronic_Labeling,low
International_Icons_Electronic_Labeling,X06C14.png,ScreenDegauss_X06C14.png,ScreenDegauss,X06C14,International_Icons_Electronic_Labeling,low
International_Icons_Electronic_Labeling,X06C15.png,ScreenPowerSave_X06C15.png,ScreenPowerSave,X06C15,International_Icons_Electronic_Labeling,low
International_Icons_Electronic_Labeling,X06C16.png,ScreenLCD_X06C16.png,ScreenLCD,X06C16,International_Icons_Electronic_Labeling,high
International_Icons_Electronic_Labeling,X06C17.png,ScreenTilt_X06C17.png,ScreenTilt,X06C17,International_Icons_Electronic_Labeling,low
International_Icons_Electronic_Labeling,X06C18.png,VHSLogo_X06C18.png,VHSLogo,X06C18,International_Icons_Electronic_Labeling,high
International_Icons_Electronic_Labeling,X06C19.png,ContrastHorizontal_X06C19.png,ContrastHorizontal,X06C19,International_Icons_Electronic_Labeling,low
International_Icons_Electronic_Labeling,X06C20.png,ContrastVertical_X06C20.png,ContrastVertical,X06C20,International_Icons_Electronic_Labeling,low
International_Icons_Electronic_Labeling,X06C21.png,ScreenFastForward_X06C21.png,ScreenFastForward,X06C21,International_Icons_Electronic_Labeling,medium
International_Icons_Electronic_Labeling,X06C22.png,ScreenFastForwardTriple_X06C22.png,ScreenFastForwardTriple,X06C22,International_Icons_Electronic_Labeling,medium
International_Icons_Electronic_Labeling,X06C23.png,Contrast_X06C23.png,Contrast,X06C23,International_Icons_Electronic_Labeling,high
International_Icons_Electronic_Labeling,X06C24.png,FontSize_X06C24.png,FontSize,X06C24,International_Icons_Electronic_Labeling,high
International_Icons_Electronic_Labeling,X06C25.png,SatelliteDish_X06C25.png,SatelliteDish,X06C25,International_Icons_Electronic_Labeling,high
International_Icons_Electronic_Labeling,X06C26.png,Camcorder_X06C26.png,Camcorder,X06C26,International_Icons_Electronic_Labeling,low
International_Icons_Electronic_Labeling,X06C27.png,CassetteEject_X06C27.png,CassetteEject,X06C27,International_Icons_Electronic_Labeling,medium
International_Icons_Electronic_Labeling,X06C28.png,CassetteEjectUp_X06C28.png,CassetteEjectUp,X06C28,International_Icons_Electronic_Labeling,medium
International_Icons_Electronic_Labeling,X06C29.png,CassetteInsert_X06C29.png,CassetteInsert,X06C29,International_Icons_Electronic_Labeling,medium
International_Icons_Electronic_Labeling,X06C30.png,VideoCamera_X06C30.png,VideoCamera,X06C30,International_Icons_Electronic_Labeling,high
International_Icons_Electronic_Labeling,X06C31.png,PowerOnBar_X06C31.png,PowerOnBar,X06C31,International_Icons_Electronic_Labeling,high
International_Icons_Electronic_Labeling,X06C32.png,PowerOffCircle_X06C32.png,PowerOffCircle,X06C32,International_Icons_Electronic_Labeling,high
International_Icons_Electronic_Labeling,X06C33.png,PowerOnOffCircleBar_X06C33.png,PowerOnOffCircleBar,X06C33,International_Icons_Electronic_Labeling,high
International_Icons_Electronic_Labeling,X06C34.png,AntennaSymbol_X06C34.png,AntennaSymbol,X06C34,International_Icons_Electronic_Labeling,medium
International_Icons_Electronic_Labeling,X06C35.png,CircleDot_X06C35.png,CircleDot,X06C35,International_Icons_Electronic_Labeling,low
International_Icons_Electronic_Labeling,X06C36.png,StandbyOpen_X06C36.png,StandbyOpen,X06C36,International_Icons_Electronic_Labeling,low
International_Icons_Electronic_Labeling,X06C37.png,StandbyBrokenCircle_X06C37.png,StandbyBrokenCircle,X06C37,International_Icons_Electronic_Labeling,medium
International_Icons_Electronic_Labeling,X06C38.png,HighVoltageCircle_X06C38.png,HighVoltageCircle,X06C38,International_Icons_Electronic_Labeling,medium
International_Icons_Electronic_Labeling,X06C39.png,HighVoltageBoxed_X06C39.png,HighVoltageBoxed,X06C39,International_Icons_Electronic_Labeling,medium
International_Icons_Electronic_Labeling,X06D01.png,CircleOpenGap_X06D01.png,CircleOpenGap,X06D01,International_Icons_Electronic_Labeling,low
International_Icons_Electronic_Labeling,X06D02.png,StandbyPower_X06D02.png,StandbyPower,X06D02,International_Icons_Electronic_Labeling,high
International_Icons_Electronic_Labeling,X06D03.png,Checkmark_X06D03.png,Checkmark,X06D03,International_Icons_Electronic_Labeling,high
International_Icons_Electronic_Labeling,X06D04.png,CyclicC_X06D04.png,CyclicC,X06D04,International_Icons_Electronic_Labeling,low
International_Icons_Electronic_Labeling,X06D05.png,CycleArrow_X06D05.png,CycleArrow,X06D05,International_Icons_Electronic_Labeling,low
International_Icons_Electronic_Labeling,X06D06.png,RepeatR_X06D06.png,RepeatR,X06D06,International_Icons_Electronic_Labeling,low
International_Icons_Electronic_Labeling,X06D07.png,ReturnArrow_X06D07.png,ReturnArrow,X06D07,International_Icons_Electronic_Labeling,low
International_Icons_Electronic_Labeling,X06D08.png,StepUpArrow_X06D08.png,StepUpArrow,X06D08,International_Icons_Electronic_Labeling,low
International_Icons_Electronic_Labeling,X06D09.png,StepLine_X06D09.png,StepLine,X06D09,International_Icons_Electronic_Labeling,low
International_Icons_Electronic_Labeling,X06D10.png,RectangleWithLead_X06D10.png,RectangleWithLead,X06D10,International_Icons_Electronic_Labeling,low
International_Icons_Electronic_Labeling,X06D11.png,ComponentChain_X06D11.png,ComponentChain,X06D11,International_Icons_Electronic_Labeling,low
International_Icons_Electronic_Labeling,X06D12.png,SquareWithArrow_X06D12.png,SquareWithArrow,X06D12,International_Icons_Electronic_Labeling,low
International_Icons_Electronic_Labeling,X06D13.png,LoopArrow_X06D13.png,LoopArrow,X06D13,International_Icons_Electronic_Labeling,low
International_Icons_Electronic_Labeling,X06D14.png,Play_X06D14.png,Play,X06D14,International_Icons_Electronic_Labeling,high
International_Icons_Electronic_Labeling,X06D15.png,Stop_X06D15.png,Stop,X06D15,International_Icons_Electronic_Labeling,high
International_Icons_Electronic_Labeling,X06D16.png,FastForward_X06D16.png,FastForward,X06D16,International_Icons_Electronic_Labeling,high
International_Icons_Electronic_Labeling,X06D17.png,Pause_X06D17.png,Pause,X06D17,International_Icons_Electronic_Labeling,high
International_Icons_Electronic_Labeling,X06D18.png,Record_X06D18.png,Record,X06D18,International_Icons_Electronic_Labeling,high
International_Icons_Electronic_Labeling,X06D19.png,Eject_X06D19.png,Eject,X06D19,International_Icons_Electronic_Labeling,high
International_Icons_Electronic_Labeling,X06D20.png,PlayHead_X06D20.png,PlayHead,X06D20,International_Icons_Electronic_Labeling,low
International_Icons_Electronic_Labeling,X06D21.png,RewindToStart_X06D21.png,RewindToStart,X06D21,International_Icons_Electronic_Labeling,medium
International_Icons_Electronic_Labeling,X06D22.png,PreviousTrack_X06D22.png,PreviousTrack,X06D22,International_Icons_Electronic_Labeling,medium
International_Icons_Electronic_Labeling,X06D23.png,NextTrack_X06D23.png,NextTrack,X06D23,International_Icons_Electronic_Labeling,medium
International_Icons_Electronic_Labeling,X06D24.png,PlayOutline_X06D24.png,PlayOutline,X06D24,International_Icons_Electronic_Labeling,low
International_Icons_Electronic_Labeling,X06D25.png,ArrowsCycleUpDown_X06D25.png,ArrowsCycleUpDown,X06D25,International_Icons_Electronic_Labeling,low
International_Icons_Electronic_Labeling,X06D26.png,BrightnessRamp_X06D26.png,BrightnessRamp,X06D26,International_Icons_Electronic_Labeling,high
International_Icons_Electronic_Labeling,X06D27.png,BrightnessSteps_X06D27.png,BrightnessSteps,X06D27,International_Icons_Electronic_Labeling,high
International_Icons_Electronic_Labeling,X06D28.png,CurvedRamp_X06D28.png,CurvedRamp,X06D28,International_Icons_Electronic_Labeling,low
International_Icons_Electronic_Labeling,X06D29.png,CurvedSteps_X06D29.png,CurvedSteps,X06D29,International_Icons_Electronic_Labeling,low
International_Icons_Electronic_Labeling,X06D30.png,Thermometer_X06D30.png,Thermometer,X06D30,International_Icons_Electronic_Labeling,high
International_Icons_Electronic_Labeling,X06D31.png,TimerDashed_X06D31.png,TimerDashed,X06D31,International_Icons_Electronic_Labeling,low
International_Icons_Electronic_Labeling,X06D32.png,ClockSolid_X06D32.png,ClockSolid,X06D32,International_Icons_Electronic_Labeling,high
International_Icons_Electronic_Labeling,X06D33.png,TimerPartial_X06D33.png,TimerPartial,X06D33,International_Icons_Electronic_Labeling,low
International_Icons_Electronic_Labeling,X06D34.png,TriangleWithArc_X06D34.png,TriangleWithArc,X06D34,International_Icons_Electronic_Labeling,low
International_Icons_Electronic_Labeling,X06D35.png,AntennaBroadcast_X06D35.png,AntennaBroadcast,X06D35,International_Icons_Electronic_Labeling,high
International_Icons_Electronic_Labeling,X06D36.png,Bell_X06D36.png,Bell,X06D36,International_Icons_Electronic_Labeling,high
International_Icons_Electronic_Labeling,X06D37.png,BellMuted_X06D37.png,BellMuted,X06D37,International_Icons_Electronic_Labeling,high
International_Icons_Electronic_Labeling,X06D38.png,Key_X06D38.png,Key,X06D38,International_Icons_Electronic_Labeling,high
International_Icons_Electronic_Labeling,X06D39.png,TimerT_X06D39.png,TimerT,X06D39,International_Icons_Electronic_Labeling,low
International_Icons_Electronic_Labeling,X06D40.png,HandTouch_X06D40.png,HandTouch,X06D40,International_Icons_Electronic_Labeling,high
International_Icons_Electronic_Labeling,X06D41.png,PushButton_X06D41.png,PushButton,X06D41,International_Icons_Electronic_Labeling,medium
International_Icons_Electronic_Labeling,X06D42.png,Pillar_X06D42.png,Pillar,X06D42,International_Icons_Electronic_Labeling,low
International_Icons_Electronic_Labeling,X06E01.png,BatteryPolarity_X06E01.png,BatteryPolarity,X06E01,International_Icons_Electronic_Labeling,high
International_Icons_Electronic_Labeling,X06E02.png,BatteryFull_X06E02.png,BatteryFull,X06E02,International_Icons_Electronic_Labeling,high
International_Icons_Electronic_Labeling,X06E03.png,BatteryHalf_X06E03.png,BatteryHalf,X06E03,International_Icons_Electronic_Labeling,high
International_Icons_Electronic_Labeling,X06E04.png,BatteryEmpty_X06E04.png,BatteryEmpty,X06E04,International_Icons_Electronic_Labeling,high
International_Icons_Electronic_Labeling,X06E05.png,BatteriesTwo_X06E05.png,BatteriesTwo,X06E05,International_Icons_Electronic_Labeling,high
International_Icons_Electronic_Labeling,X06E06.png,FuseOrResistor_X06E06.png,FuseOrResistor,X06E06,International_Icons_Electronic_Labeling,low
International_Icons_Electronic_Labeling,X06E07.png,DirectCurrent_X06E07.png,DirectCurrent,X06E07,International_Icons_Electronic_Labeling,high
International_Icons_Electronic_Labeling,X06E08.png,AlternatingCurrent_X06E08.png,AlternatingCurrent,X06E08,International_Icons_Electronic_Labeling,high
International_Icons_Electronic_Labeling,X06E09.png,ACDCCombined_X06E09.png,ACDCCombined,X06E09,International_Icons_Electronic_Labeling,medium
International_Icons_Electronic_Labeling,X06E10.png,PolarityCenter_X06E10.png,PolarityCenter,X06E10,International_Icons_Electronic_Labeling,low
International_Icons_Electronic_Labeling,X06E11.png,PlugCircle_X06E11.png,PlugCircle,X06E11,International_Icons_Electronic_Labeling,low
International_Icons_Electronic_Labeling,X06E12.png,SocketCircle_X06E12.png,SocketCircle,X06E12,International_Icons_Electronic_Labeling,low
International_Icons_Electronic_Labeling,X06E13.png,PlugMale_X06E13.png,PlugMale,X06E13,International_Icons_Electronic_Labeling,high
International_Icons_Electronic_Labeling,X06E14.png,PlugMaleTwoPin_X06E14.png,PlugMaleTwoPin,X06E14,International_Icons_Electronic_Labeling,high
International_Icons_Electronic_Labeling,X06E15.png,EarthChassis_X06E15.png,EarthChassis,X06E15,International_Icons_Electronic_Labeling,low
International_Icons_Electronic_Labeling,X06E16.png,EarthGround_X06E16.png,EarthGround,X06E16,International_Icons_Electronic_Labeling,high
International_Icons_Electronic_Labeling,X06E17.png,ProtectiveEarthCircle_X06E17.png,ProtectiveEarthCircle,X06E17,International_Icons_Electronic_Labeling,medium
International_Icons_Electronic_Labeling,X06E18.png,ProtectiveEarthDouble_X06E18.png,ProtectiveEarthDouble,X06E18,International_Icons_Electronic_Labeling,medium
International_Icons_Electronic_Labeling,X06E19.png,EarthGroundMulti_X06E19.png,EarthGroundMulti,X06E19,International_Icons_Electronic_Labeling,low
International_Icons_Electronic_Labeling,X06E20.png,AntennaDipole_X06E20.png,AntennaDipole,X06E20,International_Icons_Electronic_Labeling,high
International_Icons_Electronic_Labeling,X06E21.png,AntennaLoop_X06E21.png,AntennaLoop,X06E21,International_Icons_Electronic_Labeling,low
International_Icons_Electronic_Labeling,X06E22.png,CoilInductor_X06E22.png,CoilInductor,X06E22,International_Icons_Electronic_Labeling,low
International_Icons_Electronic_Labeling,X06E23.png,CoilCore_X06E23.png,CoilCore,X06E23,International_Icons_Electronic_Labeling,low
International_Icons_Electronic_Labeling,X06E24.png,Camera_X06E24.png,Camera,X06E24,International_Icons_Electronic_Labeling,high
International_Icons_Electronic_Labeling,X06E25.png,Sun_X06E25.png,Sun,X06E25,International_Icons_Electronic_Labeling,high
International_Icons_Electronic_Labeling,X06E26.png,LightBulbLit_X06E26.png,LightBulbLit,X06E26,International_Icons_Electronic_Labeling,high
International_Icons_Electronic_Labeling,X06E27.png,FluorescentLamp_X06E27.png,FluorescentLamp,X06E27,International_Icons_Electronic_Labeling,high
International_Icons_Electronic_Labeling,X06E28.png,Cloud_X06E28.png,Cloud,X06E28,International_Icons_Electronic_Labeling,high
International_Icons_Electronic_Labeling,X06E29.png,Sunrise_X06E29.png,Sunrise,X06E29,International_Icons_Electronic_Labeling,high
International_Icons_Electronic_Labeling,X06E30.png,ApertureIris_X06E30.png,ApertureIris,X06E30,International_Icons_Electronic_Labeling,high
International_Icons_Electronic_Labeling,X06E31.png,ApertureWheel_X06E31.png,ApertureWheel,X06E31,International_Icons_Electronic_Labeling,low
International_Icons_Electronic_Labeling,X06E32.png,ApertureWithMarker_X06E32.png,ApertureWithMarker,X06E32,International_Icons_Electronic_Labeling,low
International_Icons_Electronic_Labeling,X06E33.png,PanoramaGradient_X06E33.png,PanoramaGradient,X06E33,International_Icons_Electronic_Labeling,low
International_Icons_Electronic_Labeling,X06E34.png,SpotlightGradient_X06E34.png,SpotlightGradient,X06E34,International_Icons_Electronic_Labeling,low
International_Icons_Electronic_Labeling,X06E35.png,PortraitPerson_X06E35.png,PortraitPerson,X06E35,International_Icons_Electronic_Labeling,high
International_Icons_Electronic_Labeling,X06E36.png,TwoPeople_X06E36.png,TwoPeople,X06E36,International_Icons_Electronic_Labeling,high
International_Icons_Electronic_Labeling,X06E37.png,FamilyGroup_X06E37.png,FamilyGroup,X06E37,International_Icons_Electronic_Labeling,high
International_Icons_Electronic_Labeling,X06E38.png,Mountains_X06E38.png,Mountains,X06E38,International_Icons_Electronic_Labeling,high
International_Icons_Electronic_Labeling,X06E39.png,Flower_X06E39.png,Flower,X06E39,International_Icons_Electronic_Labeling,high
International_Icons_Electronic_Labeling,X06E40.png,LandscapeTrees_X06E40.png,LandscapeTrees,X06E40,International_Icons_Electronic_Labeling,high
International_Icons_Electronic_Labeling,X06E41.png,PortraitTree_X06E41.png,PortraitTree,X06E41,International_Icons_Electronic_Labeling,medium
International_Icons_Electronic_Labeling,X06F01.png,LineSpacingAdjust_X06F01.png,LineSpacingAdjust,X06F01,International_Icons_Electronic_Labeling,medium
International_Icons_Electronic_Labeling,X06F02.png,SkewAdjust_X06F02.png,SkewAdjust,X06F02,International_Icons_Electronic_Labeling,low
International_Icons_Electronic_Labeling,X06F03.png,TextWithWaveform_X06F03.png,TextWithWaveform,X06F03,International_Icons_Electronic_Labeling,low
International_Icons_Electronic_Labeling,X06F04.png,SignalWaveform_X06F04.png,SignalWaveform,X06F04,International_Icons_Electronic_Labeling,low
International_Icons_Electronic_Labeling,X06F05.png,PaperFeedTilt_X06F05.png,PaperFeedTilt,X06F05,International_Icons_Electronic_Labeling,low
International_Icons_Electronic_Labeling,X06F06.png,HandOnPanel_X06F06.png,HandOnPanel,X06F06,International_Icons_Electronic_Labeling,high
International_Icons_Electronic_Labeling,X06F07.png,DocumentLines_X06F07.png,DocumentLines,X06F07,International_Icons_Electronic_Labeling,high
International_Icons_Electronic_Labeling,X06F08.png,DocumentPerson_X06F08.png,DocumentPerson,X06F08,International_Icons_Electronic_Labeling,low
International_Icons_Electronic_Labeling,X06F09.png,DocumentEye_X06F09.png,DocumentEye,X06F09,International_Icons_Electronic_Labeling,low
International_Icons_Electronic_Labeling,X06F10.png,DuplexPage1To2_X06F10.png,DuplexPage1To2,X06F10,International_Icons_Electronic_Labeling,low
International_Icons_Electronic_Labeling,X06F11.png,PagePosition2_X06F11.png,PagePosition2,X06F11,International_Icons_Electronic_Labeling,low
International_Icons_Electronic_Labeling,X06F12.png,CopyPages_X06F12.png,CopyPages,X06F12,International_Icons_Electronic_Labeling,medium
International_Icons_Electronic_Labeling,X06F13.png,DuplexLoop_X06F13.png,DuplexLoop,X06F13,International_Icons_Electronic_Labeling,low
International_Icons_Electronic_Labeling,X06F14.png,Duplex2Pass_X06F14.png,Duplex2Pass,X06F14,International_Icons_Electronic_Labeling,low
International_Icons_Electronic_Labeling,X06F15.png,Duplex3Pass_X06F15.png,Duplex3Pass,X06F15,International_Icons_Electronic_Labeling,low
International_Icons_Electronic_Labeling,X06F16.png,CopyStack_X06F16.png,CopyStack,X06F16,International_Icons_Electronic_Labeling,low
International_Icons_Electronic_Labeling,X06F17.png,Ribbon_X06F17.png,Ribbon,X06F17,International_Icons_Electronic_Labeling,low
International_Icons_Electronic_Labeling,X06F18.png,PaperClip_X06F18.png,PaperClip,X06F18,International_Icons_Electronic_Labeling,high
International_Icons_Electronic_Labeling,X06F19.png,TonerHopper_X06F19.png,TonerHopper,X06F19,International_Icons_Electronic_Labeling,low
International_Icons_Electronic_Labeling,X06F20.png,HumidityPercent_X06F20.png,HumidityPercent,X06F20,International_Icons_Electronic_Labeling,high
International_Icons_Electronic_Labeling,X06F21.png,AccentCharacter_X06F21.png,AccentCharacter,X06F21,International_Icons_Electronic_Labeling,high
International_Icons_Electronic_Labeling,X06F22.png,CrossX_X06F22.png,CrossX,X06F22,International_Icons_Electronic_Labeling,high
International_Icons_Electronic_Labeling,X06F23.png,Key_X06F23.png,Key,X06F23,International_Icons_Electronic_Labeling,high
International_Icons_Electronic_Labeling,X06F24.png,Wrench_X06F24.png,Wrench,X06F24,International_Icons_Electronic_Labeling,high
International_Icons_Electronic_Labeling,X06F25.png,MinusBar_X06F25.png,MinusBar,X06F25,International_Icons_Electronic_Labeling,high
International_Icons_Electronic_Labeling,X06F26.png,Plus_X06F26.png,Plus,X06F26,International_Icons_Electronic_Labeling,high
International_Icons_Electronic_Labeling,X06F27.png,Multiply_X06F27.png,Multiply,X06F27,International_Icons_Electronic_Labeling,high
International_Icons_Electronic_Labeling,X06F28.png,Divide_X06F28.png,Divide,X06F28,International_Icons_Electronic_Labeling,high
International_Icons_Electronic_Labeling,X06F29.png,Equals_X06F29.png,Equals,X06F29,International_Icons_Electronic_Labeling,high
International_Icons_Electronic_Labeling,X06F30.png,Asterisk_X06F30.png,Asterisk,X06F30,International_Icons_Electronic_Labeling,high
International_Icons_Electronic_Labeling,X06F31.png,SquareRoot_X06F31.png,SquareRoot,X06F31,International_Icons_Electronic_Labeling,high
International_Icons_Electronic_Labeling,X06F32.png,Diamond_X06F32.png,Diamond,X06F32,International_Icons_Electronic_Labeling,high
International_Icons_Electronic_Labeling,X06F33.png,Hash_X06F33.png,Hash,X06F33,International_Icons_Electronic_Labeling,high
International_Icons_Electronic_Labeling,X06G01.png,CopyrightC_X06G01.png,CopyrightC,X06G01,International_Icons_Electronic_Labeling,high
International_Icons_Electronic_Labeling,X06G02.png,RegisteredR_X06G02.png,RegisteredR,X06G02,International_Icons_Electronic_Labeling,high
International_Icons_Electronic_Labeling,X06G03.png,TrademarkTM_X06G03.png,TrademarkTM,X06G03,International_Icons_Electronic_Labeling,high
International_Icons_Electronic_Labeling,X06G04.png,InformationI_X06G04.png,InformationI,X06G04,International_Icons_Electronic_Labeling,high
International_Icons_Electronic_Labeling,X06G05.png,LetterI_X06G05.png,LetterI,X06G05,International_Icons_Electronic_Labeling,high
International_Icons_Electronic_Labeling,X06G06.png,Recycling_X06G06.png,Recycling,X06G06,International_Icons_Electronic_Labeling,high
International_Icons_Electronic_Labeling,X06G07.png,LetterC_X06G07.png,LetterC,X06G07,International_Icons_Electronic_Labeling,high
International_Icons_Electronic_Labeling,X06G08.png,LetterR_X06G08.png,LetterR,X06G08,International_Icons_Electronic_Labeling,high
International_Icons_Electronic_Labeling,X06G09.png,ProhibitedBlank_X06G09.png,ProhibitedBlank,X06G09,International_Icons_Electronic_Labeling,high
International_Icons_Electronic_Labeling,X06G10.png,OKLightning_X06G10.png,OKLightning,X06G10,International_Icons_Electronic_Labeling,low
International_Icons_Electronic_Labeling,X06G11.png,OK_X06G11.png,OK,X06G11,International_Icons_Electronic_Labeling,high
International_Icons_Electronic_Labeling,X06G12.png,AccessibleOutline_X06G12.png,AccessibleOutline,X06G12,International_Icons_Electronic_Labeling,high
International_Icons_Electronic_Labeling,X06G13.png,NotForDomesticUse_X06G13.png,NotForDomesticUse,X06G13,International_Icons_Electronic_Labeling,medium
International_Icons_Electronic_Labeling,X06G14.png,WarningExclamation_X06G14.png,WarningExclamation,X06G14,International_Icons_Electronic_Labeling,high
International_Icons_Electronic_Labeling,X06G15.png,ESDSensitive_X06G15.png,ESDSensitive,X06G15,International_Icons_Electronic_Labeling,high
International_Icons_Electronic_Labeling,X06G16.png,LightningBolt_X06G16.png,LightningBolt,X06G16,International_Icons_Electronic_Labeling,high
International_Icons_Electronic_Labeling,X06G17.png,StarBurst_X06G17.png,StarBurst,X06G17,International_Icons_Electronic_Labeling,medium
International_Icons_Electronic_Labeling,X06G18.png,Magnet_X06G18.png,Magnet,X06G18,International_Icons_Electronic_Labeling,high
International_Icons_Electronic_Labeling,X06G19.png,PhoneHandsetOffHook_X06G19.png,PhoneHandsetOffHook,X06G19,International_Icons_Electronic_Labeling,high
International_Icons_Electronic_Labeling,X06G20.png,PhoneHandsetCrossed_X06G20.png,PhoneHandsetCrossed,X06G20,International_Icons_Electronic_Labeling,high
International_Icons_Electronic_Labeling,X06G21.png,TelephoneDesk_X06G21.png,TelephoneDesk,X06G21,International_Icons_Electronic_Labeling,high
International_Icons_Electronic_Labeling,X06G22.png,TelephoneRinging_X06G22.png,TelephoneRinging,X06G22,International_Icons_Electronic_Labeling,high
International_Icons_Electronic_Labeling,X06G23.png,ElectricalDischarge_X06G23.png,ElectricalDischarge,X06G23,International_Icons_Electronic_Labeling,low
International_Icons_Electronic_Labeling,X06G24.png,DocumentWithPhone_X06G24.png,DocumentWithPhone,X06G24,International_Icons_Electronic_Labeling,low
International_Icons_Electronic_Labeling,X06G25.png,ScreenArrowsInward_X06G25.png,ScreenArrowsInward,X06G25,International_Icons_Electronic_Labeling,low
International_Icons_Electronic_Labeling,X06G26.png,CardInsertUp_X06G26.png,CardInsertUp,X06G26,International_Icons_Electronic_Labeling,medium
International_Icons_Electronic_Labeling,X06G27.png,CardInsertDown_X06G27.png,CardInsertDown,X06G27,International_Icons_Electronic_Labeling,medium
International_Icons_Electronic_Labeling,X06G28.png,RampIncline_X06G28.png,RampIncline,X06G28,International_Icons_Electronic_Labeling,low
International_Icons_Electronic_Labeling,X06G29.png,FastForwardPanel_X06G29.png,FastForwardPanel,X06G29,International_Icons_Electronic_Labeling,low
International_Icons_Electronic_Labeling,X06G30.png,EjectFromSlot_X06G30.png,EjectFromSlot,X06G30,International_Icons_Electronic_Labeling,low
International_Icons_Electronic_Labeling,X06G31.png,OpenBook_X06G31.png,OpenBook,X06G31,International_Icons_Electronic_Labeling,high
International_Icons_Electronic_Labeling,X06G32.png,ManualInformation_X06G32.png,ManualInformation,X06G32,International_Icons_Electronic_Labeling,high
International_Icons_Electronic_Labeling,X06G33.png,ManualService_X06G33.png,ManualService,X06G33,International_Icons_Electronic_Labeling,high
International_Icons_Electronic_Labeling,X06G34.png,FaceWithCable_X06G34.png,FaceWithCable,X06G34,International_Icons_Electronic_Labeling,low
International_Icons_Electronic_Labeling,X06G35.png,PersonStanding_X06G35.png,PersonStanding,X06G35,International_Icons_Electronic_Labeling,high
International_Icons_Electronic_Labeling,X06G36.png,PersonBending_X06G36.png,PersonBending,X06G36,International_Icons_Electronic_Labeling,medium
International_Icons_Electronic_Labeling,X06G37.png,PersonMotionTrail_X06G37.png,PersonMotionTrail,X06G37,International_Icons_Electronic_Labeling,medium
International_Icons_Electronic_Labeling,X06H01.png,Rectangle_X06H01.png,Rectangle,X06H01,International_Icons_Electronic_Labeling,high
International_Icons_Electronic_Labeling,X06H02.png,DiamondShape_X06H02.png,DiamondShape,X06H02,International_Icons_Electronic_Labeling,high
International_Icons_Electronic_Labeling,X06H03.png,Hexagon_X06H03.png,Hexagon,X06H03,International_Icons_Electronic_Labeling,high
International_Icons_Electronic_Labeling,X06H04.png,RectangleWithBars_X06H04.png,RectangleWithBars,X06H04,International_Icons_Electronic_Labeling,low
International_Icons_Electronic_Labeling,X06H05.png,Trapezoid_X06H05.png,Trapezoid,X06H05,International_Icons_Electronic_Labeling,high
International_Icons_Electronic_Labeling,X06H06.png,Square_X06H06.png,Square,X06H06,International_Icons_Electronic_Labeling,high
International_Icons_Electronic_Labeling,X06H07.png,TriangleDown_X06H07.png,TriangleDown,X06H07,International_Icons_Electronic_Labeling,high
International_Icons_Electronic_Labeling,X06H08.png,TriangleUp_X06H08.png,TriangleUp,X06H08,International_Icons_Electronic_Labeling,high
International_Icons_Electronic_Labeling,X06H09.png,Hourglass_X06H09.png,Hourglass,X06H09,International_Icons_Electronic_Labeling,medium
International_Icons_Electronic_Labeling,X06H10.png,DiamondSplit_X06H10.png,DiamondSplit,X06H10,International_Icons_Electronic_Labeling,low
International_Icons_Electronic_Labeling,X06H11.png,Wedge_X06H11.png,Wedge,X06H11,International_Icons_Electronic_Labeling,low
International_Icons_Electronic_Labeling,X06H12.png,Parallelogram_X06H12.png,Parallelogram,X06H12,International_Icons_Electronic_Labeling,high
International_Icons_Electronic_Labeling,X06H13.png,CurvedTab_X06H13.png,CurvedTab,X06H13,International_Icons_Electronic_Labeling,low
International_Icons_Electronic_Labeling,X06H14.png,TriangleDownWithLine_X06H14.png,TriangleDownWithLine,X06H14,International_Icons_Electronic_Labeling,low
International_Icons_Electronic_Labeling,X06H15.png,WavyBottomShape_X06H15.png,WavyBottomShape,X06H15,International_Icons_Electronic_Labeling,low
International_Icons_Electronic_Labeling,X06H16.png,Slab_X06H16.png,Slab,X06H16,International_Icons_Electronic_Labeling,low
International_Icons_Electronic_Labeling,X06H17.png,Box3D_X06H17.png,Box3D,X06H17,International_Icons_Electronic_Labeling,high
International_Icons_Electronic_Labeling,X06H18.png,SlabWithTab_X06H18.png,SlabWithTab,X06H18,International_Icons_Electronic_Labeling,low
International_Icons_Electronic_Labeling,X06H19.png,WavySheet_X06H19.png,WavySheet,X06H19,International_Icons_Electronic_Labeling,low
International_Icons_Electronic_Labeling,X06H20.png,CircleWithTail_X06H20.png,CircleWithTail,X06H20,International_Icons_Electronic_Labeling,low
International_Icons_Electronic_Labeling,X06H21.png,Cylinder_X06H21.png,Cylinder,X06H21,International_Icons_Electronic_Labeling,high
International_Icons_Electronic_Labeling,X06H22.png,CylinderStacked_X06H22.png,CylinderStacked,X06H22,International_Icons_Electronic_Labeling,medium
International_Icons_Electronic_Labeling,X06H23.png,SquareLayered_X06H23.png,SquareLayered,X06H23,International_Icons_Electronic_Labeling,low
International_Icons_Electronic_Labeling,X06H24.png,BulletShape_X06H24.png,BulletShape,X06H24,International_Icons_Electronic_Labeling,low
International_Icons_Electronic_Labeling,X06H25.png,SingleLine_X06H25.png,SingleLine,X06H25,International_Icons_Electronic_Labeling,medium
International_Icons_Electronic_Labeling,X06H26.png,DoubleLine_X06H26.png,DoubleLine,X06H26,International_Icons_Electronic_Labeling,medium
International_Icons_Electronic_Labeling,X06H27.png,LightningLine_X06H27.png,LightningLine,X06H27,International_Icons_Electronic_Labeling,medium
International_Icons_Electronic_Labeling,X06H28.png,Circle_X06H28.png,Circle,X06H28,International_Icons_Electronic_Labeling,high
International_Icons_Electronic_Labeling,X06H29.png,Capsule_X06H29.png,Capsule,X06H29,International_Icons_Electronic_Labeling,high
International_Icons_Electronic_Labeling,X06H30.png,BracketDashed_X06H30.png,BracketDashed,X06H30,International_Icons_Electronic_Labeling,low
International_Icons_Electronic_Labeling,X06I01.png,HeadlightLowBeam_X06I01.png,HeadlightLowBeam,X06I01,International_Icons_Electronic_Labeling,high
International_Icons_Electronic_Labeling,X06I02.png,HeadlightHighBeam_X06I02.png,HeadlightHighBeam,X06I02,International_Icons_Electronic_Labeling,high
International_Icons_Electronic_Labeling,X06I03.png,ArrowsLeftRight_X06I03.png,ArrowsLeftRight,X06I03,International_Icons_Electronic_Labeling,high
International_Icons_Electronic_Labeling,X06I04.png,HazardWarningTriangle_X06I04.png,HazardWarningTriangle,X06I04,International_Icons_Electronic_Labeling,high
International_Icons_Electronic_Labeling,X06I05.png,WindshieldWiper_X06I05.png,WindshieldWiper,X06I05,International_Icons_Electronic_Labeling,high
International_Icons_Electronic_Labeling,X06I06.png,WindshieldWiperWasher_X06I06.png,WindshieldWiperWasher,X06I06,International_Icons_Electronic_Labeling,high
International_Icons_Electronic_Labeling,X06I07.png,WindshieldWasher_X06I07.png,WindshieldWasher,X06I07,International_Icons_Electronic_Labeling,medium
International_Icons_Electronic_Labeling,X06I08.png,Fan_X06I08.png,Fan,X06I08,International_Icons_Electronic_Labeling,high
International_Icons_Electronic_Labeling,X06I09.png,ParkingLight_X06I09.png,ParkingLight,X06I09,International_Icons_Electronic_Labeling,medium
International_Icons_Electronic_Labeling,X06I10.png,CarHoodOpen_X06I10.png,CarHoodOpen,X06I10,International_Icons_Electronic_Labeling,high
International_Icons_Electronic_Labeling,X06I11.png,CarTrunkOpen_X06I11.png,CarTrunkOpen,X06I11,International_Icons_Electronic_Labeling,high
International_Icons_Electronic_Labeling,X06I12.png,RearWiperWasher_X06I12.png,RearWiperWasher,X06I12,International_Icons_Electronic_Labeling,medium
International_Icons_Electronic_Labeling,X06I13.png,Horn_X06I13.png,Horn,X06I13,International_Icons_Electronic_Labeling,high
International_Icons_Electronic_Labeling,X06I14.png,FuelPump_X06I14.png,FuelPump,X06I14,International_Icons_Electronic_Labeling,high
International_Icons_Electronic_Labeling,X06I15.png,CoolantTemperature_X06I15.png,CoolantTemperature,X06I15,International_Icons_Electronic_Labeling,high
International_Icons_Electronic_Labeling,X06I16.png,Battery_X06I16.png,Battery,X06I16,International_Icons_Electronic_Labeling,high
International_Icons_Electronic_Labeling,X06I17.png,OilCan_X06I17.png,OilCan,X06I17,International_Icons_Electronic_Labeling,high
International_Icons_Electronic_Labeling,X06I18.png,SeatBelt_X06I18.png,SeatBelt,X06I18,International_Icons_Electronic_Labeling,high
International_Icons_Electronic_Labeling,X06I19.png,HandWash_X06I19.png,HandWash,X06I19,International_Icons_Electronic_Labeling,medium
International_Icons_Electronic_Labeling,X06I20.png,DoNotWash_X06I20.png,DoNotWash,X06I20,International_Icons_Electronic_Labeling,high
International_Icons_Electronic_Labeling,X06I21.png,WashTemp95_X06I21.png,WashTemp95,X06I21,International_Icons_Electronic_Labeling,high
International_Icons_Electronic_Labeling,X06I22.png,WashTemp60_X06I22.png,WashTemp60,X06I22,International_Icons_Electronic_Labeling,high
International_Icons_Electronic_Labeling,X06I23.png,WashTemp40Gentle_X06I23.png,WashTemp40Gentle,X06I23,International_Icons_Electronic_Labeling,high
International_Icons_Electronic_Labeling,X06I24.png,TumbleDry_X06I24.png,TumbleDry,X06I24,International_Icons_Electronic_Labeling,high
International_Icons_Electronic_Labeling,X06I25.png,TumbleDryLow_X06I25.png,TumbleDryLow,X06I25,International_Icons_Electronic_Labeling,high
International_Icons_Electronic_Labeling,X06I26.png,TumbleDryNormal_X06I26.png,TumbleDryNormal,X06I26,International_Icons_Electronic_Labeling,high
International_Icons_Electronic_Labeling,X06I27.png,DripDry_X06I27.png,DripDry,X06I27,International_Icons_Electronic_Labeling,high
International_Icons_Electronic_Labeling,X06I28.png,LineDry_X06I28.png,LineDry,X06I28,International_Icons_Electronic_Labeling,high
International_Icons_Electronic_Labeling,X06I29.png,DryFlat_X06I29.png,DryFlat,X06I29,International_Icons_Electronic_Labeling,high
International_Icons_Electronic_Labeling,X06I30.png,Iron_X06I30.png,Iron,X06I30,International_Icons_Electronic_Labeling,high
International_Icons_Electronic_Labeling,X06I31.png,DoNotIron_X06I31.png,DoNotIron,X06I31,International_Icons_Electronic_Labeling,high
International_Icons_Electronic_Labeling,X06I32.png,IronLow_X06I32.png,IronLow,X06I32,International_Icons_Electronic_Labeling,high
International_Icons_Electronic_Labeling,X06I33.png,IronMedium_X06I33.png,IronMedium,X06I33,International_Icons_Electronic_Labeling,high
International_Icons_Electronic_Labeling,X06I34.png,IronHigh_X06I34.png,IronHigh,X06I34,International_Icons_Electronic_Labeling,high
International_Icons_Electronic_Labeling,X06I35.png,Bleach_X06I35.png,Bleach,X06I35,International_Icons_Electronic_Labeling,high
International_Icons_Electronic_Labeling,X06I36.png,DoNotBleach_X06I36.png,DoNotBleach,X06I36,International_Icons_Electronic_Labeling,high
International_Icons_Electronic_Labeling,X06I37.png,BleachChlorine_X06I37.png,BleachChlorine,X06I37,International_Icons_Electronic_Labeling,high
International_Icons_Electronic_Labeling,X06I38.png,DryClean_X06I38.png,DryClean,X06I38,International_Icons_Electronic_Labeling,high
International_Icons_Electronic_Labeling,X06I39.png,DoNotDryClean_X06I39.png,DoNotDryClean,X06I39,International_Icons_Electronic_Labeling,high
International_Icons_Electronic_Labeling,X06I40.png,DryCleanAnySolvent_X06I40.png,DryCleanAnySolvent,X06I40,International_Icons_Electronic_Labeling,high
International_Icons_Electronic_Labeling,X06I41.png,DryCleanPetroleum_X06I41.png,DryCleanPetroleum,X06I41,International_Icons_Electronic_Labeling,high
International_Icons_Electronic_Labeling,X06I42.png,DryCleanPerchloroethylene_X06I42.png,DryCleanPerchloroethylene,X06I42,International_Icons_Electronic_Labeling,high
Highway_Signs_US,x01h01.png,Police_X01H01.png,Police,x01h01,Highway_Signs_US,high
Highway_Signs_US,x01h02.png,BikeRoute_X01H02.png,BikeRoute,x01h02,Highway_Signs_US,high
Highway_Signs_US,x01h03.png,Hiking_X01H03.png,Hiking,x01h03,Highway_Signs_US,high
Highway_Signs_US,x01h04.png,Airport_X01H04.png,Airport,x01h04,Highway_Signs_US,high
Highway_Signs_US,x01h05.png,BusStation_X01H05.png,BusStation,x01h05,Highway_Signs_US,high
Highway_Signs_US,x01h06.png,LightRailStation_X01H06.png,LightRailStation,x01h06,Highway_Signs_US,medium
Highway_Signs_US,x01h07.png,MileMarker444_X01H07.png,MileMarker444,x01h07,Highway_Signs_US,high
Highway_Signs_US,x01h08.png,RestArea_X01H08.png,RestArea,x01h08,Highway_Signs_US,high
Highway_Signs_US,x01h09.png,TouristInfoCenter_X01H09.png,TouristInfoCenter,x01h09,Highway_Signs_US,high
Highway_Signs_US,x01h10.png,EndConstruction_X01H10.png,EndConstruction,x01h10,Highway_Signs_US,high
Highway_Signs_US,x01h11.png,EndRoadWork_X01H11.png,EndRoadWork,x01h11,Highway_Signs_US,high
Highway_Signs_US,x01h12.png,ExitOnly_X01H12.png,ExitOnly,x01h12,Highway_Signs_US,high
Highway_Signs_US,x01h13.png,ObjectMarkerStripesLeft_X01H13.png,ObjectMarkerStripesLeft,x01h13,Highway_Signs_US,medium
Highway_Signs_US,x01h14.png,ObjectMarkerStripesRight_X01H14.png,ObjectMarkerStripesRight,x01h14,Highway_Signs_US,medium
Highway_Signs_US,x01h15.png,ObjectMarkerDiamondYellow_X01H15.png,ObjectMarkerDiamondYellow,x01h15,Highway_Signs_US,medium
Highway_Signs_US,x01h16.png,ObjectMarkerDiamondBlackYellow_X01H16.png,ObjectMarkerDiamondBlackYellow,x01h16,Highway_Signs_US,medium
Highway_Signs_US,x01h17.png,BlankDiamondYellow_X01H17.png,BlankDiamondYellow,x01h17,Highway_Signs_US,high
Highway_Signs_US,x01h18.png,SignalPanelAmberVertical_X01H18.png,SignalPanelAmberVertical,x01h18,Highway_Signs_US,medium
Highway_Signs_US,x01h19.png,BlankPanelYellowVertical_X01H19.png,BlankPanelYellowVertical,x01h19,Highway_Signs_US,high
Highway_Signs_US,x01h20.png,SignalPanelAmberHorizontal_X01H20.png,SignalPanelAmberHorizontal,x01h20,Highway_Signs_US,medium
Highway_Signs_US,x01h21.png,BlankPanelYellowHorizontal_X01H21.png,BlankPanelYellowHorizontal,x01h21,Highway_Signs_US,high
Highway_Signs_US,x01h22.png,ObjectMarkerDiamondRed_X01H22.png,ObjectMarkerDiamondRed,x01h22,Highway_Signs_US,medium
Highway_Signs_US,x01h23.png,ObjectMarkerDiamondBlackRed_X01H23.png,ObjectMarkerDiamondBlackRed,x01h23,Highway_Signs_US,medium
Highway_Signs_US,x01h24.png,BlankDiamondRed_X01H24.png,BlankDiamondRed,x01h24,Highway_Signs_US,high
Highway_Signs_US,x01h25.png,EvacuationRoute_X01H25.png,EvacuationRoute,x01h25,Highway_Signs_US,high
Highway_Signs_US,x01h26.png,AreaClosed_X01H26.png,AreaClosed,x01h26,Highway_Signs_US,high
Highway_Signs_US,x01h27.png,FalloutShelter_X01H27.png,FalloutShelter,x01h27,Highway_Signs_US,high
Highway_Signs_US,x01h28.png,SchoolCrossing_X01H28.png,SchoolCrossing,x01h28,Highway_Signs_US,high
Highway_Signs_US,x01h29.png,SchoolCrossingWithCrosswalk_X01H29.png,SchoolCrossingWithCrosswalk,x01h29,Highway_Signs_US,high
Highway_Signs_US,x01h30.png,SchoolBusStopAhead_X01H30.png,SchoolBusStopAhead,x01h30,Highway_Signs_US,high
Highway_Signs_US,x01h31.png,PlaqueSchool_X01H31.png,PlaqueSchool,x01h31,Highway_Signs_US,high
Highway_Signs_US,x01h32.png,PlaqueWhenFlashing_X01H32.png,PlaqueWhenFlashing,x01h32,Highway_Signs_US,high
Highway_Signs_US,x01h33.png,SchoolSpeedLimit20WhenFlashing_X01H33.png,SchoolSpeedLimit20WhenFlashing,x01h33,Highway_Signs_US,high
Highway_Signs_US,x01h35.png,SlowChildrenAtPlay_X01H35.png,SlowChildrenAtPlay,x01h35,Highway_Signs_US,high
Highway_Signs_US,x01i14.png,SignalHandDontWalk_X01I14.png,SignalHandDontWalk,x01i14,Highway_Signs_US,high
Highway_Signs_US,x01i15.png,SignalWalkingPerson_X01I15.png,SignalWalkingPerson,x01i15,Highway_Signs_US,high
Highway_Signs_US,x01i16.png,SignalDontWalkText_X01I16.png,SignalDontWalkText,x01i16,Highway_Signs_US,high
Highway_Signs_US,x01i17.png,SignalWalkText_X01I17.png,SignalWalkText,x01i17,Highway_Signs_US,high
