tool,inner_node,node_type,parm_family,n_referenced,n_in_family,confidence,literals,referenced
AB::AirConCondeserGenerator::3.0,/obj/AnalysisHolder/probe_1/create_ac_condensers/create_fans/transform5,xform,,1,4,medium,parmgroup_pivotxform=1 px=0 py=0 pz=0,tz
AB::AirConCondeserGenerator::3.0,/obj/AnalysisHolder/probe_1/create_ac_condensers/create_fans/transform7,xform,,1,4,medium,parmgroup_pivotxform=1 px=0 py=0 pz=0,tz
AB::AirConCondeserGenerator::3.0,/obj/AnalysisHolder/probe_1/create_ac_condensers/mats/RP_1/parm_metallic,parameter,,1,1,medium,rangeint2=1,parmprefix
AB::AirConCondeserGenerator::3.0,/obj/AnalysisHolder/probe_1/create_ac_condensers/mats/RP_1/parm_reflecttint,parameter,,1,1,medium,rangeint2=1,parmprefix
AB::AirConCondeserGenerator::3.0,/obj/AnalysisHolder/probe_1/create_ac_condensers/mats/RP_1/parm_coat,parameter,,1,1,medium,rangeint2=1,parmprefix
AB::AirConCondeserGenerator::3.0,/obj/AnalysisHolder/probe_1/create_ac_condensers/mats/RP_1/parm_basecolor,parameter,,1,5,medium,parmtype=19 colordefr=0.2 colordefg=0.2 colordefb=0.2 rangeint2=1,parmprefix
AB::AirConCondeserGenerator::3.0,/obj/AnalysisHolder/probe_1/create_ac_condensers/mats/RP_2/parm_metallic,parameter,,1,1,medium,rangeint2=1,parmprefix
AB::AirConCondeserGenerator::3.0,/obj/AnalysisHolder/probe_1/create_ac_condensers/mats/RP_2/parm_reflecttint,parameter,,1,1,medium,rangeint2=1,parmprefix
AB::AirConCondeserGenerator::3.0,/obj/AnalysisHolder/probe_1/create_ac_condensers/mats/RP_2/parm_coat,parameter,,1,1,medium,rangeint2=1,parmprefix
AB::AirConCondeserGenerator::3.0,/obj/AnalysisHolder/probe_1/create_ac_condensers/mats/RP_2/parm_basecolor,parameter,,1,5,medium,parmtype=19 colordefr=0.2 colordefg=0.2 colordefb=0.2 rangeint2=1,parmprefix
AB::AirConCondeserGenerator::3.0,/obj/AnalysisHolder/probe_1/create_ac_condensers/mats/RP_3/parm_metallic,parameter,,1,1,medium,rangeint2=1,parmprefix
AB::AirConCondeserGenerator::3.0,/obj/AnalysisHolder/probe_1/create_ac_condensers/mats/RP_3/parm_reflecttint,parameter,,1,1,medium,rangeint2=1,parmprefix
AB::AirConCondeserGenerator::3.0,/obj/AnalysisHolder/probe_1/create_ac_condensers/mats/RP_3/parm_coat,parameter,,1,1,medium,rangeint2=1,parmprefix
AB::AirConCondeserGenerator::3.0,/obj/AnalysisHolder/probe_1/create_ac_condensers/mats/RP_3/parm_basecolor,parameter,,1,5,medium,parmtype=19 colordefr=0.2 colordefg=0.2 colordefb=0.2 rangeint2=1,parmprefix
AB::AirConCondeserGenerator::3.0,/obj/AnalysisHolder/probe_1/create_ac_condensers/mats/RP_4/parm_metallic,parameter,,1,1,medium,rangeint2=1,parmprefix
AB::AirConCondeserGenerator::3.0,/obj/AnalysisHolder/probe_1/create_ac_condensers/mats/RP_4/parm_reflecttint,parameter,,1,1,medium,rangeint2=1,parmprefix
AB::AirConCondeserGenerator::3.0,/obj/AnalysisHolder/probe_1/create_ac_condensers/mats/RP_4/parm_coat,parameter,,1,1,medium,rangeint2=1,parmprefix
AB::AirConCondeserGenerator::3.0,/obj/AnalysisHolder/probe_1/create_ac_condensers/mats/RP_4/parm_basecolor,parameter,,1,5,medium,parmtype=19 colordefr=0.2 colordefg=0.2 colordefb=0.2 rangeint2=1,parmprefix
AB::AirConCondeserGenerator::3.0,/obj/AnalysisHolder/probe_1/create_ac_condensers/mats/RP_5/parm_metallic,parameter,,1,1,medium,rangeint2=1,parmprefix
AB::AirConCondeserGenerator::3.0,/obj/AnalysisHolder/probe_1/create_ac_condensers/mats/RP_5/parm_reflecttint,parameter,,1,1,medium,rangeint2=1,parmprefix
AB::AirConCondeserGenerator::3.0,/obj/AnalysisHolder/probe_1/create_ac_condensers/mats/RP_5/parm_coat,parameter,,1,1,medium,rangeint2=1,parmprefix
AB::AirConCondeserGenerator::3.0,/obj/AnalysisHolder/probe_1/create_ac_condensers/mats/RP_5/parm_basecolor,parameter,,1,5,medium,parmtype=19 colordefr=0.2 colordefg=0.2 colordefb=0.2 rangeint2=1,parmprefix
AB::AirConCondeserGenerator::3.0,/obj/AnalysisHolder/probe_1/create_ac_condensers/mats/RP_6/parm_metallic,parameter,,1,1,medium,rangeint2=1,parmprefix
AB::AirConCondeserGenerator::3.0,/obj/AnalysisHolder/probe_1/create_ac_condensers/mats/RP_6/parm_reflecttint,parameter,,1,1,medium,rangeint2=1,parmprefix
AB::AirConCondeserGenerator::3.0,/obj/AnalysisHolder/probe_1/create_ac_condensers/mats/RP_6/parm_coat,parameter,,1,1,medium,rangeint2=1,parmprefix
AB::AirConCondeserGenerator::3.0,/obj/AnalysisHolder/probe_1/create_ac_condensers/mats/RP_6/parm_basecolor,parameter,,1,5,medium,parmtype=19 colordefr=0.2 colordefg=0.2 colordefb=0.2 rangeint2=1,parmprefix
AB::AirConCondeserGenerator::3.0,/obj/AnalysisHolder/probe_1/create_ac_condensers/AC_create_base/box1,box,size,1,5,high,type=1 sizex=2.35 divrate1=2 divrate2=3 divrate3=2,sizey
AB::AirConCondeserGenerator::3.0,/obj/AnalysisHolder/probe_1/create_ac_condensers/create_cutters/primitive1,primitive,s,2,2,high,doxform=1 sx=0.65,sy sz
AB::AirConCondeserGenerator::3.0,/obj/AnalysisHolder/probe_1/create_ac_condensers/create_cutters/primitive2,primitive,s,2,2,high,doxform=1 sx=0,sy sz
AB::AirConCondeserGenerator::3.0,/obj/AnalysisHolder/probe_1/create_ac_duct/mats/RP_1/parm_metallic,parameter,,1,1,medium,rangeint2=1,parmprefix
AB::AirConCondeserGenerator::3.0,/obj/AnalysisHolder/probe_1/create_ac_duct/mats/RP_1/parm_reflecttint,parameter,,1,1,medium,rangeint2=1,parmprefix
AB::AirConCondeserGenerator::3.0,/obj/AnalysisHolder/probe_1/create_ac_duct/mats/RP_1/parm_coat,parameter,,1,1,medium,rangeint2=1,parmprefix
AB::AirConCondeserGenerator::3.0,/obj/AnalysisHolder/probe_1/create_ac_duct/mats/RP_1/parm_basecolor,parameter,,1,5,medium,parmtype=19 colordefr=0.2 colordefg=0.2 colordefb=0.2 rangeint2=1,parmprefix
AB::AirConCondeserGenerator::3.0,/obj/AnalysisHolder/probe_1/create_ac_duct/mats/RP_2/parm_metallic,parameter,,1,1,medium,rangeint2=1,parmprefix
AB::AirConCondeserGenerator::3.0,/obj/AnalysisHolder/probe_1/create_ac_duct/mats/RP_2/parm_reflecttint,parameter,,1,1,medium,rangeint2=1,parmprefix
AB::AirConCondeserGenerator::3.0,/obj/AnalysisHolder/probe_1/create_ac_duct/mats/RP_2/parm_coat,parameter,,1,1,medium,rangeint2=1,parmprefix
AB::AirConCondeserGenerator::3.0,/obj/AnalysisHolder/probe_1/create_ac_duct/mats/RP_2/parm_basecolor,parameter,,1,5,medium,parmtype=19 colordefr=0.2 colordefg=0.2 colordefb=0.2 rangeint2=1,parmprefix
AB::AirConCondeserGenerator::3.0,/obj/AnalysisHolder/probe_1/create_ac_duct/mats/RP_3/parm_metallic,parameter,,1,1,medium,rangeint2=1,parmprefix
AB::AirConCondeserGenerator::3.0,/obj/AnalysisHolder/probe_1/create_ac_duct/mats/RP_3/parm_reflecttint,parameter,,1,1,medium,rangeint2=1,parmprefix
AB::AirConCondeserGenerator::3.0,/obj/AnalysisHolder/probe_1/create_ac_duct/mats/RP_3/parm_coat,parameter,,1,1,medium,rangeint2=1,parmprefix
AB::AirConCondeserGenerator::3.0,/obj/AnalysisHolder/probe_1/create_ac_duct/mats/RP_3/parm_basecolor,parameter,,1,5,medium,parmtype=19 colordefr=0.2 colordefg=0.2 colordefb=0.2 rangeint2=1,parmprefix
AB::AirConCondeserGenerator::3.0,/obj/AnalysisHolder/probe_1/create_ac_duct/mats/RP_4/parm_metallic,parameter,,1,1,medium,rangeint2=1,parmprefix
AB::AirConCondeserGenerator::3.0,/obj/AnalysisHolder/probe_1/create_ac_duct/mats/RP_4/parm_reflecttint,parameter,,1,1,medium,rangeint2=1,parmprefix
AB::AirConCondeserGenerator::3.0,/obj/AnalysisHolder/probe_1/create_ac_duct/mats/RP_4/parm_coat,parameter,,1,1,medium,rangeint2=1,parmprefix
AB::AirConCondeserGenerator::3.0,/obj/AnalysisHolder/probe_1/create_ac_duct/mats/RP_4/parm_basecolor,parameter,,1,5,medium,parmtype=19 colordefr=0.2 colordefg=0.2 colordefb=0.2 rangeint2=1,parmprefix
AB::AirConCondeserGenerator::3.0,/obj/AnalysisHolder/probe_1/create_ac_duct/mats/RP_5/parm_metallic,parameter,,1,1,medium,rangeint2=1,parmprefix
AB::AirConCondeserGenerator::3.0,/obj/AnalysisHolder/probe_1/create_ac_duct/mats/RP_5/parm_reflecttint,parameter,,1,1,medium,rangeint2=1,parmprefix
AB::AirConCondeserGenerator::3.0,/obj/AnalysisHolder/probe_1/create_ac_duct/mats/RP_5/parm_coat,parameter,,1,1,medium,rangeint2=1,parmprefix
AB::AirConCondeserGenerator::3.0,/obj/AnalysisHolder/probe_1/create_ac_duct/mats/RP_5/parm_basecolor,parameter,,1,5,medium,parmtype=19 colordefr=0.2 colordefg=0.2 colordefb=0.2 rangeint2=1,parmprefix
AB::AirConCondeserGenerator::3.0,/obj/AnalysisHolder/probe_1/create_ac_duct/mats/RP_6/parm_metallic,parameter,,1,1,medium,rangeint2=1,parmprefix
AB::AirConCondeserGenerator::3.0,/obj/AnalysisHolder/probe_1/create_ac_duct/mats/RP_6/parm_reflecttint,parameter,,1,1,medium,rangeint2=1,parmprefix
AB::AirConCondeserGenerator::3.0,/obj/AnalysisHolder/probe_1/create_ac_duct/mats/RP_6/parm_coat,parameter,,1,1,medium,rangeint2=1,parmprefix
AB::AirConCondeserGenerator::3.0,/obj/AnalysisHolder/probe_1/create_ac_duct/mats/RP_6/parm_basecolor,parameter,,1,5,medium,parmtype=19 colordefr=0.2 colordefg=0.2 colordefb=0.2 rangeint2=1,parmprefix
AB::ApartmentRow::1.2,/obj/AnalysisHolder/probe_3/ProcessWalls/ProcessCorners/knife1,knife,,1,1,medium,knifeop=1,originy
AB::ApartmentRow::1.2,/obj/AnalysisHolder/probe_3/ProcessWalls/ProcessCorners/knife4,knife,,1,1,medium,knifeop=2,originy
AB::ApartmentRow::1.2,/obj/AnalysisHolder/probe_3/ProcessWalls/ProcessCorners/polyextrude2,polyextrude::2.0,,1,11,medium,outputfrontgrp=1 thicknessramp1value=1 thicknessramp1interp=2 thicknessramp2pos=1 thicknessramp2value=1 thicknessramp2interp=2 twistramp1value=0.5 twistramp1interp=2 twistramp2pos=1 twistramp2value=0.5 twistramp2interp=2,dist
AB::ApartmentRow::1.2,/obj/AnalysisHolder/probe_3/ProcessWalls/ProcessCorners/grid1,grid,,1,5,medium,orient=0 sizex=3.8 sizey=26 ry=180 cols=2,rows
AB::ApartmentRow::1.2,/obj/AnalysisHolder/probe_3/ProcessWalls/ProcessCorners/grid2,grid,,1,5,medium,orient=0 sizex=3.8 sizey=26 ry=180 cols=2,rows
AB::ApartmentRow::1.2,/obj/AnalysisHolder/probe_3/ProcessWalls/ProcessWalls/EntryLevelWalls/CreateDoorWalls/DoorsCreateCopies1,AB::DoorsCreateCopies::1.0,,15,1,medium,WinWallBaseHeight=1.199,AboveWindowHeight InsetDoorDepth RS_DoorFrameColorb RS_DoorFrameColorg RS_DoorFrameColorr RS_DoorGlassColorb RS_DoorGlassColorg RS_DoorGlassColorr RS_DoorStyle RS_HandleStyle WinWallSides colorb colorg colorr handle_side
AB::ApartmentRow::1.2,/obj/AnalysisHolder/probe_3/ProcessWalls/ProcessWalls/EntryLevelWalls/CreateDoorWalls/DoorsCreateCopies1/CreateWindowWallDivs/polyextrude1,polyextrude::2.0,,1,11,medium,outputsidegrp=1 thicknessramp1value=1 thicknessramp1interp=2 thicknessramp2pos=1 thicknessramp2value=1 thicknessramp2interp=2 twistramp1value=0.5 twistramp1interp=2 twistramp2pos=1 twistramp2value=0.5 twistramp2interp=2,dist
AB::ApartmentRow::1.2,/obj/AnalysisHolder/probe_3/ProcessWalls/ProcessWalls/EntryLevelWalls/CreateDoorWalls/DoorsCreateCopies1/CreateWindowWallDivs/knife4,knife,,1,3,medium,knifeop=1 dirx=1 diry=0,originx
AB::ApartmentRow::1.2,/obj/AnalysisHolder/probe_3/ProcessWalls/ProcessWalls/EntryLevelWalls/CreateDoorWalls/DoorsCreateCopies1/CreateWindowWallDivs/knife5,knife,,1,2,medium,dirx=1 diry=0,originx
AB::ApartmentRow::1.2,/obj/AnalysisHolder/probe_3/ProcessWalls/ProcessWalls/EntryLevelWalls/CreateDoorWalls/DoorsCreateCopies1/CreateWindowWallDivs/knife6,knife,,1,2,medium,dirx=1 diry=0,originx
AB::ApartmentRow::1.2,/obj/AnalysisHolder/probe_3/ProcessWalls/ProcessWalls/EntryLevelWalls/CreateDoorWalls/DoorsCreateCopies1/CreateWindowWallDivs/knife7,knife,,1,3,medium,knifeop=1 dirx=1 diry=0,originx
AB::ApartmentRow::1.2,/obj/AnalysisHolder/probe_3/ProcessWalls/ProcessWalls/EntryLevelWalls/CreateDoorWalls/DoorsCreateCopies1/color1,color,,3,5,medium,class=3 ramp2pos=1 ramp2cr=1 ramp2cg=1 ramp2cb=1,colorb colorg colorr
AB::ApartmentRow::1.2,/obj/AnalysisHolder/probe_3/ProcessWalls/ProcessWalls/EntryLevelWalls/CreateDoorWalls/DoorsCreateCopies1/knife1,knife,,1,1,medium,knifeop=2,originy
AB::ApartmentRow::1.2,/obj/AnalysisHolder/probe_3/ProcessWalls/ProcessWalls/EntryLevelWalls/CreateDoorWalls/CeateSteps/copy1,copyxform,,1,2,medium,ty=-0.15 tz=0.3,ncy
AB::ApartmentRow::1.2,/obj/AnalysisHolder/probe_3/ProcessWalls/ProcessWalls/EntryLevelWalls/CreateDoorWalls/CeateSteps/polyextrude2,polyextrude::2.0,,1,13,medium,xformfront=1 xformspace=1 outputfront=0 thicknessramp1value=1 thicknessramp1interp=2 thicknessramp2pos=1 thicknessramp2value=1 thicknessramp2interp=2 twistramp1value=0.5 twistramp1interp=2 twistramp2pos=1 twistramp2value=0.5 twistramp2interp=2,translatey
AB::ApartmentRow::1.2,/obj/AnalysisHolder/probe_3/ProcessWalls/ProcessWalls/EntryLevelWalls/CreateDoorWalls/CeateSteps/transform10,xform,,1,1,medium,parmgroup_pivotxform=1,ty
AB::ApartmentRow::1.2,/obj/AnalysisHolder/probe_3/ProcessWalls/ProcessWalls/EntryLevelWalls/CreateDoorWalls/CeateSteps/transform13,xform,,1,2,medium,parmgroup_pivotxform=1 pz=0,sz
AB::ApartmentRow::1.2,/obj/AnalysisHolder/probe_3/ProcessWalls/ProcessWalls/EntryLevelWalls/CreateDoorWalls/CeateSteps/line1,line,,1,2,medium,diry=0 dirz=1,dist
AB::ApartmentRow::1.2,/obj/AnalysisHolder/probe_3/ProcessWalls/ProcessWalls/EntryLevelWalls/CreateDoorWalls/CeateSteps/transform15,xform,,1,4,medium,parmgroup_pivotxform=1 px=0 py=0 pz=0,ty
AB::ApartmentRow::1.2,/obj/AnalysisHolder/probe_3/ProcessWalls/ProcessWalls/EntryLevelWalls/CreateDoorWalls/CeateSteps/color1,color,,3,5,medium,class=3 ramp2pos=1 ramp2cr=1 ramp2cg=1 ramp2cb=1,colorb colorg colorr
AB::ApartmentRow::1.2,/obj/AnalysisHolder/probe_3/ProcessWalls/ProcessWalls/EntryLevelWalls/CreateDoorWalls/CeateSteps/color2,color,,3,6,medium,deleteallcolorattribs=1 class=3 ramp2pos=1 ramp2cr=1 ramp2cg=1 ramp2cb=1,colorb colorg colorr
AB::ApartmentRow::1.2,/obj/AnalysisHolder/probe_3/ProcessWalls/ProcessWalls/EntryLevelWalls/transform5,xform,,1,1,medium,parmgroup_pivotxform=1,tz
AB::ApartmentRow::1.2,/obj/AnalysisHolder/probe_3/ProcessWalls/ProcessWalls/EntryLevelWalls/color4,color,,3,5,medium,class=3 ramp2pos=1 ramp2cr=1 ramp2cg=1 ramp2cb=1,colorb colorg colorr
AB::ApartmentRow::1.2,/obj/AnalysisHolder/probe_3/ProcessWalls/ProcessWalls/EntryLevelWalls/WindowsCreateCopies2,AB::WindowsCreateCopies::2.0,,1,3,medium,win_wall_open_z=0.5 WinWallBaseHeight=1 AboveWindowHeight=1,WinWallSides
AB::ApartmentRow::1.2,/obj/AnalysisHolder/probe_3/ProcessWalls/ProcessWalls/EntryLevelWalls/color2,color,,3,5,medium,class=3 ramp2pos=1 ramp2cr=1 ramp2cg=1 ramp2cb=1,colorb colorg colorr
AB::ApartmentRow::1.2,/obj/AnalysisHolder/probe_3/ProcessWalls/ProcessWalls/EntryLevelWalls/transform2,xform,t,1,2,high,ty=-0.1 parmgroup_pivotxform=1,tz
AB::ApartmentRow::1.2,/obj/AnalysisHolder/probe_3/ProcessWalls/ProcessWalls/EntryLevelWalls/color9,color,,3,5,medium,class=3 ramp2pos=1 ramp2cr=1 ramp2cg=1 ramp2cb=1,colorb colorg colorr
AB::ApartmentRow::1.2,/obj/AnalysisHolder/probe_3/ProcessWalls/ProcessWalls/EntryLevelWalls/WindowsCreateCopies1,AB::WindowsCreateCopies::2.0,,1,2,medium,WinWallBaseHeight=1.5 AboveWindowHeight=1,WinWallSides
AB::ApartmentRow::1.2,/obj/AnalysisHolder/probe_3/ProcessWalls/ProcessWalls/EntryLevelWalls/WindowGenerator1,AB::WindowGenerator::3.1,,6,4,medium,WindowWidth=1.5 WindowHeight=2.5 NumberOfWindowSides=3 BayWallOpeningHeight=2.5,BayWallOpeningWidth CasingDepth CasingWidth SK_WinFrameDepthRect WinFrameWidthRect WindowShape
AB::ApartmentRow::1.2,/obj/AnalysisHolder/probe_3/ProcessWalls/ProcessWalls/MidFloorWalls/transform3,xform,,1,1,medium,sy=0,ty
AB::ApartmentRow::1.2,/obj/AnalysisHolder/probe_3/ProcessWalls/ProcessWalls/MidFloorWalls/color2,color,,3,5,medium,class=3 ramp2pos=1 ramp2cr=1 ramp2cg=1 ramp2cb=1,colorb colorg colorr
AB::ApartmentRow::1.2,/obj/AnalysisHolder/probe_3/ProcessWalls/ProcessWalls/MidFloorWalls/transform4,xform,,1,1,medium,parmgroup_pivotxform=1,tz
AB::ApartmentRow::1.2,/obj/AnalysisHolder/probe_3/ProcessWalls/ProcessWalls/MidFloorWalls/transform5,xform,,1,1,medium,parmgroup_pivotxform=1,tz
AB::ApartmentRow::1.2,/obj/AnalysisHolder/probe_3/ProcessWalls/ProcessWalls/MidFloorWalls/color4,color,,3,5,medium,class=3 ramp2pos=1 ramp2cr=1 ramp2cg=1 ramp2cb=1,colorb colorg colorr
AB::ApartmentRow::1.2,/obj/AnalysisHolder/probe_3/ProcessWalls/ProcessWalls/MidFloorWalls/WindowGenerator1,AB::WindowGenerator::3.1,,5,2,medium,WindowWidth=1.5 WindowHeight=2,CasingDepth CasingWidth SK_WinFrameDepthRect WinFrameWidthRect WindowShape
AB::ApartmentRow::1.2,/obj/AnalysisHolder/probe_3/ProcessWalls/ProcessWalls/MidFloorWalls/CreateSideWindowPlanes/WindowsCreateCopies2,AB::WindowsCreateCopies::2.0,,1,3,medium,win_wall_open_z=0.5 WinWallBaseHeight=1 AboveWindowHeight=1,WinWallSides
AB::ApartmentRow::1.2,/obj/AnalysisHolder/probe_3/ProcessWalls/ProcessWalls/TopFloorWalls/color2,color,,3,5,medium,class=3 ramp2pos=1 ramp2cr=1 ramp2cg=1 ramp2cb=1,colorb colorg colorr
AB::ApartmentRow::1.2,/obj/AnalysisHolder/probe_3/ProcessWalls/ProcessWalls/TopFloorWalls/WindowsCreateCopies2,AB::WindowsCreateCopies::2.0,,1,3,medium,win_wall_open_z=0.5 WinWallBaseHeight=1 AboveWindowHeight=1,WinWallSides
AB::ApartmentRow::1.2,/obj/AnalysisHolder/probe_3/ProcessWalls/ProcessWalls/TopFloorWalls/transform5,xform,,1,1,medium,parmgroup_pivotxform=1,tz
AB::ApartmentRow::1.2,/obj/AnalysisHolder/probe_3/ProcessWalls/ProcessWalls/TopFloorWalls/color4,color,,3,5,medium,class=3 ramp2pos=1 ramp2cr=1 ramp2cg=1 ramp2cb=1,colorb colorg colorr
AB::ApartmentRow::1.2,/obj/AnalysisHolder/probe_3/ProcessWalls/ProcessWalls/TopFloorWalls/transform2,xform,,1,1,medium,parmgroup_pivotxform=1,tz
AB::ApartmentRow::1.2,/obj/AnalysisHolder/probe_3/ProcessWalls/ProcessWalls/TopFloorWalls/WindowsCreateCopies1,AB::WindowsCreateCopies::2.0,,1,3,medium,win_wall_open_z=0.2 WinWallBaseHeight=1 AboveWindowHeight=2,WinWallSides
AB::ApartmentRow::1.2,/obj/AnalysisHolder/probe_3/ProcessWalls/ProcessWalls/TopFloorWalls/WindowGenerator2,AB::WindowGenerator::3.1,,6,4,medium,WindowWidth=1.5 WindowHeight=2 NumberOfWindowSides=3 BayWallOpeningHeight=2,BayWallOpeningWidth CasingDepth CasingWidth SK_WinFrameDepthRect WinFrameWidthRect WindowShape
AB::ApartmentRow::1.2,/obj/AnalysisHolder/probe_3/ProcessWalls/ProcessWalls/LowerWalls/color1,color,,3,6,medium,deleteallcolorattribs=1 class=3 ramp2pos=1 ramp2cr=1 ramp2cg=1 ramp2cb=1,colorb colorg colorr
AB::ApartmentRow::1.2,/obj/AnalysisHolder/probe_3/ProcessWalls/ProcessWalls/MezzanineWalls/transform3,xform,,1,1,medium,sy=0,ty
AB::ApartmentRow::1.2,/obj/AnalysisHolder/probe_3/ProcessWalls/ProcessWalls/MezzanineWalls/color2,color,,3,5,medium,class=3 ramp2pos=1 ramp2cr=1 ramp2cg=1 ramp2cb=1,colorb colorg colorr
AB::ApartmentRow::1.2,/obj/AnalysisHolder/probe_3/ProcessWalls/ProcessWalls/MezzanineWalls/transform4,xform,,1,1,medium,parmgroup_pivotxform=1,tz
AB::ApartmentRow::1.2,/obj/AnalysisHolder/probe_3/ProcessWalls/ProcessWalls/MezzanineWalls/WindowsCreateCopies1,AB::WindowsCreateCopies::2.0,,1,3,medium,win_wall_open_z=0.5 WinWallBaseHeight=1 AboveWindowHeight=1,WinWallSides
AB::ApartmentRow::1.2,/obj/AnalysisHolder/probe_3/ProcessWalls/ProcessWalls/MezzanineWalls/WindowsCreateCopies2,AB::WindowsCreateCopies::2.0,,1,3,medium,win_wall_open_z=0.5 WinWallBaseHeight=1 AboveWindowHeight=1,WinWallSides
AB::ApartmentRow::1.2,/obj/AnalysisHolder/probe_3/ProcessWalls/ProcessWalls/MezzanineWalls/transform5,xform,,1,1,medium,parmgroup_pivotxform=1,tz
AB::ApartmentRow::1.2,/obj/AnalysisHolder/probe_3/ProcessWalls/ProcessWalls/MezzanineWalls/color4,color,,3,5,medium,class=3 ramp2pos=1 ramp2cr=1 ramp2cg=1 ramp2cb=1,colorb colorg colorr
AB::ApartmentRow::1.2,/obj/AnalysisHolder/probe_3/ProcessWalls/ProcessWalls/MezzanineWalls/WindowGenerator1,AB::WindowGenerator::3.1,,5,2,medium,WindowWidth=1.5 WindowHeight=2,CasingDepth CasingWidth SK_WinFrameDepthRect WinFrameWidthRect WindowShape
AB::ApartmentRow::1.2,/obj/AnalysisHolder/probe_3/ProcessWalls/ProcessWalls/TopWalls/color2,color,,3,5,medium,class=3 ramp2pos=1 ramp2cr=1 ramp2cg=1 ramp2cb=1,colorb colorg colorr
AB::ApartmentRow::1.2,/obj/AnalysisHolder/probe_3/ProcessWalls/ProcessWalls/TopWalls/color1,color,,3,5,medium,class=3 ramp2pos=1 ramp2cr=1 ramp2cg=1 ramp2cb=1,colorb colorg colorr
AB::ApartmentRow::1.2,/obj/AnalysisHolder/probe_3/ProcessRoofs/CreateCornice/color1,color,,3,6,medium,deleteallcolorattribs=1 class=3 ramp2pos=1 ramp2cr=1 ramp2cg=1 ramp2cb=1,colorb colorg colorr
AB::ApartmentRow::1.2,/obj/AnalysisHolder/probe_3/ProcessRoofs/CreateCornice/knife3,knife,,1,2,medium,diry=0 dirz=1,originz
AB::ApartmentRow::1.2,/obj/AnalysisHolder/probe_3/ProcessRoofs/CreateCornice/divide2,divide,,2,1,medium,numsides=4,sizey sizez
AB::ApartmentRow::1.2,/obj/AnalysisHolder/probe_3/ProcessRoofs/CreateCornice/FancyCurves2,AB::FancyCurves::2.0,,1,2,medium,CurveStyle=3 planeSet=0,LowerFaceDepth
AB::ApartmentRow::1.2,/obj/AnalysisHolder/probe_3/ProcessRoofs/CreateFlatRoof/divide1,divide,size,1,4,high,convex=0 brick=1 sizex=4 sizey=2,sizez
AB::ApartmentRow::1.2,/obj/AnalysisHolder/probe_3/ProcessRoofs/CreatePeakedRoof/grid2,grid,,2,4,medium,ty=26.01 ry=180 rows=2 cols=3,sizex sizey
AB::ApartmentRow::1.2,/obj/AnalysisHolder/probe_3/ProcessRoofs/CreatePeakedRoof/transform10,xform,,1,2,medium,grouptype=3 parmgroup_pivotxform=1,ty
AB::ApartmentRow::1.2,/obj/AnalysisHolder/probe_3/ProcessRoofs/CreatePeakedRoof/color1,color,,3,5,medium,class=3 ramp2pos=1 ramp2cr=1 ramp2cg=1 ramp2cb=1,colorb colorg colorr
AB::ApartmentRow::1.2,/obj/AnalysisHolder/probe_3/CreateBldBase/FootprintSquare/add1,add,,2,2,medium,points=3 switcher1=1,pt0x pt2z
AB::ApartmentRow::1.2,/obj/AnalysisHolder/probe_3/CreateBldBase/FootprintSquare/add2,add,,4,2,medium,points=2 switcher1=1,pt0x pt0y pt0z pt1z
AB::ApartmentRow::1.2,/obj/AnalysisHolder/probe_3/CreateBldBase/FootprintSquare/add3,add,,9,3,medium,stdswitcher1=1 points=3 switcher1=1,pt0x pt0y pt0z pt1x pt1y pt1z pt2x pt2y pt2z
AB::ApartmentRow::1.2,/obj/AnalysisHolder/probe_3/CreateBldBase/FootprintSquare/add4,add,,6,2,medium,points=2 switcher1=1,pt0x pt0y pt0z pt1x pt1y pt1z
AB::ApartmentRow::1.2,/obj/AnalysisHolder/probe_3/CreateBldBase/FootprintSquare/add5,add,,9,3,medium,stdswitcher1=1 points=3 switcher1=1,pt0x pt0y pt0z pt1x pt1y pt1z pt2x pt2y pt2z
AB::ApartmentRow::1.2,/obj/AnalysisHolder/probe_3/CreateBldBase/FootprintSquare/add6,add,,6,2,medium,points=2 switcher1=1,pt0x pt0y pt0z pt1x pt1y pt1z
AB::ApartmentRow::1.2,/obj/AnalysisHolder/probe_3/CreateBldBase/FootprintSquare/add7,add,,9,3,medium,stdswitcher1=1 points=3 switcher1=1,pt0x pt0y pt0z pt1x pt1y pt1z pt2x pt2y pt2z
AB::ApartmentRow::1.2,/obj/AnalysisHolder/probe_3/CreateBldBase/FootprintSquare/add8,add,,6,2,medium,points=2 switcher1=1,pt0x pt0y pt0z pt1x pt1y pt1z
AB::ApartmentRow::1.2,/obj/AnalysisHolder/probe_3/CreateBldBase/FootprintSquare/color10,color,,3,5,medium,class=1 ramp2pos=1 ramp2cr=1 ramp2cg=1 ramp2cb=1,colorb colorg colorr
AB::ApartmentRow::1.2,/obj/AnalysisHolder/probe_3/CreateBldBase/FootprintSquare/color12,color,,3,5,medium,class=1 ramp2pos=1 ramp2cr=1 ramp2cg=1 ramp2cb=1,colorb colorg colorr
AB::ApartmentRow::1.2,/obj/AnalysisHolder/probe_3/CreateBldBase/FootprintSquare/color14,color,,3,5,medium,class=1 ramp2pos=1 ramp2cr=1 ramp2cg=1 ramp2cb=1,colorb colorg colorr
AB::ApartmentRow::1.2,/obj/AnalysisHolder/probe_3/CreateBldBase/FootprintSquare/resample1,resample,,1,1,medium,edge=1,length
AB::ApartmentRow::1.2,/obj/AnalysisHolder/probe_3/CreateBldBase/FootprintSquare/resample2,resample,,1,1,medium,edge=1,length
AB::ApartmentRow::1.2,/obj/AnalysisHolder/probe_3/CreateBldBase/FootprintSquare/resample3,resample,,1,1,medium,edge=1,length
AB::ApartmentRow::1.2,/obj/AnalysisHolder/probe_3/CreateBldBase/FootprintSquare/resample4,resample,,1,1,medium,edge=1,length
AB::ApartmentRow::1.2,/obj/AnalysisHolder/probe_3/CreateBldBase/FootprintSquare/add9,add,,4,4,medium,stdswitcher1=1 points=4 switcher1=1 closedall=1,pt1x pt2x pt2z pt3z
AB::ApartmentRow::1.2,/obj/AnalysisHolder/probe_3/CreateBldBase/GroundFloor_ModBase/polyextrude2,polyextrude::2.0,,1,15,medium,extrusionmode=1 xformfront=1 xformspace=1 outputfront=0 outputsidegrp=1 thicknessramp1value=1 thicknessramp1interp=2 thicknessramp2pos=1 thicknessramp2value=1 thicknessramp2interp=2 twistramp1value=0.5 twistramp1interp=2 twistramp2pos=1 twistramp2value=0.5 twistramp2interp=2,translatey
AB::ApartmentRow::1.2,/obj/AnalysisHolder/probe_3/CreateBldBase/GroundFloor_ModBase/transform1,xform,,1,1,medium,parmgroup_pivotxform=1,ty
AB::ApartmentRow::1.2,/obj/AnalysisHolder/probe_3/CreateBldBase/TopFloor_ModBase/polyextrude8,polyextrude::2.0,,1,15,medium,extrusionmode=1 xformfront=1 xformspace=1 outputfrontgrp=1 outputsidegrp=1 thicknessramp1value=1 thicknessramp1interp=2 thicknessramp2pos=1 thicknessramp2value=1 thicknessramp2interp=2 twistramp1value=0.5 twistramp1interp=2 twistramp2pos=1 twistramp2value=0.5 twistramp2interp=2,translatey
AB::ApartmentRow::1.2,/obj/AnalysisHolder/probe_3/CreateBldBase/MidFloor_ModBase/polyext_MidFloor,polyextrude::2.0,,1,15,medium,extrusionmode=1 xformfront=1 xformspace=1 outputfront=0 outputsidegrp=1 thicknessramp1value=1 thicknessramp1interp=2 thicknessramp2pos=1 thicknessramp2value=1 thicknessramp2interp=2 twistramp1value=0.5 twistramp1interp=2 twistramp2pos=1 twistramp2value=0.5 twistramp2interp=2,translatey
AB::ApartmentRow::1.2,/obj/AnalysisHolder/probe_3/CreateBldBase/LowerFloor_ModBase/polyextrude2,polyextrude::2.0,,1,15,medium,extrusionmode=1 xformfront=1 xformspace=1 outputfront=0 outputsidegrp=1 thicknessramp1value=1 thicknessramp1interp=2 thicknessramp2pos=1 thicknessramp2value=1 thicknessramp2interp=2 twistramp1value=0.5 twistramp1interp=2 twistramp2pos=1 twistramp2value=0.5 twistramp2interp=2,translatey
AB::ApartmentRow::1.2,/obj/AnalysisHolder/probe_3/CreateBldBase/LowerFloor_ModBase/CreateBays/grouprange2,grouprange,,1,1,medium,selecttotal1=2,selectamount1
AB::ApartmentRow::1.2,/obj/AnalysisHolder/probe_3/CreateBldBase/Mezzanine_ModBase/polyextrude2,polyextrude::2.0,,1,15,medium,extrusionmode=1 xformfront=1 xformspace=1 outputfront=0 outputsidegrp=1 thicknessramp1value=1 thicknessramp1interp=2 thicknessramp2pos=1 thicknessramp2value=1 thicknessramp2interp=2 twistramp1value=0.5 twistramp1interp=2 twistramp2pos=1 twistramp2value=0.5 twistramp2interp=2,translatey
AB::ApartmentRow::1.2,/obj/AnalysisHolder/probe_3/CreateBldBase/Mezzanine_ModBase/transform1,xform,,1,1,medium,parmgroup_pivotxform=1,ty
AB::ApartmentRow::1.2,/obj/AnalysisHolder/probe_3/CreateBldBase/Top_ModBase/polyextrude8,polyextrude::2.0,,1,15,medium,extrusionmode=1 xformfront=1 xformspace=1 outputfrontgrp=1 outputsidegrp=1 thicknessramp1value=1 thicknessramp1interp=2 thicknessramp2pos=1 thicknessramp2value=1 thicknessramp2interp=2 twistramp1value=0.5 twistramp1interp=2 twistramp2pos=1 twistramp2value=0.5 twistramp2interp=2,translatey
AB::ApartmentRow::1.2,/obj/AnalysisHolder/probe_3/CreateBldBase/FootprintSquare1/add1,add,,2,2,medium,points=3 switcher1=1,pt0x pt2z
AB::ApartmentRow::1.2,/obj/AnalysisHolder/probe_3/CreateBldBase/FootprintSquare1/add2,add,,4,2,medium,points=2 switcher1=1,pt0x pt0y pt0z pt1z
AB::ApartmentRow::1.2,/obj/AnalysisHolder/probe_3/CreateBldBase/FootprintSquare1/add3,add,,9,3,medium,stdswitcher1=1 points=3 switcher1=1,pt0x pt0y pt0z pt1x pt1y pt1z pt2x pt2y pt2z
AB::ApartmentRow::1.2,/obj/AnalysisHolder/probe_3/CreateBldBase/FootprintSquare1/add4,add,,6,2,medium,points=2 switcher1=1,pt0x pt0y pt0z pt1x pt1y pt1z
AB::ApartmentRow::1.2,/obj/AnalysisHolder/probe_3/CreateBldBase/FootprintSquare1/add5,add,,9,3,medium,stdswitcher1=1 points=3 switcher1=1,pt0x pt0y pt0z pt1x pt1y pt1z pt2x pt2y pt2z
AB::ApartmentRow::1.2,/obj/AnalysisHolder/probe_3/CreateBldBase/FootprintSquare1/add6,add,,6,2,medium,points=2 switcher1=1,pt0x pt0y pt0z pt1x pt1y pt1z
AB::ApartmentRow::1.2,/obj/AnalysisHolder/probe_3/CreateBldBase/FootprintSquare1/add7,add,,9,3,medium,stdswitcher1=1 points=3 switcher1=1,pt0x pt0y pt0z pt1x pt1y pt1z pt2x pt2y pt2z
AB::ApartmentRow::1.2,/obj/AnalysisHolder/probe_3/CreateBldBase/FootprintSquare1/add8,add,,6,2,medium,points=2 switcher1=1,pt0x pt0y pt0z pt1x pt1y pt1z
AB::ApartmentRow::1.2,/obj/AnalysisHolder/probe_3/CreateBldBase/FootprintSquare1/color10,color,,3,5,medium,class=1 ramp2pos=1 ramp2cr=1 ramp2cg=1 ramp2cb=1,colorb colorg colorr
AB::ApartmentRow::1.2,/obj/AnalysisHolder/probe_3/CreateBldBase/FootprintSquare1/color12,color,,3,5,medium,class=1 ramp2pos=1 ramp2cr=1 ramp2cg=1 ramp2cb=1,colorb colorg colorr
AB::ApartmentRow::1.2,/obj/AnalysisHolder/probe_3/CreateBldBase/FootprintSquare1/color14,color,,3,5,medium,class=1 ramp2pos=1 ramp2cr=1 ramp2cg=1 ramp2cb=1,colorb colorg colorr
AB::ApartmentRow::1.2,/obj/AnalysisHolder/probe_3/CreateBldBase/FootprintSquare1/resample1,resample,,1,1,medium,edge=1,length
AB::ApartmentRow::1.2,/obj/AnalysisHolder/probe_3/CreateBldBase/FootprintSquare1/resample2,resample,,1,1,medium,edge=1,length
AB::ApartmentRow::1.2,/obj/AnalysisHolder/probe_3/CreateBldBase/FootprintSquare1/resample3,resample,,1,1,medium,edge=1,length
AB::ApartmentRow::1.2,/obj/AnalysisHolder/probe_3/CreateBldBase/FootprintSquare1/resample4,resample,,1,1,medium,edge=1,length
AB::ApartmentRow::1.2,/obj/AnalysisHolder/probe_3/CreateBldBase/FootprintSquare1/add9,add,,4,4,medium,stdswitcher1=1 points=4 switcher1=1 closedall=1,pt1x pt2x pt2z pt3z
AB::ApartmentRow::1.2,/obj/AnalysisHolder/probe_3/CreateBldBase/FootprinL/add11,add,,8,3,medium,points=6 switcher1=1 closedall=1,pt1z pt2x pt2z pt3x pt3z pt4x pt4z pt5x
AB::ApartmentRow::1.2,/obj/AnalysisHolder/probe_3/CreateBldBase/FootprinL/add1,add,,2,2,medium,points=3 switcher1=1,pt0x pt2z
AB::ApartmentRow::1.2,/obj/AnalysisHolder/probe_3/CreateBldBase/FootprinL/add2,add,,4,3,medium,stdswitcher1=1 points=2 switcher1=1,pt0x pt0y pt0z pt1z
AB::ApartmentRow::1.2,/obj/AnalysisHolder/probe_3/CreateBldBase/FootprinL/add3,add,,4,3,medium,stdswitcher1=1 points=3 switcher1=1,pt0z pt1z pt2x pt2z
AB::ApartmentRow::1.2,/obj/AnalysisHolder/probe_3/CreateBldBase/FootprinL/add4,add,,5,3,medium,stdswitcher1=1 points=2 switcher1=1,pt0x pt0y pt0z pt1x pt1z
AB::ApartmentRow::1.2,/obj/AnalysisHolder/probe_3/CreateBldBase/FootprinL/add5,add,,9,3,medium,stdswitcher1=1 points=3 switcher1=1,pt0x pt0y pt0z pt1x pt1y pt1z pt2x pt2y pt2z
AB::ApartmentRow::1.2,/obj/AnalysisHolder/probe_3/CreateBldBase/FootprinL/add6,add,,6,3,medium,stdswitcher1=1 points=2 switcher1=1,pt0x pt0y pt0z pt1x pt1y pt1z
AB::ApartmentRow::1.2,/obj/AnalysisHolder/probe_3/CreateBldBase/FootprinL/add7,add,,9,3,medium,stdswitcher1=1 points=3 switcher1=1,pt0x pt0y pt0z pt1x pt1y pt1z pt2x pt2y pt2z
AB::ApartmentRow::1.2,/obj/AnalysisHolder/probe_3/CreateBldBase/FootprinL/add8,add,,6,3,medium,stdswitcher1=1 points=2 switcher1=1,pt0x pt0y pt0z pt1x pt1y pt1z
AB::ApartmentRow::1.2,/obj/AnalysisHolder/probe_3/CreateBldBase/FootprinL/add9,add,,9,3,medium,stdswitcher1=1 points=3 switcher1=1,pt0x pt0y pt0z pt1x pt1y pt1z pt2x pt2y pt2z
AB::ApartmentRow::1.2,/obj/AnalysisHolder/probe_3/CreateBldBase/FootprinL/add10,add,,6,3,medium,stdswitcher1=1 points=2 switcher1=1,pt0x pt0y pt0z pt1x pt1y pt1z
AB::ApartmentRow::1.2,/obj/AnalysisHolder/probe_3/CreateBldBase/FootprinL/add12,add,,9,3,medium,stdswitcher1=1 points=3 switcher1=1,pt0x pt0y pt0z pt1x pt1y pt1z pt2x pt2y pt2z
AB::ApartmentRow::1.2,/obj/AnalysisHolder/probe_3/CreateBldBase/FootprinL/add13,add,,6,2,medium,points=2 switcher1=1,pt0x pt0y pt0z pt1x pt1y pt1z
AB::ApartmentRow::1.2,/obj/AnalysisHolder/probe_3/CreateBldBase/FootprinL/color7,color,,3,5,medium,class=1 ramp2pos=1 ramp2cr=1 ramp2cg=1 ramp2cb=1,colorb colorg colorr
AB::ApartmentRow::1.2,/obj/AnalysisHolder/probe_3/CreateBldBase/FootprinL/color9,color,,3,5,medium,class=1 ramp2pos=1 ramp2cr=1 ramp2cg=1 ramp2cb=1,colorb colorg colorr
AB::ApartmentRow::1.2,/obj/AnalysisHolder/probe_3/CreateBldBase/FootprinL/color11,color,,3,5,medium,class=1 ramp2pos=1 ramp2cr=1 ramp2cg=1 ramp2cb=1,colorb colorg colorr
AB::ApartmentRow::1.2,/obj/AnalysisHolder/probe_3/CreateBldBase/FootprinL/color14,color,,3,5,medium,class=1 ramp2pos=1 ramp2cr=1 ramp2cg=1 ramp2cb=1,colorb colorg colorr
AB::ApartmentRow::1.2,/obj/AnalysisHolder/probe_3/CreateBldBase/FootprinL/color15,color,,3,5,medium,class=1 ramp2pos=1 ramp2cr=1 ramp2cg=1 ramp2cb=1,colorb colorg colorr
AB::ApartmentRow::1.2,/obj/AnalysisHolder/probe_3/CreateBldBase/FootprinL/resample4,resample,,1,1,medium,edge=1,length
AB::ApartmentRow::1.2,/obj/AnalysisHolder/probe_3/CreateBldBase/FootprinL/resample5,resample,,1,1,medium,edge=1,length
AB::ApartmentRow::1.2,/obj/AnalysisHolder/probe_3/CreateBldBase/FootprinL/resample6,resample,,1,1,medium,edge=1,length
AB::ApartmentRow::1.2,/obj/AnalysisHolder/probe_3/CreateBldBase/FootprinL/resample7,resample,,1,1,medium,edge=1,length
AB::ApartmentRow::1.2,/obj/AnalysisHolder/probe_3/CreateBldBase/FootprinL/resample8,resample,,1,1,medium,edge=1,length
AB::ApartmentRow::1.2,/obj/AnalysisHolder/probe_3/CreateBldBase/FootprinL/resample9,resample,,1,1,medium,edge=1,length
AB::ApartmentRow::1.2,/obj/AnalysisHolder/probe_3/CreateBldBase/FootprintRoundCorner/circle1,circle,rad,1,7,high,type=2 orient=2 reverse=0 radx=8 order=2 arc=1 endangle=90,rady
AB::ApartmentRow::1.2,/obj/AnalysisHolder/probe_3/CreateBldBase/FootprintRoundCorner/resample2,resample,,1,1,medium,edge=1,length
AB::ApartmentRow::1.2,/obj/AnalysisHolder/probe_3/CreateBldBase/FootprintRoundCorner/add1,add,,2,2,medium,points=3 switcher1=1,pt0x pt2z
AB::ApartmentRow::1.2,/obj/AnalysisHolder/probe_3/CreateBldBase/FootprintRoundCorner/add2,add,,4,2,medium,points=2 switcher1=1,pt0x pt0y pt0z pt1z
AB::ApartmentRow::1.2,/obj/AnalysisHolder/probe_3/CreateBldBase/FootprintRoundCorner/add3,add,,9,3,medium,stdswitcher1=1 points=3 switcher1=1,pt0x pt0y pt0z pt1x pt1y pt1z pt2x pt2y pt2z
AB::ApartmentRow::1.2,/obj/AnalysisHolder/probe_3/CreateBldBase/FootprintRoundCorner/add9,add,,6,2,medium,points=2 switcher1=1,pt0x pt0y pt0z pt1x pt1y pt1z
AB::ApartmentRow::1.2,/obj/AnalysisHolder/probe_3/CreateBldBase/FootprintRoundCorner/add5,add,,9,3,medium,stdswitcher1=1 points=3 switcher1=1,pt0x pt0y pt0z pt1x pt1y pt1z pt2x pt2y pt2z
AB::ApartmentRow::1.2,/obj/AnalysisHolder/probe_3/CreateBldBase/FootprintRoundCorner/add6,add,,6,2,medium,points=2 switcher1=1,pt0x pt0y pt0z pt1x pt1y pt1z
AB::ApartmentRow::1.2,/obj/AnalysisHolder/probe_3/CreateBldBase/FootprintRoundCorner/add7,add,,6,2,medium,points=2 switcher1=1,pt0x pt0y pt0z pt1x pt1y pt1z
AB::ApartmentRow::1.2,/obj/AnalysisHolder/probe_3/CreateBldBase/FootprintRoundCorner/color10,color,,3,5,medium,class=1 ramp2pos=1 ramp2cr=1 ramp2cg=1 ramp2cb=1,colorb colorg colorr
AB::ApartmentRow::1.2,/obj/AnalysisHolder/probe_3/CreateBldBase/FootprintRoundCorner/color12,color,,3,5,medium,class=1 ramp2pos=1 ramp2cr=1 ramp2cg=1 ramp2cb=1,colorb colorg colorr
AB::ApartmentRow::1.2,/obj/AnalysisHolder/probe_3/CreateBldBase/FootprintRoundCorner/resample1,resample,,1,1,medium,edge=1,length
AB::ApartmentRow::1.2,/obj/AnalysisHolder/probe_3/CreateBldBase/FootprintRoundCorner/resample5,resample,,1,1,medium,edge=1,length
AB::ApartmentRow::1.2,/obj/AnalysisHolder/probe_3/CreateBldBase/FootprintRoundCorner/resample6,resample,,1,1,medium,edge=1,length
AB::ApartmentRow::1.2,/obj/AnalysisHolder/probe_3/CreateBldBase/FootprintRoundCorner/transform9,xform,,1,4,medium,parmgroup_pivotxform=1 px=0 py=0 pz=0,tx
AB::ApartmentRow::1.2,/obj/AnalysisHolder/probe_3/CreateBldBase/FootprintRoundCorner/color15,color,,3,5,medium,class=1 ramp2pos=1 ramp2cr=1 ramp2cg=1 ramp2cb=1,colorb colorg colorr
AB::ApartmentRow::1.2,/obj/AnalysisHolder/probe_3/CreateBldBase/FootprintRoundCorner/resample7,resample,,1,1,medium,edge=1,length
AB::ApartmentRow::1.2,/obj/AnalysisHolder/probe_3/CreateBldBase/FootprintRoundCorner/color16,color,,3,5,medium,class=1 ramp2pos=1 ramp2cr=1 ramp2cg=1 ramp2cb=1,colorb colorg colorr
AB::ApartmentRow::1.2,/obj/AnalysisHolder/probe_3/CreateBldBase/FootprintRoundCorner/transform11,xform,,46,1,medium,parmgroup_pivotxform=1,addattrib attribs group grouptype invertxform movecentroid outputattrib outputmerge prexform_rOrd prexform_rx prexform_ry prexform_rz prexform_shear1 prexform_shear2 prexform_shear3 prexform_sx prexform_sy prexform_sz prexform_tx prexform_ty prexform_tz prexform_xOrd prx pry prz px py pz rOrd rx ry rz scale shear1 shear2 shear3 sx sy sz tx ty tz updateaffectednmls updatenmls vlength xOrd
AB::ApartmentRow::1.2,/obj/AnalysisHolder/probe_3/BaseFromCurve/resample1,resample,,1,1,medium,edge=1,length
AB::ApartmentRow::1.2,/obj/AnalysisHolder/probe_3/BaseFromCurve/GroundFloor_ModBase/polyextrude2,polyextrude::2.0,,1,15,medium,extrusionmode=1 xformfront=1 xformspace=1 outputfront=0 outputsidegrp=1 thicknessramp1value=1 thicknessramp1interp=2 thicknessramp2pos=1 thicknessramp2value=1 thicknessramp2interp=2 twistramp1value=0.5 twistramp1interp=2 twistramp2pos=1 twistramp2value=0.5 twistramp2interp=2,translatey
AB::ApartmentRow::1.2,/obj/AnalysisHolder/probe_3/BaseFromCurve/GroundFloor_ModBase/transform1,xform,,1,1,medium,parmgroup_pivotxform=1,ty
AB::ApartmentRow::1.2,/obj/AnalysisHolder/probe_3/BaseFromCurve/TopFloor_ModBase/polyextrude8,polyextrude::2.0,,1,15,medium,extrusionmode=1 xformfront=1 xformspace=1 outputfrontgrp=1 outputsidegrp=1 thicknessramp1value=1 thicknessramp1interp=2 thicknessramp2pos=1 thicknessramp2value=1 thicknessramp2interp=2 twistramp1value=0.5 twistramp1interp=2 twistramp2pos=1 twistramp2value=0.5 twistramp2interp=2,translatey
AB::ApartmentRow::1.2,/obj/AnalysisHolder/probe_3/BaseFromCurve/MidFloor_ModBase/polyext_MidFloor,polyextrude::2.0,,1,15,medium,extrusionmode=1 xformfront=1 xformspace=1 outputfront=0 outputsidegrp=1 thicknessramp1value=1 thicknessramp1interp=2 thicknessramp2pos=1 thicknessramp2value=1 thicknessramp2interp=2 twistramp1value=0.5 twistramp1interp=2 twistramp2pos=1 twistramp2value=0.5 twistramp2interp=2,translatey
AB::ApartmentRow::1.2,/obj/AnalysisHolder/probe_3/BaseFromCurve/LowerFloor_ModBase/polyextrude2,polyextrude::2.0,,1,15,medium,extrusionmode=1 xformfront=1 xformspace=1 outputfront=0 outputsidegrp=1 thicknessramp1value=1 thicknessramp1interp=2 thicknessramp2pos=1 thicknessramp2value=1 thicknessramp2interp=2 twistramp1value=0.5 twistramp1interp=2 twistramp2pos=1 twistramp2value=0.5 twistramp2interp=2,translatey
AB::ApartmentRow::1.2,/obj/AnalysisHolder/probe_3/BaseFromCurve/LowerFloor_ModBase/CreateBays/grouprange2,grouprange,,1,1,medium,selecttotal1=2,selectamount1
AB::ApartmentRow::1.2,/obj/AnalysisHolder/probe_3/BaseFromCurve/Mezzanine_ModBase/polyextrude2,polyextrude::2.0,,1,15,medium,extrusionmode=1 xformfront=1 xformspace=1 outputfront=0 outputsidegrp=1 thicknessramp1value=1 thicknessramp1interp=2 thicknessramp2pos=1 thicknessramp2value=1 thicknessramp2interp=2 twistramp1value=0.5 twistramp1interp=2 twistramp2pos=1 twistramp2value=0.5 twistramp2interp=2,translatey
AB::ApartmentRow::1.2,/obj/AnalysisHolder/probe_3/BaseFromCurve/Mezzanine_ModBase/transform1,xform,,1,1,medium,parmgroup_pivotxform=1,ty
AB::ApartmentRow::1.2,/obj/AnalysisHolder/probe_3/BaseFromCurve/Top_ModBase/polyextrude8,polyextrude::2.0,,1,15,medium,extrusionmode=1 xformfront=1 xformspace=1 outputfrontgrp=1 outputsidegrp=1 thicknessramp1value=1 thicknessramp1interp=2 thicknessramp2pos=1 thicknessramp2value=1 thicknessramp2interp=2 twistramp1value=0.5 twistramp1interp=2 twistramp2pos=1 twistramp2value=0.5 twistramp2interp=2,translatey
AB::ArchGenerator::2.0,/obj/AnalysisHolder/probe_4/add1,add,,2,6,medium,points=4 switcher1=1 pt0y=4.4 pt2x=-2 pt2y=1 pt3x=-2,pt1x pt1y
AB::ArchGenerator::2.0,/obj/AnalysisHolder/probe_4/resample2,resample,,1,2,medium,dolength=0 dosegs=1,segs
AB::ArchGenerator::2.0,/obj/AnalysisHolder/probe_4/FancyCurves2,AB::FancyCurves::2.0,,3,1,medium,planeSet=0,center_main_width ncy return_len
AB::ArchGenerator::2.0,/obj/AnalysisHolder/probe_4/divide1,divide,,2,1,medium,numsides=4,sizey sizez
AB::ArchGenerator::2.0,/obj/AnalysisHolder/probe_4/line4,line,,1,4,medium,dirx=1 diry=0 dist=5 points=7,originx
AB::ArchitecturalPlantOns::2.0,/obj/AnalysisHolder/probe_5/ArtDecoPlantOns/ad_plant_on_001/transform1,xform,s,2,9,high,tx=0 ty=0 tz=0 sx=0 parmgroup_pivotxform=1 px=0 py=0 pz=0 addattrib=1,sy sz
AB::ArchitecturalPlantOns::2.0,/obj/AnalysisHolder/probe_5/ClassicalPlantOns/CL_PlantOn_001/subnet3/transform2,xform,s,2,9,high,tx=0 ty=0 tz=0 sx=0 parmgroup_pivotxform=1 px=0 py=0 pz=0 addattrib=1,sy sz
AB::ArchitecturalPlantOns::2.0,/obj/AnalysisHolder/probe_5/ClassicalPlantOns/CL_PlantOn_002/grid2,grid,size,1,4,high,orient=0 sizex=0.5 rows=2 cols=2,sizey
AB::ArchitecturalPlantOns::2.0,/obj/AnalysisHolder/probe_5/ClassicalPlantOns/CL_PlantOn_002/transform2,xform,s,2,9,high,tx=0 ty=0 tz=0 sx=0 parmgroup_pivotxform=1 px=0 py=0 pz=0 addattrib=1,sy sz
AB::ArchitecturalPlantOns::2.0,/obj/AnalysisHolder/probe_5/ClassicalPlantOns/subnet4/transform3,xform,s,2,9,high,tx=0 ty=0 tz=0 sx=0 parmgroup_pivotxform=1 px=0 py=0 pz=0 addattrib=1,sy sz
AB::ArchitecturalPlantOns::2.0,/obj/AnalysisHolder/probe_5/Rosettes/rosette_001_HRE/copy1,copyxform,,1,1,medium,ry=30,ncy
AB::AwningGenerator::2.0,/obj/AnalysisHolder/probe_6/Style_02/add2,add,,3,3,medium,points=3 switcher1=1 closedall=1,pt1y pt1z pt2y
AB::AwningGenerator::2.0,/obj/AnalysisHolder/probe_6/Style_02/polyextrude5,polyextrude::2.0,,1,10,medium,thicknessramp1value=1 thicknessramp1interp=2 thicknessramp2pos=1 thicknessramp2value=1 thicknessramp2interp=2 twistramp1value=0.5 twistramp1interp=2 twistramp2pos=1 twistramp2value=0.5 twistramp2interp=2,dist
AB::AwningGenerator::2.0,/obj/AnalysisHolder/probe_6/Style_02/polyextrude6,polyextrude::2.0,,1,13,medium,xformspace=1 translatey=0.1 outputback=1 thicknessramp1value=1 thicknessramp1interp=2 thicknessramp2pos=1 thicknessramp2value=1 thicknessramp2interp=2 twistramp1value=0.5 twistramp1interp=2 twistramp2pos=1 twistramp2value=0.5 twistramp2interp=2,dist
AB::AwningGenerator::2.0,/obj/AnalysisHolder/probe_6/Style_02/polyextrude7,polyextrude::2.0,,1,10,medium,thicknessramp1value=1 thicknessramp1interp=2 thicknessramp2pos=1 thicknessramp2value=1 thicknessramp2interp=2 twistramp1value=0.5 twistramp1interp=2 twistramp2pos=1 twistramp2value=0.5 twistramp2interp=2,dist
AB::AwningGenerator::2.0,/obj/AnalysisHolder/probe_6/Style_02/polyextrude8,polyextrude::2.0,,1,10,medium,thicknessramp1value=1 thicknessramp1interp=2 thicknessramp2pos=1 thicknessramp2value=1 thicknessramp2interp=2 twistramp1value=0.5 twistramp1interp=2 twistramp2pos=1 twistramp2value=0.5 twistramp2interp=2,dist
AB::AwningGenerator::2.0,/obj/AnalysisHolder/probe_6/Style_02/color1,color,,3,5,medium,class=3 ramp2pos=1 ramp2cr=1 ramp2cg=1 ramp2cb=1,colorb colorg colorr
AB::AwningGenerator::2.0,/obj/AnalysisHolder/probe_6/Style_02/color2,color,,3,5,medium,class=3 ramp2pos=1 ramp2cr=1 ramp2cg=1 ramp2cb=1,colorb colorg colorr
AB::AwningGenerator::2.0,/obj/AnalysisHolder/probe_6/Style_01/circle1,circle,,1,6,medium,type=2 reverse=0 ry=180 order=2 arc=1 beginangle=180,scale
AB::AwningGenerator::2.0,/obj/AnalysisHolder/probe_6/Style_01/line1,line,,2,2,medium,dirx=1 diry=0,dist points
AB::AwningGenerator::2.0,/obj/AnalysisHolder/probe_6/Style_01/copy1,copyxform,,1,1,medium,tx=0.25,ncy
AB::AwningGenerator::2.0,/obj/AnalysisHolder/probe_6/Style_01/transform4,xform,,2,1,medium,parmgroup_pivotxform=1,ty tz
AB::AwningGenerator::2.0,/obj/AnalysisHolder/probe_6/Style_01/color5,color,,3,6,medium,deleteallcolorattribs=1 class=3 ramp2pos=1 ramp2cr=1 ramp2cg=1 ramp2cb=1,colorb colorg colorr
AB::AwningGenerator::2.0,/obj/AnalysisHolder/probe_6/Style_01/color6,color,,3,6,medium,deleteallcolorattribs=1 class=3 ramp2pos=1 ramp2cr=1 ramp2cg=1 ramp2cb=1,colorb colorg colorr
AB::AwningGenerator::2.0,/obj/AnalysisHolder/probe_6/Style_01/circle2,circle,,1,7,medium,type=2 reverse=0 ry=180 order=2 divs=2 arc=1 beginangle=180,scale
AB::AwningGenerator::2.0,/obj/AnalysisHolder/probe_6/Style_01/circle3,circle,,1,7,medium,type=2 reverse=0 ry=180 order=2 divs=3 arc=1 beginangle=180,scale
AB::AwningGenerator::2.0,/obj/AnalysisHolder/probe_6/add2,add,,3,3,medium,points=3 switcher1=1 closedall=1,pt1y pt1z pt2y
AB::AwningGenerator::2.0,/obj/AnalysisHolder/probe_6/mats/AWN_angleTop,principledshader::2.0,,5,4,medium,emitint=1 emitcolorr=0 emitcolorg=0 emitcolorb=0,baseBump_useTexture baseNormal_useTexture shop_disable_displace_shader specular_tint vm_displacebound
AB::AwningGenerator::2.0,/obj/AnalysisHolder/probe_6/mats/AWN_angleSupports,principledshader::2.0,,5,4,medium,emitint=1 emitcolorr=0 emitcolorg=0 emitcolorb=0,baseBump_useTexture baseNormal_useTexture shop_disable_displace_shader specular_tint vm_displacebound
AB::BalconyGenerator::2.0,/obj/AnalysisHolder/probe_7/polyextrude1,polyextrude::2.0,,1,12,medium,divs=2 outputback=1 thicknessramp1value=1 thicknessramp1interp=2 thicknessramp2pos=1 thicknessramp2value=1 thicknessramp2interp=2 twistramp1value=0.5 twistramp1interp=2 twistramp2pos=1 twistramp2value=0.5 twistramp2interp=2,dist
AB::BalconyGenerator::2.0,/obj/AnalysisHolder/probe_7/CreateFloorPlate/polyextrude2,polyextrude::2.0,,1,11,medium,outputback=1 thicknessramp1value=1 thicknessramp1interp=2 thicknessramp2pos=1 thicknessramp2value=1 thicknessramp2interp=2 twistramp1value=0.5 twistramp1interp=2 twistramp2pos=1 twistramp2value=0.5 twistramp2interp=2,dist
AB::BalconyGenerator::2.0,/obj/AnalysisHolder/probe_7/CreateFloorPlate/polybevel2,polybevel::2.0,,3,5,medium,profileramp1value=0.5 profileramp1interp=2 profileramp2pos=1 profileramp2value=0.5 profileramp2interp=2,divisions filletshape offset
AB::BalconyGenerator::2.0,/obj/AnalysisHolder/probe_7/CreateFloorPlate/color1,color,,3,5,medium,class=3 ramp2pos=1 ramp2cr=1 ramp2cg=1 ramp2cb=1,colorb colorg colorr
AB::BalconyGenerator::2.0,/obj/AnalysisHolder/probe_7/HardwareMaker2,AB::HardwareMaker::2.0,,15,1,medium,FinalScale=0.3,AddWasher BoltHeight BoltResolution ColorBoltb ColorBoltg ColorBoltr ColorNutb ColorNutg ColorNutr ColorWasherb ColorWasherg ColorWasherr HardwareStyle WasherResolution WasherThickness
AB::BalconyGenerator::2.0,/obj/AnalysisHolder/probe_7/mats/Metal_GalvanizedRusty_01/MechanicalsMetal,principledshader::2.0,,6,14,medium,folder7=1 folder4=1 folder12=1 folder13=1 folder8=1 folder11=1 folder9=1 basecolorr=1 basecolorg=1 basecolorb=1 rough=0.45 basecolor_useTexture=1 rough_useTexture=1 baseBumpAndNormal_enable=1,baseBump_useTexture baseNormal_useTexture shop_disable_displace_shader specular_tint uvscale2 vm_displacebound
AB::BalconyGenerator::2.0,/obj/AnalysisHolder/probe_7/mats/Metal_GalvanizedRusty_01/surfaceexports1/bind1,bind,,1,4,medium,overridetype=1 useasparmdefiner=1 useownexportcontext=1 exportparm=1,parmname
AB::BalconyGenerator::2.0,/obj/AnalysisHolder/probe_7/mats/Metal_GalvanizedRusty_01/surfaceexports1/bind4,bind,,1,4,medium,overridetype=1 useasparmdefiner=1 useownexportcontext=1 exportparm=1,parmname
AB::BalconyGenerator::2.0,/obj/AnalysisHolder/probe_7/mats/Metal_GalvanizedRusty_01/surfaceexports1/bind5,bind,,1,4,medium,overridetype=1 useasparmdefiner=1 useownexportcontext=1 exportparm=1,parmname
AB::BalconyGenerator::2.0,/obj/AnalysisHolder/probe_7/mats/Metal_GalvanizedRusty_01/surfaceexports1/bind6,bind,,1,4,medium,overridetype=1 useasparmdefiner=1 useownexportcontext=1 exportparm=1,parmname
AB::BalconyGenerator::2.0,/obj/AnalysisHolder/probe_7/mats/Metal_GalvanizedRusty_01/surfaceexports1/bind7,bind,,1,4,medium,overridetype=1 useasparmdefiner=1 useownexportcontext=1 exportparm=1,parmname
AB::BalconyGenerator::2.0,/obj/AnalysisHolder/probe_7/mats/Metal_GalvanizedRusty_01/surfaceexports1/bind8,bind,,1,4,medium,overridetype=1 useasparmdefiner=1 useownexportcontext=1 exportparm=1,parmname
AB::BalconyGenerator::2.0,/obj/AnalysisHolder/probe_7/mats/Metal_GalvanizedRusty_01/surfaceexports1/bind9,bind,,1,4,medium,overridetype=1 useasparmdefiner=1 useownexportcontext=1 exportparm=1,parmname
AB::BalconyGenerator::2.0,/obj/AnalysisHolder/probe_7/mats/Metal_GalvanizedRusty_01/surfaceexports1/bind10,bind,,1,4,medium,overridetype=1 useasparmdefiner=1 useownexportcontext=1 exportparm=1,parmname
AB::BalconyGenerator::2.0,/obj/AnalysisHolder/probe_7/mats/Metal_GalvanizedRusty_01/surfaceexports1/bind11,bind,,1,4,medium,overridetype=1 useasparmdefiner=1 useownexportcontext=1 exportparm=1,parmname
AB::BalconyGenerator::2.0,/obj/AnalysisHolder/probe_7/mats/Metal_GalvanizedRusty_01/surfaceexports1/bind12,bind,,1,4,medium,overridetype=1 useasparmdefiner=1 useownexportcontext=1 exportparm=1,parmname
AB::BalconyGenerator::2.0,/obj/AnalysisHolder/probe_7/mats/Metal_GalvanizedRusty_01/surfaceexports1/bind13,bind,,1,4,medium,overridetype=1 useasparmdefiner=1 useownexportcontext=1 exportparm=1,parmname
AB::BalconyGenerator::2.0,/obj/AnalysisHolder/probe_7/mats/Metal_GalvanizedRusty_01/surfaceexports1/bind14,bind,,1,4,medium,overridetype=1 useasparmdefiner=1 useownexportcontext=1 exportparm=1,parmname
AB::BalconyGenerator::2.0,/obj/AnalysisHolder/probe_7/mats/Metal_GalvanizedRusty_01/surfaceexports1/bind15,bind,,1,4,medium,overridetype=1 useasparmdefiner=1 useownexportcontext=1 exportparm=1,parmname
AB::BalconyGenerator::2.0,/obj/AnalysisHolder/probe_7/mats/Metal_GalvanizedRusty_01/surfaceexports1/bind16,bind,,1,4,medium,overridetype=1 useasparmdefiner=1 useownexportcontext=1 exportparm=1,parmname
AB::BalconyGenerator::2.0,/obj/AnalysisHolder/probe_7/mats/Metal_GalvanizedRusty_01/surfaceexports1/bind17,bind,,1,4,medium,overridetype=1 useasparmdefiner=1 useownexportcontext=1 exportparm=1,parmname
AB::BalconyGenerator::2.0,/obj/AnalysisHolder/probe_7/mats/Metal_GalvanizedRusty_01/surfaceexports1/bind18,bind,,1,4,medium,overridetype=1 useasparmdefiner=1 useownexportcontext=1 exportparm=1,parmname
AB::BalconyGenerator::2.0,/obj/AnalysisHolder/probe_7/mats/Metal_GalvanizedRusty_01/surfaceexports1/bind19,bind,,1,4,medium,overridetype=1 useasparmdefiner=1 useownexportcontext=1 exportparm=1,parmname
AB::BalconyGenerator::2.0,/obj/AnalysisHolder/probe_7/mats/Metal_GalvanizedRusty_01/surfaceexports1/bind20,bind,,1,4,medium,overridetype=1 useasparmdefiner=1 useownexportcontext=1 exportparm=1,parmname
AB::BalconyGenerator::2.0,/obj/AnalysisHolder/probe_7/mats/Metal_GalvanizedRusty_01/surfaceexports1/bind21,bind,,1,4,medium,overridetype=1 useasparmdefiner=1 useownexportcontext=1 exportparm=1,parmname
AB::BalconyGenerator::2.0,/obj/AnalysisHolder/probe_7/mats/Metal_GalvanizedRusty_01/surfaceexports1/bind22,bind,,1,4,medium,overridetype=1 useasparmdefiner=1 useownexportcontext=1 exportparm=1,parmname
AB::BalconyGenerator::2.0,/obj/AnalysisHolder/probe_7/mats/Metal_GalvanizedRusty_01/surfaceexports1/bind23,bind,,1,4,medium,overridetype=1 useasparmdefiner=1 useownexportcontext=1 exportparm=1,parmname
AB::BalconyGenerator::2.0,/obj/AnalysisHolder/probe_7/mats/Metal_GalvanizedRusty_01/surfaceexports1/bind24,bind,,1,4,medium,overridetype=1 useasparmdefiner=1 useownexportcontext=1 exportparm=1,parmname
AB::BalconyGenerator::2.0,/obj/AnalysisHolder/probe_7/mats/Metal_GalvanizedRusty_01/surfaceexports1/bind25,bind,,1,4,medium,overridetype=1 useasparmdefiner=1 useownexportcontext=1 exportparm=1,parmname
AB::BalconyGenerator::2.0,/obj/AnalysisHolder/probe_7/mats/Metal_GalvanizedRusty_01/surfaceexports1/computelighting1/layerexport10/parm1,parameter,,1,3,medium,hasconnector=0 exportparm=2 invisible=1,parmtype
AB::BalconyGenerator::2.0,/obj/AnalysisHolder/probe_7/mats/Metal_GalvanizedRusty_01/surfaceexports1/computelighting1/layerexport11/parm1,parameter,,1,3,medium,hasconnector=0 exportparm=2 invisible=1,parmtype
AB::BalconyGenerator::2.0,/obj/AnalysisHolder/probe_7/mats/Metal_GalvanizedRusty_01/surfaceexports1/computelighting1/layerexport12/parm1,parameter,,1,3,medium,hasconnector=0 exportparm=2 invisible=1,parmtype
AB::BalconyGenerator::2.0,/obj/AnalysisHolder/probe_7/mats/Metal_GalvanizedRusty_01/surfaceexports1/computelighting1/layerexport13/parm1,parameter,,1,3,medium,hasconnector=0 exportparm=2 invisible=1,parmtype
AB::BalconyGenerator::2.0,/obj/AnalysisHolder/probe_7/mats/Metal_GalvanizedRusty_01/principledshader1,principledshader::2.0,,5,14,medium,folder7=1 folder4=1 folder12=1 folder13=1 folder8=1 folder11=1 folder9=1 basecolorr=1 basecolorg=1 basecolorb=1 basecolor_usePointColor=0 rough=0.65 basecolor_useTexture=1 baseBumpAndNormal_enable=1,baseBump_useTexture baseNormal_useTexture shop_disable_displace_shader specular_tint vm_displacebound
AB::BalconyGenerator::2.0,/obj/AnalysisHolder/probe_7/CreateBannisters/CreateBannister/circle1,circle,,1,3,medium,type=2 reverse=0 order=2,scale
AB::BalconyGenerator::2.0,/obj/AnalysisHolder/probe_7/CreateBannisters/CreateBannister/convert3,convert,,17,1,medium,stdswitcher1=1,divtrim divu divv fromtype group interphull lodtrim lodu lodv new offset orderu orderv pasteattrib pastecoord surftype totype
AB::BalconyGenerator::2.0,/obj/AnalysisHolder/probe_7/CreateBannisters/CreateBannister/color1,color,,3,5,medium,class=3 ramp2pos=1 ramp2cr=1 ramp2cg=1 ramp2cb=1,colorb colorg colorr
AB::BalconyGenerator::2.0,/obj/AnalysisHolder/probe_7/CreateBannisters/prep_sweep_curve/transform4,xform,,1,4,medium,px=0 py=0 pz=0 updatenmls=1,ty
AB::BalconyGenerator::2.0,/obj/AnalysisHolder/probe_7/CreateBannisters/prep_sweep_curve/polybevel1,polybevel::2.0,,3,6,medium,grouptype=1 profileramp1value=0.5 profileramp1interp=2 profileramp2pos=1 profileramp2value=0.5 profileramp2interp=2,divisions offset ptfilletshape
AB::BalconyGenerator::2.0,/obj/AnalysisHolder/probe_7/CreateBannisters/CreateBannisterMounts/color1,color,,3,5,medium,class=3 ramp2pos=1 ramp2cr=1 ramp2cg=1 ramp2cb=1,colorb colorg colorr
AB::BalconyGenerator::2.0,/obj/AnalysisHolder/probe_7/MetalExtrusionMaker1,AB::MetalExtrusionMaker::2.0,,2,3,medium,width=0.2 height=0.4 thick=0.02,bev_size divisions
AB::BarbwireGenerator::2.0,/obj/AnalysisHolder/probe_8/circle1,circle,,1,3,medium,type=2 reverse=0 divs=10,tx
AB::BarbwireGenerator::2.0,/obj/AnalysisHolder/probe_8/xform2,xform,,1,2,medium,updatenmls=1 updateaffectednmls=0,tx
AB::BarbwireGenerator::2.0,/obj/AnalysisHolder/probe_8/mats/BW_barbwire,principledshader::2.0,,5,6,medium,basecolor_usePackedColor=1 rough=0.45 emitint=1 emitcolorr=0 emitcolorg=0 emitcolorb=0,baseBump_useTexture baseNormal_useTexture shop_disable_displace_shader specular_tint vm_displacebound
AB::BarbwireGenerator::2.0,/obj/AnalysisHolder/probe_8/color1,color,,3,4,medium,ramp2pos=1 ramp2cr=1 ramp2cg=1 ramp2cb=1,colorb colorg colorr
AB::BarbwireGenerator::2.0,/obj/AnalysisHolder/probe_8/transform1,xform,,1,2,medium,grouptype=3 parmgroup_pivotxform=1,tx
AB::BarbwireGenerator::2.0,/obj/AnalysisHolder/probe_8/transform2,xform,,1,2,medium,grouptype=3 parmgroup_pivotxform=1,tx
AB::BarbwireGenerator::2.0,/obj/AnalysisHolder/probe_8/spiral2,labs::spiral::1.1,,3,2,medium,radiusx=1 radiusy=1,height loops points
AB::BillboardGenerator::2.1,/obj/AnalysisHolder/probe_9/cops/previewmaterial1/attach_shader/coppreviewmaterial1,coppreviewmaterial,,84,33,medium,basefolder=1 basecolorsource=1 metalnesssource=2 specularfolder=1 specularsource=2 speccolorsource=2 roughnesssource=2 coatfolder=1 coatsource=2 coatcolorsource=2 coatroughnesssource=2 sheenfolder=1 sheensource=2 sheencolorsource=2 sheenroughnesssource=2 emissionfolder=1 emissionsource=2 emissioncolorsource=2 heightandnormalsfolder=1 normalssource=2 heightsource=2 transmissionfolder=1 transmissionsource=2 transmissioncolorsource=2 subsurfacescattering=1 ssssource=2 ssscolorsource=2 sssradiussource=2 opacityfolder=1 opacitysource=2 basecolordefaultfolder=1 metalnessdefaultfolder=1 speculardefaultfolder=1,coatroughnessscale constantbasecolorb constantbasecolorg constantbasecolorr constantcoatamount constantcoatcolorb constantcoatcolorg constantcoatcolorr constantcoatroughness constantemissionamount constantemissioncolorb constantemissioncolorg constantemissioncolorr constantmetalness constantopacity constantsheenamount constantsheencolorb constantsheencolorg constantsheencolorr constantsheenroughness constantspecularamount constantspecularcolorb constantspecularcolorg constantspecularcolorr constantspecularroughness constantsss_amount constantsss_colorb constantsss_colorg constantsss_colorr constantsss_radiusb constantsss_radiusg constantsss_radiusr constanttransmissionamount constanttransmissioncolorb constanttransmissioncolorg constanttransmissioncolorr default_SSS_amount default_basecolorb default_basecolorg default_basecolorr default_coat_amount default_coat_colorb default_coat_colorg default_coat_colorr default_coat_roughness default_emission_amount default_emission_colorb default_emission_colorg default_emission_colorr default_metalness default_opacity_amount default_sheen_amount default_sheen_colorb default_sheen_colorg default_sheen_colorr default_sheen_roughness default_spec_colorb default_spec_colorg default_spec_colorr default_specular default_specular_roughness default_sss_colorb default_sss_colorg default_sss_colorr default_sss_radiusb default_sss_radiusg default_sss_radiusr default_transmission_amount default_transmission_colorb default_transmission_colorg default_transmission_colorr emissionscale heightscale karma_mikkt metalnessscale normalmap_scale opacityscale setudimlist sheenroughnessscale specular_IOR specularroughnessscale sss_radius_scale tintwithcdswitch udimlist
AB::BillboardGenerator::2.1,/obj/AnalysisHolder/probe_9/cops/previewmaterial1/basic_geo/grid1,grid,,2,4,medium,orient=0 sizex=2 sizey=2 rx=180,cols rows
AB::BillboardGenerator::2.1,/obj/AnalysisHolder/probe_9/cops/previewmaterial1/basic_geo/grid2,grid,,2,4,medium,orient=0 sizex=2 sizey=2 rx=180,cols rows
AB::BillboardGenerator::2.1,/obj/AnalysisHolder/probe_9/cops/previewmaterial1/basic_geo/grid3,grid,,2,4,medium,orient=0 sizex=2 sizey=2 rx=180,cols rows
AB::BillboardGenerator::2.1,/obj/AnalysisHolder/probe_9/cops/previewmaterial1/basic_geo/polybevel1,polybevel::3.0,,3,8,medium,ignoregroup=1 ignoreflatedges=1 flatangle=60 profileramp1value=0.5 profileramp1interp=2 profileramp2pos=1 profileramp2value=0.5 profileramp2interp=2,divisions filletshape offset
AB::BillboardGenerator::2.1,/obj/AnalysisHolder/probe_9/cops/previewmaterial1/basic_geo/grid4,grid,,2,4,medium,orient=0 sizex=2 sizey=2 rx=180,cols rows
AB::BillboardGenerator::2.1,/obj/AnalysisHolder/probe_9/cops/previewmaterial1/basic_geo/grid5,grid,,2,4,medium,orient=0 sizex=2 sizey=2 rx=180,cols rows
AB::BillboardGenerator::2.1,/obj/AnalysisHolder/probe_9/cops/previewmaterial1/basic_geo/polybevel2,polybevel::3.0,,3,8,medium,ignoregroup=1 ignoreflatedges=1 flatangle=60 profileramp1value=0.5 profileramp1interp=2 profileramp2pos=1 profileramp2value=0.5 profileramp2interp=2,divisions filletshape offset
AB::BillboardGenerator::2.1,/obj/AnalysisHolder/probe_9/cops/previewmaterial1/basic_geo/uvtransform1,uvtransform::2.0,,3,3,medium,px=0.5 py=0.5 pz=0.5,sx sy sz
AB::BillboardGenerator::2.1,/obj/AnalysisHolder/probe_9/cops/previewmaterial1/multiplyconstant1,bright,,1,1,medium,scopergba=15,bright
AB::BillboardGenerator::2.1,/obj/AnalysisHolder/probe_9/cops/previewmaterial1/multiplyconstant2,bright,,1,1,medium,scopergba=15,bright
AB::BillboardGenerator::2.1,/obj/AnalysisHolder/probe_9/cops/previewmaterial1/multiplyconstant3,bright,,1,1,medium,scopergba=15,bright
AB::BillboardGenerator::2.1,/obj/AnalysisHolder/probe_9/cops/previewmaterial1/multiplyconstant4,bright,,1,1,medium,scopergba=15,bright
AB::BillboardGenerator::2.1,/obj/AnalysisHolder/probe_9/cops/previewmaterial1/multiplyconstant5,bright,,1,1,medium,scopergba=15,bright
AB::BillboardGenerator::2.1,/obj/AnalysisHolder/probe_9/cops/previewmaterial1/multiplyconstant6,bright,,1,1,medium,scopergba=15,bright
AB::BillboardGenerator::2.1,/obj/AnalysisHolder/probe_9/cops/previewmaterial1/uvtorgb1/opencl2,opencl,,1,21,medium,options_runover=1 inputs=2 outputs=1 bindings=1 input1_type=14 input1_optional=1 bindings1_type=7 bindings1_layertype=5 bindings1_attribclass=4 bindings1_precision=2 bindings1_optional=1 bindings1_defval=1 bindings1_ramp2pos=1 bindings1_ramp2value=1 bindings1_ramp_rgb2pos=1 bindings1_ramp_rgb2cr=1 bindings1_ramp_rgb2cg=1 bindings1_ramp_rgb2cb=1 input2_type=13 input2_optional=1 output1_type=14,bindings1_fval
AB::BillboardGenerator::2.1,/obj/AnalysisHolder/probe_9/cops/previewmaterial1/convertnormal1/opencl1,opencl,,17,54,medium,inputs=1 outputs=1 bindings=4 input1_type=4 input1_optional=1 output1_type=4 bindings1_type=0 bindings1_layertype=5 bindings1_attribclass=0 bindings1_attribtype=1 bindings1_precision=2 bindings1_defval=1 bindings1_ramp2pos=1 bindings1_ramp2value=1 bindings1_ramp_rgb2pos=1 bindings1_ramp_rgb2cr=1 bindings1_ramp_rgb2cg=1 bindings1_ramp_rgb2cb=1 bindings2_type=3 bindings2_layertype=5 bindings2_attribclass=0 bindings2_attribsize=3 bindings2_precision=2 bindings2_defval=1 bindings2_ramp2pos=1 bindings2_ramp2value=1 bindings2_ramp_rgb2pos=1 bindings2_ramp_rgb2cr=1 bindings2_ramp_rgb2cg=1 bindings2_ramp_rgb2cb=1 bindings3_type=0 bindings3_layertype=5 bindings3_attribclass=0 bindings3_attribtype=1 bindings3_precision=2 bindings3_defval=1 bindings3_ramp2pos=1 bindings3_ramp2value=1 bindings3_ramp_rgb2pos=1 bindings3_ramp_rgb2cr=1 bindings3_ramp_rgb2cg=1 bindings3_ramp_rgb2cb=1 bindings4_type=3 bindings4_layertype=5 bindings4_attribclass=0 bindings4_attribsize=3 bindings4_precision=2 bindings4_defval=1 bindings4_ramp2pos=1 bindings4_ramp2value=1 bindings4_ramp_rgb2pos=1 bindings4_ramp_rgb2cr=1 bindings4_ramp_rgb2cg=1 bindings4_ramp_rgb2cb=1,bindings1_intval bindings2_v3val1 bindings2_v3val2 bindings2_v3val3 bindings3_intval bindings4_v3val1 bindings4_v3val2 bindings4_v3val3 conversion normalize offsetx offsety offsetz output1_typeinfo scalex scaley scalez
AB::BillboardGenerator::2.1,/obj/AnalysisHolder/probe_9/cops/previewmaterial1/convertnormal2/opencl1,opencl,,17,54,medium,inputs=1 outputs=1 bindings=4 input1_type=4 input1_optional=1 output1_type=4 bindings1_type=0 bindings1_layertype=5 bindings1_attribclass=0 bindings1_attribtype=1 bindings1_precision=2 bindings1_defval=1 bindings1_ramp2pos=1 bindings1_ramp2value=1 bindings1_ramp_rgb2pos=1 bindings1_ramp_rgb2cr=1 bindings1_ramp_rgb2cg=1 bindings1_ramp_rgb2cb=1 bindings2_type=3 bindings2_layertype=5 bindings2_attribclass=0 bindings2_attribsize=3 bindings2_precision=2 bindings2_defval=1 bindings2_ramp2pos=1 bindings2_ramp2value=1 bindings2_ramp_rgb2pos=1 bindings2_ramp_rgb2cr=1 bindings2_ramp_rgb2cg=1 bindings2_ramp_rgb2cb=1 bindings3_type=0 bindings3_layertype=5 bindings3_attribclass=0 bindings3_attribtype=1 bindings3_precision=2 bindings3_defval=1 bindings3_ramp2pos=1 bindings3_ramp2value=1 bindings3_ramp_rgb2pos=1 bindings3_ramp_rgb2cr=1 bindings3_ramp_rgb2cg=1 bindings3_ramp_rgb2cb=1 bindings4_type=3 bindings4_layertype=5 bindings4_attribclass=0 bindings4_attribsize=3 bindings4_precision=2 bindings4_defval=1 bindings4_ramp2pos=1 bindings4_ramp2value=1 bindings4_ramp_rgb2pos=1 bindings4_ramp_rgb2cr=1 bindings4_ramp_rgb2cg=1 bindings4_ramp_rgb2cb=1,bindings1_intval bindings2_v3val1 bindings2_v3val2 bindings2_v3val3 bindings3_intval bindings4_v3val1 bindings4_v3val2 bindings4_v3val3 conversion normalize offsetx offsety offsetz output1_typeinfo scalex scaley scalez
AB::BillboardGenerator::2.1,/obj/AnalysisHolder/probe_9/cops/previewmaterial1/multiplyconstant7,bright,,1,1,medium,scopergba=15,bright
AB::BillboardGenerator::2.1,/obj/AnalysisHolder/probe_9/cops/previewmaterial1/multiplyconstant8,bright,,1,1,medium,scopergba=15,bright
AB::BillboardGenerator::2.1,/obj/AnalysisHolder/probe_9/cops/previewmaterial1/multiplyconstant9,bright,,1,1,medium,scopergba=15,bright
AB::BillboardGenerator::2.1,/obj/AnalysisHolder/probe_9/cops/previewmaterial1/card_geo/grid1,grid,,2,4,medium,orient=0 sizex=2 sizey=2 rx=180,cols rows
AB::BillboardGenerator::2.1,/obj/AnalysisHolder/probe_9/cops/fractalnoise1/opencl2,opencl,,85,425,medium,inputs=7 outputs=1 bindings=37 input1_type=7 input1_optional=1 input2_type=3 input2_optional=1 input3_type=2 input3_optional=1 input4_type=2 input4_optional=1 input5_type=2 input5_optional=1 input6_type=4 input6_optional=1 input7_type=4 input7_optional=1 bindings1_layertype=5 bindings1_attribclass=0 bindings1_precision=2 bindings1_defval=1 bindings1_ramp2pos=1 bindings1_ramp2value=1 bindings1_ramp_rgb2pos=1 bindings1_ramp_rgb2cr=1 bindings1_ramp_rgb2cg=1 bindings1_ramp_rgb2cb=1 bindings2_layertype=5 bindings2_attribclass=0 bindings2_precision=2 bindings2_defval=1 bindings2_ramp2pos=1 bindings2_ramp2value=1 bindings2_ramp_rgb2pos=1 bindings2_ramp_rgb2cr=1 bindings2_ramp_rgb2cg=1 bindings2_ramp_rgb2cb=1 bindings3_type=2 bindings3_layertype=5 bindings3_attribclass=0 bindings3_attribsize=2 bindings3_precision=2 bindings3_defval=1 bindings3_ramp2pos=1 bindings3_ramp2value=1 bindings3_ramp_rgb2pos=1 bindings3_ramp_rgb2cr=1 bindings3_ramp_rgb2cg=1 bindings3_ramp_rgb2cb=1 bindings4_type=2 bindings4_layertype=5 bindings4_attribclass=0 bindings4_attribsize=2 bindings4_precision=2 bindings4_defval=1 bindings4_ramp2pos=1 bindings4_ramp2value=1 bindings4_ramp_rgb2pos=1 bindings4_ramp_rgb2cr=1 bindings4_ramp_rgb2cg=1 bindings4_ramp_rgb2cb=1 bindings5_layertype=5 bindings5_attribclass=0 bindings5_precision=2 bindings5_defval=1 bindings5_ramp2pos=1 bindings5_ramp2value=1 bindings5_ramp_rgb2pos=1 bindings5_ramp_rgb2cr=1 bindings5_ramp_rgb2cg=1 bindings5_ramp_rgb2cb=1 bindings6_layertype=5 bindings6_attribclass=0 bindings6_precision=2 bindings6_defval=1 bindings6_ramp2pos=1 bindings6_ramp2value=1 bindings6_ramp_rgb2pos=1 bindings6_ramp_rgb2cr=1 bindings6_ramp_rgb2cg=1 bindings6_ramp_rgb2cb=1 bindings7_layertype=5 bindings7_attribclass=0 bindings7_precision=2 bindings7_defval=1 bindings7_ramp2pos=1 bindings7_ramp2value=1 bindings7_ramp_rgb2pos=1 bindings7_ramp_rgb2cr=1 bindings7_ramp_rgb2cg=1 bindings7_ramp_rgb2cb=1 bindings8_type=2 bindings8_layertype=5 bindings8_attribclass=0 bindings8_attribsize=2 bindings8_precision=2 bindings8_defval=1 bindings8_ramp2pos=1 bindings8_ramp2value=1 bindings8_ramp_rgb2pos=1 bindings8_ramp_rgb2cr=1 bindings8_ramp_rgb2cg=1 bindings8_ramp_rgb2cb=1 bindings9_type=0 bindings9_layertype=5 bindings9_attribclass=0 bindings9_attribtype=1 bindings9_precision=2 bindings9_defval=1 bindings9_ramp2pos=1 bindings9_ramp2value=1 bindings9_ramp_rgb2pos=1 bindings9_ramp_rgb2cr=1 bindings9_ramp_rgb2cg=1 bindings9_ramp_rgb2cb=1 bindings10_type=0 bindings10_layertype=5 bindings10_attribclass=0 bindings10_attribtype=1 bindings10_precision=2 bindings10_defval=1 bindings10_ramp2pos=1 bindings10_ramp2value=1 bindings10_ramp_rgb2pos=1 bindings10_ramp_rgb2cr=1 bindings10_ramp_rgb2cg=1 bindings10_ramp_rgb2cb=1 bindings11_type=0 bindings11_layertype=5 bindings11_attribclass=0 bindings11_attribtype=1 bindings11_precision=2 bindings11_defval=1 bindings11_ramp2pos=1 bindings11_ramp2value=1 bindings11_ramp_rgb2pos=1 bindings11_ramp_rgb2cr=1 bindings11_ramp_rgb2cg=1 bindings11_ramp_rgb2cb=1 bindings12_layertype=5 bindings12_attribclass=0 bindings12_precision=2 bindings12_defval=1 bindings12_ramp2pos=1 bindings12_ramp2value=1 bindings12_ramp_rgb2pos=1 bindings12_ramp_rgb2cr=1 bindings12_ramp_rgb2cg=1 bindings12_ramp_rgb2cb=1 bindings13_layertype=5 bindings13_attribclass=0 bindings13_precision=2 bindings13_defval=1 bindings13_ramp2pos=1 bindings13_ramp2value=1 bindings13_ramp_rgb2pos=1 bindings13_ramp_rgb2cr=1 bindings13_ramp_rgb2cg=1 bindings13_ramp_rgb2cb=1 bindings14_layertype=5 bindings14_attribclass=0 bindings14_precision=2 bindings14_defval=1 bindings14_ramp2pos=1 bindings14_ramp2value=1 bindings14_ramp_rgb2pos=1 bindings14_ramp_rgb2cr=1 bindings14_ramp_rgb2cg=1 bindings14_ramp_rgb2cb=1 bindings15_type=0 bindings15_layertype=5 bindings15_attribclass=0 bindings15_attribtype=1 bindings15_precision=2 bindings15_defval=1 bindings15_ramp2pos=1 bindings15_ramp2value=1 bindings15_ramp_rgb2pos=1 bindings15_ramp_rgb2cr=1 bindings15_ramp_rgb2cg=1 bindings15_ramp_rgb2cb=1 bindings16_layertype=5 bindings16_attribclass=0 bindings16_precision=2 bindings16_defval=1 bindings16_ramp2pos=1 bindings16_ramp2value=1 bindings16_ramp_rgb2pos=1 bindings16_ramp_rgb2cr=1 bindings16_ramp_rgb2cg=1 bindings16_ramp_rgb2cb=1 bindings17_type=0 bindings17_layertype=5 bindings17_attribclass=0 bindings17_attribtype=1 bindings17_precision=2 bindings17_defval=1 bindings17_ramp2pos=1 bindings17_ramp2value=1 bindings17_ramp_rgb2pos=1 bindings17_ramp_rgb2cr=1 bindings17_ramp_rgb2cg=1 bindings17_ramp_rgb2cb=1 bindings18_layertype=5 bindings18_attribclass=0 bindings18_precision=2 bindings18_defval=1 bindings18_ramp2pos=1 bindings18_ramp2value=1 bindings18_ramp_rgb2pos=1 bindings18_ramp_rgb2cr=1 bindings18_ramp_rgb2cg=1 bindings18_ramp_rgb2cb=1 bindings19_type=0 bindings19_layertype=5 bindings19_attribclass=0 bindings19_attribtype=1 bindings19_precision=2 bindings19_defval=1 bindings19_ramp2pos=1 bindings19_ramp2value=1 bindings19_ramp_rgb2pos=1 bindings19_ramp_rgb2cr=1 bindings19_ramp_rgb2cg=1 bindings19_ramp_rgb2cb=1 bindings20_layertype=5 bindings20_attribclass=0 bindings20_precision=2 bindings20_defval=1 bindings20_ramp2pos=1 bindings20_ramp2value=1 bindings20_ramp_rgb2pos=1 bindings20_ramp_rgb2cr=1 bindings20_ramp_rgb2cg=1 bindings20_ramp_rgb2cb=1 bindings21_type=0 bindings21_layertype=5 bindings21_attribclass=0 bindings21_attribtype=1 bindings21_precision=2 bindings21_defval=1 bindings21_ramp2pos=1 bindings21_ramp2value=1 bindings21_ramp_rgb2pos=1 bindings21_ramp_rgb2cr=1 bindings21_ramp_rgb2cg=1 bindings21_ramp_rgb2cb=1 bindings22_type=0 bindings22_layertype=5 bindings22_attribclass=0 bindings22_attribtype=1 bindings22_precision=2 bindings22_defval=1 bindings22_ramp2pos=1 bindings22_ramp2value=1 bindings22_ramp_rgb2pos=1 bindings22_ramp_rgb2cr=1 bindings22_ramp_rgb2cg=1 bindings22_ramp_rgb2cb=1 bindings23_type=0 bindings23_layertype=5 bindings23_attribclass=0 bindings23_attribtype=1 bindings23_precision=2 bindings23_defval=1 bindings23_ramp2pos=1 bindings23_ramp2value=1 bindings23_ramp_rgb2pos=1 bindings23_ramp_rgb2cr=1 bindings23_ramp_rgb2cg=1 bindings23_ramp_rgb2cb=1 bindings24_layertype=5 bindings24_attribclass=0 bindings24_precision=2 bindings24_defval=1 bindings24_ramp2pos=1 bindings24_ramp2value=1 bindings24_ramp_rgb2pos=1 bindings24_ramp_rgb2cr=1 bindings24_ramp_rgb2cg=1 bindings24_ramp_rgb2cb=1 bindings25_type=0 bindings25_layertype=5 bindings25_attribclass=0 bindings25_attribtype=1 bindings25_precision=2 bindings25_defval=1 bindings25_ramp2pos=1 bindings25_ramp2value=1 bindings25_ramp_rgb2pos=1 bindings25_ramp_rgb2cr=1 bindings25_ramp_rgb2cg=1 bindings25_ramp_rgb2cb=1 bindings26_layertype=5 bindings26_attribclass=0 bindings26_precision=2 bindings26_defval=1 bindings26_ramp2pos=1 bindings26_ramp2value=1 bindings26_ramp_rgb2pos=1 bindings26_ramp_rgb2cr=1 bindings26_ramp_rgb2cg=1 bindings26_ramp_rgb2cb=1 bindings27_type=0 bindings27_layertype=5 bindings27_attribclass=0 bindings27_attribtype=1 bindings27_precision=2 bindings27_defval=1 bindings27_ramp2pos=1 bindings27_ramp2value=1 bindings27_ramp_rgb2pos=1 bindings27_ramp_rgb2cr=1 bindings27_ramp_rgb2cg=1 bindings27_ramp_rgb2cb=1 bindings28_layertype=5 bindings28_attribclass=0 bindings28_precision=2 bindings28_defval=1 bindings28_ramp2pos=1 bindings28_ramp2value=1 bindings28_ramp_rgb2pos=1 bindings28_ramp_rgb2cr=1 bindings28_ramp_rgb2cg=1 bindings28_ramp_rgb2cb=1 bindings29_type=0 bindings29_layertype=5 bindings29_attribclass=0 bindings29_attribtype=1 bindings29_precision=2 bindings29_defval=1 bindings29_ramp2pos=1 bindings29_ramp2value=1 bindings29_ramp_rgb2pos=1 bindings29_ramp_rgb2cr=1 bindings29_ramp_rgb2cg=1 bindings29_ramp_rgb2cb=1 bindings30_layertype=5 bindings30_attribclass=0 bindings30_precision=2 bindings30_defval=1 bindings30_ramp2pos=1 bindings30_ramp2value=1 bindings30_ramp_rgb2pos=1 bindings30_ramp_rgb2cr=1 bindings30_ramp_rgb2cg=1 bindings30_ramp_rgb2cb=1 bindings31_type=0 bindings31_layertype=5 bindings31_attribclass=0 bindings31_attribtype=1 bindings31_precision=2 bindings31_defval=1 bindings31_ramp2pos=1 bindings31_ramp2value=1 bindings31_ramp_rgb2pos=1 bindings31_ramp_rgb2cr=1 bindings31_ramp_rgb2cg=1 bindings31_ramp_rgb2cb=1 bindings32_layertype=5 bindings32_attribclass=0 bindings32_precision=2 bindings32_defval=1 bindings32_ramp2pos=1 bindings32_ramp2value=1 bindings32_ramp_rgb2pos=1 bindings32_ramp_rgb2cr=1 bindings32_ramp_rgb2cg=1 bindings32_ramp_rgb2cb=1 bindings33_type=0 bindings33_layertype=5 bindings33_attribclass=0 bindings33_attribtype=1 bindings33_precision=2 bindings33_defval=1 bindings33_ramp2pos=1 bindings33_ramp2value=1 bindings33_ramp_rgb2pos=1 bindings33_ramp_rgb2cr=1 bindings33_ramp_rgb2cg=1 bindings33_ramp_rgb2cb=1 bindings34_layertype=5 bindings34_attribclass=0 bindings34_precision=2 bindings34_defval=1 bindings34_ramp2pos=1 bindings34_ramp2value=1 bindings34_ramp_rgb2pos=1 bindings34_ramp_rgb2cr=1 bindings34_ramp_rgb2cg=1 bindings34_ramp_rgb2cb=1 bindings35_layertype=5 bindings35_attribclass=0 bindings35_precision=2 bindings35_defval=1 bindings35_ramp2pos=1 bindings35_ramp2value=1 bindings35_ramp_rgb2pos=1 bindings35_ramp_rgb2cr=1 bindings35_ramp_rgb2cg=1 bindings35_ramp_rgb2cb=1 bindings36_type=0 bindings36_layertype=5 bindings36_attribclass=0 bindings36_attribtype=1 bindings36_precision=2 bindings36_defval=1 bindings36_ramp2pos=1 bindings36_ramp2value=1 bindings36_ramp_rgb2pos=1 bindings36_ramp_rgb2cr=1 bindings36_ramp_rgb2cg=1 bindings36_ramp_rgb2cb=1 bindings37_type=2 bindings37_layertype=5 bindings37_attribclass=0 bindings37_attribsize=2 bindings37_precision=2 bindings37_defval=1 bindings37_ramp2pos=1 bindings37_ramp2value=1 bindings37_ramp_rgb2pos=1 bindings37_ramp_rgb2cr=1 bindings37_ramp_rgb2cg=1 bindings37_ramp_rgb2cb=1,amp_val bindings10_intval bindings11_intval bindings12_fval bindings13_fval bindings14_fval bindings15_intval bindings16_fval bindings17_intval bindings18_fval bindings19_intval bindings1_fval bindings20_fval bindings21_intval bindings22_intval bindings23_intval bindings24_fval bindings25_intval bindings26_fval bindings27_intval bindings28_fval bindings29_intval bindings2_fval bindings30_fval bindings31_intval bindings32_fval bindings33_intval bindings34_fval bindings35_fval bindings36_intval bindings37_v2val1 bindings37_v2val2 bindings3_v2val1 bindings3_v2val2 bindings4_v2val1 bindings4_v2val2 bindings5_fval bindings6_fval bindings7_fval bindings8_v2val1 bindings8_v2val2 bindings9_intval center_val contrastexponent doloop_val featuresize_valx featuresize_valy fractaltype is3d_val istiled_val jitter lacunarity_val looptime_val noisetype_val octaveoffsetx octaveoffsety octaves_val off_valx off_valy output1_type output1_typeinfo parmtime_val percomp_val post_bias post_contrast post_dobias post_doclampmax post_doclampmin post_docomplement post_docontrast post_dofold post_dogain post_dogamma post_gain post_gamma post_maximum post_minimum pulselength_val roughness_val tiledsize_valx tiledsize_valy time timeoffset_val timescale_val usetime_val
AB::BillboardGenerator::2.1,/obj/AnalysisHolder/probe_9/cops/fractalnoise1/init_sparse,opencl,,2,20,medium,inputs=1 outputs=2 bindings=1 seed=1965 input1_type=7 input1_optional=1 output1_type=4 output2_type=4 bindings1_type=0 bindings1_layertype=5 bindings1_attribclass=0 bindings1_attribtype=1 bindings1_precision=2 bindings1_defval=1 bindings1_ramp2pos=1 bindings1_ramp2value=1 bindings1_ramp_rgb2pos=1 bindings1_ramp_rgb2cr=1 bindings1_ramp_rgb2cg=1 bindings1_ramp_rgb2cb=1,bindings1_intval options_tile1
AB::BillboardGenerator::2.1,/obj/AnalysisHolder/probe_9/cops/rasterizesetup1/sopinvoke1/switchif1,switchif,,1,4,medium,mergecondition=2 tests=2 type1=1 attribowner1=5,expr2
AB::BillboardGenerator::2.1,/obj/AnalysisHolder/probe_9/cops/rasterizesetup1/sopinvoke1/box1,box,,6,4,medium,type=1 divrate1=2 divrate2=2 divrate3=2,sizex sizey sizez tx ty tz
AB::BillboardGenerator::2.1,/obj/AnalysisHolder/probe_9/cops/rasterizesetup1/sopinvoke1/matchsize3,matchsize,,7,1,medium,stashxform=1,doscale sizex sizey sizez tx ty tz
AB::BillboardGenerator::2.1,/obj/AnalysisHolder/probe_9/cops/rasterizesetup1/sopinvoke1/fit_depth,matchsize,,2,6,medium,justify_x=0 justify_y=0 doscale=1 uniformscale=0 scale_x=0 scale_y=0,sizez tz
AB::BillboardGenerator::2.1,/obj/AnalysisHolder/probe_9/PrincipleMaterial/mats/StairtopWalls/MechanicalsMetal,principledshader::2.0,,5,14,medium,diffuse_folder_151=2 folder7=1 folder4=1 folder12=1 folder13=1 folder8=1 folder11=1 folder9=1 folder227=1 basecolorr=1 basecolorg=1 basecolorb=1 rough_useTexture=1 baseBumpAndNormal_enable=1,baseBump_useTexture baseNormal_useTexture shop_disable_displace_shader specular_tint vm_displacebound
AB::BillboardGenerator::2.1,/obj/AnalysisHolder/probe_9/PrincipleMaterial/mats/StairtopWalls/surfaceexports1/bind1,bind,,1,4,medium,overridetype=1 useasparmdefiner=1 useownexportcontext=1 exportparm=1,parmname
AB::BillboardGenerator::2.1,/obj/AnalysisHolder/probe_9/PrincipleMaterial/mats/StairtopWalls/surfaceexports1/bind4,bind,,1,4,medium,overridetype=1 useasparmdefiner=1 useownexportcontext=1 exportparm=1,parmname
AB::BillboardGenerator::2.1,/obj/AnalysisHolder/probe_9/PrincipleMaterial/mats/StairtopWalls/surfaceexports1/bind5,bind,,1,4,medium,overridetype=1 useasparmdefiner=1 useownexportcontext=1 exportparm=1,parmname
AB::BillboardGenerator::2.1,/obj/AnalysisHolder/probe_9/PrincipleMaterial/mats/StairtopWalls/surfaceexports1/bind6,bind,,1,4,medium,overridetype=1 useasparmdefiner=1 useownexportcontext=1 exportparm=1,parmname
AB::BillboardGenerator::2.1,/obj/AnalysisHolder/probe_9/PrincipleMaterial/mats/StairtopWalls/surfaceexports1/bind7,bind,,1,4,medium,overridetype=1 useasparmdefiner=1 useownexportcontext=1 exportparm=1,parmname
AB::BillboardGenerator::2.1,/obj/AnalysisHolder/probe_9/PrincipleMaterial/mats/StairtopWalls/surfaceexports1/bind8,bind,,1,4,medium,overridetype=1 useasparmdefiner=1 useownexportcontext=1 exportparm=1,parmname
AB::BillboardGenerator::2.1,/obj/AnalysisHolder/probe_9/PrincipleMaterial/mats/StairtopWalls/surfaceexports1/bind9,bind,,1,4,medium,overridetype=1 useasparmdefiner=1 useownexportcontext=1 exportparm=1,parmname
AB::BillboardGenerator::2.1,/obj/AnalysisHolder/probe_9/PrincipleMaterial/mats/StairtopWalls/surfaceexports1/bind10,bind,,1,4,medium,overridetype=1 useasparmdefiner=1 useownexportcontext=1 exportparm=1,parmname
AB::BillboardGenerator::2.1,/obj/AnalysisHolder/probe_9/PrincipleMaterial/mats/StairtopWalls/surfaceexports1/bind11,bind,,1,4,medium,overridetype=1 useasparmdefiner=1 useownexportcontext=1 exportparm=1,parmname
AB::BillboardGenerator::2.1,/obj/AnalysisHolder/probe_9/PrincipleMaterial/mats/StairtopWalls/surfaceexports1/bind12,bind,,1,4,medium,overridetype=1 useasparmdefiner=1 useownexportcontext=1 exportparm=1,parmname
AB::BillboardGenerator::2.1,/obj/AnalysisHolder/probe_9/PrincipleMaterial/mats/StairtopWalls/surfaceexports1/bind13,bind,,1,4,medium,overridetype=1 useasparmdefiner=1 useownexportcontext=1 exportparm=1,parmname
AB::BillboardGenerator::2.1,/obj/AnalysisHolder/probe_9/PrincipleMaterial/mats/StairtopWalls/surfaceexports1/bind14,bind,,1,4,medium,overridetype=1 useasparmdefiner=1 useownexportcontext=1 exportparm=1,parmname
AB::BillboardGenerator::2.1,/obj/AnalysisHolder/probe_9/PrincipleMaterial/mats/StairtopWalls/surfaceexports1/bind15,bind,,1,4,medium,overridetype=1 useasparmdefiner=1 useownexportcontext=1 exportparm=1,parmname
AB::BillboardGenerator::2.1,/obj/AnalysisHolder/probe_9/PrincipleMaterial/mats/StairtopWalls/surfaceexports1/bind16,bind,,1,4,medium,overridetype=1 useasparmdefiner=1 useownexportcontext=1 exportparm=1,parmname
AB::BillboardGenerator::2.1,/obj/AnalysisHolder/probe_9/PrincipleMaterial/mats/StairtopWalls/surfaceexports1/bind17,bind,,1,4,medium,overridetype=1 useasparmdefiner=1 useownexportcontext=1 exportparm=1,parmname
AB::BillboardGenerator::2.1,/obj/AnalysisHolder/probe_9/PrincipleMaterial/mats/StairtopWalls/surfaceexports1/bind18,bind,,1,4,medium,overridetype=1 useasparmdefiner=1 useownexportcontext=1 exportparm=1,parmname
AB::BillboardGenerator::2.1,/obj/AnalysisHolder/probe_9/PrincipleMaterial/mats/StairtopWalls/surfaceexports1/bind19,bind,,1,4,medium,overridetype=1 useasparmdefiner=1 useownexportcontext=1 exportparm=1,parmname
AB::BillboardGenerator::2.1,/obj/AnalysisHolder/probe_9/PrincipleMaterial/mats/StairtopWalls/surfaceexports1/bind20,bind,,1,4,medium,overridetype=1 useasparmdefiner=1 useownexportcontext=1 exportparm=1,parmname
AB::BillboardGenerator::2.1,/obj/AnalysisHolder/probe_9/PrincipleMaterial/mats/StairtopWalls/surfaceexports1/bind21,bind,,1,4,medium,overridetype=1 useasparmdefiner=1 useownexportcontext=1 exportparm=1,parmname
AB::BillboardGenerator::2.1,/obj/AnalysisHolder/probe_9/PrincipleMaterial/mats/StairtopWalls/surfaceexports1/bind22,bind,,1,4,medium,overridetype=1 useasparmdefiner=1 useownexportcontext=1 exportparm=1,parmname
AB::BillboardGenerator::2.1,/obj/AnalysisHolder/probe_9/PrincipleMaterial/mats/StairtopWalls/surfaceexports1/bind23,bind,,1,4,medium,overridetype=1 useasparmdefiner=1 useownexportcontext=1 exportparm=1,parmname
AB::BillboardGenerator::2.1,/obj/AnalysisHolder/probe_9/PrincipleMaterial/mats/StairtopWalls/surfaceexports1/bind24,bind,,1,4,medium,overridetype=1 useasparmdefiner=1 useownexportcontext=1 exportparm=1,parmname
AB::BillboardGenerator::2.1,/obj/AnalysisHolder/probe_9/PrincipleMaterial/mats/StairtopWalls/surfaceexports1/bind25,bind,,1,4,medium,overridetype=1 useasparmdefiner=1 useownexportcontext=1 exportparm=1,parmname
AB::BillboardGenerator::2.1,/obj/AnalysisHolder/probe_9/PrincipleMaterial/mats/StairtopWalls/surfaceexports1/computelighting1/layerexport10/parm1,parameter,,1,3,medium,hasconnector=0 exportparm=2 invisible=1,parmtype
AB::BillboardGenerator::2.1,/obj/AnalysisHolder/probe_9/PrincipleMaterial/mats/StairtopWalls/surfaceexports1/computelighting1/layerexport11/parm1,parameter,,1,3,medium,hasconnector=0 exportparm=2 invisible=1,parmtype
AB::BillboardGenerator::2.1,/obj/AnalysisHolder/probe_9/PrincipleMaterial/mats/StairtopWalls/surfaceexports1/computelighting1/layerexport12/parm1,parameter,,1,3,medium,hasconnector=0 exportparm=2 invisible=1,parmtype
AB::BillboardGenerator::2.1,/obj/AnalysisHolder/probe_9/PrincipleMaterial/mats/StairtopWalls/surfaceexports1/computelighting1/layerexport13/parm1,parameter,,1,3,medium,hasconnector=0 exportparm=2 invisible=1,parmtype
AB::BillboardGenerator::2.1,/obj/AnalysisHolder/probe_9/PrincipleMaterial/mats/StairtopWalls/principledshader1,principledshader::2.0,,5,13,medium,folder7=1 folder4=1 folder12=1 folder13=1 folder8=1 folder11=1 folder9=1 basecolorr=1 basecolorg=1 basecolorb=1 rough=0.65 basecolor_useTexture=1 baseBumpAndNormal_enable=1,baseBump_useTexture baseNormal_useTexture shop_disable_displace_shader specular_tint vm_displacebound
AB::BillboardGenerator::2.1,/obj/AnalysisHolder/probe_9/PrincipleMaterial/mats/Metal_Galvanized/MechanicalsMetal,principledshader::2.0,,5,13,medium,folder7=1 folder4=1 folder12=1 folder13=1 folder8=1 folder11=1 folder9=1 basecolorr=1 basecolorg=1 basecolorb=1 metallic=1 basecolor_useTexture=1 baseBumpAndNormal_enable=1,baseBump_useTexture baseNormal_useTexture shop_disable_displace_shader specular_tint vm_displacebound
AB::BillboardGenerator::2.1,/obj/AnalysisHolder/probe_9/PrincipleMaterial/mats/Metal_Galvanized/surfaceexports1/bind1,bind,,1,4,medium,overridetype=1 useasparmdefiner=1 useownexportcontext=1 exportparm=1,parmname
AB::BillboardGenerator::2.1,/obj/AnalysisHolder/probe_9/PrincipleMaterial/mats/Metal_Galvanized/surfaceexports1/bind4,bind,,1,4,medium,overridetype=1 useasparmdefiner=1 useownexportcontext=1 exportparm=1,parmname
AB::BillboardGenerator::2.1,/obj/AnalysisHolder/probe_9/PrincipleMaterial/mats/Metal_Galvanized/surfaceexports1/bind5,bind,,1,4,medium,overridetype=1 useasparmdefiner=1 useownexportcontext=1 exportparm=1,parmname
AB::BillboardGenerator::2.1,/obj/AnalysisHolder/probe_9/PrincipleMaterial/mats/Metal_Galvanized/surfaceexports1/bind6,bind,,1,4,medium,overridetype=1 useasparmdefiner=1 useownexportcontext=1 exportparm=1,parmname
AB::BillboardGenerator::2.1,/obj/AnalysisHolder/probe_9/PrincipleMaterial/mats/Metal_Galvanized/surfaceexports1/bind7,bind,,1,4,medium,overridetype=1 useasparmdefiner=1 useownexportcontext=1 exportparm=1,parmname
AB::BillboardGenerator::2.1,/obj/AnalysisHolder/probe_9/PrincipleMaterial/mats/Metal_Galvanized/surfaceexports1/bind8,bind,,1,4,medium,overridetype=1 useasparmdefiner=1 useownexportcontext=1 exportparm=1,parmname
AB::BillboardGenerator::2.1,/obj/AnalysisHolder/probe_9/PrincipleMaterial/mats/Metal_Galvanized/surfaceexports1/bind9,bind,,1,4,medium,overridetype=1 useasparmdefiner=1 useownexportcontext=1 exportparm=1,parmname
AB::BillboardGenerator::2.1,/obj/AnalysisHolder/probe_9/PrincipleMaterial/mats/Metal_Galvanized/surfaceexports1/bind10,bind,,1,4,medium,overridetype=1 useasparmdefiner=1 useownexportcontext=1 exportparm=1,parmname
AB::BillboardGenerator::2.1,/obj/AnalysisHolder/probe_9/PrincipleMaterial/mats/Metal_Galvanized/surfaceexports1/bind11,bind,,1,4,medium,overridetype=1 useasparmdefiner=1 useownexportcontext=1 exportparm=1,parmname
AB::BillboardGenerator::2.1,/obj/AnalysisHolder/probe_9/PrincipleMaterial/mats/Metal_Galvanized/surfaceexports1/bind12,bind,,1,4,medium,overridetype=1 useasparmdefiner=1 useownexportcontext=1 exportparm=1,parmname
AB::BillboardGenerator::2.1,/obj/AnalysisHolder/probe_9/PrincipleMaterial/mats/Metal_Galvanized/surfaceexports1/bind13,bind,,1,4,medium,overridetype=1 useasparmdefiner=1 useownexportcontext=1 exportparm=1,parmname
AB::BillboardGenerator::2.1,/obj/AnalysisHolder/probe_9/PrincipleMaterial/mats/Metal_Galvanized/surfaceexports1/bind14,bind,,1,4,medium,overridetype=1 useasparmdefiner=1 useownexportcontext=1 exportparm=1,parmname
AB::BillboardGenerator::2.1,/obj/AnalysisHolder/probe_9/PrincipleMaterial/mats/Metal_Galvanized/surfaceexports1/bind15,bind,,1,4,medium,overridetype=1 useasparmdefiner=1 useownexportcontext=1 exportparm=1,parmname
AB::BillboardGenerator::2.1,/obj/AnalysisHolder/probe_9/PrincipleMaterial/mats/Metal_Galvanized/surfaceexports1/bind16,bind,,1,4,medium,overridetype=1 useasparmdefiner=1 useownexportcontext=1 exportparm=1,parmname
AB::BillboardGenerator::2.1,/obj/AnalysisHolder/probe_9/PrincipleMaterial/mats/Metal_Galvanized/surfaceexports1/bind17,bind,,1,4,medium,overridetype=1 useasparmdefiner=1 useownexportcontext=1 exportparm=1,parmname
AB::BillboardGenerator::2.1,/obj/AnalysisHolder/probe_9/PrincipleMaterial/mats/Metal_Galvanized/surfaceexports1/bind18,bind,,1,4,medium,overridetype=1 useasparmdefiner=1 useownexportcontext=1 exportparm=1,parmname
AB::BillboardGenerator::2.1,/obj/AnalysisHolder/probe_9/PrincipleMaterial/mats/Metal_Galvanized/surfaceexports1/bind19,bind,,1,4,medium,overridetype=1 useasparmdefiner=1 useownexportcontext=1 exportparm=1,parmname
AB::BillboardGenerator::2.1,/obj/AnalysisHolder/probe_9/PrincipleMaterial/mats/Metal_Galvanized/surfaceexports1/bind20,bind,,1,4,medium,overridetype=1 useasparmdefiner=1 useownexportcontext=1 exportparm=1,parmname
AB::BillboardGenerator::2.1,/obj/AnalysisHolder/probe_9/PrincipleMaterial/mats/Metal_Galvanized/surfaceexports1/bind21,bind,,1,4,medium,overridetype=1 useasparmdefiner=1 useownexportcontext=1 exportparm=1,parmname
AB::BillboardGenerator::2.1,/obj/AnalysisHolder/probe_9/PrincipleMaterial/mats/Metal_Galvanized/surfaceexports1/bind22,bind,,1,4,medium,overridetype=1 useasparmdefiner=1 useownexportcontext=1 exportparm=1,parmname
AB::BillboardGenerator::2.1,/obj/AnalysisHolder/probe_9/PrincipleMaterial/mats/Metal_Galvanized/surfaceexports1/bind23,bind,,1,4,medium,overridetype=1 useasparmdefiner=1 useownexportcontext=1 exportparm=1,parmname
AB::BillboardGenerator::2.1,/obj/AnalysisHolder/probe_9/PrincipleMaterial/mats/Metal_Galvanized/surfaceexports1/bind24,bind,,1,4,medium,overridetype=1 useasparmdefiner=1 useownexportcontext=1 exportparm=1,parmname
AB::BillboardGenerator::2.1,/obj/AnalysisHolder/probe_9/PrincipleMaterial/mats/Metal_Galvanized/surfaceexports1/bind25,bind,,1,4,medium,overridetype=1 useasparmdefiner=1 useownexportcontext=1 exportparm=1,parmname
AB::BillboardGenerator::2.1,/obj/AnalysisHolder/probe_9/PrincipleMaterial/mats/Metal_Galvanized/surfaceexports1/computelighting1/layerexport10/parm1,parameter,,1,3,medium,hasconnector=0 exportparm=2 invisible=1,parmtype
AB::BillboardGenerator::2.1,/obj/AnalysisHolder/probe_9/PrincipleMaterial/mats/Metal_Galvanized/surfaceexports1/computelighting1/layerexport11/parm1,parameter,,1,3,medium,hasconnector=0 exportparm=2 invisible=1,parmtype
AB::BillboardGenerator::2.1,/obj/AnalysisHolder/probe_9/PrincipleMaterial/mats/Metal_Galvanized/surfaceexports1/computelighting1/layerexport12/parm1,parameter,,1,3,medium,hasconnector=0 exportparm=2 invisible=1,parmtype
AB::BillboardGenerator::2.1,/obj/AnalysisHolder/probe_9/PrincipleMaterial/mats/Metal_Galvanized/surfaceexports1/computelighting1/layerexport13/parm1,parameter,,1,3,medium,hasconnector=0 exportparm=2 invisible=1,parmtype
AB::BillboardGenerator::2.1,/obj/AnalysisHolder/probe_9/PrincipleMaterial/mats/Metal_Galvanized/principledshader1,principledshader::2.0,,5,12,medium,diffuse_folder_151=2 folder7=1 folder4=1 folder12=1 folder13=1 folder8=1 folder11=1 folder9=1 basecolorr=1 basecolorg=1 basecolorb=1 rough=0.65,baseBump_useTexture baseNormal_useTexture shop_disable_displace_shader specular_tint vm_displacebound
AB::BillboardGenerator::2.1,/obj/AnalysisHolder/probe_9/PrincipleMaterial/mats/Concrete_01/surfaceexports1/bind1,bind,,1,4,medium,overridetype=1 useasparmdefiner=1 useownexportcontext=1 exportparm=1,parmname
AB::BillboardGenerator::2.1,/obj/AnalysisHolder/probe_9/PrincipleMaterial/mats/Concrete_01/surfaceexports1/bind4,bind,,1,4,medium,overridetype=1 useasparmdefiner=1 useownexportcontext=1 exportparm=1,parmname
AB::BillboardGenerator::2.1,/obj/AnalysisHolder/probe_9/PrincipleMaterial/mats/Concrete_01/surfaceexports1/bind5,bind,,1,4,medium,overridetype=1 useasparmdefiner=1 useownexportcontext=1 exportparm=1,parmname
AB::BillboardGenerator::2.1,/obj/AnalysisHolder/probe_9/PrincipleMaterial/mats/Concrete_01/surfaceexports1/bind6,bind,,1,4,medium,overridetype=1 useasparmdefiner=1 useownexportcontext=1 exportparm=1,parmname
AB::BillboardGenerator::2.1,/obj/AnalysisHolder/probe_9/PrincipleMaterial/mats/Concrete_01/surfaceexports1/bind7,bind,,1,4,medium,overridetype=1 useasparmdefiner=1 useownexportcontext=1 exportparm=1,parmname
AB::BillboardGenerator::2.1,/obj/AnalysisHolder/probe_9/PrincipleMaterial/mats/Concrete_01/surfaceexports1/bind8,bind,,1,4,medium,overridetype=1 useasparmdefiner=1 useownexportcontext=1 exportparm=1,parmname
AB::BillboardGenerator::2.1,/obj/AnalysisHolder/probe_9/PrincipleMaterial/mats/Concrete_01/surfaceexports1/bind9,bind,,1,4,medium,overridetype=1 useasparmdefiner=1 useownexportcontext=1 exportparm=1,parmname
AB::BillboardGenerator::2.1,/obj/AnalysisHolder/probe_9/PrincipleMaterial/mats/Concrete_01/surfaceexports1/bind10,bind,,1,4,medium,overridetype=1 useasparmdefiner=1 useownexportcontext=1 exportparm=1,parmname
AB::BillboardGenerator::2.1,/obj/AnalysisHolder/probe_9/PrincipleMaterial/mats/Concrete_01/surfaceexports1/bind11,bind,,1,4,medium,overridetype=1 useasparmdefiner=1 useownexportcontext=1 exportparm=1,parmname
AB::BillboardGenerator::2.1,/obj/AnalysisHolder/probe_9/PrincipleMaterial/mats/Concrete_01/surfaceexports1/bind12,bind,,1,4,medium,overridetype=1 useasparmdefiner=1 useownexportcontext=1 exportparm=1,parmname
AB::BillboardGenerator::2.1,/obj/AnalysisHolder/probe_9/PrincipleMaterial/mats/Concrete_01/surfaceexports1/bind13,bind,,1,4,medium,overridetype=1 useasparmdefiner=1 useownexportcontext=1 exportparm=1,parmname
AB::BillboardGenerator::2.1,/obj/AnalysisHolder/probe_9/PrincipleMaterial/mats/Concrete_01/surfaceexports1/bind14,bind,,1,4,medium,overridetype=1 useasparmdefiner=1 useownexportcontext=1 exportparm=1,parmname
AB::BillboardGenerator::2.1,/obj/AnalysisHolder/probe_9/PrincipleMaterial/mats/Concrete_01/surfaceexports1/bind15,bind,,1,4,medium,overridetype=1 useasparmdefiner=1 useownexportcontext=1 exportparm=1,parmname
AB::BillboardGenerator::2.1,/obj/AnalysisHolder/probe_9/PrincipleMaterial/mats/Concrete_01/surfaceexports1/bind16,bind,,1,4,medium,overridetype=1 useasparmdefiner=1 useownexportcontext=1 exportparm=1,parmname
AB::BillboardGenerator::2.1,/obj/AnalysisHolder/probe_9/PrincipleMaterial/mats/Concrete_01/surfaceexports1/bind17,bind,,1,4,medium,overridetype=1 useasparmdefiner=1 useownexportcontext=1 exportparm=1,parmname
AB::BillboardGenerator::2.1,/obj/AnalysisHolder/probe_9/PrincipleMaterial/mats/Concrete_01/surfaceexports1/bind18,bind,,1,4,medium,overridetype=1 useasparmdefiner=1 useownexportcontext=1 exportparm=1,parmname
AB::BillboardGenerator::2.1,/obj/AnalysisHolder/probe_9/PrincipleMaterial/mats/Concrete_01/surfaceexports1/bind19,bind,,1,4,medium,overridetype=1 useasparmdefiner=1 useownexportcontext=1 exportparm=1,parmname
AB::BillboardGenerator::2.1,/obj/AnalysisHolder/probe_9/PrincipleMaterial/mats/Concrete_01/surfaceexports1/bind20,bind,,1,4,medium,overridetype=1 useasparmdefiner=1 useownexportcontext=1 exportparm=1,parmname
AB::BillboardGenerator::2.1,/obj/AnalysisHolder/probe_9/PrincipleMaterial/mats/Concrete_01/surfaceexports1/bind21,bind,,1,4,medium,overridetype=1 useasparmdefiner=1 useownexportcontext=1 exportparm=1,parmname
AB::BillboardGenerator::2.1,/obj/AnalysisHolder/probe_9/PrincipleMaterial/mats/Concrete_01/surfaceexports1/bind22,bind,,1,4,medium,overridetype=1 useasparmdefiner=1 useownexportcontext=1 exportparm=1,parmname
AB::BillboardGenerator::2.1,/obj/AnalysisHolder/probe_9/PrincipleMaterial/mats/Concrete_01/surfaceexports1/bind23,bind,,1,4,medium,overridetype=1 useasparmdefiner=1 useownexportcontext=1 exportparm=1,parmname
AB::BillboardGenerator::2.1,/obj/AnalysisHolder/probe_9/PrincipleMaterial/mats/Concrete_01/surfaceexports1/bind24,bind,,1,4,medium,overridetype=1 useasparmdefiner=1 useownexportcontext=1 exportparm=1,parmname
AB::BillboardGenerator::2.1,/obj/AnalysisHolder/probe_9/PrincipleMaterial/mats/Concrete_01/surfaceexports1/bind25,bind,,1,4,medium,overridetype=1 useasparmdefiner=1 useownexportcontext=1 exportparm=1,parmname
AB::BillboardGenerator::2.1,/obj/AnalysisHolder/probe_9/PrincipleMaterial/mats/Concrete_01/surfaceexports1/computelighting1/layerexport10/parm1,parameter,,1,3,medium,hasconnector=0 exportparm=2 invisible=1,parmtype
AB::BillboardGenerator::2.1,/obj/AnalysisHolder/probe_9/PrincipleMaterial/mats/Concrete_01/surfaceexports1/computelighting1/layerexport11/parm1,parameter,,1,3,medium,hasconnector=0 exportparm=2 invisible=1,parmtype
AB::BillboardGenerator::2.1,/obj/AnalysisHolder/probe_9/PrincipleMaterial/mats/Concrete_01/surfaceexports1/computelighting1/layerexport12/parm1,parameter,,1,3,medium,hasconnector=0 exportparm=2 invisible=1,parmtype
AB::BillboardGenerator::2.1,/obj/AnalysisHolder/probe_9/PrincipleMaterial/mats/Concrete_01/surfaceexports1/computelighting1/layerexport13/parm1,parameter,,1,3,medium,hasconnector=0 exportparm=2 invisible=1,parmtype
AB::BillboardGenerator::2.1,/obj/AnalysisHolder/probe_9/PrincipleMaterial/mats/Concrete_01/principledshader1,principledshader::2.0,,5,12,medium,diffuse_folder_151=3 folder7=1 folder4=1 folder12=1 folder13=1 folder8=1 folder11=1 folder9=1 basecolorr=0.2 basecolorg=0.2 basecolorb=0.2 rough=0.35,baseBump_useTexture baseNormal_useTexture shop_disable_displace_shader specular_tint vm_displacebound
AB::BillboardGenerator::2.1,/obj/AnalysisHolder/probe_9/PrincipleMaterial/mats/Metal_Shiny_01,principledshader::2.0,,5,13,medium,folder7=1 folder4=1 folder12=1 folder13=1 folder8=1 folder11=1 folder9=1 basecolorr=0.6667 basecolorg=0.6667 basecolorb=0.6667 ior=3 rough=0.2 metallic=1,baseBump_useTexture baseNormal_useTexture shop_disable_displace_shader specular_tint vm_displacebound
AB::BillboardGenerator::2.1,/obj/AnalysisHolder/probe_9/PrincipleMaterial/mats/Wood_01/surfaceexports1/bind1,bind,,1,4,medium,overridetype=1 useasparmdefiner=1 useownexportcontext=1 exportparm=1,parmname
AB::BillboardGenerator::2.1,/obj/AnalysisHolder/probe_9/PrincipleMaterial/mats/Wood_01/surfaceexports1/bind4,bind,,1,4,medium,overridetype=1 useasparmdefiner=1 useownexportcontext=1 exportparm=1,parmname
AB::BillboardGenerator::2.1,/obj/AnalysisHolder/probe_9/PrincipleMaterial/mats/Wood_01/surfaceexports1/bind5,bind,,1,4,medium,overridetype=1 useasparmdefiner=1 useownexportcontext=1 exportparm=1,parmname
AB::BillboardGenerator::2.1,/obj/AnalysisHolder/probe_9/PrincipleMaterial/mats/Wood_01/surfaceexports1/bind6,bind,,1,4,medium,overridetype=1 useasparmdefiner=1 useownexportcontext=1 exportparm=1,parmname
AB::BillboardGenerator::2.1,/obj/AnalysisHolder/probe_9/PrincipleMaterial/mats/Wood_01/surfaceexports1/bind7,bind,,1,4,medium,overridetype=1 useasparmdefiner=1 useownexportcontext=1 exportparm=1,parmname
AB::BillboardGenerator::2.1,/obj/AnalysisHolder/probe_9/PrincipleMaterial/mats/Wood_01/surfaceexports1/bind8,bind,,1,4,medium,overridetype=1 useasparmdefiner=1 useownexportcontext=1 exportparm=1,parmname
AB::BillboardGenerator::2.1,/obj/AnalysisHolder/probe_9/PrincipleMaterial/mats/Wood_01/surfaceexports1/bind9,bind,,1,4,medium,overridetype=1 useasparmdefiner=1 useownexportcontext=1 exportparm=1,parmname
AB::BillboardGenerator::2.1,/obj/AnalysisHolder/probe_9/PrincipleMaterial/mats/Wood_01/surfaceexports1/bind10,bind,,1,4,medium,overridetype=1 useasparmdefiner=1 useownexportcontext=1 exportparm=1,parmname
AB::BillboardGenerator::2.1,/obj/AnalysisHolder/probe_9/PrincipleMaterial/mats/Wood_01/surfaceexports1/bind11,bind,,1,4,medium,overridetype=1 useasparmdefiner=1 useownexportcontext=1 exportparm=1,parmname
AB::BillboardGenerator::2.1,/obj/AnalysisHolder/probe_9/PrincipleMaterial/mats/Wood_01/surfaceexports1/bind12,bind,,1,4,medium,overridetype=1 useasparmdefiner=1 useownexportcontext=1 exportparm=1,parmname
AB::BillboardGenerator::2.1,/obj/AnalysisHolder/probe_9/PrincipleMaterial/mats/Wood_01/surfaceexports1/bind13,bind,,1,4,medium,overridetype=1 useasparmdefiner=1 useownexportcontext=1 exportparm=1,parmname
AB::BillboardGenerator::2.1,/obj/AnalysisHolder/probe_9/PrincipleMaterial/mats/Wood_01/surfaceexports1/bind14,bind,,1,4,medium,overridetype=1 useasparmdefiner=1 useownexportcontext=1 exportparm=1,parmname
AB::BillboardGenerator::2.1,/obj/AnalysisHolder/probe_9/PrincipleMaterial/mats/Wood_01/surfaceexports1/bind15,bind,,1,4,medium,overridetype=1 useasparmdefiner=1 useownexportcontext=1 exportparm=1,parmname
AB::BillboardGenerator::2.1,/obj/AnalysisHolder/probe_9/PrincipleMaterial/mats/Wood_01/surfaceexports1/bind16,bind,,1,4,medium,overridetype=1 useasparmdefiner=1 useownexportcontext=1 exportparm=1,parmname
AB::BillboardGenerator::2.1,/obj/AnalysisHolder/probe_9/PrincipleMaterial/mats/Wood_01/surfaceexports1/bind17,bind,,1,4,medium,overridetype=1 useasparmdefiner=1 useownexportcontext=1 exportparm=1,parmname
AB::BillboardGenerator::2.1,/obj/AnalysisHolder/probe_9/PrincipleMaterial/mats/Wood_01/surfaceexports1/bind18,bind,,1,4,medium,overridetype=1 useasparmdefiner=1 useownexportcontext=1 exportparm=1,parmname
AB::BillboardGenerator::2.1,/obj/AnalysisHolder/probe_9/PrincipleMaterial/mats/Wood_01/surfaceexports1/bind19,bind,,1,4,medium,overridetype=1 useasparmdefiner=1 useownexportcontext=1 exportparm=1,parmname
AB::BillboardGenerator::2.1,/obj/AnalysisHolder/probe_9/PrincipleMaterial/mats/Wood_01/surfaceexports1/bind20,bind,,1,4,medium,overridetype=1 useasparmdefiner=1 useownexportcontext=1 exportparm=1,parmname
AB::BillboardGenerator::2.1,/obj/AnalysisHolder/probe_9/PrincipleMaterial/mats/Wood_01/surfaceexports1/bind21,bind,,1,4,medium,overridetype=1 useasparmdefiner=1 useownexportcontext=1 exportparm=1,parmname
AB::BillboardGenerator::2.1,/obj/AnalysisHolder/probe_9/PrincipleMaterial/mats/Wood_01/surfaceexports1/bind22,bind,,1,4,medium,overridetype=1 useasparmdefiner=1 useownexportcontext=1 exportparm=1,parmname
AB::BillboardGenerator::2.1,/obj/AnalysisHolder/probe_9/PrincipleMaterial/mats/Wood_01/surfaceexports1/bind23,bind,,1,4,medium,overridetype=1 useasparmdefiner=1 useownexportcontext=1 exportparm=1,parmname
AB::BillboardGenerator::2.1,/obj/AnalysisHolder/probe_9/PrincipleMaterial/mats/Wood_01/surfaceexports1/bind24,bind,,1,4,medium,overridetype=1 useasparmdefiner=1 useownexportcontext=1 exportparm=1,parmname
AB::BillboardGenerator::2.1,/obj/AnalysisHolder/probe_9/PrincipleMaterial/mats/Wood_01/surfaceexports1/bind25,bind,,1,4,medium,overridetype=1 useasparmdefiner=1 useownexportcontext=1 exportparm=1,parmname
AB::BillboardGenerator::2.1,/obj/AnalysisHolder/probe_9/PrincipleMaterial/mats/Wood_01/surfaceexports1/computelighting1/layerexport10/parm1,parameter,,1,3,medium,hasconnector=0 exportparm=2 invisible=1,parmtype
AB::BillboardGenerator::2.1,/obj/AnalysisHolder/probe_9/PrincipleMaterial/mats/Wood_01/surfaceexports1/computelighting1/layerexport11/parm1,parameter,,1,3,medium,hasconnector=0 exportparm=2 invisible=1,parmtype
AB::BillboardGenerator::2.1,/obj/AnalysisHolder/probe_9/PrincipleMaterial/mats/Wood_01/surfaceexports1/computelighting1/layerexport12/parm1,parameter,,1,3,medium,hasconnector=0 exportparm=2 invisible=1,parmtype
AB::BillboardGenerator::2.1,/obj/AnalysisHolder/probe_9/PrincipleMaterial/mats/Wood_01/surfaceexports1/computelighting1/layerexport13/parm1,parameter,,1,3,medium,hasconnector=0 exportparm=2 invisible=1,parmtype
AB::BillboardGenerator::2.1,/obj/AnalysisHolder/probe_9/PrincipleMaterial/mats/Wood_01/principledshader2,principledshader::2.0,,5,10,medium,folder7=1 folder4=1 folder12=1 folder13=1 folder8=1 folder11=1 folder9=1 coat=1 coatrough=0.2 baseBumpAndNormal_enable=1,baseBump_useTexture baseNormal_useTexture shop_disable_displace_shader specular_tint vm_displacebound
AB::BillboardGenerator::2.1,/obj/AnalysisHolder/probe_9/PrincipleMaterial/mats/Concrete_02/surfaceexports1/bind1,bind,,1,4,medium,overridetype=1 useasparmdefiner=1 useownexportcontext=1 exportparm=1,parmname
AB::BillboardGenerator::2.1,/obj/AnalysisHolder/probe_9/PrincipleMaterial/mats/Concrete_02/surfaceexports1/bind4,bind,,1,4,medium,overridetype=1 useasparmdefiner=1 useownexportcontext=1 exportparm=1,parmname
AB::BillboardGenerator::2.1,/obj/AnalysisHolder/probe_9/PrincipleMaterial/mats/Concrete_02/surfaceexports1/bind5,bind,,1,4,medium,overridetype=1 useasparmdefiner=1 useownexportcontext=1 exportparm=1,parmname
AB::BillboardGenerator::2.1,/obj/AnalysisHolder/probe_9/PrincipleMaterial/mats/Concrete_02/surfaceexports1/bind6,bind,,1,4,medium,overridetype=1 useasparmdefiner=1 useownexportcontext=1 exportparm=1,parmname
AB::BillboardGenerator::2.1,/obj/AnalysisHolder/probe_9/PrincipleMaterial/mats/Concrete_02/surfaceexports1/bind7,bind,,1,4,medium,overridetype=1 useasparmdefiner=1 useownexportcontext=1 exportparm=1,parmname
AB::BillboardGenerator::2.1,/obj/AnalysisHolder/probe_9/PrincipleMaterial/mats/Concrete_02/surfaceexports1/bind8,bind,,1,4,medium,overridetype=1 useasparmdefiner=1 useownexportcontext=1 exportparm=1,parmname
AB::BillboardGenerator::2.1,/obj/AnalysisHolder/probe_9/PrincipleMaterial/mats/Concrete_02/surfaceexports1/bind9,bind,,1,4,medium,overridetype=1 useasparmdefiner=1 useownexportcontext=1 exportparm=1,parmname
AB::BillboardGenerator::2.1,/obj/AnalysisHolder/probe_9/PrincipleMaterial/mats/Concrete_02/surfaceexports1/bind10,bind,,1,4,medium,overridetype=1 useasparmdefiner=1 useownexportcontext=1 exportparm=1,parmname
AB::BillboardGenerator::2.1,/obj/AnalysisHolder/probe_9/PrincipleMaterial/mats/Concrete_02/surfaceexports1/bind11,bind,,1,4,medium,overridetype=1 useasparmdefiner=1 useownexportcontext=1 exportparm=1,parmname
AB::BillboardGenerator::2.1,/obj/AnalysisHolder/probe_9/PrincipleMaterial/mats/Concrete_02/surfaceexports1/bind12,bind,,1,4,medium,overridetype=1 useasparmdefiner=1 useownexportcontext=1 exportparm=1,parmname
AB::BillboardGenerator::2.1,/obj/AnalysisHolder/probe_9/PrincipleMaterial/mats/Concrete_02/surfaceexports1/bind13,bind,,1,4,medium,overridetype=1 useasparmdefiner=1 useownexportcontext=1 exportparm=1,parmname
AB::BillboardGenerator::2.1,/obj/AnalysisHolder/probe_9/PrincipleMaterial/mats/Concrete_02/surfaceexports1/bind14,bind,,1,4,medium,overridetype=1 useasparmdefiner=1 useownexportcontext=1 exportparm=1,parmname
AB::BillboardGenerator::2.1,/obj/AnalysisHolder/probe_9/PrincipleMaterial/mats/Concrete_02/surfaceexports1/bind15,bind,,1,4,medium,overridetype=1 useasparmdefiner=1 useownexportcontext=1 exportparm=1,parmname
AB::BillboardGenerator::2.1,/obj/AnalysisHolder/probe_9/PrincipleMaterial/mats/Concrete_02/surfaceexports1/bind16,bind,,1,4,medium,overridetype=1 useasparmdefiner=1 useownexportcontext=1 exportparm=1,parmname
AB::BillboardGenerator::2.1,/obj/AnalysisHolder/probe_9/PrincipleMaterial/mats/Concrete_02/surfaceexports1/bind17,bind,,1,4,medium,overridetype=1 useasparmdefiner=1 useownexportcontext=1 exportparm=1,parmname
AB::BillboardGenerator::2.1,/obj/AnalysisHolder/probe_9/PrincipleMaterial/mats/Concrete_02/surfaceexports1/bind18,bind,,1,4,medium,overridetype=1 useasparmdefiner=1 useownexportcontext=1 exportparm=1,parmname
AB::BillboardGenerator::2.1,/obj/AnalysisHolder/probe_9/PrincipleMaterial/mats/Concrete_02/surfaceexports1/bind19,bind,,1,4,medium,overridetype=1 useasparmdefiner=1 useownexportcontext=1 exportparm=1,parmname
AB::BillboardGenerator::2.1,/obj/AnalysisHolder/probe_9/PrincipleMaterial/mats/Concrete_02/surfaceexports1/bind20,bind,,1,4,medium,overridetype=1 useasparmdefiner=1 useownexportcontext=1 exportparm=1,parmname
AB::BillboardGenerator::2.1,/obj/AnalysisHolder/probe_9/PrincipleMaterial/mats/Concrete_02/surfaceexports1/bind21,bind,,1,4,medium,overridetype=1 useasparmdefiner=1 useownexportcontext=1 exportparm=1,parmname
AB::BillboardGenerator::2.1,/obj/AnalysisHolder/probe_9/PrincipleMaterial/mats/Concrete_02/surfaceexports1/bind22,bind,,1,4,medium,overridetype=1 useasparmdefiner=1 useownexportcontext=1 exportparm=1,parmname
AB::BillboardGenerator::2.1,/obj/AnalysisHolder/probe_9/PrincipleMaterial/mats/Concrete_02/surfaceexports1/bind23,bind,,1,4,medium,overridetype=1 useasparmdefiner=1 useownexportcontext=1 exportparm=1,parmname
AB::BillboardGenerator::2.1,/obj/AnalysisHolder/probe_9/PrincipleMaterial/mats/Concrete_02/surfaceexports1/bind24,bind,,1,4,medium,overridetype=1 useasparmdefiner=1 useownexportcontext=1 exportparm=1,parmname
AB::BillboardGenerator::2.1,/obj/AnalysisHolder/probe_9/PrincipleMaterial/mats/Concrete_02/surfaceexports1/bind25,bind,,1,4,medium,overridetype=1 useasparmdefiner=1 useownexportcontext=1 exportparm=1,parmname
AB::BillboardGenerator::2.1,/obj/AnalysisHolder/probe_9/PrincipleMaterial/mats/Concrete_02/surfaceexports1/computelighting1/layerexport10/parm1,parameter,,1,3,medium,hasconnector=0 exportparm=2 invisible=1,parmtype
AB::BillboardGenerator::2.1,/obj/AnalysisHolder/probe_9/PrincipleMaterial/mats/Concrete_02/surfaceexports1/computelighting1/layerexport11/parm1,parameter,,1,3,medium,hasconnector=0 exportparm=2 invisible=1,parmtype
AB::BillboardGenerator::2.1,/obj/AnalysisHolder/probe_9/PrincipleMaterial/mats/Concrete_02/surfaceexports1/computelighting1/layerexport12/parm1,parameter,,1,3,medium,hasconnector=0 exportparm=2 invisible=1,parmtype
AB::BillboardGenerator::2.1,/obj/AnalysisHolder/probe_9/PrincipleMaterial/mats/Concrete_02/surfaceexports1/computelighting1/layerexport13/parm1,parameter,,1,3,medium,hasconnector=0 exportparm=2 invisible=1,parmtype
AB::BillboardGenerator::2.1,/obj/AnalysisHolder/probe_9/PrincipleMaterial/mats/Concrete_02/principledshader1,principledshader::2.0,,5,12,medium,diffuse_folder_151=5 folder7=1 folder4=1 folder13=1 folder8=1 folder11=1 folder9=1 basecolorr=0.2 basecolorg=0.2 basecolorb=0.2 rough=0.45 dispInput_enable=1,baseBump_useTexture baseNormal_useTexture shop_disable_displace_shader specular_tint vm_displacebound
AB::BillboardGenerator::2.1,/obj/AnalysisHolder/probe_9/PrincipleMaterial/cops/previewmaterial1/attach_shader/coppreviewmaterial1,coppreviewmaterial,,84,33,medium,basefolder=1 basecolorsource=2 metalnesssource=2 specularfolder=1 specularsource=2 speccolorsource=2 roughnesssource=2 coatfolder=1 coatsource=2 coatcolorsource=2 coatroughnesssource=2 sheenfolder=1 sheensource=2 sheencolorsource=2 sheenroughnesssource=2 emissionfolder=1 emissionsource=2 emissioncolorsource=2 heightandnormalsfolder=1 normalssource=2 heightsource=2 transmissionfolder=1 transmissionsource=2 transmissioncolorsource=2 subsurfacescattering=1 ssssource=2 ssscolorsource=2 sssradiussource=2 opacityfolder=1 opacitysource=2 basecolordefaultfolder=1 metalnessdefaultfolder=1 speculardefaultfolder=1,coatroughnessscale constantbasecolorb constantbasecolorg constantbasecolorr constantcoatamount constantcoatcolorb constantcoatcolorg constantcoatcolorr constantcoatroughness constantemissionamount constantemissioncolorb constantemissioncolorg constantemissioncolorr constantmetalness constantopacity constantsheenamount constantsheencolorb constantsheencolorg constantsheencolorr constantsheenroughness constantspecularamount constantspecularcolorb constantspecularcolorg constantspecularcolorr constantspecularroughness constantsss_amount constantsss_colorb constantsss_colorg constantsss_colorr constantsss_radiusb constantsss_radiusg constantsss_radiusr constanttransmissionamount constanttransmissioncolorb constanttransmissioncolorg constanttransmissioncolorr default_SSS_amount default_basecolorb default_basecolorg default_basecolorr default_coat_amount default_coat_colorb default_coat_colorg default_coat_colorr default_coat_roughness default_emission_amount default_emission_colorb default_emission_colorg default_emission_colorr default_metalness default_opacity_amount default_sheen_amount default_sheen_colorb default_sheen_colorg default_sheen_colorr default_sheen_roughness default_spec_colorb default_spec_colorg default_spec_colorr default_specular default_specular_roughness default_sss_colorb default_sss_colorg default_sss_colorr default_sss_radiusb default_sss_radiusg default_sss_radiusr default_transmission_amount default_transmission_colorb default_transmission_colorg default_transmission_colorr emissionscale heightscale karma_mikkt metalnessscale normalmap_scale opacityscale setudimlist sheenroughnessscale specular_IOR specularroughnessscale sss_radius_scale tintwithcdswitch udimlist
AB::BillboardGenerator::2.1,/obj/AnalysisHolder/probe_9/PrincipleMaterial/cops/previewmaterial1/basic_geo/grid1,grid,,2,4,medium,orient=0 sizex=2 sizey=2 rx=180,cols rows
AB::BillboardGenerator::2.1,/obj/AnalysisHolder/probe_9/PrincipleMaterial/cops/previewmaterial1/basic_geo/grid2,grid,,2,4,medium,orient=0 sizex=2 sizey=2 rx=180,cols rows
AB::BillboardGenerator::2.1,/obj/AnalysisHolder/probe_9/PrincipleMaterial/cops/previewmaterial1/basic_geo/grid3,grid,,2,4,medium,orient=0 sizex=2 sizey=2 rx=180,cols rows
AB::BillboardGenerator::2.1,/obj/AnalysisHolder/probe_9/PrincipleMaterial/cops/previewmaterial1/basic_geo/polybevel1,polybevel::3.0,,3,8,medium,ignoregroup=1 ignoreflatedges=1 flatangle=60 profileramp1value=0.5 profileramp1interp=2 profileramp2pos=1 profileramp2value=0.5 profileramp2interp=2,divisions filletshape offset
AB::BillboardGenerator::2.1,/obj/AnalysisHolder/probe_9/PrincipleMaterial/cops/previewmaterial1/basic_geo/grid4,grid,,2,4,medium,orient=0 sizex=2 sizey=2 rx=180,cols rows
AB::BillboardGenerator::2.1,/obj/AnalysisHolder/probe_9/PrincipleMaterial/cops/previewmaterial1/basic_geo/grid5,grid,,2,4,medium,orient=0 sizex=2 sizey=2 rx=180,cols rows
AB::BillboardGenerator::2.1,/obj/AnalysisHolder/probe_9/PrincipleMaterial/cops/previewmaterial1/basic_geo/polybevel2,polybevel::3.0,,3,8,medium,ignoregroup=1 ignoreflatedges=1 flatangle=60 profileramp1value=0.5 profileramp1interp=2 profileramp2pos=1 profileramp2value=0.5 profileramp2interp=2,divisions filletshape offset
AB::BillboardGenerator::2.1,/obj/AnalysisHolder/probe_9/PrincipleMaterial/cops/previewmaterial1/basic_geo/uvtransform1,uvtransform::2.0,,3,3,medium,px=0.5 py=0.5 pz=0.5,sx sy sz
AB::BillboardGenerator::2.1,/obj/AnalysisHolder/probe_9/PrincipleMaterial/cops/previewmaterial1/multiplyconstant1,bright,,1,1,medium,scopergba=15,bright
AB::BillboardGenerator::2.1,/obj/AnalysisHolder/probe_9/PrincipleMaterial/cops/previewmaterial1/multiplyconstant2,bright,,1,1,medium,scopergba=15,bright
AB::BillboardGenerator::2.1,/obj/AnalysisHolder/probe_9/PrincipleMaterial/cops/previewmaterial1/multiplyconstant3,bright,,1,1,medium,scopergba=15,bright
AB::BillboardGenerator::2.1,/obj/AnalysisHolder/probe_9/PrincipleMaterial/cops/previewmaterial1/multiplyconstant4,bright,,1,1,medium,scopergba=15,bright
AB::BillboardGenerator::2.1,/obj/AnalysisHolder/probe_9/PrincipleMaterial/cops/previewmaterial1/multiplyconstant5,bright,,1,1,medium,scopergba=15,bright
AB::BillboardGenerator::2.1,/obj/AnalysisHolder/probe_9/PrincipleMaterial/cops/previewmaterial1/multiplyconstant6,bright,,1,1,medium,scopergba=15,bright
AB::BillboardGenerator::2.1,/obj/AnalysisHolder/probe_9/PrincipleMaterial/cops/previewmaterial1/uvtorgb1/opencl2,opencl,,1,21,medium,options_runover=1 inputs=2 outputs=1 bindings=1 input1_type=14 input1_optional=1 bindings1_type=7 bindings1_layertype=5 bindings1_attribclass=4 bindings1_precision=2 bindings1_optional=1 bindings1_defval=1 bindings1_ramp2pos=1 bindings1_ramp2value=1 bindings1_ramp_rgb2pos=1 bindings1_ramp_rgb2cr=1 bindings1_ramp_rgb2cg=1 bindings1_ramp_rgb2cb=1 input2_type=13 input2_optional=1 output1_type=14,bindings1_fval
AB::BillboardGenerator::2.1,/obj/AnalysisHolder/probe_9/PrincipleMaterial/cops/previewmaterial1/convertnormal1/opencl1,opencl,,17,54,medium,inputs=1 outputs=1 bindings=4 input1_type=4 input1_optional=1 output1_type=4 bindings1_type=0 bindings1_layertype=5 bindings1_attribclass=0 bindings1_attribtype=1 bindings1_precision=2 bindings1_defval=1 bindings1_ramp2pos=1 bindings1_ramp2value=1 bindings1_ramp_rgb2pos=1 bindings1_ramp_rgb2cr=1 bindings1_ramp_rgb2cg=1 bindings1_ramp_rgb2cb=1 bindings2_type=3 bindings2_layertype=5 bindings2_attribclass=0 bindings2_attribsize=3 bindings2_precision=2 bindings2_defval=1 bindings2_ramp2pos=1 bindings2_ramp2value=1 bindings2_ramp_rgb2pos=1 bindings2_ramp_rgb2cr=1 bindings2_ramp_rgb2cg=1 bindings2_ramp_rgb2cb=1 bindings3_type=0 bindings3_layertype=5 bindings3_attribclass=0 bindings3_attribtype=1 bindings3_precision=2 bindings3_defval=1 bindings3_ramp2pos=1 bindings3_ramp2value=1 bindings3_ramp_rgb2pos=1 bindings3_ramp_rgb2cr=1 bindings3_ramp_rgb2cg=1 bindings3_ramp_rgb2cb=1 bindings4_type=3 bindings4_layertype=5 bindings4_attribclass=0 bindings4_attribsize=3 bindings4_precision=2 bindings4_defval=1 bindings4_ramp2pos=1 bindings4_ramp2value=1 bindings4_ramp_rgb2pos=1 bindings4_ramp_rgb2cr=1 bindings4_ramp_rgb2cg=1 bindings4_ramp_rgb2cb=1,bindings1_intval bindings2_v3val1 bindings2_v3val2 bindings2_v3val3 bindings3_intval bindings4_v3val1 bindings4_v3val2 bindings4_v3val3 conversion normalize offsetx offsety offsetz output1_typeinfo scalex scaley scalez
AB::BillboardGenerator::2.1,/obj/AnalysisHolder/probe_9/PrincipleMaterial/cops/previewmaterial1/convertnormal2/opencl1,opencl,,17,54,medium,inputs=1 outputs=1 bindings=4 input1_type=4 input1_optional=1 output1_type=4 bindings1_type=0 bindings1_layertype=5 bindings1_attribclass=0 bindings1_attribtype=1 bindings1_precision=2 bindings1_defval=1 bindings1_ramp2pos=1 bindings1_ramp2value=1 bindings1_ramp_rgb2pos=1 bindings1_ramp_rgb2cr=1 bindings1_ramp_rgb2cg=1 bindings1_ramp_rgb2cb=1 bindings2_type=3 bindings2_layertype=5 bindings2_attribclass=0 bindings2_attribsize=3 bindings2_precision=2 bindings2_defval=1 bindings2_ramp2pos=1 bindings2_ramp2value=1 bindings2_ramp_rgb2pos=1 bindings2_ramp_rgb2cr=1 bindings2_ramp_rgb2cg=1 bindings2_ramp_rgb2cb=1 bindings3_type=0 bindings3_layertype=5 bindings3_attribclass=0 bindings3_attribtype=1 bindings3_precision=2 bindings3_defval=1 bindings3_ramp2pos=1 bindings3_ramp2value=1 bindings3_ramp_rgb2pos=1 bindings3_ramp_rgb2cr=1 bindings3_ramp_rgb2cg=1 bindings3_ramp_rgb2cb=1 bindings4_type=3 bindings4_layertype=5 bindings4_attribclass=0 bindings4_attribsize=3 bindings4_precision=2 bindings4_defval=1 bindings4_ramp2pos=1 bindings4_ramp2value=1 bindings4_ramp_rgb2pos=1 bindings4_ramp_rgb2cr=1 bindings4_ramp_rgb2cg=1 bindings4_ramp_rgb2cb=1,bindings1_intval bindings2_v3val1 bindings2_v3val2 bindings2_v3val3 bindings3_intval bindings4_v3val1 bindings4_v3val2 bindings4_v3val3 conversion normalize offsetx offsety offsetz output1_typeinfo scalex scaley scalez
AB::BillboardGenerator::2.1,/obj/AnalysisHolder/probe_9/PrincipleMaterial/cops/previewmaterial1/multiplyconstant7,bright,,1,1,medium,scopergba=15,bright
AB::BillboardGenerator::2.1,/obj/AnalysisHolder/probe_9/PrincipleMaterial/cops/previewmaterial1/multiplyconstant8,bright,,1,1,medium,scopergba=15,bright
AB::BillboardGenerator::2.1,/obj/AnalysisHolder/probe_9/PrincipleMaterial/cops/previewmaterial1/multiplyconstant9,bright,,1,1,medium,scopergba=15,bright
AB::BillboardGenerator::2.1,/obj/AnalysisHolder/probe_9/PrincipleMaterial/cops/previewmaterial1/card_geo/grid1,grid,,2,4,medium,orient=0 sizex=2 sizey=2 rx=180,cols rows
AB::BillboardGenerator::2.1,/obj/AnalysisHolder/probe_9/MetalExtrusionProfiles/add1,add,,18,3,medium,points=12 switcher1=1 closedall=1,pt10x pt10z pt11x pt1z pt2x pt2z pt3x pt3z pt4z pt5z pt6x pt6z pt7x pt7z pt8x pt8z pt9x pt9z
AB::BillboardGenerator::2.1,/obj/AnalysisHolder/probe_9/color6,color,,3,4,medium,ramp2pos=1 ramp2cr=1 ramp2cg=1 ramp2cb=1,colorb colorg colorr
AB::BillboardGenerator::2.1,/obj/AnalysisHolder/probe_9/line2,line,,2,2,medium,dirx=1 diry=0,dist originx
AB::BillboardGenerator::2.1,/obj/AnalysisHolder/probe_9/resample4,resample,,1,2,medium,dolength=0 dosegs=1,segs
AB::BillboardGenerator::2.1,/obj/AnalysisHolder/probe_9/attribwrangle12,attribwrangle,,11,1,medium,Seed_RampColor=1,Ramp_Color Ramp_Color1cb Ramp_Color1cg Ramp_Color1cr Ramp_Color1interp Ramp_Color1pos Ramp_Color2cb Ramp_Color2cg Ramp_Color2cr Ramp_Color2interp Ramp_Color2pos
AB::BillboardGenerator::2.1,/obj/AnalysisHolder/probe_9/attribwrangle14,attribwrangle,,11,1,medium,Seed_RampColor=1,Ramp_Color Ramp_Color1cb Ramp_Color1cg Ramp_Color1cr Ramp_Color1interp Ramp_Color1pos Ramp_Color2cb Ramp_Color2cg Ramp_Color2cr Ramp_Color2interp Ramp_Color2pos
AB::BillboardGenerator::2.1,/obj/AnalysisHolder/probe_9/resample5,resample,,1,2,medium,dolength=0 dosegs=1,segs
AB::BillboardGenerator::2.1,/obj/AnalysisHolder/probe_9/line3,line,,2,1,medium,points=15,dist originy
AB::BillboardGenerator::2.1,/obj/AnalysisHolder/probe_9/circle2,circle,,1,6,medium,type=2 orient=2 reverse=0 ry=180 order=2 divs=60,scale
AB::BillboardGenerator::2.1,/obj/AnalysisHolder/probe_9/transform3,xform,,1,1,medium,parmgroup_pivotxform=1,ty
AB::BillboardGenerator::2.1,/obj/AnalysisHolder/probe_9/Xform_FlangeWidth,xform,,1,4,medium,parmgroup_pivotxform=1 px=0 py=0 pz=0,scale
AB::BillboardGenerator::2.1,/obj/AnalysisHolder/probe_9/transform5,xform,,1,4,medium,parmgroup_pivotxform=1 px=0 py=0 pz=0,ty
AB::BillboardGenerator::2.1,/obj/AnalysisHolder/probe_9/transform6,xform,,1,4,medium,parmgroup_pivotxform=1 px=0 py=0 pz=0,ty
AB::BillboardGenerator::2.1,/obj/AnalysisHolder/probe_9/transform7,xform,,1,4,medium,parmgroup_pivotxform=1 px=0 py=0 pz=0,ty
AB::BillboardGenerator::2.1,/obj/AnalysisHolder/probe_9/resample1,resample,,1,2,medium,dolength=0 dosegs=1,segs
AB::BillboardGenerator::2.1,/obj/AnalysisHolder/probe_9/ColorBolts,attribwrangle,,11,2,medium,grouptype=3 Seed_RampColor=1,Ramp_Color Ramp_Color1cb Ramp_Color1cg Ramp_Color1cr Ramp_Color1interp Ramp_Color1pos Ramp_Color2cb Ramp_Color2cg Ramp_Color2cr Ramp_Color2interp Ramp_Color2pos
AB::BillboardGenerator::2.1,/obj/AnalysisHolder/probe_9/circle3,circle,,1,5,medium,type=2 reverse=0 ry=180 order=2 divs=60,scale
AB::BillboardGenerator::2.1,/obj/AnalysisHolder/probe_9/XformRotY1,xform,,1,1,medium,parmgroup_pivotxform=1,ry
AB::BillboardGenerator::2.1,/obj/AnalysisHolder/probe_9/transform8,xform,,1,1,medium,parmgroup_pivotxform=1,tx
AB::BillboardGenerator::2.1,/obj/AnalysisHolder/probe_9/convert8,convert,,17,1,medium,stdswitcher1=1,divtrim divu divv fromtype group interphull lodtrim lodu lodv new offset orderu orderv pasteattrib pastecoord surftype totype
AB::BillboardGenerator::2.1,/obj/AnalysisHolder/probe_9/resample2,resample,,1,2,medium,dolength=0 dosegs=1,segs
AB::BillboardGenerator::2.1,/obj/AnalysisHolder/probe_9/convert10,convert,,17,1,medium,stdswitcher1=1,divtrim divu divv fromtype group interphull lodtrim lodu lodv new offset orderu orderv pasteattrib pastecoord surftype totype
AB::BillboardGenerator::2.1,/obj/AnalysisHolder/probe_9/transform11,xform,,1,4,medium,parmgroup_pivotxform=1 px=0 py=0 pz=0,ty
AB::BillboardGenerator::2.1,/obj/AnalysisHolder/probe_9/transform13,xform,,1,1,medium,parmgroup_pivotxform=1,ty
AB::BillboardGenerator::2.1,/obj/AnalysisHolder/probe_9/tube3,tube,,1,7,medium,type=1 orient=2 cap=1 rad1=0.5 rad2=0.5 height=0.01 cols=24,radscale
AB::BillboardGenerator::2.1,/obj/AnalysisHolder/probe_9/tube4,tube,,1,6,medium,type=1 orient=2 cap=1 rad1=0.5 rad2=0.5 height=0.04,radscale
AB::BillboardGenerator::2.1,/obj/AnalysisHolder/probe_9/polybevel6,polybevel::3.0,,1,7,medium,grouptype=2 divisions=12 profileramp1value=0.5 profileramp1interp=2 profileramp2pos=1 profileramp2value=0.5 profileramp2interp=2,offset
AB::BillboardGenerator::2.1,/obj/AnalysisHolder/probe_9/ColorNuts,attribwrangle,,11,2,medium,grouptype=3 Seed_RampColor=1,Ramp_Color Ramp_Color1cb Ramp_Color1cg Ramp_Color1cr Ramp_Color1interp Ramp_Color1pos Ramp_Color2cb Ramp_Color2cg Ramp_Color2cr Ramp_Color2interp Ramp_Color2pos
AB::BillboardGenerator::2.1,/obj/AnalysisHolder/probe_9/ColorWashers,attribwrangle,,11,2,medium,grouptype=3 Seed_RampColor=1,Ramp_Color Ramp_Color1cb Ramp_Color1cg Ramp_Color1cr Ramp_Color1interp Ramp_Color1pos Ramp_Color2cb Ramp_Color2cg Ramp_Color2cr Ramp_Color2interp Ramp_Color2pos
AB::BillboardGenerator::2.1,/obj/AnalysisHolder/probe_9/line1,line,,3,4,medium,type=1 diry=0 dirz=1 order=2,dist originz points
AB::BillboardGenerator::2.1,/obj/AnalysisHolder/probe_9/primitive1,primitive,s,2,2,high,doxform=1 sx=0.9,sy sz
AB::BillboardGenerator::2.1,/obj/AnalysisHolder/probe_9/transform18,xform,,1,1,medium,parmgroup_pivotxform=1,ty
AB::BillboardGenerator::2.1,/obj/AnalysisHolder/probe_9/color1,color,,3,4,medium,ramp2pos=1 ramp2cr=1 ramp2cg=1 ramp2cb=1,colorb colorg colorr
AB::BillboardGenerator::2.1,/obj/AnalysisHolder/probe_9/transform19,xform,,1,4,medium,parmgroup_pivotxform=1 px=0 py=0 pz=0,tz
AB::BillboardGenerator::2.1,/obj/AnalysisHolder/probe_9/resample3,resample,,1,2,medium,dolength=0 dosegs=1,segs
AB::BillboardGenerator::2.1,/obj/AnalysisHolder/probe_9/polyextrude3,polyextrude::2.0,,1,11,medium,outputback=1 thicknessramp1value=1 thicknessramp1interp=2 thicknessramp2pos=1 thicknessramp2value=1 thicknessramp2interp=2 twistramp1value=0.5 twistramp1interp=2 twistramp2pos=1 twistramp2value=0.5 twistramp2interp=2,dist
AB::BillboardGenerator::2.1,/obj/AnalysisHolder/probe_9/sphere1,sphere,,1,4,medium,type=2 radx=0.5 rady=0.5 radz=0.5,scale
AB::BillboardGenerator::2.1,/obj/AnalysisHolder/probe_9/transform35,xform,,1,1,medium,parmgroup_pivotxform=1,ty
AB::BillboardGenerator::2.1,/obj/AnalysisHolder/probe_9/MirrorOperation/transform23,xform,,1,1,medium,parmgroup_pivotxform=1,ry
AB::BillboardGenerator::2.1,/obj/AnalysisHolder/probe_9/transform34,xform,,1,4,medium,parmgroup_pivotxform=1 px=0 py=0 pz=0,ty
AB::BillboardGenerator::2.1,/obj/AnalysisHolder/probe_9/transform36,xform,,1,5,medium,scale=0.96 parmgroup_pivotxform=1 px=0 py=0 pz=0,ty
AB::BillboardGenerator::2.1,/obj/AnalysisHolder/probe_9/transform37,xform,,1,4,medium,parmgroup_pivotxform=1 px=0 py=0 pz=0,ty
AB::BillboardGenerator::2.1,/obj/AnalysisHolder/probe_9/line7,line,,1,2,medium,diry=0 dirz=1,dist
AB::BillboardGenerator::2.1,/obj/AnalysisHolder/probe_9/MainSupportCleanUp/polybevel3,polybevel::3.0,,2,6,medium,grouptype=3 profileramp1value=0.5 profileramp1interp=2 profileramp2pos=1 profileramp2value=0.5 profileramp2interp=2,divisions offset
AB::BillboardGenerator::2.1,/obj/AnalysisHolder/probe_9/MainSupportCleanUp/divide1,divide,,2,1,medium,numsides=4,sizey sizez
AB::BillboardGenerator::2.1,/obj/AnalysisHolder/probe_9/TorsionTubeCleanUp/polybevel4,polybevel::3.0,,3,6,medium,grouptype=3 profileramp1value=0.5 profileramp1interp=2 profileramp2pos=1 profileramp2value=0.5 profileramp2interp=2,divisions filletshape offset
AB::BillboardGenerator::2.1,/obj/AnalysisHolder/probe_9/sweep4,sweep::2.0,,1,7,medium,surface_folder1=2 surfaceshape=1 cols=12 computeuvs=1 scaleramp1value=1 scaleramp2pos=1 scaleramp2value=1,radius
AB::BlocksRGB::1.0,/obj/AnalysisHolder/probe_10/final_assembly/process_roads_fn/uvtransform1,uvtransform::2.0,s,1,6,high,tx=0 ty=0 tz=0 sx=0 px=0 py=0,sy
AB::BlocksRGB::1.0,/obj/AnalysisHolder/probe_10/transform1,xform,,3,4,medium,parmgroup_pivotxform=1 px=0 py=0 pz=0,tx ty tz
AB::BlocksRGB::1.0,/obj/AnalysisHolder/probe_10/process_roads/processVertRoads/polyextrude2,polyextrude::2.0,,1,13,medium,xformfront=1 xformspace=1 outputfront=0 thicknessramp1value=1 thicknessramp1interp=2 thicknessramp2pos=1 thicknessramp2value=1 thicknessramp2interp=2 twistramp1value=0.5 twistramp1interp=2 twistramp2pos=1 twistramp2value=0.5 twistramp2interp=2,translatex
AB::BlocksRGB::1.0,/obj/AnalysisHolder/probe_10/process_roads/processHorizRoads/transform1,xform,t,1,2,high,ty=0.01 parmgroup_pivotxform=1,tz
AB::BlocksRGB::1.0,/obj/AnalysisHolder/probe_10/process_roads/processHorizRoads/polyextrude2,polyextrude::2.0,,1,13,medium,xformfront=1 xformspace=1 outputfront=0 thicknessramp1value=1 thicknessramp1interp=2 thicknessramp2pos=1 thicknessramp2value=1 thicknessramp2interp=2 twistramp1value=0.5 twistramp1interp=2 twistramp2pos=1 twistramp2value=0.5 twistramp2interp=2,translatez
AB::BlocksRGB::1.0,/obj/AnalysisHolder/probe_10/process_roads/inputBlocks/color12,color,,3,5,medium,class=3 ramp2pos=1 ramp2cr=1 ramp2cg=1 ramp2cb=1,colorb colorg colorr
AB::BlocksRGB::1.0,/obj/AnalysisHolder/probe_10/border_parks/polybevel1,polybevel::3.0,,2,6,medium,grouptype=1 profileramp1value=0.5 profileramp1interp=2 profileramp2pos=1 profileramp2value=0.5 profileramp2interp=2,divisions offset
AB::BlocksRGB::1.0,/obj/AnalysisHolder/probe_10/intake/MAP_GRID_MASTER,grid,size,3,1,high,sizex=4096,cols rows sizey
AB::BlocksRGB::1.0,/obj/AnalysisHolder/probe_10/intake/MAP_GRID_MASTER1,grid,size,3,1,high,sizex=2048,cols rows sizey
AB::BlocksRGB::1.0,/obj/AnalysisHolder/probe_10/intake/MAP_GRID_MASTER2,grid,size,3,1,high,sizex=1024,cols rows sizey
AB::BlocksRGB::1.0,/obj/AnalysisHolder/probe_10/intake/MAP_GRID_MASTER3,grid,size,3,1,high,sizex=512,cols rows sizey
AB::BlocksRGB::1.0,/obj/AnalysisHolder/probe_10/process_blocks/BlockSingle1,AOD::BlockSingle::1.3,,1,3,medium,BlockLength=1024 BlockWidth=1024 AddStreetProps=1,MaterialStyle
AB::BlocksRGB::1.0,/obj/AnalysisHolder/probe_10/create_texture_bbox/grid3,grid,,2,2,medium,rows=2 cols=2,sizex sizey
AB::BridgeGenerator::2.0,/obj/AnalysisHolder/probe_11/CreateStraightTruss/resample4,resample,,1,2,medium,dolength=0 dosegs=1,segs
AB::BridgeGenerator::2.0,/obj/AnalysisHolder/probe_11/CreateStraightTruss/carve13,carve,,1,4,medium,domainu1=0 domainu2=1 secondu=1 stdswitcher1=1,divsu
AB::BridgeGenerator::2.0,/obj/AnalysisHolder/probe_11/CreateStraightTruss/polyextrude4,polyextrude::2.0,,1,13,medium,xformfront=1 xformspace=1 outputfront=0 thicknessramp1value=1 thicknessramp1interp=2 thicknessramp2pos=1 thicknessramp2value=1 thicknessramp2interp=2 twistramp1value=0.5 twistramp1interp=2 twistramp2pos=1 twistramp2value=0.5 twistramp2interp=2,translatey
AB::BridgeGenerator::2.0,/obj/AnalysisHolder/probe_11/CreateStraightTruss/polyextrude5,polyextrude::2.0,,1,11,medium,outputback=1 thicknessramp1value=1 thicknessramp1interp=2 thicknessramp2pos=1 thicknessramp2value=1 thicknessramp2interp=2 twistramp1value=0.5 twistramp1interp=2 twistramp2pos=1 twistramp2value=0.5 twistramp2interp=2,dist
AB::BridgeGenerator::2.0,/obj/AnalysisHolder/probe_11/CreateStraightTruss/polyextrude6,polyextrude::2.0,,1,13,medium,xformfront=1 xformspace=1 outputfront=0 thicknessramp1value=1 thicknessramp1interp=2 thicknessramp2pos=1 thicknessramp2value=1 thicknessramp2interp=2 twistramp1value=0.5 twistramp1interp=2 twistramp2pos=1 twistramp2value=0.5 twistramp2interp=2,translatez
AB::BridgeGenerator::2.0,/obj/AnalysisHolder/probe_11/CreateStraightTruss/polyextrude7,polyextrude::2.0,,1,11,medium,outputback=1 thicknessramp1value=1 thicknessramp1interp=2 thicknessramp2pos=1 thicknessramp2value=1 thicknessramp2interp=2 twistramp1value=0.5 twistramp1interp=2 twistramp2pos=1 twistramp2value=0.5 twistramp2interp=2,dist
AB::BridgeGenerator::2.0,/obj/AnalysisHolder/probe_11/CreateStraightTruss/color1,color,,3,5,medium,class=1 ramp2pos=1 ramp2cr=1 ramp2cg=1 ramp2cb=1,colorb colorg colorr
AB::BridgeGenerator::2.0,/obj/AnalysisHolder/probe_11/CreateArched/subnet1/braced_ribbed_arch_bridge_vertical_lines1,carve,,1,4,medium,domainu1=0 domainu2=1 secondu=1 stdswitcher1=1,divsu
AB::BridgeGenerator::2.0,/obj/AnalysisHolder/probe_11/CreateArched/subnet1/polyextrude22,polyextrude::2.0,,1,12,medium,xformfront=1 xformspace=1 thicknessramp1value=1 thicknessramp1interp=2 thicknessramp2pos=1 thicknessramp2value=1 thicknessramp2interp=2 twistramp1value=0.5 twistramp1interp=2 twistramp2pos=1 twistramp2value=0.5 twistramp2interp=2,translatey
AB::BridgeGenerator::2.0,/obj/AnalysisHolder/probe_11/CreateArched/subnet1/polyextrude23,polyextrude::2.0,,1,11,medium,outputback=1 thicknessramp1value=1 thicknessramp1interp=2 thicknessramp2pos=1 thicknessramp2value=1 thicknessramp2interp=2 twistramp1value=0.5 twistramp1interp=2 twistramp2pos=1 twistramp2value=0.5 twistramp2interp=2,dist
AB::BridgeGenerator::2.0,/obj/AnalysisHolder/probe_11/CreateArched/subnet1/polyextrude24,polyextrude::2.0,,1,12,medium,xformfront=1 xformspace=1 thicknessramp1value=1 thicknessramp1interp=2 thicknessramp2pos=1 thicknessramp2value=1 thicknessramp2interp=2 twistramp1value=0.5 twistramp1interp=2 twistramp2pos=1 twistramp2value=0.5 twistramp2interp=2,translatez
AB::BridgeGenerator::2.0,/obj/AnalysisHolder/probe_11/CreateArched/subnet1/polyextrude25,polyextrude::2.0,,1,11,medium,outputback=1 thicknessramp1value=1 thicknessramp1interp=2 thicknessramp2pos=1 thicknessramp2value=1 thicknessramp2interp=2 twistramp1value=0.5 twistramp1interp=2 twistramp2pos=1 twistramp2value=0.5 twistramp2interp=2,dist
AB::BridgeGenerator::2.0,/obj/AnalysisHolder/probe_11/CreateArched/subnet1/polyextrude26,polyextrude::2.0,,1,12,medium,xformfront=1 xformspace=1 thicknessramp1value=1 thicknessramp1interp=2 thicknessramp2pos=1 thicknessramp2value=1 thicknessramp2interp=2 twistramp1value=0.5 twistramp1interp=2 twistramp2pos=1 twistramp2value=0.5 twistramp2interp=2,translatey
AB::BridgeGenerator::2.0,/obj/AnalysisHolder/probe_11/CreateArched/subnet1/polyextrude27,polyextrude::2.0,,1,11,medium,outputback=1 thicknessramp1value=1 thicknessramp1interp=2 thicknessramp2pos=1 thicknessramp2value=1 thicknessramp2interp=2 twistramp1value=0.5 twistramp1interp=2 twistramp2pos=1 twistramp2value=0.5 twistramp2interp=2,dist
AB::BridgeGenerator::2.0,/obj/AnalysisHolder/probe_11/CreateArched/subnet1/polyextrude28,polyextrude::2.0,,1,12,medium,xformfront=1 xformspace=1 thicknessramp1value=1 thicknessramp1interp=2 thicknessramp2pos=1 thicknessramp2value=1 thicknessramp2interp=2 twistramp1value=0.5 twistramp1interp=2 twistramp2pos=1 twistramp2value=0.5 twistramp2interp=2,translatey
AB::BridgeGenerator::2.0,/obj/AnalysisHolder/probe_11/CreateArched/subnet1/polyextrude2,polyextrude::2.0,,1,12,medium,xformfront=1 xformspace=1 thicknessramp1value=1 thicknessramp1interp=2 thicknessramp2pos=1 thicknessramp2value=1 thicknessramp2interp=2 twistramp1value=0.5 twistramp1interp=2 twistramp2pos=1 twistramp2value=0.5 twistramp2interp=2,translatey
AB::BridgeGenerator::2.0,/obj/AnalysisHolder/probe_11/CreateArched/subnet1/polyextrude29,polyextrude::2.0,,1,12,medium,xformfront=1 xformspace=1 thicknessramp1value=1 thicknessramp1interp=2 thicknessramp2pos=1 thicknessramp2value=1 thicknessramp2interp=2 twistramp1value=0.5 twistramp1interp=2 twistramp2pos=1 twistramp2value=0.5 twistramp2interp=2,translatey
AB::BridgeGenerator::2.0,/obj/AnalysisHolder/probe_11/CreateArched/subnet1/polyextrude3,polyextrude::2.0,,1,11,medium,outputback=1 thicknessramp1value=1 thicknessramp1interp=2 thicknessramp2pos=1 thicknessramp2value=1 thicknessramp2interp=2 twistramp1value=0.5 twistramp1interp=2 twistramp2pos=1 twistramp2value=0.5 twistramp2interp=2,dist
AB::BridgeGenerator::2.0,/obj/AnalysisHolder/probe_11/CreateArched/subnet1/xform_top_points1,xform,t,1,1,high,ty=-0.1,tz
AB::BridgeGenerator::2.0,/obj/AnalysisHolder/probe_11/CreateArched/subnet2/CreateCrossSupports/polyextrude18,polyextrude::2.0,,1,11,medium,outputback=1 thicknessramp1value=1 thicknessramp1interp=2 thicknessramp2pos=1 thicknessramp2value=1 thicknessramp2interp=2 twistramp1value=0.5 twistramp1interp=2 twistramp2pos=1 twistramp2value=0.5 twistramp2interp=2,dist
AB::BridgeGenerator::2.0,/obj/AnalysisHolder/probe_11/CreateArched/subnet2/CreateCrossSupports/polyextrude19,polyextrude::2.0,,1,12,medium,xformfront=1 xformspace=1 thicknessramp1value=1 thicknessramp1interp=2 thicknessramp2pos=1 thicknessramp2value=1 thicknessramp2interp=2 twistramp1value=0.5 twistramp1interp=2 twistramp2pos=1 twistramp2value=0.5 twistramp2interp=2,translatey
AB::BridgeGenerator::2.0,/obj/AnalysisHolder/probe_11/CreateArched/subnet2/CreateCrossSupports/grouprange11,grouprange,,1,1,medium,grouptype1=0,start1
AB::BridgeGenerator::2.0,/obj/AnalysisHolder/probe_11/CreateArched/subnet2/CreateCrossSupports/grouprange35,grouprange,,1,2,medium,grouptype1=0 invert1=1,start1
AB::BridgeGenerator::2.0,/obj/AnalysisHolder/probe_11/CreateArched/subnet2/CreateVerticalSupportLines/resample6,resample,,1,2,medium,dolength=0 dosegs=1,segs
AB::BridgeGenerator::2.0,/obj/AnalysisHolder/probe_11/CreateArched/subnet2/ProcessVerticalPosts/polyextrude14,polyextrude::2.0,,1,12,medium,xformfront=1 xformspace=1 thicknessramp1value=1 thicknessramp1interp=2 thicknessramp2pos=1 thicknessramp2value=1 thicknessramp2interp=2 twistramp1value=0.5 twistramp1interp=2 twistramp2pos=1 twistramp2value=0.5 twistramp2interp=2,translatez
AB::BridgeGenerator::2.0,/obj/AnalysisHolder/probe_11/CreateArched/subnet2/ProcessVerticalPosts/polyextrude15,polyextrude::2.0,,1,11,medium,outputback=1 thicknessramp1value=1 thicknessramp1interp=2 thicknessramp2pos=1 thicknessramp2value=1 thicknessramp2interp=2 twistramp1value=0.5 twistramp1interp=2 twistramp2pos=1 twistramp2value=0.5 twistramp2interp=2,dist
AB::BridgeGenerator::2.0,/obj/AnalysisHolder/probe_11/CreateArched/subnet2/CreateSideSupports/polyextrude30,polyextrude::2.0,,1,12,medium,xformfront=1 xformspace=1 thicknessramp1value=1 thicknessramp1interp=2 thicknessramp2pos=1 thicknessramp2value=1 thicknessramp2interp=2 twistramp1value=0.5 twistramp1interp=2 twistramp2pos=1 twistramp2value=0.5 twistramp2interp=2,translatex
AB::BridgeGenerator::2.0,/obj/AnalysisHolder/probe_11/CreateArched/subnet2/CreateSideSupports/polyextrude31,polyextrude::2.0,,1,11,medium,outputback=1 thicknessramp1value=1 thicknessramp1interp=2 thicknessramp2pos=1 thicknessramp2value=1 thicknessramp2interp=2 twistramp1value=0.5 twistramp1interp=2 twistramp2pos=1 twistramp2value=0.5 twistramp2interp=2,dist
AB::BridgeGenerator::2.0,/obj/AnalysisHolder/probe_11/CreateArched/subnet2/CreateSideSupports/polyextrude32,polyextrude::2.0,,1,12,medium,xformfront=1 xformspace=1 thicknessramp1value=1 thicknessramp1interp=2 thicknessramp2pos=1 thicknessramp2value=1 thicknessramp2interp=2 twistramp1value=0.5 twistramp1interp=2 twistramp2pos=1 twistramp2value=0.5 twistramp2interp=2,translatex
AB::BridgeGenerator::2.0,/obj/AnalysisHolder/probe_11/CreateArched/subnet2/CreateSideSupports/polyextrude33,polyextrude::2.0,,1,11,medium,outputback=1 thicknessramp1value=1 thicknessramp1interp=2 thicknessramp2pos=1 thicknessramp2value=1 thicknessramp2interp=2 twistramp1value=0.5 twistramp1interp=2 twistramp2pos=1 twistramp2value=0.5 twistramp2interp=2,dist
AB::BridgeGenerator::2.0,/obj/AnalysisHolder/probe_11/CreateArched/subnet3/carve1,carve,,1,4,medium,domainu1=0 domainu2=1 secondu=1 stdswitcher1=1,divsu
AB::BridgeGenerator::2.0,/obj/AnalysisHolder/probe_11/CreateArched/subnet3/add3,add,,1,5,medium,stdswitcher1=1 points=1 switcher1=1 add=1 usept0=0,inc
AB::BridgeGenerator::2.0,/obj/AnalysisHolder/probe_11/CreateArched/subnet3/grouprange17,grouprange,,1,2,medium,grouptype1=0 start1=3,selecttotal1
AB::BridgeGenerator::2.0,/obj/AnalysisHolder/probe_11/CreateArched/subnet3/grouprange18,grouprange,,1,2,medium,grouptype1=0 start1=3,selecttotal1
AB::BridgeGenerator::2.0,/obj/AnalysisHolder/probe_11/CreateArched/subnet3/polyextrude1,polyextrude::2.0,,1,12,medium,xformfront=1 xformspace=1 thicknessramp1value=1 thicknessramp1interp=2 thicknessramp2pos=1 thicknessramp2value=1 thicknessramp2interp=2 twistramp1value=0.5 twistramp1interp=2 twistramp2pos=1 twistramp2value=0.5 twistramp2interp=2,translatey
AB::BridgeGenerator::2.0,/obj/AnalysisHolder/probe_11/CreateArched/subnet3/polyextrude5,polyextrude::2.0,,1,11,medium,outputback=1 thicknessramp1value=1 thicknessramp1interp=2 thicknessramp2pos=1 thicknessramp2value=1 thicknessramp2interp=2 twistramp1value=0.5 twistramp1interp=2 twistramp2pos=1 twistramp2value=0.5 twistramp2interp=2,dist
AB::BridgeGenerator::2.0,/obj/AnalysisHolder/probe_11/CreateArched/subnet3/polyextrude6,polyextrude::2.0,,1,12,medium,xformfront=1 xformspace=1 thicknessramp1value=1 thicknessramp1interp=2 thicknessramp2pos=1 thicknessramp2value=1 thicknessramp2interp=2 twistramp1value=0.5 twistramp1interp=2 twistramp2pos=1 twistramp2value=0.5 twistramp2interp=2,translatey
AB::BridgeGenerator::2.0,/obj/AnalysisHolder/probe_11/CreateArched/subnet3/polyextrude7,polyextrude::2.0,,1,11,medium,outputback=1 thicknessramp1value=1 thicknessramp1interp=2 thicknessramp2pos=1 thicknessramp2value=1 thicknessramp2interp=2 twistramp1value=0.5 twistramp1interp=2 twistramp2pos=1 twistramp2value=0.5 twistramp2interp=2,dist
AB::BridgeGenerator::2.0,/obj/AnalysisHolder/probe_11/CreateArched/subnet3/polyextrude9,polyextrude::2.0,,1,12,medium,xformfront=1 xformspace=1 thicknessramp1value=1 thicknessramp1interp=2 thicknessramp2pos=1 thicknessramp2value=1 thicknessramp2interp=2 twistramp1value=0.5 twistramp1interp=2 twistramp2pos=1 twistramp2value=0.5 twistramp2interp=2,translatey
AB::BridgeGenerator::2.0,/obj/AnalysisHolder/probe_11/CreateArched/subnet3/polyextrude8,polyextrude::2.0,,1,11,medium,outputback=1 thicknessramp1value=1 thicknessramp1interp=2 thicknessramp2pos=1 thicknessramp2value=1 thicknessramp2interp=2 twistramp1value=0.5 twistramp1interp=2 twistramp2pos=1 twistramp2value=0.5 twistramp2interp=2,dist
AB::BridgeGenerator::2.0,/obj/AnalysisHolder/probe_11/CreateArched/subnet3/grouprange1,grouprange,,1,1,medium,grouptype1=0,start1
AB::BridgeGenerator::2.0,/obj/AnalysisHolder/probe_11/CreateArched/subnet3/xform_start_point,xform,t,2,1,high,ty=0.1,tx tz
AB::BridgeGenerator::2.0,/obj/AnalysisHolder/probe_11/CreateArched/subnet3/grouprange29,grouprange,,2,1,medium,grouptype1=0,end1 start1
AB::BridgeGenerator::2.0,/obj/AnalysisHolder/probe_11/CreateArched/subnet3/grouprange30,grouprange,,2,1,medium,grouptype1=0,end1 start1
AB::BridgeGenerator::2.0,/obj/AnalysisHolder/probe_11/CreateArched/subnet3/grouprange31,grouprange,,1,2,medium,grouptype1=0 invert1=1,start1
AB::BridgeGenerator::2.0,/obj/AnalysisHolder/probe_11/CreateArched/subnet3/polyextrude10,polyextrude::2.0,,1,13,medium,xformfront=1 xformspace=1 outputback=1 thicknessramp1value=1 thicknessramp1interp=2 thicknessramp2pos=1 thicknessramp2value=1 thicknessramp2interp=2 twistramp1value=0.5 twistramp1interp=2 twistramp2pos=1 twistramp2value=0.5 twistramp2interp=2,translatey
AB::BridgeGenerator::2.0,/obj/AnalysisHolder/probe_11/CreateArched/subnet3/polyextrude11,polyextrude::2.0,,1,11,medium,outputback=1 thicknessramp1value=1 thicknessramp1interp=2 thicknessramp2pos=1 thicknessramp2value=1 thicknessramp2interp=2 twistramp1value=0.5 twistramp1interp=2 twistramp2pos=1 twistramp2value=0.5 twistramp2interp=2,dist
AB::BridgeGenerator::2.0,/obj/AnalysisHolder/probe_11/CreateArched/subnet3/polyextrude12,polyextrude::2.0,,1,13,medium,xformfront=1 xformspace=1 outputback=1 thicknessramp1value=1 thicknessramp1interp=2 thicknessramp2pos=1 thicknessramp2value=1 thicknessramp2interp=2 twistramp1value=0.5 twistramp1interp=2 twistramp2pos=1 twistramp2value=0.5 twistramp2interp=2,translatey
AB::BridgeGenerator::2.0,/obj/AnalysisHolder/probe_11/CreateArched/color1,color,,3,5,medium,class=3 ramp2pos=1 ramp2cr=1 ramp2cg=1 ramp2cb=1,colorb colorg colorr
AB::BridgeGenerator::2.0,/obj/AnalysisHolder/probe_11/CreateArched/divide1,divide,size,2,3,high,convex=0 brick=1 sizex=10,sizey sizez
AB::BridgeGenerator::2.0,/obj/AnalysisHolder/probe_11/create_stayed_cable_bridge/tower_point_location,grouprange,,1,2,medium,grouptype1=0 start1=17,end1
AB::BridgeGenerator::2.0,/obj/AnalysisHolder/probe_11/create_stayed_cable_bridge/grouprange2,grouprange,,2,2,medium,grouptype1=0 mergeop1=1,end1 start1
AB::BridgeGenerator::2.0,/obj/AnalysisHolder/probe_11/create_stayed_cable_bridge/tower_points_right,grouprange,,2,1,medium,grouptype1=0,end1 start1
AB::BridgeGenerator::2.0,/obj/AnalysisHolder/probe_11/create_stayed_cable_bridge/grouprange4,grouprange,,2,2,medium,grouptype1=0 mergeop1=1,end1 start1
AB::BridgeGenerator::2.0,/obj/AnalysisHolder/probe_11/create_stayed_cable_bridge/support_cable_points,grouprange,,1,2,medium,grouptype1=0 invert1=1,end1
AB::BridgeGenerator::2.0,/obj/AnalysisHolder/probe_11/create_stayed_cable_bridge/copy1,copyxform,,1,1,medium,tz=80,ncy
AB::BridgeGenerator::2.0,/obj/AnalysisHolder/probe_11/CreateCableArch/CreateMainSupport/carve3,carve,domainu,1,2,high,domainu1=0 secondu=1,domainu2
AB::BridgeGenerator::2.0,/obj/AnalysisHolder/probe_11/CreateCableArch/CreateMainSupport/carve4,carve,domainu,1,2,high,domainu2=1 secondu=1,domainu1
AB::BridgeGenerator::2.0,/obj/AnalysisHolder/probe_11/CreateCableArch/CreateMainSupport/circle4,circle,,1,2,medium,type=2 reverse=0,scale
AB::BridgeGenerator::2.0,/obj/AnalysisHolder/probe_11/CreateCableArch/CreateInnerCables/carve10,carve,,1,4,medium,domainu1=0.1 domainu2=0.9 secondu=1 stdswitcher1=1,divsu
AB::BridgeGenerator::2.0,/obj/AnalysisHolder/probe_11/CreateBridgeRoad/knife1,knife,,1,2,medium,dirx=1 diry=0,originx
AB::BridgeGenerator::2.0,/obj/AnalysisHolder/probe_11/CreateBridgeRoad/knife2,knife,,1,3,medium,knifeop=1 dirx=1 diry=0,originx
AB::BridgeGenerator::2.0,/obj/AnalysisHolder/probe_11/CreateBridgeRoad/knife3,knife,,1,3,medium,knifeop=1 dirx=1 diry=0,originx
AB::BridgeGenerator::2.0,/obj/AnalysisHolder/probe_11/CreateBridgeRoad/knife4,knife,,1,2,medium,dirx=1 diry=0,originx
AB::BridgeGenerator::2.0,/obj/AnalysisHolder/probe_11/CreateBridgeRoad/color1,color,,3,5,medium,class=3 ramp2pos=1 ramp2cr=1 ramp2cg=1 ramp2cb=1,colorb colorg colorr
AB::BridgeGenerator::2.0,/obj/AnalysisHolder/probe_11/CreateBridgeRoad/color2,color,,3,5,medium,class=3 ramp2pos=1 ramp2cr=1 ramp2cg=1 ramp2cb=1,colorb colorg colorr
AB::BridgeGenerator::2.0,/obj/AnalysisHolder/probe_11/CreateBridgeRoad/color3,color,,3,5,medium,class=3 ramp2pos=1 ramp2cr=1 ramp2cg=1 ramp2cb=1,colorb colorg colorr
AB::BridgeGenerator::2.0,/obj/AnalysisHolder/probe_11/CreateBridgeRoad/polyextrude2,polyextrude::2.0,,1,11,medium,outputback=1 thicknessramp1value=1 thicknessramp1interp=2 thicknessramp2pos=1 thicknessramp2value=1 thicknessramp2interp=2 twistramp1value=0.5 twistramp1interp=2 twistramp2pos=1 twistramp2value=0.5 twistramp2interp=2,dist
AB::BridgeGenerator::2.0,/obj/AnalysisHolder/probe_11/CreateBridgeRoad/polyextrude3,polyextrude::2.0,,1,14,medium,outputfrontgrp=1 outputback=1 outputbackgrp=1 outputsidegrp=1 thicknessramp1value=1 thicknessramp1interp=2 thicknessramp2pos=1 thicknessramp2value=1 thicknessramp2interp=2 twistramp1value=0.5 twistramp1interp=2 twistramp2pos=1 twistramp2value=0.5 twistramp2interp=2,dist
AB::BridgeGenerator::2.0,/obj/AnalysisHolder/probe_11/CreateBridgeRoad/uvtransform1,uvtransform::2.0,s,1,1,high,sx=0,sy
AB::BridgeGenerator::2.0,/obj/AnalysisHolder/probe_11/MasterGrid/grid1,grid,,2,2,medium,rows=2 cols=4,sizex sizey
AB::BridgeGenerator::2.0,/obj/AnalysisHolder/probe_11/create_tied_arch_bridge/resample11,resample,,1,2,medium,dolength=0 dosegs=1,segs
AB::BridgeGenerator::2.0,/obj/AnalysisHolder/probe_11/create_tied_arch_bridge/carve17,carve,,1,4,medium,domainu1=0 domainu2=1 secondu=1 stdswitcher1=1,divsu
AB::BridgeGenerator::2.0,/obj/AnalysisHolder/probe_11/create_tied_arch_bridge/left_points_for_horz1,grouprange,,2,2,medium,grouptype1=0 selecttotal1=2,end1 start1
AB::BridgeGenerator::2.0,/obj/AnalysisHolder/probe_11/create_tied_arch_bridge/carve2,carve,,1,4,medium,domainu1=0 domainu2=1 secondu=1 stdswitcher1=1,divsu
AB::BridgeGenerator::2.0,/obj/AnalysisHolder/probe_11/create_tied_arch_bridge/grouprange7,grouprange,,2,1,medium,grouptype1=0,end1 start1
AB::BridgeGenerator::2.0,/obj/AnalysisHolder/probe_11/create_tied_arch_bridge/grouprange8,grouprange,,2,2,medium,grouptype1=0 mergeop1=1,end1 start1
AB::BridgeGenerator::2.0,/obj/AnalysisHolder/probe_11/create_tied_arch_bridge/grouprange10,grouprange,,2,1,medium,grouptype1=0,end1 start1
AB::BridgeGenerator::2.0,/obj/AnalysisHolder/probe_11/create_tied_arch_bridge/grouprange11,grouprange,,2,2,medium,grouptype1=0 mergeop1=1,end1 start1
AB::BridgeGenerator::2.0,/obj/AnalysisHolder/probe_11/create_tied_arch_bridge/TopFreqControl1,grouprange,,1,1,medium,grouptype1=0,selecttotal1
AB::BridgeGenerator::2.0,/obj/AnalysisHolder/probe_11/create_tied_arch_bridge/polyextrude2,polyextrude::2.0,,1,11,medium,outputback=1 thicknessramp1value=1 thicknessramp1interp=2 thicknessramp2pos=1 thicknessramp2value=1 thicknessramp2interp=2 twistramp1value=0.5 twistramp1interp=2 twistramp2pos=1 twistramp2value=0.5 twistramp2interp=2,dist
AB::BridgeGenerator::2.0,/obj/AnalysisHolder/probe_11/create_tied_arch_bridge/polyextrude4,polyextrude::2.0,,1,12,medium,xformfront=1 xformspace=1 thicknessramp1value=1 thicknessramp1interp=2 thicknessramp2pos=1 thicknessramp2value=1 thicknessramp2interp=2 twistramp1value=0.5 twistramp1interp=2 twistramp2pos=1 twistramp2value=0.5 twistramp2interp=2,translatey
AB::BridgeGenerator::2.0,/obj/AnalysisHolder/probe_11/create_tied_arch_bridge/polyextrude5,polyextrude::2.0,,2,12,medium,xformspace=1 outputback=1 thicknessramp1value=1 thicknessramp1interp=2 thicknessramp2pos=1 thicknessramp2value=1 thicknessramp2interp=2 twistramp1value=0.5 twistramp1interp=2 twistramp2pos=1 twistramp2value=0.5 twistramp2interp=2,dist translatey
AB::BridgeGenerator::2.0,/obj/AnalysisHolder/probe_11/create_tied_arch_bridge/polyextrude7,polyextrude::2.0,,1,12,medium,xformfront=1 xformspace=1 thicknessramp1value=1 thicknessramp1interp=2 thicknessramp2pos=1 thicknessramp2value=1 thicknessramp2interp=2 twistramp1value=0.5 twistramp1interp=2 twistramp2pos=1 twistramp2value=0.5 twistramp2interp=2,translatey
AB::BridgeGenerator::2.0,/obj/AnalysisHolder/probe_11/create_tied_arch_bridge/polyextrude8,polyextrude::2.0,,1,12,medium,xformfront=1 xformspace=1 thicknessramp1value=1 thicknessramp1interp=2 thicknessramp2pos=1 thicknessramp2value=1 thicknessramp2interp=2 twistramp1value=0.5 twistramp1interp=2 twistramp2pos=1 twistramp2value=0.5 twistramp2interp=2,translatey
AB::BridgeGenerator::2.0,/obj/AnalysisHolder/probe_11/create_tied_arch_bridge/polyextrude9,polyextrude::2.0,,1,11,medium,outputback=1 thicknessramp1value=1 thicknessramp1interp=2 thicknessramp2pos=1 thicknessramp2value=1 thicknessramp2interp=2 twistramp1value=0.5 twistramp1interp=2 twistramp2pos=1 twistramp2value=0.5 twistramp2interp=2,dist
AB::BridgeGenerator::2.0,/obj/AnalysisHolder/probe_11/create_tied_arch_bridge/polyextrude10,polyextrude::2.0,,1,12,medium,xformfront=1 xformspace=1 thicknessramp1value=1 thicknessramp1interp=2 thicknessramp2pos=1 thicknessramp2value=1 thicknessramp2interp=2 twistramp1value=0.5 twistramp1interp=2 twistramp2pos=1 twistramp2value=0.5 twistramp2interp=2,translatez
AB::BridgeGenerator::2.0,/obj/AnalysisHolder/probe_11/create_tied_arch_bridge/polyextrude11,polyextrude::2.0,,1,12,medium,xformspace=1 outputback=1 thicknessramp1value=1 thicknessramp1interp=2 thicknessramp2pos=1 thicknessramp2value=1 thicknessramp2interp=2 twistramp1value=0.5 twistramp1interp=2 twistramp2pos=1 twistramp2value=0.5 twistramp2interp=2,dist
AB::BridgeGenerator::2.0,/obj/AnalysisHolder/probe_11/create_tied_arch_bridge/polyextrude12,polyextrude::2.0,,1,12,medium,xformfront=1 xformspace=1 thicknessramp1value=1 thicknessramp1interp=2 thicknessramp2pos=1 thicknessramp2value=1 thicknessramp2interp=2 twistramp1value=0.5 twistramp1interp=2 twistramp2pos=1 twistramp2value=0.5 twistramp2interp=2,translatey
AB::BridgeGenerator::2.0,/obj/AnalysisHolder/probe_11/create_tied_arch_bridge/polyextrude13,polyextrude::2.0,,1,11,medium,outputback=1 thicknessramp1value=1 thicknessramp1interp=2 thicknessramp2pos=1 thicknessramp2value=1 thicknessramp2interp=2 twistramp1value=0.5 twistramp1interp=2 twistramp2pos=1 twistramp2value=0.5 twistramp2interp=2,dist
AB::BridgeGenerator::2.0,/obj/AnalysisHolder/probe_11/create_tied_arch_bridge/polyextrude14,polyextrude::2.0,,1,12,medium,xformfront=1 xformspace=1 thicknessramp1value=1 thicknessramp1interp=2 thicknessramp2pos=1 thicknessramp2value=1 thicknessramp2interp=2 twistramp1value=0.5 twistramp1interp=2 twistramp2pos=1 twistramp2value=0.5 twistramp2interp=2,translatey
AB::BridgeGenerator::2.0,/obj/AnalysisHolder/probe_11/create_tied_arch_bridge/polyextrude15,polyextrude::2.0,,1,11,medium,outputback=1 thicknessramp1value=1 thicknessramp1interp=2 thicknessramp2pos=1 thicknessramp2value=1 thicknessramp2interp=2 twistramp1value=0.5 twistramp1interp=2 twistramp2pos=1 twistramp2value=0.5 twistramp2interp=2,dist
AB::BridgeGenerator::2.0,/obj/AnalysisHolder/probe_11/create_tied_arch_bridge/polyextrude16,polyextrude::2.0,,1,12,medium,xformfront=1 xformspace=1 thicknessramp1value=1 thicknessramp1interp=2 thicknessramp2pos=1 thicknessramp2value=1 thicknessramp2interp=2 twistramp1value=0.5 twistramp1interp=2 twistramp2pos=1 twistramp2value=0.5 twistramp2interp=2,translatez
AB::BridgeGenerator::2.0,/obj/AnalysisHolder/probe_11/create_tied_arch_bridge/polyextrude17,polyextrude::2.0,,2,12,medium,xformspace=1 outputback=1 thicknessramp1value=1 thicknessramp1interp=2 thicknessramp2pos=1 thicknessramp2value=1 thicknessramp2interp=2 twistramp1value=0.5 twistramp1interp=2 twistramp2pos=1 twistramp2value=0.5 twistramp2interp=2,dist translatey
AB::BridgeGenerator::2.0,/obj/AnalysisHolder/probe_11/create_tied_arch_bridge/polyextrude18,polyextrude::2.0,,1,12,medium,xformfront=1 xformspace=1 thicknessramp1value=1 thicknessramp1interp=2 thicknessramp2pos=1 thicknessramp2value=1 thicknessramp2interp=2 twistramp1value=0.5 twistramp1interp=2 twistramp2pos=1 twistramp2value=0.5 twistramp2interp=2,translatey
AB::BridgeGenerator::2.0,/obj/AnalysisHolder/probe_11/create_tied_arch_bridge/polyextrude19,polyextrude::2.0,,1,11,medium,outputback=1 thicknessramp1value=1 thicknessramp1interp=2 thicknessramp2pos=1 thicknessramp2value=1 thicknessramp2interp=2 twistramp1value=0.5 twistramp1interp=2 twistramp2pos=1 twistramp2value=0.5 twistramp2interp=2,dist
AB::BridgeGenerator::2.0,/obj/AnalysisHolder/probe_11/create_tied_arch_bridge/left_points_for_diag2,grouprange,,2,2,medium,grouptype1=0 selecttotal1=4,end1 start1
AB::BridgeGenerator::2.0,/obj/AnalysisHolder/probe_11/create_tied_arch_bridge/right_points_for_diag2,grouprange,,2,2,medium,grouptype1=0 selecttotal1=4,end1 start1
AB::BridgeGenerator::2.0,/obj/AnalysisHolder/probe_11/create_tied_arch_bridge/polyextrude20,polyextrude::2.0,,1,12,medium,xformfront=1 xformspace=1 thicknessramp1value=1 thicknessramp1interp=2 thicknessramp2pos=1 thicknessramp2value=1 thicknessramp2interp=2 twistramp1value=0.5 twistramp1interp=2 twistramp2pos=1 twistramp2value=0.5 twistramp2interp=2,translatey
AB::BridgeGenerator::2.0,/obj/AnalysisHolder/probe_11/create_tied_arch_bridge/polyextrude21,polyextrude::2.0,,1,12,medium,xformspace=1 outputback=1 thicknessramp1value=1 thicknessramp1interp=2 thicknessramp2pos=1 thicknessramp2value=1 thicknessramp2interp=2 twistramp1value=0.5 twistramp1interp=2 twistramp2pos=1 twistramp2value=0.5 twistramp2interp=2,dist
AB::BridgeGenerator::2.0,/obj/AnalysisHolder/probe_11/create_tied_arch_bridge/color1,color,,3,5,medium,class=1 ramp2pos=1 ramp2cr=1 ramp2cg=1 ramp2cb=1,colorb colorg colorr
AB::BuildingFootprintGenerator::1.0,/obj/AnalysisHolder/probe_12/FootprintSquare/add1,add,,2,2,medium,points=3 switcher1=1,pt0x pt2z
AB::BuildingFootprintGenerator::1.0,/obj/AnalysisHolder/probe_12/FootprintSquare/add2,add,,4,2,medium,points=2 switcher1=1,pt0x pt0y pt0z pt1z
AB::BuildingFootprintGenerator::1.0,/obj/AnalysisHolder/probe_12/FootprintSquare/add3,add,,9,2,medium,points=3 switcher1=1,pt0x pt0y pt0z pt1x pt1y pt1z pt2x pt2y pt2z
AB::BuildingFootprintGenerator::1.0,/obj/AnalysisHolder/probe_12/FootprintSquare/add4,add,,6,2,medium,points=2 switcher1=1,pt0x pt0y pt0z pt1x pt1y pt1z
AB::BuildingFootprintGenerator::1.0,/obj/AnalysisHolder/probe_12/FootprintSquare/add5,add,,9,2,medium,points=3 switcher1=1,pt0x pt0y pt0z pt1x pt1y pt1z pt2x pt2y pt2z
AB::BuildingFootprintGenerator::1.0,/obj/AnalysisHolder/probe_12/FootprintSquare/add6,add,,6,2,medium,points=2 switcher1=1,pt0x pt0y pt0z pt1x pt1y pt1z
AB::BuildingFootprintGenerator::1.0,/obj/AnalysisHolder/probe_12/FootprintSquare/add7,add,,9,2,medium,points=3 switcher1=1,pt0x pt0y pt0z pt1x pt1y pt1z pt2x pt2y pt2z
AB::BuildingFootprintGenerator::1.0,/obj/AnalysisHolder/probe_12/FootprintSquare/add8,add,,6,2,medium,points=2 switcher1=1,pt0x pt0y pt0z pt1x pt1y pt1z
AB::BuildingFootprintGenerator::1.0,/obj/AnalysisHolder/probe_12/FootprintSquare/color10,color,,3,5,medium,class=1 ramp2pos=1 ramp2cr=1 ramp2cg=1 ramp2cb=1,colorb colorg colorr
AB::BuildingFootprintGenerator::1.0,/obj/AnalysisHolder/probe_12/FootprintSquare/color12,color,,3,5,medium,class=1 ramp2pos=1 ramp2cr=1 ramp2cg=1 ramp2cb=1,colorb colorg colorr
AB::BuildingFootprintGenerator::1.0,/obj/AnalysisHolder/probe_12/FootprintSquare/color14,color,,3,5,medium,class=1 ramp2pos=1 ramp2cr=1 ramp2cg=1 ramp2cb=1,colorb colorg colorr
AB::BuildingFootprintGenerator::1.0,/obj/AnalysisHolder/probe_12/FootprintSquare/resample1,resample,,1,1,medium,edge=1,length
AB::BuildingFootprintGenerator::1.0,/obj/AnalysisHolder/probe_12/FootprintSquare/resample2,resample,,1,1,medium,edge=1,length
AB::BuildingFootprintGenerator::1.0,/obj/AnalysisHolder/probe_12/FootprintSquare/resample3,resample,,1,1,medium,edge=1,length
AB::BuildingFootprintGenerator::1.0,/obj/AnalysisHolder/probe_12/FootprintSquare/resample4,resample,,1,1,medium,edge=1,length
AB::BuildingFootprintGenerator::1.0,/obj/AnalysisHolder/probe_12/FootprintSquare/add9,add,,4,3,medium,points=4 switcher1=1 closedall=1,pt1x pt2x pt2z pt3z
AB::BuildingFootprintGenerator::1.0,/obj/AnalysisHolder/probe_12/FootprinL/add11,add,,8,3,medium,points=6 switcher1=1 closedall=1,pt1z pt2x pt2z pt3x pt3z pt4x pt4z pt5x
AB::BuildingFootprintGenerator::1.0,/obj/AnalysisHolder/probe_12/FootprinL/add1,add,,2,2,medium,points=3 switcher1=1,pt0x pt2z
AB::BuildingFootprintGenerator::1.0,/obj/AnalysisHolder/probe_12/FootprinL/add2,add,,4,2,medium,points=2 switcher1=1,pt0x pt0y pt0z pt1z
AB::BuildingFootprintGenerator::1.0,/obj/AnalysisHolder/probe_12/FootprinL/add3,add,,4,2,medium,points=3 switcher1=1,pt0z pt1z pt2x pt2z
AB::BuildingFootprintGenerator::1.0,/obj/AnalysisHolder/probe_12/FootprinL/add4,add,,5,2,medium,points=2 switcher1=1,pt0x pt0y pt0z pt1x pt1z
AB::BuildingFootprintGenerator::1.0,/obj/AnalysisHolder/probe_12/FootprinL/add5,add,,9,2,medium,points=3 switcher1=1,pt0x pt0y pt0z pt1x pt1y pt1z pt2x pt2y pt2z
AB::BuildingFootprintGenerator::1.0,/obj/AnalysisHolder/probe_12/FootprinL/add6,add,,6,2,medium,points=2 switcher1=1,pt0x pt0y pt0z pt1x pt1y pt1z
AB::BuildingFootprintGenerator::1.0,/obj/AnalysisHolder/probe_12/FootprinL/add7,add,,9,2,medium,points=3 switcher1=1,pt0x pt0y pt0z pt1x pt1y pt1z pt2x pt2y pt2z
AB::BuildingFootprintGenerator::1.0,/obj/AnalysisHolder/probe_12/FootprinL/add8,add,,6,2,medium,points=2 switcher1=1,pt0x pt0y pt0z pt1x pt1y pt1z
AB::BuildingFootprintGenerator::1.0,/obj/AnalysisHolder/probe_12/FootprinL/add9,add,,9,2,medium,points=3 switcher1=1,pt0x pt0y pt0z pt1x pt1y pt1z pt2x pt2y pt2z
AB::BuildingFootprintGenerator::1.0,/obj/AnalysisHolder/probe_12/FootprinL/add10,add,,6,2,medium,points=2 switcher1=1,pt0x pt0y pt0z pt1x pt1y pt1z
AB::BuildingFootprintGenerator::1.0,/obj/AnalysisHolder/probe_12/FootprinL/add12,add,,9,2,medium,points=3 switcher1=1,pt0x pt0y pt0z pt1x pt1y pt1z pt2x pt2y pt2z
AB::BuildingFootprintGenerator::1.0,/obj/AnalysisHolder/probe_12/FootprinL/add13,add,,6,2,medium,points=2 switcher1=1,pt0x pt0y pt0z pt1x pt1y pt1z
AB::BuildingFootprintGenerator::1.0,/obj/AnalysisHolder/probe_12/FootprinL/color7,color,,3,5,medium,class=1 ramp2pos=1 ramp2cr=1 ramp2cg=1 ramp2cb=1,colorb colorg colorr
AB::BuildingFootprintGenerator::1.0,/obj/AnalysisHolder/probe_12/FootprinL/color9,color,,3,5,medium,class=1 ramp2pos=1 ramp2cr=1 ramp2cg=1 ramp2cb=1,colorb colorg colorr
AB::BuildingFootprintGenerator::1.0,/obj/AnalysisHolder/probe_12/FootprinL/color11,color,,3,5,medium,class=1 ramp2pos=1 ramp2cr=1 ramp2cg=1 ramp2cb=1,colorb colorg colorr
AB::BuildingFootprintGenerator::1.0,/obj/AnalysisHolder/probe_12/FootprinL/color14,color,,3,5,medium,class=1 ramp2pos=1 ramp2cr=1 ramp2cg=1 ramp2cb=1,colorb colorg colorr
AB::BuildingFootprintGenerator::1.0,/obj/AnalysisHolder/probe_12/FootprinL/color15,color,,3,5,medium,class=1 ramp2pos=1 ramp2cr=1 ramp2cg=1 ramp2cb=1,colorb colorg colorr
AB::BuildingFootprintGenerator::1.0,/obj/AnalysisHolder/probe_12/FootprinL/resample4,resample,,1,1,medium,edge=1,length
AB::BuildingFootprintGenerator::1.0,/obj/AnalysisHolder/probe_12/FootprinL/resample5,resample,,1,1,medium,edge=1,length
AB::BuildingFootprintGenerator::1.0,/obj/AnalysisHolder/probe_12/FootprinL/resample6,resample,,1,1,medium,edge=1,length
AB::BuildingFootprintGenerator::1.0,/obj/AnalysisHolder/probe_12/FootprinL/resample7,resample,,1,1,medium,edge=1,length
AB::BuildingFootprintGenerator::1.0,/obj/AnalysisHolder/probe_12/FootprinL/resample8,resample,,1,1,medium,edge=1,length
AB::BuildingFootprintGenerator::1.0,/obj/AnalysisHolder/probe_12/FootprinL/resample9,resample,,1,1,medium,edge=1,length
AB::BuildingFootprintGenerator::1.0,/obj/AnalysisHolder/probe_12/FootprintRoundCorner/circle1,circle,rad,1,7,high,type=2 orient=2 reverse=0 radx=40 order=2 arc=1 endangle=90,rady
AB::BuildingFootprintGenerator::1.0,/obj/AnalysisHolder/probe_12/FootprintRoundCorner/add1,add,,2,2,medium,points=3 switcher1=1,pt0x pt2z
AB::BuildingFootprintGenerator::1.0,/obj/AnalysisHolder/probe_12/FootprintRoundCorner/add2,add,,4,2,medium,points=2 switcher1=1,pt0x pt0y pt0z pt1z
AB::BuildingFootprintGenerator::1.0,/obj/AnalysisHolder/probe_12/FootprintRoundCorner/add3,add,,9,2,medium,points=3 switcher1=1,pt0x pt0y pt0z pt1x pt1y pt1z pt2x pt2y pt2z
AB::BuildingFootprintGenerator::1.0,/obj/AnalysisHolder/probe_12/FootprintRoundCorner/add9,add,,6,2,medium,points=2 switcher1=1,pt0x pt0y pt0z pt1x pt1y pt1z
AB::BuildingFootprintGenerator::1.0,/obj/AnalysisHolder/probe_12/FootprintRoundCorner/add5,add,,9,2,medium,points=3 switcher1=1,pt0x pt0y pt0z pt1x pt1y pt1z pt2x pt2y pt2z
AB::BuildingFootprintGenerator::1.0,/obj/AnalysisHolder/probe_12/FootprintRoundCorner/add6,add,,6,2,medium,points=2 switcher1=1,pt0x pt0y pt0z pt1x pt1y pt1z
AB::BuildingFootprintGenerator::1.0,/obj/AnalysisHolder/probe_12/FootprintRoundCorner/add7,add,,6,2,medium,points=2 switcher1=1,pt0x pt0y pt0z pt1x pt1y pt1z
AB::BuildingFootprintGenerator::1.0,/obj/AnalysisHolder/probe_12/FootprintRoundCorner/color10,color,,3,5,medium,class=1 ramp2pos=1 ramp2cr=1 ramp2cg=1 ramp2cb=1,colorb colorg colorr
AB::BuildingFootprintGenerator::1.0,/obj/AnalysisHolder/probe_12/FootprintRoundCorner/color12,color,,3,5,medium,class=1 ramp2pos=1 ramp2cr=1 ramp2cg=1 ramp2cb=1,colorb colorg colorr
AB::BuildingFootprintGenerator::1.0,/obj/AnalysisHolder/probe_12/FootprintRoundCorner/resample1,resample,,1,1,medium,edge=1,length
AB::BuildingFootprintGenerator::1.0,/obj/AnalysisHolder/probe_12/FootprintRoundCorner/resample5,resample,,1,1,medium,edge=1,length
AB::BuildingFootprintGenerator::1.0,/obj/AnalysisHolder/probe_12/FootprintRoundCorner/resample6,resample,,1,1,medium,edge=1,length
AB::BuildingFootprintGenerator::1.0,/obj/AnalysisHolder/probe_12/FootprintRoundCorner/transform9,xform,,1,4,medium,parmgroup_pivotxform=1 px=0 py=0 pz=0,tx
AB::BuildingFootprintGenerator::1.0,/obj/AnalysisHolder/probe_12/FootprintRoundCorner/color15,color,,3,5,medium,class=1 ramp2pos=1 ramp2cr=1 ramp2cg=1 ramp2cb=1,colorb colorg colorr
AB::BuildingFootprintGenerator::1.0,/obj/AnalysisHolder/probe_12/FootprintRoundCorner/resample7,resample,,1,1,medium,edge=1,length
AB::BuildingFootprintGenerator::1.0,/obj/AnalysisHolder/probe_12/FootprintRoundCorner/color16,color,,3,5,medium,class=1 ramp2pos=1 ramp2cr=1 ramp2cg=1 ramp2cb=1,colorb colorg colorr
AB::BuildingFootprintGenerator::1.0,/obj/AnalysisHolder/probe_12/FootprintRoundCorner/transform11,xform,,46,1,medium,parmgroup_pivotxform=1,addattrib attribs group grouptype invertxform movecentroid outputattrib outputmerge prexform_rOrd prexform_rx prexform_ry prexform_rz prexform_shear1 prexform_shear2 prexform_shear3 prexform_sx prexform_sy prexform_sz prexform_tx prexform_ty prexform_tz prexform_xOrd prx pry prz px py pz rOrd rx ry rz scale shear1 shear2 shear3 sx sy sz tx ty tz updateaffectednmls updatenmls vlength xOrd
AB::BuildingLightGenerator::2.1,/obj/AnalysisHolder/probe_13/Classic/Light_CL_001/color1,color,,3,5,medium,class=3 ramp2pos=1 ramp2cr=1 ramp2cg=1 ramp2cb=1,colorb colorg colorr
AB::BuildingLightGenerator::2.1,/obj/AnalysisHolder/probe_13/Classic/Light_CL_001/color2,color,,3,5,medium,class=3 ramp2pos=1 ramp2cr=1 ramp2cg=1 ramp2cb=1,colorb colorg colorr
AB::BuildingLightGenerator::2.1,/obj/AnalysisHolder/probe_13/Modern/Style_01/box1,box,,3,4,medium,type=1 divrate1=2 divrate2=2 divrate3=2,sizex sizey sizez
AB::BuildingLightGenerator::2.1,/obj/AnalysisHolder/probe_13/Modern/Style_01/box2,box,,3,4,medium,type=1 divrate1=2 divrate2=2 divrate3=2,sizex sizey sizez
AB::BuildingLightGenerator::2.1,/obj/AnalysisHolder/probe_13/Modern/Style_01/tube1,tube,,2,5,medium,type=1 cap=1 rad1=0.5 rad2=0.5 cols=50,height radscale
AB::BuildingLightGenerator::2.1,/obj/AnalysisHolder/probe_13/Modern/Style_01/polyextrude1,polyextrude::2.0,,1,11,medium,outputfrontseamgrp=1 thicknessramp1value=1 thicknessramp1interp=2 thicknessramp2pos=1 thicknessramp2value=1 thicknessramp2interp=2 twistramp1value=0.5 twistramp1interp=2 twistramp2pos=1 twistramp2value=0.5 twistramp2interp=2,dist
AB::BuildingLightGenerator::2.1,/obj/AnalysisHolder/probe_13/Modern/Style_01/color1,color,,3,5,medium,class=3 ramp2pos=1 ramp2cr=1 ramp2cg=1 ramp2cb=1,colorb colorg colorr
AB::BuildingLightGenerator::2.1,/obj/AnalysisHolder/probe_13/Modern/Style_01/color2,color,,3,5,medium,class=3 ramp2pos=1 ramp2cr=1 ramp2cg=1 ramp2cb=1,colorb colorg colorr
AB::BuildingLightGenerator::2.1,/obj/AnalysisHolder/probe_13/Modern/Style_01/polybevel1,polybevel::3.0,,3,6,medium,grouptype=2 profileramp1value=0.5 profileramp1interp=2 profileramp2pos=1 profileramp2value=0.5 profileramp2interp=2,divisions filletshape offset
AB::BuildingLightGenerator::2.1,/obj/AnalysisHolder/probe_13/ArtDeco/ArtDecoLight_01/sphere1,sphere,,1,6,medium,type=2 radx=0.5 rady=0.5 radz=0.5 scale=0.5 rows=44,cols
AB::BuildingLightGenerator::2.1,/obj/AnalysisHolder/probe_13/ArtDeco/ArtDecoLight_01/circle1,circle,,4,3,medium,type=1 orient=2 reverse=0,divs radx rady scale
AB::BuildingLightGenerator::2.1,/obj/AnalysisHolder/probe_13/ArtDeco/ArtDecoLight_01/circle2,circle,,4,2,medium,type=1 reverse=0,divs radx rady scale
AB::BuildingLightGenerator::2.1,/obj/AnalysisHolder/probe_13/ArtDeco/ArtDecoLight_01/polyextrude3,polyextrude::2.0,,1,11,medium,outputfront=0 thicknessramp1value=1 thicknessramp1interp=2 thicknessramp2pos=1 thicknessramp2value=1 thicknessramp2interp=2 twistramp1value=0.5 twistramp1interp=2 twistramp2pos=1 twistramp2value=0.5 twistramp2interp=2,inset
AB::BuildingLightGenerator::2.1,/obj/AnalysisHolder/probe_13/ArtDeco/ArtDecoLight_01/color1,color,,3,5,medium,class=3 ramp2pos=1 ramp2cr=1 ramp2cg=1 ramp2cb=1,colorb colorg colorr
AB::BuildingLightGenerator::2.1,/obj/AnalysisHolder/probe_13/ArtDeco/ArtDecoLight_01/color2,color,,3,5,medium,class=3 ramp2pos=1 ramp2cr=1 ramp2cg=1 ramp2cb=1,colorb colorg colorr
AB::BuildingLightGenerator::2.1,/obj/AnalysisHolder/probe_13/Industrial/WallHanging_01/add3,add,pt6,8,3,high,points=7 switcher1=1 pt6y=-0.1,pt1z pt2z pt3y pt3z pt4y pt4z pt5z pt6z
AB::BuildingLightGenerator::2.1,/obj/AnalysisHolder/probe_13/Industrial/WallHanging_01/transform1,xform,,2,2,medium,grouptype=3 parmgroup_pivotxform=1,pz sz
AB::BuildingLightGenerator::2.1,/obj/AnalysisHolder/probe_13/Industrial/WallHanging_01/circle1,circle,,1,3,medium,type=2 reverse=0 ry=180,scale
AB::BuildingLightGenerator::2.1,/obj/AnalysisHolder/probe_13/Industrial/WallHanging_01/convert3,convert,,1,2,medium,stdswitcher1=1 divv=1,divu
AB::BuildingLightGenerator::2.1,/obj/AnalysisHolder/probe_13/Industrial/WallHanging_01/color1,color,,3,5,medium,class=3 ramp2pos=1 ramp2cr=1 ramp2cg=1 ramp2cb=1,colorb colorg colorr
AB::BuildingLightGenerator::2.1,/obj/AnalysisHolder/probe_13/Industrial/WallHanging_01/color2,color,,3,5,medium,class=3 ramp2pos=1 ramp2cr=1 ramp2cg=1 ramp2cb=1,colorb colorg colorr
AB::BuildingLightGenerator::2.1,/obj/AnalysisHolder/probe_13/Industrial/LightIndustrialMounted_001/divide1,divide,,2,1,medium,numsides=4,sizey sizez
AB::BuildingLightGenerator::2.1,/obj/AnalysisHolder/probe_13/Industrial/LightIndustrialMounted_001/transform4,xform,,1,1,medium,parmgroup_pivotxform=1,tz
AB::BuildingLightGenerator::2.1,/obj/AnalysisHolder/probe_13/Industrial/LightIndustrialMounted_001/XFormBody,xform,r,1,5,high,ry=0 rz=0 parmgroup_pivotxform=1 py=3.3528 pz=-1.2192,rx
AB::BuildingLightGenerator::2.1,/obj/AnalysisHolder/probe_13/Industrial/LightIndustrialMounted_001/tube3,tube,,1,7,medium,type=1 cap=1 ty=-0.0509535 tz=-1.2192 rad1=0.5 rad2=0.5 height=0.101907,cols
AB::BuildingLightGenerator::2.1,/obj/AnalysisHolder/probe_13/Industrial/LightIndustrialMounted_001/transform8,xform,r,1,7,high,tz=1.2192 rx=0 rz=0 parmgroup_pivotxform=1 px=0 py=0 pz=-1.2192,ry
AB::BuildingLightGenerator::2.1,/obj/AnalysisHolder/probe_13/Industrial/LightIndustrialMounted_001/transform1,xform,s,3,2,high,sy=0 parmgroup_pivotxform=1,scale sx sz
AB::BuildingLightGenerator::2.1,/obj/AnalysisHolder/probe_13/Industrial/LightIndustrialMounted_001/color1,color,,3,4,medium,ramp2pos=1 ramp2cr=1 ramp2cg=1 ramp2cb=1,colorb colorg colorr
AB::BuildingLightGenerator::2.1,/obj/AnalysisHolder/probe_13/Industrial/LightIndustrialMounted_001/color2,color,,3,4,medium,ramp2pos=1 ramp2cr=1 ramp2cg=1 ramp2cb=1,colorb colorg colorr
AB::BusStopGenerator::2.0,/obj/AnalysisHolder/probe_14/CreateBusStop/grid1,grid,,2,2,medium,rows=2 cols=2,sizex sizey
AB::BusStopGenerator::2.0,/obj/AnalysisHolder/probe_14/CreateBusStop/polyextrude1,polyextrude::2.0,,1,10,medium,thicknessramp1value=1 thicknessramp1interp=2 thicknessramp2pos=1 thicknessramp2value=1 thicknessramp2interp=2 twistramp1value=0.5 twistramp1interp=2 twistramp2pos=1 twistramp2value=0.5 twistramp2interp=2,dist
AB::BusStopGenerator::2.0,/obj/AnalysisHolder/probe_14/CreateBusStop/polyextrude2,polyextrude::2.0,,1,11,medium,outputfrontgrp=1 thicknessramp1value=1 thicknessramp1interp=2 thicknessramp2pos=1 thicknessramp2value=1 thicknessramp2interp=2 twistramp1value=0.5 twistramp1interp=2 twistramp2pos=1 twistramp2value=0.5 twistramp2interp=2,inset
AB::BusStopGenerator::2.0,/obj/AnalysisHolder/probe_14/CreateBusStop/polyextrude3,polyextrude::2.0,,1,12,medium,outputfrontgrp=1 outputsidegrp=1 thicknessramp1value=1 thicknessramp1interp=2 thicknessramp2pos=1 thicknessramp2value=1 thicknessramp2interp=2 twistramp1value=0.5 twistramp1interp=2 twistramp2pos=1 twistramp2value=0.5 twistramp2interp=2,dist
AB::BusStopGenerator::2.0,/obj/AnalysisHolder/probe_14/CreateBusStop/polybevel1,polybevel::3.0,,1,6,medium,grouptype=3 profileramp1value=0.5 profileramp1interp=2 profileramp2pos=1 profileramp2value=0.5 profileramp2interp=2,offset
AB::BusStopGenerator::2.0,/obj/AnalysisHolder/probe_14/CreateBusStop/color1,color,,3,5,medium,class=3 ramp2pos=1 ramp2cr=1 ramp2cg=1 ramp2cb=1,colorb colorg colorr
AB::BusStopGenerator::2.0,/obj/AnalysisHolder/probe_14/CreateBusStop/color2,color,,3,5,medium,class=3 ramp2pos=1 ramp2cr=1 ramp2cg=1 ramp2cb=1,colorb colorg colorr
AB::BusStopGenerator::2.0,/obj/AnalysisHolder/probe_14/CreateBusStop/color3,color,,3,5,medium,class=3 ramp2pos=1 ramp2cr=1 ramp2cg=1 ramp2cb=1,colorb colorg colorr
AB::BusStopGenerator::2.0,/obj/AnalysisHolder/probe_14/CreateBusStop/color4,color,,3,5,medium,class=3 ramp2pos=1 ramp2cr=1 ramp2cg=1 ramp2cb=1,colorb colorg colorr
AB::BusStopGenerator::2.0,/obj/AnalysisHolder/probe_14/CreateBusStop/color5,color,,3,5,medium,class=3 ramp2pos=1 ramp2cr=1 ramp2cg=1 ramp2cb=1,colorb colorg colorr
AB::BusStopGenerator::2.0,/obj/AnalysisHolder/probe_14/CreateBusStop/create_details/transform4,xform,,1,4,medium,parmgroup_pivotxform=1 px=0 py=0 pz=0,tx
AB::BusStopGenerator::2.0,/obj/AnalysisHolder/probe_14/CreateBusStop/create_details/transform5,xform,,1,4,medium,parmgroup_pivotxform=1 px=0 py=0 pz=0,tx
AB::BusStopGenerator::2.0,/obj/AnalysisHolder/probe_14/CreateBusStop/create_details/transform6,xform,,1,4,medium,parmgroup_pivotxform=1 px=0 py=0 pz=0,tz
AB::BusStopGenerator::2.0,/obj/AnalysisHolder/probe_14/CreateBusStop/create_details/transform7,xform,,1,4,medium,parmgroup_pivotxform=1 px=0 py=0 pz=0,tz
AB::BusStopGenerator::2.0,/obj/AnalysisHolder/probe_14/CreateBusStop/create_details/transform8,xform,,1,4,medium,parmgroup_pivotxform=1 px=0 py=0 pz=0,tx
AB::BusStopGenerator::2.0,/obj/AnalysisHolder/probe_14/CreateBusStop/create_details/transform9,xform,,1,4,medium,parmgroup_pivotxform=1 px=0 py=0 pz=0,tx
AB::BusStopGenerator::2.0,/obj/AnalysisHolder/probe_14/CreateBusStop/create_details/create_bench/create_top/polyextrude1,polyextrude::2.0,,2,10,medium,thicknessramp1value=1 thicknessramp1interp=2 thicknessramp2pos=1 thicknessramp2value=1 thicknessramp2interp=2 twistramp1value=0.5 twistramp1interp=2 twistramp2pos=1 twistramp2value=0.5 twistramp2interp=2,dist divs
AB::BusStopGenerator::2.0,/obj/AnalysisHolder/probe_14/CreateBusStop/create_details/create_bench/create_top/polyextrude2,polyextrude::2.0,,1,11,medium,outputback=1 thicknessramp1value=1 thicknessramp1interp=2 thicknessramp2pos=1 thicknessramp2value=1 thicknessramp2interp=2 twistramp1value=0.5 twistramp1interp=2 twistramp2pos=1 twistramp2value=0.5 twistramp2interp=2,dist
AB::BusStopGenerator::2.0,/obj/AnalysisHolder/probe_14/CreateBusStop/create_details/sign_attatch_pt/transform1,xform,,1,5,medium,scale=0 parmgroup_pivotxform=1 px=0 py=0 pz=0,tz
AB::BusStopGenerator::2.0,/obj/AnalysisHolder/probe_14/CreateBusStop/mats/SP_benchBase,principledshader::2.0,,5,6,medium,basecolor_usePackedColor=1 rough=0.7 emitint=1 emitcolorr=0 emitcolorg=0 emitcolorb=0,baseBump_useTexture baseNormal_useTexture shop_disable_displace_shader specular_tint vm_displacebound
AB::BusStopGenerator::2.0,/obj/AnalysisHolder/probe_14/CreateBusStop/mats/SP_benchTop,principledshader::2.0,,5,6,medium,basecolor_usePackedColor=1 rough=0.7 emitint=1 emitcolorr=0 emitcolorg=0 emitcolorb=0,baseBump_useTexture baseNormal_useTexture shop_disable_displace_shader specular_tint vm_displacebound
AB::BusStopGenerator::2.0,/obj/AnalysisHolder/probe_14/CreateBusStop/mats/SP_glass,principledshader::2.0,,5,7,medium,basecolor_usePackedColor=1 rough=0.7 transparency=0.9 emitint=1 emitcolorr=0 emitcolorg=0 emitcolorb=0,baseBump_useTexture baseNormal_useTexture shop_disable_displace_shader specular_tint vm_displacebound
AB::BusStopGenerator::2.0,/obj/AnalysisHolder/probe_14/CreateBusStop/mats/SP_metal,principledshader::2.0,,5,8,medium,basecolor_usePackedColor=1 rough=0.7 metallic=1 transparency=0.9 emitint=1 emitcolorr=0 emitcolorg=0 emitcolorb=0,baseBump_useTexture baseNormal_useTexture shop_disable_displace_shader specular_tint vm_displacebound
AB::ButtonPanels::1.1,/obj/AnalysisHolder/probe_15/grid1,grid,,2,3,medium,orient=0 ry=180 cols=2,sizex sizey
AB::ButtonPanels::1.1,/obj/AnalysisHolder/probe_15/polyextrude1,polyextrude::2.0,,1,11,medium,outputside=0 thicknessramp1value=1 thicknessramp1interp=2 thicknessramp2pos=1 thicknessramp2value=1 thicknessramp2interp=2 twistramp1value=0.5 twistramp1interp=2 twistramp2pos=1 twistramp2value=0.5 twistramp2interp=2,inset
AB::ButtonPanels::1.1,/obj/AnalysisHolder/probe_15/polyextrude2,polyextrude::2.0,,1,11,medium,outputfrontgrp=1 thicknessramp1value=1 thicknessramp1interp=2 thicknessramp2pos=1 thicknessramp2value=1 thicknessramp2interp=2 twistramp1value=0.5 twistramp1interp=2 twistramp2pos=1 twistramp2value=0.5 twistramp2interp=2,dist
AB::ButtonPanels::1.1,/obj/AnalysisHolder/probe_15/polybevel3,polybevel::3.0,,1,7,medium,grouptype=1 divisions=12 profileramp1value=0.5 profileramp1interp=2 profileramp2pos=1 profileramp2value=0.5 profileramp2interp=2,offset
AB::ButtonPanels::1.1,/obj/AnalysisHolder/probe_15/polybevel_,polybevel::3.0,,2,5,medium,profileramp1value=0.5 profileramp1interp=2 profileramp2pos=1 profileramp2value=0.5 profileramp2interp=2,divisions offset
AB::ButtonPanels::1.1,/obj/AnalysisHolder/probe_15/polyextrude3,polyextrude::2.0,,1,10,medium,thicknessramp1value=1 thicknessramp1interp=2 thicknessramp2pos=1 thicknessramp2value=1 thicknessramp2interp=2 twistramp1value=0.5 twistramp1interp=2 twistramp2pos=1 twistramp2value=0.5 twistramp2interp=2,inset
AB::ButtonPanels::1.1,/obj/AnalysisHolder/probe_15/polyextrude4,polyextrude::2.0,,1,12,medium,outputfrontgrp=1 outputsidegrp=1 thicknessramp1value=1 thicknessramp1interp=2 thicknessramp2pos=1 thicknessramp2value=1 thicknessramp2interp=2 twistramp1value=0.5 twistramp1interp=2 twistramp2pos=1 twistramp2value=0.5 twistramp2interp=2,dist
AB::ButtonPanels::1.1,/obj/AnalysisHolder/probe_15/attribwrangle3,attribwrangle,,11,1,medium,Seed_RampColor=1,Ramp_Color Ramp_Color1cb Ramp_Color1cg Ramp_Color1cr Ramp_Color1interp Ramp_Color1pos Ramp_Color2cb Ramp_Color2cg Ramp_Color2cr Ramp_Color2interp Ramp_Color2pos
AB::ButtonPanels::1.1,/obj/AnalysisHolder/probe_15/attribwrangle4,attribwrangle,,11,1,medium,Seed_RampColor=1,Ramp_Color Ramp_Color1cb Ramp_Color1cg Ramp_Color1cr Ramp_Color1interp Ramp_Color1pos Ramp_Color2cb Ramp_Color2cg Ramp_Color2cr Ramp_Color2interp Ramp_Color2pos
AB::CameraFrustrum::1.0,/obj/probe_16/camera_frustrum/get_angle_x,null,,1,6,medium,n1x=0 n1y=0 n1z=1 n2x=0 n2y=0 n2z=0,angle
AB::CameraFrustrum::1.0,/obj/probe_16/camera_frustrum/get_angle_y,null,,1,6,medium,n1x=0 n1y=0 n1z=1 n2x=0 n2y=0 n2z=0,angle
AB::CameraFrustrum::1.0,/obj/probe_16/camera_focus_properties1/focal_length_line,line,,1,2,medium,diry=0 dirz=1,dist
AB::CameraFrustrum::1.0,/obj/probe_16/camera_focus_properties1/screen_x_aperture_line,line,,1,2,medium,dirx=1 diry=0,dist
AB::CameraFrustrum::1.0,/obj/probe_16/color1,color,,3,4,medium,ramp2pos=1 ramp2cr=1 ramp2cg=1 ramp2cb=1,colorb colorg colorr
AB::CameraPathToUE::1.0,/obj/probe_17/cameraAnim/cam1/constraints,chopnet,,1,1,medium,motionsamples=10,chopnet_rate
AB::CameraPathToUE::1.0,/obj/probe_17/cameraAnim/cam1/constraints/getworldspace,constraintgetworldspace,,1,4,medium,vex_range=1 gcolorr=0.9 gcolorg=0 gcolorb=0,vex_rate
AB::CameraPathToUE::1.0,/obj/probe_17/cameraAnim/cam1/constraints/path,constraintpath,,1,8,medium,vex_range=1 gcolorr=0 gcolorg=0 gcolorb=0.9 uparmtype=0 pos=0.00416667 lookupmode=0 upvectory=1,vex_rate
AB::ChainGenerator::3.0,/obj/AnalysisHolder/probe_19/resample1,resample,,1,2,medium,dolength=0 dosegs=1,segs
AB::ChainGenerator::3.0,/obj/AnalysisHolder/probe_19/link_01/carve2,carve,,1,8,medium,firstu=0 domainu1=0 domainu2=1 firstv=1 domainv1=0 domainv2=1 secondv=1 stdswitcher1=1,divsv
AB::ChainGenerator::3.0,/obj/AnalysisHolder/probe_19/link_01/convert3,convert,,2,1,medium,stdswitcher1=1,divu divv
AB::ChainGenerator::3.0,/obj/AnalysisHolder/probe_19/link_01/normal1,normal,,3,1,medium,origifzero=0,cuspangle method type
AB::CityGenerator::2.5,/obj/AnalysisHolder/probe_21/ProcessBuildings/CreateBuildings/AR_GroundFloorHeight,attribrandomize,,2,7,medium,class=1 dimensions=1 seed=2430 ramp2pos=0.5 ramp2value=0.5 ramp3pos=1 ramp3value=1,maxx minx
AB::CityGenerator::2.5,/obj/AnalysisHolder/probe_21/ProcessBuildings/CreateBuildings/AR_MidFloorHeight,attribrandomize,,2,7,medium,class=1 dimensions=1 seed=2430 ramp2pos=0.5 ramp2value=0.5 ramp3pos=1 ramp3value=1,maxx minx
AB::CityGenerator::2.5,/obj/AnalysisHolder/probe_21/ProcessBuildings/CreateBuildings/AR_TopFloorHeight,attribrandomize,,2,7,medium,class=1 dimensions=1 seed=2430 ramp2pos=0.5 ramp2value=0.5 ramp3pos=1 ramp3value=1,maxx minx
AB::CityGenerator::2.5,/obj/AnalysisHolder/probe_21/ProcessBuildings/CreateBuildings/AR_TopHeight,attribrandomize,,2,7,medium,class=1 dimensions=1 seed=2430 ramp2pos=0.5 ramp2value=0.5 ramp3pos=1 ramp3value=1,maxx minx
AB::CityGenerator::2.5,/obj/AnalysisHolder/probe_21/ProcessBuildings/CreateBuildings/AR_MainModSize,attribrandomize,,2,7,medium,class=1 dimensions=1 seed=2430 ramp2pos=0.5 ramp2value=0.5 ramp3pos=1 ramp3value=1,maxx minx
AB::CityGenerator::2.5,/obj/AnalysisHolder/probe_21/ProcessBuildings/CreateBuildings/CreateBuilding_LR/CreateBuildings/foreach_end2,block_end,,1,3,medium,itermethod=1 method=1 class=0,attrib
AB::CityGenerator::2.5,/obj/AnalysisHolder/probe_21/ProcessBuildings/CreateBuildings/CreateBuilding_LR/CreateBuildings/CreateMidFloors/polyextrude1,polyextrude::2.0,,1,12,medium,splittype=0 outputfrontgrp=1 thicknessramp1value=1 thicknessramp1interp=2 thicknessramp2pos=1 thicknessramp2value=1 thicknessramp2interp=2 twistramp1value=0.5 twistramp1interp=2 twistramp2pos=1 twistramp2value=0.5 twistramp2interp=2,inset
AB::CityGenerator::2.5,/obj/AnalysisHolder/probe_21/ProcessBuildings/CreateBuildings/CreateBuilding_LR/CreateBuildings/CreateTopFloor/polyextrude1,polyextrude::2.0,,1,12,medium,splittype=0 outputfrontgrp=1 thicknessramp1value=1 thicknessramp1interp=2 thicknessramp2pos=1 thicknessramp2value=1 thicknessramp2interp=2 twistramp1value=0.5 twistramp1interp=2 twistramp2pos=1 twistramp2value=0.5 twistramp2interp=2,inset
AB::CityGenerator::2.5,/obj/AnalysisHolder/probe_21/ProcessBuildings/CreateBuildings/CreateBuilding_MR/CreateBuildings/foreach_end2,block_end,,1,3,medium,itermethod=1 method=1 class=0,attrib
AB::CityGenerator::2.5,/obj/AnalysisHolder/probe_21/ProcessBuildings/CreateBuildings/CreateBuilding_HR/foreach_end2,block_end,,1,3,medium,itermethod=1 method=1 class=0,attrib
AB::CityGenerator::2.5,/obj/AnalysisHolder/probe_21/ProcessBuildings/CreateBuildings/CreateBuilding_HR/CreateMidFloors/polyext_WindowInset,polyextrude::2.0,,1,12,medium,splittype=0 outputfrontgrp=1 thicknessramp1value=1 thicknessramp1interp=2 thicknessramp2pos=1 thicknessramp2value=1 thicknessramp2interp=2 twistramp1value=0.5 twistramp1interp=2 twistramp2pos=1 twistramp2value=0.5 twistramp2interp=2,inset
AB::CityGenerator::2.5,/obj/AnalysisHolder/probe_21/ProcessBuildings/CreateBuildings/CreateBuilding_HR/CreateMidFloors/polyext_WindowDepth,polyextrude::2.0,,1,10,medium,thicknessramp1value=1 thicknessramp1interp=2 thicknessramp2pos=1 thicknessramp2value=1 thicknessramp2interp=2 twistramp1value=0.5 twistramp1interp=2 twistramp2pos=1 twistramp2value=0.5 twistramp2interp=2,dist
AB::CityGenerator::2.5,/obj/AnalysisHolder/probe_21/ProcessBuildings/CreateBuildings/CreateBuilding_HR/CreateTopFloor/polyext_WindowInset,polyextrude::2.0,,1,12,medium,splittype=0 outputfrontgrp=1 thicknessramp1value=1 thicknessramp1interp=2 thicknessramp2pos=1 thicknessramp2value=1 thicknessramp2interp=2 twistramp1value=0.5 twistramp1interp=2 twistramp2pos=1 twistramp2value=0.5 twistramp2interp=2,inset
AB::CityGenerator::2.5,/obj/AnalysisHolder/probe_21/ProcessBuildings/CreateBuildings/CreateBuilding_HR/CreateTopFloor/polyext_WindowDepth,polyextrude::2.0,,1,10,medium,thicknessramp1value=1 thicknessramp1interp=2 thicknessramp2pos=1 thicknessramp2value=1 thicknessramp2interp=2 twistramp1value=0.5 twistramp1interp=2 twistramp2pos=1 twistramp2value=0.5 twistramp2interp=2,dist
AB::CityGenerator::2.5,/obj/AnalysisHolder/probe_21/ProcessBuildings/CreateBuildings/CreateBuilding_HR/CreateRoof/sweep1,sweep::2.0,,2,7,medium,surfaceshape=1 endcaptype=1 computeuvs=1 overrideexistinguvs=1 scaleramp1value=1 scaleramp2pos=1 scaleramp2value=1,cols radius
AB::CityGenerator::2.5,/obj/AnalysisHolder/probe_21/ProcessBuildings/CreateBuildings/CreateBuilding_HR/CreateRoof/transform2,xform,,1,1,medium,parmgroup_pivotxform=1,ty
AB::CityGenerator::2.5,/obj/AnalysisHolder/probe_21/ProcessBuildings/CreateBuildings/CreateBuilding_HR/foreach_end4,block_end,,1,3,medium,itermethod=1 method=1 class=0,attrib
AB::CityGenerator::2.5,/obj/AnalysisHolder/probe_21/ProcessBuildings/CreateBuildings/CreateBuilding_HR/CreateMidFloors1/polyext_WindowInset,polyextrude::2.0,,1,12,medium,splittype=0 outputfrontgrp=1 thicknessramp1value=1 thicknessramp1interp=2 thicknessramp2pos=1 thicknessramp2value=1 thicknessramp2interp=2 twistramp1value=0.5 twistramp1interp=2 twistramp2pos=1 twistramp2value=0.5 twistramp2interp=2,inset
AB::CityGenerator::2.5,/obj/AnalysisHolder/probe_21/ProcessBuildings/CreateBuildings/CreateBuilding_HR/CreateMidFloors1/polyext_WindowDepth,polyextrude::2.0,,1,10,medium,thicknessramp1value=1 thicknessramp1interp=2 thicknessramp2pos=1 thicknessramp2value=1 thicknessramp2interp=2 twistramp1value=0.5 twistramp1interp=2 twistramp2pos=1 twistramp2value=0.5 twistramp2interp=2,dist
AB::CityGenerator::2.5,/obj/AnalysisHolder/probe_21/ProcessBuildings/CreateBuildings/CreateBuilding_HR/CreateRoof1/sweep1,sweep::2.0,,2,7,medium,surfaceshape=1 endcaptype=1 computeuvs=1 overrideexistinguvs=1 scaleramp1value=1 scaleramp2pos=1 scaleramp2value=1,cols radius
AB::CityGenerator::2.5,/obj/AnalysisHolder/probe_21/ProcessBuildings/CreateBuildings/CreateBuilding_HR/CreateRoof1/transform2,xform,,1,1,medium,parmgroup_pivotxform=1,ty
AB::CityGenerator::2.5,/obj/AnalysisHolder/probe_21/ProcessBuildings/CreateBuildings/CreateBuilding_HR/CreateTopFloor1/polyext_WindowInset,polyextrude::2.0,,1,12,medium,splittype=0 outputfrontgrp=1 thicknessramp1value=1 thicknessramp1interp=2 thicknessramp2pos=1 thicknessramp2value=1 thicknessramp2interp=2 twistramp1value=0.5 twistramp1interp=2 twistramp2pos=1 twistramp2value=0.5 twistramp2interp=2,inset
AB::CityGenerator::2.5,/obj/AnalysisHolder/probe_21/ProcessBuildings/CreateBuildings/CreateBuilding_HR/CreateTopFloor1/polyext_WindowDepth,polyextrude::2.0,,1,10,medium,thicknessramp1value=1 thicknessramp1interp=2 thicknessramp2pos=1 thicknessramp2value=1 thicknessramp2interp=2 twistramp1value=0.5 twistramp1interp=2 twistramp2pos=1 twistramp2value=0.5 twistramp2interp=2,dist
AB::CityGenerator::2.5,/obj/AnalysisHolder/probe_21/ProcessBuildings/CreateBuildings/CreateBuilding_HR/CreateRoof2/sweep1,sweep::2.0,,2,7,medium,surfaceshape=1 endcaptype=1 computeuvs=1 overrideexistinguvs=1 scaleramp1value=1 scaleramp2pos=1 scaleramp2value=1,cols radius
AB::CityGenerator::2.5,/obj/AnalysisHolder/probe_21/ProcessBuildings/CreateBuildings/CreateBuilding_HR/CreateRoof2/transform2,xform,,1,1,medium,parmgroup_pivotxform=1,ty
AB::CityGenerator::2.5,/obj/AnalysisHolder/probe_21/ProcessBuildings/CreateBuildings/CreateBuilding_HR/foreach_end7,block_end,,1,3,medium,itermethod=1 method=1 class=0,attrib
AB::CityGenerator::2.5,/obj/AnalysisHolder/probe_21/ProcessBuildings/CreateBuildings/CreateBuilding_HR/CreateTopFloor2/polyext_WindowInset,polyextrude::2.0,,1,12,medium,splittype=0 outputfrontgrp=1 thicknessramp1value=1 thicknessramp1interp=2 thicknessramp2pos=1 thicknessramp2value=1 thicknessramp2interp=2 twistramp1value=0.5 twistramp1interp=2 twistramp2pos=1 twistramp2value=0.5 twistramp2interp=2,inset
AB::CityGenerator::2.5,/obj/AnalysisHolder/probe_21/ProcessBuildings/CreateBuildings/CreateBuilding_HR/CreateTopFloor2/polyext_WindowDepth,polyextrude::2.0,,1,10,medium,thicknessramp1value=1 thicknessramp1interp=2 thicknessramp2pos=1 thicknessramp2value=1 thicknessramp2interp=2 twistramp1value=0.5 twistramp1interp=2 twistramp2pos=1 twistramp2value=0.5 twistramp2interp=2,dist
AB::CityGenerator::2.5,/obj/AnalysisHolder/probe_21/ProcessBuildings/CreateBuildings/CreateBuilding_HR/CreateMidFloors2/polyext_WindowInset,polyextrude::2.0,,1,12,medium,splittype=0 outputfrontgrp=1 thicknessramp1value=1 thicknessramp1interp=2 thicknessramp2pos=1 thicknessramp2value=1 thicknessramp2interp=2 twistramp1value=0.5 twistramp1interp=2 twistramp2pos=1 twistramp2value=0.5 twistramp2interp=2,inset
AB::CityGenerator::2.5,/obj/AnalysisHolder/probe_21/ProcessBuildings/CreateBuildings/CreateBuilding_HR/CreateMidFloors2/polyext_WindowDepth,polyextrude::2.0,,1,10,medium,thicknessramp1value=1 thicknessramp1interp=2 thicknessramp2pos=1 thicknessramp2value=1 thicknessramp2interp=2 twistramp1value=0.5 twistramp1interp=2 twistramp2pos=1 twistramp2value=0.5 twistramp2interp=2,dist
AB::CityGenerator::2.5,/obj/AnalysisHolder/probe_21/ProcessBuildings/CreateBuildings/CreateBuilding_HR/CreateMidFloors3/polyext_WindowInset,polyextrude::2.0,,1,12,medium,splittype=0 outputfrontgrp=1 thicknessramp1value=1 thicknessramp1interp=2 thicknessramp2pos=1 thicknessramp2value=1 thicknessramp2interp=2 twistramp1value=0.5 twistramp1interp=2 twistramp2pos=1 twistramp2value=0.5 twistramp2interp=2,inset
AB::CityGenerator::2.5,/obj/AnalysisHolder/probe_21/ProcessBuildings/CreateBuildings/CreateBuilding_HR/CreateMidFloors3/polyext_WindowDepth,polyextrude::2.0,,1,10,medium,thicknessramp1value=1 thicknessramp1interp=2 thicknessramp2pos=1 thicknessramp2value=1 thicknessramp2interp=2 twistramp1value=0.5 twistramp1interp=2 twistramp2pos=1 twistramp2value=0.5 twistramp2interp=2,dist
AB::CityGenerator::2.5,/obj/AnalysisHolder/probe_21/ProcessBuildings/CreateBuildings/CreateBuilding_HR/CreateTopFloor3/polyext_WindowInset,polyextrude::2.0,,1,12,medium,splittype=0 outputfrontgrp=1 thicknessramp1value=1 thicknessramp1interp=2 thicknessramp2pos=1 thicknessramp2value=1 thicknessramp2interp=2 twistramp1value=0.5 twistramp1interp=2 twistramp2pos=1 twistramp2value=0.5 twistramp2interp=2,inset
AB::CityGenerator::2.5,/obj/AnalysisHolder/probe_21/ProcessBuildings/CreateBuildings/CreateBuilding_HR/CreateTopFloor3/polyext_WindowDepth,polyextrude::2.0,,1,10,medium,thicknessramp1value=1 thicknessramp1interp=2 thicknessramp2pos=1 thicknessramp2value=1 thicknessramp2interp=2 twistramp1value=0.5 twistramp1interp=2 twistramp2pos=1 twistramp2value=0.5 twistramp2interp=2,dist
AB::CityGenerator::2.5,/obj/AnalysisHolder/probe_21/ProcessBuildings/CreateBuildings/CreateBuilding_HR/CreateRoof3/sweep1,sweep::2.0,,2,7,medium,surfaceshape=1 endcaptype=1 computeuvs=1 overrideexistinguvs=1 scaleramp1value=1 scaleramp2pos=1 scaleramp2value=1,cols radius
AB::CityGenerator::2.5,/obj/AnalysisHolder/probe_21/ProcessBuildings/CreateBuildings/CreateBuilding_HR/CreateRoof3/transform2,xform,,1,1,medium,parmgroup_pivotxform=1,ty
AB::CityGenerator::2.5,/obj/AnalysisHolder/probe_21/ProcessBuildings/CreateBuildings/CreateBuilding_HR/foreach_end12,block_end,,1,3,medium,itermethod=1 method=1 class=0,attrib
AB::CityGenerator::2.5,/obj/AnalysisHolder/probe_21/ProcessBuildings/CreateBuildings/CreateBuilding_HR/CreateRoof4/sweep1,sweep::2.0,,2,7,medium,surfaceshape=1 endcaptype=1 computeuvs=1 overrideexistinguvs=1 scaleramp1value=1 scaleramp2pos=1 scaleramp2value=1,cols radius
AB::CityGenerator::2.5,/obj/AnalysisHolder/probe_21/ProcessBuildings/CreateBuildings/CreateBuilding_HR/CreateRoof4/transform2,xform,,1,1,medium,parmgroup_pivotxform=1,ty
AB::CityGenerator::2.5,/obj/AnalysisHolder/probe_21/ProcessBuildings/CreateBuildings/CreateBuilding_HR/CreateTopFloor4/polyext_WindowInset,polyextrude::2.0,,1,12,medium,splittype=0 outputfrontgrp=1 thicknessramp1value=1 thicknessramp1interp=2 thicknessramp2pos=1 thicknessramp2value=1 thicknessramp2interp=2 twistramp1value=0.5 twistramp1interp=2 twistramp2pos=1 twistramp2value=0.5 twistramp2interp=2,inset
AB::CityGenerator::2.5,/obj/AnalysisHolder/probe_21/ProcessBuildings/CreateBuildings/CreateBuilding_HR/CreateTopFloor4/polyext_WindowDepth,polyextrude::2.0,,1,10,medium,thicknessramp1value=1 thicknessramp1interp=2 thicknessramp2pos=1 thicknessramp2value=1 thicknessramp2interp=2 twistramp1value=0.5 twistramp1interp=2 twistramp2pos=1 twistramp2value=0.5 twistramp2interp=2,dist
AB::CityGenerator::2.5,/obj/AnalysisHolder/probe_21/ProcessBuildings/CreateBuildings/CreateBuilding_HR/CreateMidFloors4/polyext_WindowInset,polyextrude::2.0,,1,12,medium,splittype=0 outputfrontgrp=1 thicknessramp1value=1 thicknessramp1interp=2 thicknessramp2pos=1 thicknessramp2value=1 thicknessramp2interp=2 twistramp1value=0.5 twistramp1interp=2 twistramp2pos=1 twistramp2value=0.5 twistramp2interp=2,inset
AB::CityGenerator::2.5,/obj/AnalysisHolder/probe_21/ProcessBuildings/CreateBuildings/CreateBuilding_HR/CreateMidFloors4/polyext_WindowDepth,polyextrude::2.0,,1,10,medium,thicknessramp1value=1 thicknessramp1interp=2 thicknessramp2pos=1 thicknessramp2value=1 thicknessramp2interp=2 twistramp1value=0.5 twistramp1interp=2 twistramp2pos=1 twistramp2value=0.5 twistramp2interp=2,dist
AB::CityGenerator::2.5,/obj/AnalysisHolder/probe_21/ProcessBuildings/CreateBuildings/CreateBuilding_HR/foreach_end15,block_end,,1,3,medium,itermethod=1 method=1 class=0,attrib
AB::CityGenerator::2.5,/obj/AnalysisHolder/probe_21/ProcessBuildings/CreateBuildings/CreateBuilding_HR/AR_GroundFloorHeight_SC,attribrandomize,,2,7,medium,class=1 dimensions=1 seed=2430 ramp2pos=0.5 ramp2value=0.5 ramp3pos=1 ramp3value=1,maxx minx
AB::CityGenerator::2.5,/obj/AnalysisHolder/probe_21/ProcessBuildings/CreateBuildings/CreateBuilding_HR/AR_MidFloorHeight_SC,attribrandomize,,2,7,medium,class=1 dimensions=1 seed=2430 ramp2pos=0.5 ramp2value=0.5 ramp3pos=1 ramp3value=1,maxx minx
AB::CityGenerator::2.5,/obj/AnalysisHolder/probe_21/ProcessBuildings/CreateBuildings/CreateBuilding_HR/AR_TopFloorHeight_SC,attribrandomize,,2,7,medium,class=1 dimensions=1 seed=2430 ramp2pos=0.5 ramp2value=0.5 ramp3pos=1 ramp3value=1,maxx minx
AB::CityGenerator::2.5,/obj/AnalysisHolder/probe_21/ProcessBuildings/CreateBuildings/CreateBuilding_HR/AR_TopHeight_SC,attribrandomize,,2,7,medium,class=1 dimensions=1 seed=2430 ramp2pos=0.5 ramp2value=0.5 ramp3pos=1 ramp3value=1,maxx minx
AB::CityGenerator::2.5,/obj/AnalysisHolder/probe_21/ProcessBuildings/CreateBuildings/CreateBuilding_HR/AR_DoorHeight_SC,attribrandomize,,2,7,medium,class=1 dimensions=1 seed=2430 ramp2pos=0.5 ramp2value=0.5 ramp3pos=1 ramp3value=1,maxx minx
AB::CityGenerator::2.5,/obj/AnalysisHolder/probe_21/ProcessBuildings/CreateBuildings/CreateBuilding_HR/AR_MainModSize_SC,attribrandomize,,2,7,medium,class=1 dimensions=1 seed=2430 ramp2pos=0.5 ramp2value=0.5 ramp3pos=1 ramp3value=1,maxx minx
AB::CityGenerator::2.5,/obj/AnalysisHolder/probe_21/ProcessBuildings/CreateBuildings/CreateBuilding_HR/AR_CornerSize_SC,attribadjustinteger,,2,11,medium,class=2 valuetype=1 singlevalue=1 minvalue=1 outlierseed=91 randomseed=22 enable_postprocess=1 doclampmin=1 doclampmax=1 remapramp2pos=1 remapramp2value=1,clampmaxvalue clampminvalue
AB::CityGenerator::2.5,/obj/AnalysisHolder/probe_21/ProcessBuildings/CreateBuildings/CreateBuilding_HR/AR_GroundFloorWindowHeight_SC,attribrandomize,,2,7,medium,class=1 dimensions=1 seed=2430 ramp2pos=0.5 ramp2value=0.5 ramp3pos=1 ramp3value=1,maxx minx
AB::CityGenerator::2.5,/obj/AnalysisHolder/probe_21/ProcessBuildings/CreateBuildings/CreateBuilding_HR/AR_WindowInset_SC,attribrandomize,,2,7,medium,class=1 dimensions=1 seed=2430 ramp2pos=0.5 ramp2value=0.5 ramp3pos=1 ramp3value=1,maxx minx
AB::CityGenerator::2.5,/obj/AnalysisHolder/probe_21/ProcessBuildings/CreateBuildings/CreateBuilding_HR/AR_RoofDepth_SC,attribrandomize,,2,7,medium,class=1 dimensions=1 seed=2430 ramp2pos=0.5 ramp2value=0.5 ramp3pos=1 ramp3value=1,maxx minx
AB::CityGenerator::2.5,/obj/AnalysisHolder/probe_21/ProcessBuildings/CreateBuildings/CreateBuilding_HR/AR_MidFloorHeight_SM,attribrandomize,,2,7,medium,class=1 dimensions=1 seed=2430 ramp2pos=0.5 ramp2value=0.5 ramp3pos=1 ramp3value=1,maxx minx
AB::CityGenerator::2.5,/obj/AnalysisHolder/probe_21/ProcessBuildings/CreateBuildings/CreateBuilding_HR/AR_TopHeight_SM,attribrandomize,,2,7,medium,class=1 dimensions=1 seed=2430 ramp2pos=0.5 ramp2value=0.5 ramp3pos=1 ramp3value=1,maxx minx
AB::CityGenerator::2.5,/obj/AnalysisHolder/probe_21/ProcessBuildings/CreateBuildings/CreateBuilding_HR/AR_MainModSize_SM,attribrandomize,,2,7,medium,class=1 dimensions=1 seed=2430 ramp2pos=0.5 ramp2value=0.5 ramp3pos=1 ramp3value=1,maxx minx
AB::CityGenerator::2.5,/obj/AnalysisHolder/probe_21/ProcessBuildings/CreateBuildings/CreateBuilding_HR/AR_GroundFloorWindowHeight_SM,attribrandomize,,2,7,medium,class=1 dimensions=1 seed=2430 ramp2pos=0.5 ramp2value=0.5 ramp3pos=1 ramp3value=1,maxx minx
AB::CityGenerator::2.5,/obj/AnalysisHolder/probe_21/ProcessBuildings/CreateBuildings/CreateBuilding_HR/AR_GroundFloorHeight_SM,attribrandomize,,2,7,medium,class=1 dimensions=1 seed=2430 ramp2pos=0.5 ramp2value=0.5 ramp3pos=1 ramp3value=1,maxx minx
AB::CityGenerator::2.5,/obj/AnalysisHolder/probe_21/ProcessBuildings/CreateBuildings/CreateBuilding_HR/AR_TopFloorHeight_SM,attribrandomize,,2,7,medium,class=1 dimensions=1 seed=2430 ramp2pos=0.5 ramp2value=0.5 ramp3pos=1 ramp3value=1,maxx minx
AB::CityGenerator::2.5,/obj/AnalysisHolder/probe_21/ProcessBuildings/CreateBuildings/CreateBuilding_HR/AR_DoorHeight_SM,attribrandomize,,2,7,medium,class=1 dimensions=1 seed=2430 ramp2pos=0.5 ramp2value=0.5 ramp3pos=1 ramp3value=1,maxx minx
AB::CityGenerator::2.5,/obj/AnalysisHolder/probe_21/ProcessBuildings/CreateBuildings/CreateBuilding_HR/AR_CornerSize_SM,attribadjustinteger,,2,11,medium,class=2 valuetype=1 singlevalue=1 minvalue=1 outlierseed=91 randomseed=22 enable_postprocess=1 doclampmin=1 doclampmax=1 remapramp2pos=1 remapramp2value=1,clampmaxvalue clampminvalue
AB::CityGenerator::2.5,/obj/AnalysisHolder/probe_21/ProcessBuildings/CreateBuildings/CreateBuilding_HR/AR_WindowInset_SM,attribrandomize,,2,7,medium,class=1 dimensions=1 seed=2430 ramp2pos=0.5 ramp2value=0.5 ramp3pos=1 ramp3value=1,maxx minx
AB::CityGenerator::2.5,/obj/AnalysisHolder/probe_21/ProcessBuildings/CreateBuildings/CreateBuilding_HR/AR_RoofDepth_SM,attribrandomize,,2,7,medium,class=1 dimensions=1 seed=2430 ramp2pos=0.5 ramp2value=0.5 ramp3pos=1 ramp3value=1,maxx minx
AB::CityGenerator::2.5,/obj/AnalysisHolder/probe_21/ProcessBuildings/CreateBuildings/CreateBuilding_HR/AR_TopFloorHeight_MD,attribrandomize,,2,7,medium,class=1 dimensions=1 seed=2430 ramp2pos=0.5 ramp2value=0.5 ramp3pos=1 ramp3value=1,maxx minx
AB::CityGenerator::2.5,/obj/AnalysisHolder/probe_21/ProcessBuildings/CreateBuildings/CreateBuilding_HR/AR_CornerSize_MD,attribadjustinteger,,2,11,medium,class=2 valuetype=1 singlevalue=1 minvalue=1 outlierseed=91 randomseed=22 enable_postprocess=1 doclampmin=1 doclampmax=1 remapramp2pos=1 remapramp2value=1,clampmaxvalue clampminvalue
AB::CityGenerator::2.5,/obj/AnalysisHolder/probe_21/ProcessBuildings/CreateBuildings/CreateBuilding_HR/AR_RoofDepth_MD,attribrandomize,,2,7,medium,class=1 dimensions=1 seed=2430 ramp2pos=0.5 ramp2value=0.5 ramp3pos=1 ramp3value=1,maxx minx
AB::CityGenerator::2.5,/obj/AnalysisHolder/probe_21/ProcessBuildings/CreateBuildings/CreateBuilding_HR/AR_TopHeight_MD,attribrandomize,,2,7,medium,class=1 dimensions=1 seed=2430 ramp2pos=0.5 ramp2value=0.5 ramp3pos=1 ramp3value=1,maxx minx
AB::CityGenerator::2.5,/obj/AnalysisHolder/probe_21/ProcessBuildings/CreateBuildings/CreateBuilding_HR/AR_GroundFloorHeight_MD,attribrandomize,,2,7,medium,class=1 dimensions=1 seed=2430 ramp2pos=0.5 ramp2value=0.5 ramp3pos=1 ramp3value=1,maxx minx
AB::CityGenerator::2.5,/obj/AnalysisHolder/probe_21/ProcessBuildings/CreateBuildings/CreateBuilding_HR/AR_DoorHeight_MD,attribrandomize,,2,7,medium,class=1 dimensions=1 seed=2430 ramp2pos=0.5 ramp2value=0.5 ramp3pos=1 ramp3value=1,maxx minx
AB::CityGenerator::2.5,/obj/AnalysisHolder/probe_21/ProcessBuildings/CreateBuildings/CreateBuilding_HR/AR_WindowInset_MD,attribrandomize,,2,7,medium,class=1 dimensions=1 seed=2430 ramp2pos=0.5 ramp2value=0.5 ramp3pos=1 ramp3value=1,maxx minx
AB::CityGenerator::2.5,/obj/AnalysisHolder/probe_21/ProcessBuildings/CreateBuildings/CreateBuilding_HR/AR_MidFloorHeight_MD,attribrandomize,,2,7,medium,class=1 dimensions=1 seed=2430 ramp2pos=0.5 ramp2value=0.5 ramp3pos=1 ramp3value=1,maxx minx
AB::CityGenerator::2.5,/obj/AnalysisHolder/probe_21/ProcessBuildings/CreateBuildings/CreateBuilding_HR/AR_MainModSize_MD,attribrandomize,,2,7,medium,class=1 dimensions=1 seed=2430 ramp2pos=0.5 ramp2value=0.5 ramp3pos=1 ramp3value=1,maxx minx
AB::CityGenerator::2.5,/obj/AnalysisHolder/probe_21/ProcessBuildings/CreateBuildings/CreateBuilding_HR/AR_GroundFloorWindowHeight_MD,attribrandomize,,2,7,medium,class=1 dimensions=1 seed=2430 ramp2pos=0.5 ramp2value=0.5 ramp3pos=1 ramp3value=1,maxx minx
AB::CityGenerator::2.5,/obj/AnalysisHolder/probe_21/ProcessBuildings/CreateBuildings/CreateBuilding_HR/AR_DoorHeight_LG,attribrandomize,,2,7,medium,class=1 dimensions=1 seed=2430 ramp2pos=0.5 ramp2value=0.5 ramp3pos=1 ramp3value=1,maxx minx
AB::CityGenerator::2.5,/obj/AnalysisHolder/probe_21/ProcessBuildings/CreateBuildings/CreateBuilding_HR/AR_MidFloorHeight_LG,attribrandomize,,2,7,medium,class=1 dimensions=1 seed=2430 ramp2pos=0.5 ramp2value=0.5 ramp3pos=1 ramp3value=1,maxx minx
AB::CityGenerator::2.5,/obj/AnalysisHolder/probe_21/ProcessBuildings/CreateBuildings/CreateBuilding_HR/AR_GroundFloorWindowHeight_LG,attribrandomize,,2,7,medium,class=1 dimensions=1 seed=2430 ramp2pos=0.5 ramp2value=0.5 ramp3pos=1 ramp3value=1,maxx minx
AB::CityGenerator::2.5,/obj/AnalysisHolder/probe_21/ProcessBuildings/CreateBuildings/CreateBuilding_HR/AR_CornerSize_LG,attribadjustinteger,,2,11,medium,class=2 valuetype=1 singlevalue=1 minvalue=1 outlierseed=91 randomseed=22 enable_postprocess=1 doclampmin=1 doclampmax=1 remapramp2pos=1 remapramp2value=1,clampmaxvalue clampminvalue
AB::CityGenerator::2.5,/obj/AnalysisHolder/probe_21/ProcessBuildings/CreateBuildings/CreateBuilding_HR/AR_GroundFloorHeight_LG,attribrandomize,,2,7,medium,class=1 dimensions=1 seed=2430 ramp2pos=0.5 ramp2value=0.5 ramp3pos=1 ramp3value=1,maxx minx
AB::CityGenerator::2.5,/obj/AnalysisHolder/probe_21/ProcessBuildings/CreateBuildings/CreateBuilding_HR/AR_WindowInset_LG,attribrandomize,,2,7,medium,class=1 dimensions=1 seed=2430 ramp2pos=0.5 ramp2value=0.5 ramp3pos=1 ramp3value=1,maxx minx
AB::CityGenerator::2.5,/obj/AnalysisHolder/probe_21/ProcessBuildings/CreateBuildings/CreateBuilding_HR/AR_MainModSize_LG,attribrandomize,,2,7,medium,class=1 dimensions=1 seed=2430 ramp2pos=0.5 ramp2value=0.5 ramp3pos=1 ramp3value=1,maxx minx
AB::CityGenerator::2.5,/obj/AnalysisHolder/probe_21/ProcessBuildings/CreateBuildings/CreateBuilding_HR/AR_TopFloorHeight_LG,attribrandomize,,2,7,medium,class=1 dimensions=1 seed=2430 ramp2pos=0.5 ramp2value=0.5 ramp3pos=1 ramp3value=1,maxx minx
AB::CityGenerator::2.5,/obj/AnalysisHolder/probe_21/ProcessBuildings/CreateBuildings/CreateBuilding_HR/AR_RoofDepth_LG,attribrandomize,,2,7,medium,class=1 dimensions=1 seed=2430 ramp2pos=0.5 ramp2value=0.5 ramp3pos=1 ramp3value=1,maxx minx
AB::CityGenerator::2.5,/obj/AnalysisHolder/probe_21/ProcessBuildings/CreateBuildings/CreateBuilding_HR/AR_TopHeight_LG,attribrandomize,,2,7,medium,class=1 dimensions=1 seed=2430 ramp2pos=0.5 ramp2value=0.5 ramp3pos=1 ramp3value=1,maxx minx
AB::CityGenerator::2.5,/obj/AnalysisHolder/probe_21/ProcessBuildings/CreateBuildings/CreateBuilding_HR/AR_DoorHeight_XL,attribrandomize,,2,7,medium,class=1 dimensions=1 seed=2430 ramp2pos=0.5 ramp2value=0.5 ramp3pos=1 ramp3value=1,maxx minx
AB::CityGenerator::2.5,/obj/AnalysisHolder/probe_21/ProcessBuildings/CreateBuildings/CreateBuilding_HR/AR_MidFloorHeight_XL,attribrandomize,,2,7,medium,class=1 dimensions=1 seed=2430 ramp2pos=0.5 ramp2value=0.5 ramp3pos=1 ramp3value=1,maxx minx
AB::CityGenerator::2.5,/obj/AnalysisHolder/probe_21/ProcessBuildings/CreateBuildings/CreateBuilding_HR/AR_CornerSize_XL,attribadjustinteger,,2,11,medium,class=2 valuetype=1 singlevalue=1 minvalue=1 outlierseed=91 randomseed=22 enable_postprocess=1 doclampmin=1 doclampmax=1 remapramp2pos=1 remapramp2value=1,clampmaxvalue clampminvalue
AB::CityGenerator::2.5,/obj/AnalysisHolder/probe_21/ProcessBuildings/CreateBuildings/CreateBuilding_HR/AR_GroundFloorHeight_XL,attribrandomize,,2,7,medium,class=1 dimensions=1 seed=2430 ramp2pos=0.5 ramp2value=0.5 ramp3pos=1 ramp3value=1,maxx minx
AB::CityGenerator::2.5,/obj/AnalysisHolder/probe_21/ProcessBuildings/CreateBuildings/CreateBuilding_HR/AR_MainModSize_XL,attribrandomize,,2,7,medium,class=1 dimensions=1 seed=2430 ramp2pos=0.5 ramp2value=0.5 ramp3pos=1 ramp3value=1,maxx minx
AB::CityGenerator::2.5,/obj/AnalysisHolder/probe_21/ProcessBuildings/CreateBuildings/CreateBuilding_HR/AR_RoofDepth_XL,attribrandomize,,2,7,medium,class=1 dimensions=1 seed=2430 ramp2pos=0.5 ramp2value=0.5 ramp3pos=1 ramp3value=1,maxx minx
AB::CityGenerator::2.5,/obj/AnalysisHolder/probe_21/ProcessBuildings/CreateBuildings/CreateBuilding_HR/AR_GroundFloorWindowHeight_XL,attribrandomize,,2,7,medium,class=1 dimensions=1 seed=2430 ramp2pos=0.5 ramp2value=0.5 ramp3pos=1 ramp3value=1,maxx minx
AB::CityGenerator::2.5,/obj/AnalysisHolder/probe_21/ProcessBuildings/CreateBuildings/CreateBuilding_HR/AR_WindowInset_XL,attribrandomize,,2,7,medium,class=1 dimensions=1 seed=2430 ramp2pos=0.5 ramp2value=0.5 ramp3pos=1 ramp3value=1,maxx minx
AB::CityGenerator::2.5,/obj/AnalysisHolder/probe_21/ProcessBuildings/CreateBuildings/CreateBuilding_HR/AR_TopFloorHeight_XL,attribrandomize,,2,7,medium,class=1 dimensions=1 seed=2430 ramp2pos=0.5 ramp2value=0.5 ramp3pos=1 ramp3value=1,maxx minx
AB::CityGenerator::2.5,/obj/AnalysisHolder/probe_21/ProcessBuildings/CreateBuildings/CreateBuilding_HR/AR_TopHeight_XL,attribrandomize,,2,7,medium,class=1 dimensions=1 seed=2430 ramp2pos=0.5 ramp2value=0.5 ramp3pos=1 ramp3value=1,maxx minx
AB::CityGenerator::2.5,/obj/AnalysisHolder/probe_21/ProcessBuildings/CreateBuildings/CreateProxies/copy2,copyxform,,1,1,medium,ncy=1,ty
AB::CityGenerator::2.5,/obj/AnalysisHolder/probe_21/ProcessBuildings/ProcessBuildingHeights/RampBasedHeight/attribvop1,attribvop,,32,1,medium,switcher=1,ramp1 ramp1_1cb ramp1_1cg ramp1_1cr ramp1_1interp ramp1_1pos ramp1_2cb ramp1_2cg ramp1_2cr ramp1_2interp ramp1_2pos rampmult rampmult1cb rampmult1cg rampmult1cr rampmult1interp rampmult1pos rampmult2cb rampmult2cg rampmult2cr rampmult2interp rampmult2pos rampmult3cb rampmult3cg rampmult3cr rampmult3interp rampmult3pos rampmult4cb rampmult4cg rampmult4cr rampmult4interp rampmult4pos
AB::CityGenerator::2.5,/obj/AnalysisHolder/probe_21/divide2,divide,,2,1,medium,numsides=4,sizey sizez
AB::CityGenerator::2.5,/obj/AnalysisHolder/probe_21/divide3,divide,,2,1,medium,numsides=4,sizey sizez
AB::CityGridGenerator::1.4,/obj/AnalysisHolder/probe_22/CreatePattern_001/scatter1,scatter::2.0,,2,5,medium,usedensityattrib=1 emergencylimit=53306 relaxiterations=0 scaleradiiby=0 maxradius=0,npts seed
AB::CityGridGenerator::1.4,/obj/AnalysisHolder/probe_22/CreatePattern_001/divide1,divide,,2,2,medium,convex=0 removesh=1,sizey sizez
AB::CityGridGenerator::1.4,/obj/AnalysisHolder/probe_22/CreatePattern_002/scatter1,scatter::2.0,,2,5,medium,usedensityattrib=1 emergencylimit=53306 relaxiterations=0 scaleradiiby=0 maxradius=0,npts seed
AB::CityGridGenerator::1.4,/obj/AnalysisHolder/probe_22/CreatePattern_002/divide1,divide,size,2,3,high,convex=0 brick=1 sizex=10,sizey sizez
AB::CityGridGenerator::1.4,/obj/AnalysisHolder/probe_22/CreatePattern_002/ManhattenDistance3,AB::ManhattenDistance::2.0,,1,18,medium,divsu=2 FinalSize=4096 GF_signGraphic1cr=1 GF_signGraphic1interp=0 GF_signGraphic2pos=0.2 GF_signGraphic2cg=1 GF_signGraphic2interp=0 GF_signGraphic3pos=0.4 GF_signGraphic3cb=1 GF_signGraphic3interp=0 GF_signGraphic4pos=0.6 GF_signGraphic4cr=1 GF_signGraphic4cg=1 GF_signGraphic4interp=0 GF_signGraphic5pos=0.8 GF_signGraphic5cg=1 GF_signGraphic5cb=1 GF_signGraphic5interp=0,ScatterPoints
AB::CityGridGenerator::1.4,/obj/AnalysisHolder/probe_22/CreatePattern_002/ManhattenDistance3/scatter1,scatter::2.0,,1,2,medium,seed=1 relaxiterations=0,npts
AB::CityGridGenerator::1.4,/obj/AnalysisHolder/probe_22/CreatePattern_002/ManhattenDistance3/attribwrangle13,attribwrangle,,26,1,medium,seed_GF_signGraphic=1,GF_signGraphic GF_signGraphic1cb GF_signGraphic1cg GF_signGraphic1cr GF_signGraphic1interp GF_signGraphic1pos GF_signGraphic2cb GF_signGraphic2cg GF_signGraphic2cr GF_signGraphic2interp GF_signGraphic2pos GF_signGraphic3cb GF_signGraphic3cg GF_signGraphic3cr GF_signGraphic3interp GF_signGraphic3pos GF_signGraphic4cb GF_signGraphic4cg GF_signGraphic4cr GF_signGraphic4interp GF_signGraphic4pos GF_signGraphic5cb GF_signGraphic5cg GF_signGraphic5cr GF_signGraphic5interp GF_signGraphic5pos
AB::CityGridGenerator::1.4,/obj/AnalysisHolder/probe_22/CreatePattern_002/ManhattenDistance3/timeshift1,timeshift,,1,1,medium,Shift=0,frame
AB::CityGridGenerator::1.4,/obj/AnalysisHolder/probe_22/CreatePattern_002/ManhattenDistance3/transform1,xform,s,2,9,high,tx=0 ty=0 tz=0 sx=0 parmgroup_pivotxform=1 px=0 py=0 pz=0 addattrib=1,sy sz
AB::CityGridGenerator::1.4,/obj/AnalysisHolder/probe_22/CreatePattern_002/ManhattenDistance3/transform2,xform,,1,1,medium,parmgroup_pivotxform=1,scale
AB::CityGridGenerator::1.4,/obj/AnalysisHolder/probe_22/CreatePattern_002/ManhattenDistance3/foreach_end5,block_end,,1,3,medium,itermethod=1 method=1 class=0,attrib
AB::CityGridGenerator::1.4,/obj/AnalysisHolder/probe_22/CreatePattern_002/ManhattenDistance3/carve3,carve,,1,5,medium,domainu1=0 domainu2=1 secondu=1 stdswitcher1=1 extractop=1,divsu
AB::CityGridGenerator::1.4,/obj/AnalysisHolder/probe_22/CreatePattern_003/ManhattenDistance3/scatter1,scatter::2.0,,1,2,medium,seed=1 relaxiterations=0,npts
AB::CityGridGenerator::1.4,/obj/AnalysisHolder/probe_22/CreatePattern_003/ManhattenDistance3/attribwrangle13,attribwrangle,,26,1,medium,seed_GF_signGraphic=1,GF_signGraphic GF_signGraphic1cb GF_signGraphic1cg GF_signGraphic1cr GF_signGraphic1interp GF_signGraphic1pos GF_signGraphic2cb GF_signGraphic2cg GF_signGraphic2cr GF_signGraphic2interp GF_signGraphic2pos GF_signGraphic3cb GF_signGraphic3cg GF_signGraphic3cr GF_signGraphic3interp GF_signGraphic3pos GF_signGraphic4cb GF_signGraphic4cg GF_signGraphic4cr GF_signGraphic4interp GF_signGraphic4pos GF_signGraphic5cb GF_signGraphic5cg GF_signGraphic5cr GF_signGraphic5interp GF_signGraphic5pos
AB::CityGridGenerator::1.4,/obj/AnalysisHolder/probe_22/CreatePattern_003/ManhattenDistance3/timeshift1,timeshift,,1,1,medium,Shift=0,frame
AB::CityGridGenerator::1.4,/obj/AnalysisHolder/probe_22/CreatePattern_003/ManhattenDistance3/transform1,xform,s,2,9,high,tx=0 ty=0 tz=0 sx=0 parmgroup_pivotxform=1 px=0 py=0 pz=0 addattrib=1,sy sz
AB::CityGridGenerator::1.4,/obj/AnalysisHolder/probe_22/CreatePattern_003/ManhattenDistance3/transform2,xform,,1,1,medium,parmgroup_pivotxform=1,scale
AB::CityGridGenerator::1.4,/obj/AnalysisHolder/probe_22/CreatePattern_003/ManhattenDistance3/foreach_end5,block_end,,1,3,medium,itermethod=1 method=1 class=0,attrib
AB::CityGridGenerator::1.4,/obj/AnalysisHolder/probe_22/CreatePattern_003/ManhattenDistance3/carve3,carve,,1,5,medium,domainu1=0 domainu2=1 secondu=1 stdswitcher1=1 extractop=1,divsu
AB::CityGridGenerator::1.4,/obj/AnalysisHolder/probe_22/CreatePattern_003/ManhattenDistance3/transform3,xform,s,2,9,high,tx=0 ty=0 tz=0 sx=0 parmgroup_pivotxform=1 px=0 py=0 pz=0 addattrib=1,sy sz
AB::CityGridGenerator::1.4,/obj/AnalysisHolder/probe_22/CreatePattern_003/ManhattenDistance3/transform4,xform,,1,1,medium,parmgroup_pivotxform=1,scale
AB::CityGridGenerator::1.4,/obj/AnalysisHolder/probe_22/CreateBaseGrid/MAP_GRID_MASTER,grid,size,1,3,high,sizex=4096 rows=100 cols=100,sizey
AB::CityGridGenerator::1.4,/obj/AnalysisHolder/probe_22/CreateBaseGrid/MAP_GRID_MASTER1,grid,size,1,3,high,sizex=2048 rows=100 cols=100,sizey
AB::CityGridGenerator::1.4,/obj/AnalysisHolder/probe_22/CreateBaseGrid/MAP_GRID_MASTER2,grid,size,1,3,high,sizex=1024 rows=100 cols=100,sizey
AB::CityGridGenerator::1.4,/obj/AnalysisHolder/probe_22/CreateBaseGrid/MAP_GRID_MASTER3,grid,size,1,3,high,sizex=512 rows=100 cols=100,sizey
AB::CityGridGenerator::1.4,/obj/AnalysisHolder/probe_22/polybevel1,polybevel::3.0,,1,7,medium,grouptype=1 divisions=18 profileramp1value=0.5 profileramp1interp=2 profileramp2pos=1 profileramp2value=0.5 profileramp2interp=2,offset
AB::CityGridGenerator::1.4,/obj/AnalysisHolder/probe_22/transform2,xform,,1,1,medium,parmgroup_pivotxform=1,ty
AB::CityGridGenerator::1.4,/obj/AnalysisHolder/probe_22/transform3,xform,,1,1,medium,parmgroup_pivotxform=1,ty
AB::CityGridGenerator::1.4,/obj/AnalysisHolder/probe_22/carve3,carve,domainu,1,6,high,firstu=0 domainu2=1 firstv=1 domainv1=0 domainv2=0.1 secondv=1,domainu1
AB::CityGridGenerator::1.4,/obj/AnalysisHolder/probe_22/DivideSidewalks/divide1,divide,,2,2,medium,convex=0 brick=1,sizey sizez
AB::CityGridGenerator::1.4,/obj/AnalysisHolder/probe_22/SidewalkPrep/divide2,divide,,2,1,medium,numsides=4,sizey sizez
AB::CityGridGenerator::1.4,/obj/AnalysisHolder/probe_22/SidewalkPrep/foreach_end3,block_end,,1,3,medium,itermethod=1 method=1 class=0,attrib
AB::CityGridGenerator::1.4,/obj/AnalysisHolder/probe_22/SidewalkPrep/uvtransform1,uvtransform::2.0,s,2,1,high,sx=100,sy sz
AB::CityGridGenerator::1.4,/obj/AnalysisHolder/probe_22/ProcessPlanes/SubdivideLots1,AB::SubdivideLots::2.0,,8,16,medium,Ramp_Color1cr=1 Ramp_Color1interp=0 Ramp_Color2pos=0.2 Ramp_Color2cg=1 Ramp_Color2interp=0 Ramp_Color3pos=0.4 Ramp_Color3cb=1 Ramp_Color3interp=0 Ramp_Color4pos=0.6 Ramp_Color4cr=1 Ramp_Color4cg=1 Ramp_Color4interp=0 Ramp_Color5pos=0.8 Ramp_Color5cg=1 Ramp_Color5cb=1 Ramp_Color5interp=0,AreaDelete alignment irregularity iterations min_lot_size shape_seed vertical_bias vertical_packing
AB::CityGridGenerator::1.4,/obj/AnalysisHolder/probe_22/ProcessPlanes/SubdivideLots1/extra_middle_point,carve,,1,2,medium,stdswitcher1=1 extractop=1,domainu1
AB::CityGridGenerator::1.4,/obj/AnalysisHolder/probe_22/ProcessPlanes/SubdivideLots1/foreach_end2,block_end,,1,1,medium,itermethod=2,iterations
AB::CityGridGenerator::1.4,/obj/AnalysisHolder/probe_22/ProcessPlanes/SubdivideLots1/switch1,switch,,1,1,medium,pow=1,input
AB::CityGridGenerator::1.4,/obj/AnalysisHolder/probe_22/ProcessPlanes/SubdivideLots1/add1,add,pt0,2,2,high,points=1 pt0y=1.2,pt0x pt0z
AB::CityGridGenerator::1.4,/obj/AnalysisHolder/probe_22/ProcessPlanes/SubdivideLots1/BRUTE_FORCE_REMOVE_SHARED_EDGES/contract_back_to_original,polyextrude::2.0,,1,11,medium,outputside=0 thicknessramp1value=1 thicknessramp1interp=2 thicknessramp2pos=1 thicknessramp2value=1 thicknessramp2interp=2 twistramp1value=0.5 twistramp1interp=2 twistramp2pos=1 twistramp2value=0.5 twistramp2interp=2,inset
AB::CityGridGenerator::1.4,/obj/AnalysisHolder/probe_22/ProcessPlanes/SubdivideLots1/cluster_points,cluster,,2,2,medium,initial_threshold=0 final_threshold=0.37,num_clusters random_seed
AB::CityGridGenerator::1.4,/obj/AnalysisHolder/probe_22/ProcessPlanes/SubdivideLots1/sop_color_adjustment1,labs::color_adjustment,,1,1,medium,brightness=1,gamma
AB::CityGridGenerator::1.4,/obj/AnalysisHolder/probe_22/ProcessPlanes/SubdivideLots1/foreach_end5,block_end,,1,1,medium,itermethod=2,iterations
AB::CityGridGenerator::1.4,/obj/AnalysisHolder/probe_22/ProcessPlanes/SubdivideLots1/foreach_end7,block_end,,1,1,medium,itermethod=2,iterations
AB::CityGridGenerator::1.4,/obj/AnalysisHolder/probe_22/ProcessPlanes/SubdivideLots1/attribwrangle3,attribwrangle,,26,1,medium,Seed_RampColor=4,Ramp_Color Ramp_Color1cb Ramp_Color1cg Ramp_Color1cr Ramp_Color1interp Ramp_Color1pos Ramp_Color2cb Ramp_Color2cg Ramp_Color2cr Ramp_Color2interp Ramp_Color2pos Ramp_Color3cb Ramp_Color3cg Ramp_Color3cr Ramp_Color3interp Ramp_Color3pos Ramp_Color4cb Ramp_Color4cg Ramp_Color4cr Ramp_Color4interp Ramp_Color4pos Ramp_Color5cb Ramp_Color5cg Ramp_Color5cr Ramp_Color5interp Ramp_Color5pos
AB::CityGridGenerator::1.4,/obj/AnalysisHolder/probe_22/CreatePattern_002_Copy/scatter1,scatter::2.0,,2,5,medium,usedensityattrib=1 emergencylimit=53306 relaxiterations=0 scaleradiiby=0 maxradius=0,npts seed
AB::CityGridGenerator::1.4,/obj/AnalysisHolder/probe_22/CreatePattern_002_Copy/divide1,divide,size,2,3,high,convex=0 brick=1 sizex=10,sizey sizez
AB::CityGridGenerator::1.4,/obj/AnalysisHolder/probe_22/CreatePattern_002_Copy/ManhattenDistance3,AB::ManhattenDistance::2.0,,1,18,medium,divsu=2 FinalSize=4096 GF_signGraphic1cr=1 GF_signGraphic1interp=0 GF_signGraphic2pos=0.2 GF_signGraphic2cg=1 GF_signGraphic2interp=0 GF_signGraphic3pos=0.4 GF_signGraphic3cb=1 GF_signGraphic3interp=0 GF_signGraphic4pos=0.6 GF_signGraphic4cr=1 GF_signGraphic4cg=1 GF_signGraphic4interp=0 GF_signGraphic5pos=0.8 GF_signGraphic5cg=1 GF_signGraphic5cb=1 GF_signGraphic5interp=0,ScatterPoints
AB::CityGridGenerator::1.4,/obj/AnalysisHolder/probe_22/CreatePattern_002_Copy/ManhattenDistance3/scatter1,scatter::2.0,,1,2,medium,seed=1 relaxiterations=0,npts
AB::CityGridGenerator::1.4,/obj/AnalysisHolder/probe_22/CreatePattern_002_Copy/ManhattenDistance3/attribwrangle13,attribwrangle,,26,1,medium,seed_GF_signGraphic=1,GF_signGraphic GF_signGraphic1cb GF_signGraphic1cg GF_signGraphic1cr GF_signGraphic1interp GF_signGraphic1pos GF_signGraphic2cb GF_signGraphic2cg GF_signGraphic2cr GF_signGraphic2interp GF_signGraphic2pos GF_signGraphic3cb GF_signGraphic3cg GF_signGraphic3cr GF_signGraphic3interp GF_signGraphic3pos GF_signGraphic4cb GF_signGraphic4cg GF_signGraphic4cr GF_signGraphic4interp GF_signGraphic4pos GF_signGraphic5cb GF_signGraphic5cg GF_signGraphic5cr GF_signGraphic5interp GF_signGraphic5pos
AB::CityGridGenerator::1.4,/obj/AnalysisHolder/probe_22/CreatePattern_002_Copy/ManhattenDistance3/timeshift1,timeshift,,1,1,medium,Shift=0,frame
AB::CityGridGenerator::1.4,/obj/AnalysisHolder/probe_22/CreatePattern_002_Copy/ManhattenDistance3/transform1,xform,s,2,9,high,tx=0 ty=0 tz=0 sx=0 parmgroup_pivotxform=1 px=0 py=0 pz=0 addattrib=1,sy sz
AB::CityGridGenerator::1.4,/obj/AnalysisHolder/probe_22/CreatePattern_002_Copy/ManhattenDistance3/transform2,xform,,1,1,medium,parmgroup_pivotxform=1,scale
AB::CityGridGenerator::1.4,/obj/AnalysisHolder/probe_22/CreatePattern_002_Copy/ManhattenDistance3/foreach_end5,block_end,,1,3,medium,itermethod=1 method=1 class=0,attrib
AB::CityGridGenerator::1.4,/obj/AnalysisHolder/probe_22/CreatePattern_002_Copy/ManhattenDistance3/carve3,carve,,1,5,medium,domainu1=0 domainu2=1 secondu=1 stdswitcher1=1 extractop=1,divsu
AB::CommercialSignGenerator::4.8,/obj/AnalysisHolder/probe_25/CurveTypes/add1,add,pt10 pt7,13,6,high,points=12 pt5y=1 pt6x=1 pt6y=1 pt7x=1 pt10x=1,pt10y pt11x pt1y pt2x pt2y pt3x pt3y pt4y pt7y pt8x pt8y pt9x pt9y
AB::CommercialSignGenerator::4.8,/obj/AnalysisHolder/probe_25/CurveTypes/add3,add,pt2 pt6,8,5,high,points=8 pt1y=1 pt2x=1 pt6x=1 pt7x=1,pt2y pt3x pt3y pt4x pt4y pt5x pt5y pt6y
AB::CommercialSignGenerator::4.8,/obj/AnalysisHolder/probe_25/CurveTypes/add5,add,pt2,2,3,high,points=4 pt1y=1 pt2x=1,pt2y pt3x
AB::CommercialSignGenerator::4.8,/obj/AnalysisHolder/probe_25/CurveTypes/add7,add,pt2 pt3 pt4 pt5,8,5,high,points=8 pt2y=1 pt3y=1 pt4x=1 pt5x=1,pt0y pt1y pt2x pt3x pt4y pt5y pt6x pt7x
AB::CommercialSignGenerator::4.8,/obj/AnalysisHolder/probe_25/Parts/LightSign_001/polybevel2,polybevel::3.0,,1,6,medium,grouptype=2 profileramp1value=0.5 profileramp1interp=2 profileramp2pos=1 profileramp2value=0.5 profileramp2interp=2,offset
AB::CommercialSignGenerator::4.8,/obj/AnalysisHolder/probe_25/Parts/LightSign_001/transform3,xform,t,1,2,high,ty=0 parmgroup_pivotxform=1,tz
AB::CommercialSignGenerator::4.8,/obj/AnalysisHolder/probe_25/Parts/LightSign_001/polyextrude6,polyextrude::2.0,,1,11,medium,outputfrontgrp=1 thicknessramp1value=1 thicknessramp1interp=2 thicknessramp2pos=1 thicknessramp2value=1 thicknessramp2interp=2 twistramp1value=0.5 twistramp1interp=2 twistramp2pos=1 twistramp2value=0.5 twistramp2interp=2,dist
AB::CommercialSignGenerator::4.8,/obj/AnalysisHolder/probe_25/SignShapes/CreateArrows/add1,add,,16,3,medium,points=9 switcher1=1 closedall=1,pt1x pt1y pt2x pt2y pt3x pt3y pt4x pt4y pt5x pt5y pt6x pt6y pt7x pt7y pt8x pt8y
AB::CommercialSignGenerator::4.8,/obj/AnalysisHolder/probe_25/SignShapes/CreateArrows/polybevel1,polybevel::3.0,,2,6,medium,grouptype=1 profileramp1value=0.5 profileramp1interp=2 profileramp2pos=1 profileramp2value=0.5 profileramp2interp=2,divisions offset
AB::CommercialSignGenerator::4.8,/obj/AnalysisHolder/probe_25/SignShapes/CreateArrows/polybevel2,polybevel::3.0,,2,6,medium,grouptype=1 profileramp1value=0.5 profileramp1interp=2 profileramp2pos=1 profileramp2value=0.5 profileramp2interp=2,divisions offset
AB::CommercialSignGenerator::4.8,/obj/AnalysisHolder/probe_25/SignShapes/CreateArrows/polyextrude1,polyextrude::2.0,,1,13,medium,outputfrontgrp=1 outputback=1 outputbackgrp=1 thicknessramp1value=1 thicknessramp1interp=2 thicknessramp2pos=1 thicknessramp2value=1 thicknessramp2interp=2 twistramp1value=0.5 twistramp1interp=2 twistramp2pos=1 twistramp2value=0.5 twistramp2interp=2,dist
AB::CommercialSignGenerator::4.8,/obj/AnalysisHolder/probe_25/SignShapes/CreateArrows/polyextrude2,polyextrude::2.0,,1,10,medium,thicknessramp1value=1 thicknessramp1interp=2 thicknessramp2pos=1 thicknessramp2value=1 thicknessramp2interp=2 twistramp1value=0.5 twistramp1interp=2 twistramp2pos=1 twistramp2value=0.5 twistramp2interp=2,inset
AB::CommercialSignGenerator::4.8,/obj/AnalysisHolder/probe_25/SignShapes/CreateArrows/polyextrude3,polyextrude::2.0,,1,10,medium,thicknessramp1value=1 thicknessramp1interp=2 thicknessramp2pos=1 thicknessramp2value=1 thicknessramp2interp=2 twistramp1value=0.5 twistramp1interp=2 twistramp2pos=1 twistramp2value=0.5 twistramp2interp=2,dist
AB::CommercialSignGenerator::4.8,/obj/AnalysisHolder/probe_25/SignShapes/CreateArrows/transform1,xform,,1,4,medium,parmgroup_pivotxform=1 px=0 py=0 pz=0,tz
AB::CommercialSignGenerator::4.8,/obj/AnalysisHolder/probe_25/SignShapes/CreateArrows/transform2,xform,,1,4,medium,parmgroup_pivotxform=1 px=0 py=0 pz=0,tz
AB::CommercialSignGenerator::4.8,/obj/AnalysisHolder/probe_25/SignShapes/CreateArrows/color2,color,,3,5,medium,class=3 ramp2pos=1 ramp2cr=1 ramp2cg=1 ramp2cb=1,colorb colorg colorr
AB::CommercialSignGenerator::4.8,/obj/AnalysisHolder/probe_25/SignShapes/CreateArrows/transform3,xform,t,1,3,high,ty=0 tz=0 parmgroup_pivotxform=1,tx
AB::CommercialSignGenerator::4.8,/obj/AnalysisHolder/probe_25/SignShapes/CreateArrows/transform5,xform,,1,1,medium,parmgroup_pivotxform=1,shear1
AB::CommercialSignGenerator::4.8,/obj/AnalysisHolder/probe_25/SignShapes/CreateArrows/polybevel3,polybevel::3.0,,3,6,medium,grouptype=3 profileramp1value=0.5 profileramp1interp=2 profileramp2pos=1 profileramp2value=0.5 profileramp2interp=2,divisions filletshape offset
AB::CommercialSignGenerator::4.8,/obj/AnalysisHolder/probe_25/SignShapes/CreateArrows/add2,add,,10,2,medium,points=7 switcher1=1,pt1x pt1z pt2z pt3x pt3z pt4x pt4z pt5x pt5z pt6x
AB::CommercialSignGenerator::4.8,/obj/AnalysisHolder/probe_25/SignShapes/CreateArrows/add3,add,,2,2,medium,points=2 switcher1=1,pt1x pt1z
AB::CommercialSignGenerator::4.8,/obj/AnalysisHolder/probe_25/SignShapes/CreateArrows/copy1,copyxform,,1,1,medium,ncy=3,tx
AB::CommercialSignGenerator::4.8,/obj/AnalysisHolder/probe_25/SignShapes/CreateArrows/color4,color,,3,5,medium,class=3 ramp2pos=1 ramp2cr=1 ramp2cg=1 ramp2cb=1,colorb colorg colorr
AB::CommercialSignGenerator::4.8,/obj/AnalysisHolder/probe_25/SignShapes/CreateArrows/transform11,xform,,3,1,medium,parmgroup_pivotxform=1,rx sx tx
AB::CommercialSignGenerator::4.8,/obj/AnalysisHolder/probe_25/SignShapes/Shape_001/polyextrude3,polyextrude::2.0,,1,12,medium,outputfrontgrp=1 outputsidegrp=1 thicknessramp1value=1 thicknessramp1interp=2 thicknessramp2pos=1 thicknessramp2value=1 thicknessramp2interp=2 twistramp1value=0.5 twistramp1interp=2 twistramp2pos=1 twistramp2value=0.5 twistramp2interp=2,inset
AB::CommercialSignGenerator::4.8,/obj/AnalysisHolder/probe_25/SignShapes/Shape_001/polyextrude4,polyextrude::2.0,,1,13,medium,outputfrontgrp=1 outputback=1 outputbackgrp=1 thicknessramp1value=1 thicknessramp1interp=2 thicknessramp2pos=1 thicknessramp2value=1 thicknessramp2interp=2 twistramp1value=0.5 twistramp1interp=2 twistramp2pos=1 twistramp2value=0.5 twistramp2interp=2,dist
AB::CommercialSignGenerator::4.8,/obj/AnalysisHolder/probe_25/SignShapes/Shape_001/polyextrude5,polyextrude::2.0,,1,10,medium,thicknessramp1value=1 thicknessramp1interp=2 thicknessramp2pos=1 thicknessramp2value=1 thicknessramp2interp=2 twistramp1value=0.5 twistramp1interp=2 twistramp2pos=1 twistramp2value=0.5 twistramp2interp=2,dist
AB::CommercialSignGenerator::4.8,/obj/AnalysisHolder/probe_25/SignShapes/Shape_001/color1,color,,3,5,medium,class=3 ramp2pos=1 ramp2cr=1 ramp2cg=1 ramp2cb=1,colorb colorg colorr
AB::CommercialSignGenerator::4.8,/obj/AnalysisHolder/probe_25/SignShapes/Shape_001/color3,color,,3,5,medium,class=3 ramp2pos=1 ramp2cr=1 ramp2cg=1 ramp2cb=1,colorb colorg colorr
AB::CommercialSignGenerator::4.8,/obj/AnalysisHolder/probe_25/SignShapes/Shape_001/polybevel2,polybevel::3.0,,1,7,medium,grouptype=1 divisions=12 profileramp1value=0.5 profileramp1interp=2 profileramp2pos=1 profileramp2value=0.5 profileramp2interp=2,offset
AB::CommercialSignGenerator::4.8,/obj/AnalysisHolder/probe_25/SignShapes/Shape_001/circle2,circle,,1,4,medium,type=1 reverse=0 ry=180 divs=100,scale
AB::CommercialSignGenerator::4.8,/obj/AnalysisHolder/probe_25/SignShapes/Shape_001/grid1,grid,,2,4,medium,orient=0 ry=180 rows=2 cols=2,sizex sizey
AB::CommercialSignGenerator::4.8,/obj/AnalysisHolder/probe_25/SignShapes/Shape_001/transform6,xform,,1,1,medium,parmgroup_pivotxform=1,tz
AB::CommercialSignGenerator::4.8,/obj/AnalysisHolder/probe_25/SignShapes/Shape_001/polywire1,polywire,,1,2,medium,jointcorrect=0 div=8,radius
AB::CommercialSignGenerator::4.8,/obj/AnalysisHolder/probe_25/SignShapes/Shape_001/transform5,xform,,1,1,medium,parmgroup_pivotxform=1,tz
AB::CommercialSignGenerator::4.8,/obj/AnalysisHolder/probe_25/SignShapes/Shape_001/color4,color,,3,5,medium,class=3 ramp2pos=1 ramp2cr=1 ramp2cg=1 ramp2cb=1,colorb colorg colorr
AB::CommercialSignGenerator::4.8,/obj/AnalysisHolder/probe_25/SignShapes/Shape_001/knife1,knife,,1,1,medium,knifeop=1,originy
AB::CommercialSignGenerator::4.8,/obj/AnalysisHolder/probe_25/SignShapes/Shape_001/knife4,knife,,1,1,medium,knifeop=1,originy
AB::CommercialSignGenerator::4.8,/obj/AnalysisHolder/probe_25/SignShapes/Shape_001/transform8,xform,s,1,2,high,sy=0 parmgroup_pivotxform=1,sx
AB::CommercialSignGenerator::4.8,/obj/AnalysisHolder/probe_25/SignShapes/Shape_001/transform9,xform,s,1,3,high,tz=0.14 sy=0.8 parmgroup_pivotxform=1,sx
AB::CommercialSignGenerator::4.8,/obj/AnalysisHolder/probe_25/SignShapes/Shape_001/divide1,divide,,2,2,medium,convex=0 removesh=1,sizey sizez
AB::CommercialSignGenerator::4.8,/obj/AnalysisHolder/probe_25/SignShapes/Shape_001/color8,color,,3,5,medium,class=3 ramp2pos=1 ramp2cr=1 ramp2cg=1 ramp2cb=1,colorb colorg colorr
AB::CommercialSignGenerator::4.8,/obj/AnalysisHolder/probe_25/SignShapes/Shape_001/color9,color,,3,5,medium,class=3 ramp2pos=1 ramp2cr=1 ramp2cg=1 ramp2cb=1,colorb colorg colorr
AB::CommercialSignGenerator::4.8,/obj/AnalysisHolder/probe_25/SignShapes/Shape_001/transform12,xform,,1,1,medium,parmgroup_pivotxform=1,scale
AB::CommercialSignGenerator::4.8,/obj/AnalysisHolder/probe_25/SignShapes/Circular_01/polyextrude3,polyextrude::2.0,,1,12,medium,outputfrontgrp=1 outputsidegrp=1 thicknessramp1value=1 thicknessramp1interp=2 thicknessramp2pos=1 thicknessramp2value=1 thicknessramp2interp=2 twistramp1value=0.5 twistramp1interp=2 twistramp2pos=1 twistramp2value=0.5 twistramp2interp=2,inset
AB::CommercialSignGenerator::4.8,/obj/AnalysisHolder/probe_25/SignShapes/Circular_01/polyextrude4,polyextrude::2.0,,1,13,medium,outputfrontgrp=1 outputback=1 outputbackgrp=1 thicknessramp1value=1 thicknessramp1interp=2 thicknessramp2pos=1 thicknessramp2value=1 thicknessramp2interp=2 twistramp1value=0.5 twistramp1interp=2 twistramp2pos=1 twistramp2value=0.5 twistramp2interp=2,dist
AB::CommercialSignGenerator::4.8,/obj/AnalysisHolder/probe_25/SignShapes/Circular_01/color1,color,,3,5,medium,class=3 ramp2pos=1 ramp2cr=1 ramp2cg=1 ramp2cb=1,colorb colorg colorr
AB::CommercialSignGenerator::4.8,/obj/AnalysisHolder/probe_25/SignShapes/Circular_01/color3,color,,3,5,medium,class=3 ramp2pos=1 ramp2cr=1 ramp2cg=1 ramp2cb=1,colorb colorg colorr
AB::CommercialSignGenerator::4.8,/obj/AnalysisHolder/probe_25/SignShapes/Circular_01/transform2,xform,,1,1,medium,parmgroup_pivotxform=1,tx
AB::CommercialSignGenerator::4.8,/obj/AnalysisHolder/probe_25/SignShapes/Circular_01/circle2,circle,,2,3,medium,type=1 reverse=0 ry=180,divs scale
AB::CommercialSignGenerator::4.8,/obj/AnalysisHolder/probe_25/SignShapes/Circular_01/transform6,xform,,1,1,medium,parmgroup_pivotxform=1,tz
AB::CommercialSignGenerator::4.8,/obj/AnalysisHolder/probe_25/SignShapes/Circular_01/polywire1,polywire,,1,2,medium,jointcorrect=0 div=8,radius
AB::CommercialSignGenerator::4.8,/obj/AnalysisHolder/probe_25/SignShapes/Circular_01/transform5,xform,,1,1,medium,parmgroup_pivotxform=1,tz
AB::CommercialSignGenerator::4.8,/obj/AnalysisHolder/probe_25/SignShapes/Circular_01/RoundGraphics/shape1,shape,,2,6,medium,stdswitcher1=1 shape=2 colorg=0 colorb=0 colora=0 overridesize=1,size1 size2
AB::CommercialSignGenerator::4.8,/obj/AnalysisHolder/probe_25/SignShapes/Circular_01/RoundGraphics/shape2,shape,,2,8,medium,stdswitcher1=1 shape=2 fill=1 fillout=1 thickness=0.0819 scale1=0.7 scale2=0.7 overridesize=1,size1 size2
AB::CommercialSignGenerator::4.8,/obj/AnalysisHolder/probe_25/SignShapes/Circular_01/color4,color,,3,5,medium,class=3 ramp2pos=1 ramp2cr=1 ramp2cg=1 ramp2cb=1,colorb colorg colorr
AB::CommercialSignGenerator::4.8,/obj/AnalysisHolder/probe_25/SignShapes/Circular_01/circle3,circle,,2,4,medium,type=2 reverse=0 ry=180 order=2,divs scale
AB::CommercialSignGenerator::4.8,/obj/AnalysisHolder/probe_25/SignShapes/Circular_01/knife2,knife,,1,1,medium,knifeop=1,originy
AB::CommercialSignGenerator::4.8,/obj/AnalysisHolder/probe_25/SignShapes/Circular_01/knife3,knife,,1,3,medium,knifeop=1 dirx=1 diry=0,originx
AB::CommercialSignGenerator::4.8,/obj/AnalysisHolder/probe_25/SignShapes/Circular_01/knife4,knife,,1,2,medium,dirx=1 diry=0,originx
AB::CommercialSignGenerator::4.8,/obj/AnalysisHolder/probe_25/SignShapes/Circular_01/color5,color,,3,5,medium,class=3 ramp2pos=1 ramp2cr=1 ramp2cg=1 ramp2cb=1,colorb colorg colorr
AB::CommercialSignGenerator::4.8,/obj/AnalysisHolder/probe_25/SignShapes/Circular_01/color6,color,,3,5,medium,class=3 ramp2pos=1 ramp2cr=1 ramp2cg=1 ramp2cb=1,colorb colorg colorr
AB::CommercialSignGenerator::4.8,/obj/AnalysisHolder/probe_25/SignShapes/Circular_01/color7,color,,3,5,medium,class=3 ramp2pos=1 ramp2cr=1 ramp2cg=1 ramp2cb=1,colorb colorg colorr
AB::CommercialSignGenerator::4.8,/obj/AnalysisHolder/probe_25/SignShapes/InsetTopBottom/polyextrude4,polyextrude::2.0,,1,13,medium,outputfrontgrp=1 outputback=1 outputbackgrp=1 thicknessramp1value=1 thicknessramp1interp=2 thicknessramp2pos=1 thicknessramp2value=1 thicknessramp2interp=2 twistramp1value=0.5 twistramp1interp=2 twistramp2pos=1 twistramp2value=0.5 twistramp2interp=2,dist
AB::CommercialSignGenerator::4.8,/obj/AnalysisHolder/probe_25/SignShapes/InsetTopBottom/color1,color,,3,5,medium,class=3 ramp2pos=1 ramp2cr=1 ramp2cg=1 ramp2cb=1,colorb colorg colorr
AB::CommercialSignGenerator::4.8,/obj/AnalysisHolder/probe_25/SignShapes/InsetTopBottom/color3,color,,3,5,medium,class=3 ramp2pos=1 ramp2cr=1 ramp2cg=1 ramp2cb=1,colorb colorg colorr
AB::CommercialSignGenerator::4.8,/obj/AnalysisHolder/probe_25/SignShapes/InsetTopBottom/transform2,xform,,1,1,medium,parmgroup_pivotxform=1,tx
AB::CommercialSignGenerator::4.8,/obj/AnalysisHolder/probe_25/SignShapes/InsetTopBottom/transform3,xform,,1,2,medium,grouptype=3 parmgroup_pivotxform=1,ty
AB::CommercialSignGenerator::4.8,/obj/AnalysisHolder/probe_25/SignShapes/InsetTopBottom/transform4,xform,,1,2,medium,grouptype=3 parmgroup_pivotxform=1,ty
AB::CommercialSignGenerator::4.8,/obj/AnalysisHolder/probe_25/SignShapes/InsetTopBottom/transform7,xform,,1,1,medium,parmgroup_pivotxform=1,tz
AB::CommercialSignGenerator::4.8,/obj/AnalysisHolder/probe_25/SignShapes/InsetTopBottom/polywire1,polywire,,1,2,medium,jointcorrect=0 div=8,radius
AB::CommercialSignGenerator::4.8,/obj/AnalysisHolder/probe_25/SignShapes/InsetTopBottom/transform8,xform,,1,1,medium,parmgroup_pivotxform=1,tz
AB::CommercialSignGenerator::4.8,/obj/AnalysisHolder/probe_25/SignShapes/InsetTopBottom/transform10,xform,s,1,2,high,sx=0 parmgroup_pivotxform=1,sy
AB::CommercialSignGenerator::4.8,/obj/AnalysisHolder/probe_25/SignShapes/InsetTopBottom/transform11,xform,s,1,2,high,sx=1.536 parmgroup_pivotxform=1,sy
AB::CommercialSignGenerator::4.8,/obj/AnalysisHolder/probe_25/SignShapes/InsetTopBottom/divide1,divide,,2,2,medium,convex=0 removesh=1,sizey sizez
AB::CommercialSignGenerator::4.8,/obj/AnalysisHolder/probe_25/SignShapes/InsetTopBottom/color8,color,,3,5,medium,class=3 ramp2pos=1 ramp2cr=1 ramp2cg=1 ramp2cb=1,colorb colorg colorr
AB::CommercialSignGenerator::4.8,/obj/AnalysisHolder/probe_25/SignShapes/InsetTopBottom/transform13,xform,,1,2,medium,tz=0.366 parmgroup_pivotxform=1,scale
AB::CommercialSignGenerator::4.8,/obj/AnalysisHolder/probe_25/SignShapes/InsetTopBottom/divide2,divide,size,2,6,high,convex=0 numsides=34 noslivers=1 avoidsmallangles=1 brick=1 sizex=0.1,sizey sizez
AB::CommercialSignGenerator::4.8,/obj/AnalysisHolder/probe_25/SignShapes/InsetTopBottom/divide3,divide,,2,1,medium,brick=1,sizey sizez
AB::CommercialSignGenerator::4.8,/obj/AnalysisHolder/probe_25/SignShapes/InsetTopBottom/color9,color,,3,4,medium,ramp2pos=1 ramp2cr=1 ramp2cg=1 ramp2cb=1,colorb colorg colorr
AB::CommercialSignGenerator::4.8,/obj/AnalysisHolder/probe_25/SignShapes/Rectangular/add1,add,pt2,11,4,high,points=8 switcher1=1 closedall=1 pt2x=0.1,pt1y pt2y pt3x pt3y pt4x pt4y pt5x pt5y pt6x pt6y pt7x
AB::CommercialSignGenerator::4.8,/obj/AnalysisHolder/probe_25/SignShapes/Rectangular/grid3,grid,size,1,5,high,orient=0 sizey=0.2 ry=180 rows=2 cols=2,sizex
AB::CommercialSignGenerator::4.8,/obj/AnalysisHolder/probe_25/SignShapes/Rectangular/polyextrude4,polyextrude::2.0,,1,10,medium,thicknessramp1value=1 thicknessramp1interp=2 thicknessramp2pos=1 thicknessramp2value=1 thicknessramp2interp=2 twistramp1value=0.5 twistramp1interp=2 twistramp2pos=1 twistramp2value=0.5 twistramp2interp=2,dist
AB::CommercialSignGenerator::4.8,/obj/AnalysisHolder/probe_25/SignShapes/Rectangular/polyextrude5,polyextrude::2.0,,1,13,medium,outputfrontgrp=1 outputback=1 outputbackgrp=1 thicknessramp1value=1 thicknessramp1interp=2 thicknessramp2pos=1 thicknessramp2value=1 thicknessramp2interp=2 twistramp1value=0.5 twistramp1interp=2 twistramp2pos=1 twistramp2value=0.5 twistramp2interp=2,dist
AB::CommercialSignGenerator::4.8,/obj/AnalysisHolder/probe_25/SignShapes/Rectangular/polyextrude6,polyextrude::2.0,,1,10,medium,thicknessramp1value=1 thicknessramp1interp=2 thicknessramp2pos=1 thicknessramp2value=1 thicknessramp2interp=2 twistramp1value=0.5 twistramp1interp=2 twistramp2pos=1 twistramp2value=0.5 twistramp2interp=2,inset
AB::CommercialSignGenerator::4.8,/obj/AnalysisHolder/probe_25/SignShapes/Rectangular/polyextrude7,polyextrude::2.0,,1,10,medium,thicknessramp1value=1 thicknessramp1interp=2 thicknessramp2pos=1 thicknessramp2value=1 thicknessramp2interp=2 twistramp1value=0.5 twistramp1interp=2 twistramp2pos=1 twistramp2value=0.5 twistramp2interp=2,dist
AB::CommercialSignGenerator::4.8,/obj/AnalysisHolder/probe_25/SignShapes/Rectangular/polyextrude8,polyextrude::2.0,,1,13,medium,outputfrontgrp=1 outputback=1 outputbackgrp=1 thicknessramp1value=1 thicknessramp1interp=2 thicknessramp2pos=1 thicknessramp2value=1 thicknessramp2interp=2 twistramp1value=0.5 twistramp1interp=2 twistramp2pos=1 twistramp2value=0.5 twistramp2interp=2,dist
AB::CommercialSignGenerator::4.8,/obj/AnalysisHolder/probe_25/SignShapes/Rectangular/polyextrude9,polyextrude::2.0,,1,10,medium,thicknessramp1value=1 thicknessramp1interp=2 thicknessramp2pos=1 thicknessramp2value=1 thicknessramp2interp=2 twistramp1value=0.5 twistramp1interp=2 twistramp2pos=1 twistramp2value=0.5 twistramp2interp=2,inset
AB::CommercialSignGenerator::4.8,/obj/AnalysisHolder/probe_25/SignShapes/Rectangular/polyextrude10,polyextrude::2.0,,1,10,medium,thicknessramp1value=1 thicknessramp1interp=2 thicknessramp2pos=1 thicknessramp2value=1 thicknessramp2interp=2 twistramp1value=0.5 twistramp1interp=2 twistramp2pos=1 twistramp2value=0.5 twistramp2interp=2,dist
AB::CommercialSignGenerator::4.8,/obj/AnalysisHolder/probe_25/SignShapes/Rectangular/polyextrude11,polyextrude::2.0,,1,13,medium,outputfrontgrp=1 outputback=1 outputbackgrp=1 thicknessramp1value=1 thicknessramp1interp=2 thicknessramp2pos=1 thicknessramp2value=1 thicknessramp2interp=2 twistramp1value=0.5 twistramp1interp=2 twistramp2pos=1 twistramp2value=0.5 twistramp2interp=2,dist
AB::CommercialSignGenerator::4.8,/obj/AnalysisHolder/probe_25/SignShapes/Rectangular/polyextrude12,polyextrude::2.0,,1,10,medium,thicknessramp1value=1 thicknessramp1interp=2 thicknessramp2pos=1 thicknessramp2value=1 thicknessramp2interp=2 twistramp1value=0.5 twistramp1interp=2 twistramp2pos=1 twistramp2value=0.5 twistramp2interp=2,inset
AB::CommercialSignGenerator::4.8,/obj/AnalysisHolder/probe_25/CreatePoles/circle1,circle,,1,6,medium,type=2 orient=2 reverse=0 radx=0.5 rady=0.5 ry=180,scale
AB::CommercialSignGenerator::4.8,/obj/AnalysisHolder/probe_25/CreatePoles/transform1,xform,,1,1,medium,parmgroup_pivotxform=1,ty
AB::CommercialSignGenerator::4.8,/obj/AnalysisHolder/probe_25/CreatePoles/add1,add,,3,5,medium,stdswitcher1=1 points=4 switcher1=1 closedall=1 pt0x=1,pt1x pt1z pt2z
AB::CommercialSignGenerator::4.8,/obj/AnalysisHolder/probe_25/CreatePoles/transform2,xform,,1,1,medium,parmgroup_pivotxform=1,scale
AB::CommercialSignGenerator::4.8,/obj/AnalysisHolder/probe_25/CreatePoles/CreateRoundPole/circle2,circle,,2,3,medium,type=2 orient=2 reverse=0,radx rady
AB::CommercialSignGenerator::4.8,/obj/AnalysisHolder/probe_25/CreatePoles/CreateRoundPole/transform1,xform,,1,4,medium,px=0 py=0 pz=0 updatenmls=1,ty
AB::CommercialSignGenerator::4.8,/obj/AnalysisHolder/probe_25/CreatePoles/CreateRoundPole/convert2,convert,,1,2,medium,stdswitcher1=1 divv=0,divu
AB::CommercialSignGenerator::4.8,/obj/AnalysisHolder/probe_25/CreatePoles/CreateSquarePole/grid2,grid,size,1,3,high,sizex=0.1 rows=2 cols=2,sizey
AB::CommercialSignGenerator::4.8,/obj/AnalysisHolder/probe_25/CreatePoles/CreateSquarePole/divide1,divide,,2,1,medium,numsides=4,sizey sizez
AB::CommercialSignGenerator::4.8,/obj/AnalysisHolder/probe_25/CommercialSigns/AssembleSidemountedSign/AddArrow/transform2,xform,,1,2,medium,ty=-0.4 parmgroup_pivotxform=1,scale
AB::CommercialSignGenerator::4.8,/obj/AnalysisHolder/probe_25/CommercialSigns/AssembleSidemountedSign/AddArrow/transform3,xform,,1,4,medium,rx=-90 ry=180 rz=-90 parmgroup_pivotxform=1,scale
AB::CommercialSignGenerator::4.8,/obj/AnalysisHolder/probe_25/ImageProcessing/geometry1,geometry,,2,2,medium,stdswitcher1=3 overridesize=1,size1 size2
AB::CommercialSignGenerator::4.8,/obj/AnalysisHolder/probe_25/ImageProcessing/color1,color,size,1,3,high,stdswitcher1=2 overridesize=1 size1=4096,size2
AB::CommercialSignGenerator::4.8,/obj/AnalysisHolder/probe_25/ImageProcessing/color2,color,,2,5,medium,stdswitcher1=2 colorr=0 colorg=0 colorb=0 overridesize=1,size1 size2
AB::CommercialSignGenerator::4.8,/obj/AnalysisHolder/probe_25/ImageProcessing/color3,color,,2,5,medium,stdswitcher1=2 colorr=0.075 colorg=0.3 colorb=0.1875 overridesize=1,size1 size2
AB::CommercialSignGenerator::4.8,/obj/AnalysisHolder/probe_25/ImageProcessing/geometry2,geometry,,2,2,medium,stdswitcher1=3 overridesize=1,size1 size2
AB::CommercialSignGenerator::4.8,/obj/AnalysisHolder/probe_25/ImageProcessing/color4,color,,2,5,medium,stdswitcher1=2 colorr=0.25 colorg=0.5 colorb=0 overridesize=1,size1 size2
AB::CommercialSignGenerator::4.8,/obj/AnalysisHolder/probe_25/ImageProcessing/color5,color,,2,4,medium,colorr=0 colorg=0 colorb=0 overridesize=1,size1 size2
AB::CommercialSignGenerator::4.8,/obj/AnalysisHolder/probe_25/ImageProcessing/font2,font,,2,5,medium,textsize=600 colorr=0 colorg=0 colorb=0 overridesize=1,size1 size2
AB::CommercialSignGenerator::4.8,/obj/AnalysisHolder/probe_25/ImageProcessing/geometry3,geometry,,2,1,medium,overridesize=1,size1 size2
AB::CommercialSignGenerator::4.8,/obj/AnalysisHolder/probe_25/ImageProcessing/color6,color,,2,5,medium,stdswitcher1=2 colorr=0.25 colorg=0.5 colorb=0 overridesize=1,size1 size2
AB::CommercialSignGenerator::4.8,/obj/AnalysisHolder/probe_25/ImageProcessing/color7,color,,2,4,medium,colorr=0 colorg=0 colorb=0 overridesize=1,size1 size2
AB::CommercialSignGenerator::4.8,/obj/AnalysisHolder/probe_25/ImageProcessing/font3,font,,2,5,medium,textsize=500 colorr=0 colorg=0 colorb=0 overridesize=1,size1 size2
AB::CommercialSignGenerator::4.8,/obj/AnalysisHolder/probe_25/ImageProcessing/geometry4,geometry,,2,1,medium,overridesize=1,size1 size2
AB::CommercialSignGenerator::4.8,/obj/AnalysisHolder/probe_25/ImageProcessing/color8,color,,2,5,medium,stdswitcher1=2 colorr=0.25 colorg=0.5 colorb=0 overridesize=1,size1 size2
AB::CommercialSignGenerator::4.8,/obj/AnalysisHolder/probe_25/ImageProcessing/color9,color,,2,4,medium,colorr=0 colorg=0 colorb=0 overridesize=1,size1 size2
AB::CommercialSignGenerator::4.8,/obj/AnalysisHolder/probe_25/ImageProcessing/cornerramp1,cornerramp,,2,12,medium,overridesize=1 p1colorr=0.5 p1colorb=0 p2posu=1 p2colorr=0 p2colorg=0.5 p3posv=1 p3colorr=0 p3colorb=0 p4posu=1 p4posv=1 p4colorr=0,size1 size2
AB::CommercialSignGenerator::4.8,/obj/AnalysisHolder/probe_25/ImageProcessing/geometry5,geometry,,2,1,medium,overridesize=1,size1 size2
AB::CommercialSignGenerator::4.8,/obj/AnalysisHolder/probe_25/ImageProcessing/color10,color,,2,5,medium,stdswitcher1=2 colorr=0.25 colorg=0.5 colorb=0 overridesize=1,size1 size2
AB::CommercialSignGenerator::4.8,/obj/AnalysisHolder/probe_25/ImageProcessing/color11,color,,2,4,medium,colorr=0 colorg=0 colorb=0 overridesize=1,size1 size2
AB::CommercialSignGenerator::4.8,/obj/AnalysisHolder/probe_25/ImageProcessing/font4,font,,2,6,medium,textsize=300 tracking1=0.1 colorr=0 colorg=0 colorb=0 overridesize=1,size1 size2
AB::CommercialSignGenerator::4.8,/obj/AnalysisHolder/probe_25/ImageProcessing/color12,color,,2,3,medium,colorg=0 colorb=0 overridesize=1,size1 size2
AB::CommercialSignGenerator::4.8,/obj/AnalysisHolder/probe_25/mats/SignFaces,principledshader::2.0,,5,17,medium,diffuse_folder_151=2 folder7=1 folder4=1 folder12=1 folder13=1 folder8=1 folder11=1 folder9=1 basecolorr=0.8 basecolorg=0.8 basecolorb=0.8 albedomult=0.1 rough=0.1 reflect=0.1 emitint=1 basecolor_useTexture=1 emitcolor_useTexture=1,baseBump_useTexture baseNormal_useTexture shop_disable_displace_shader specular_tint vm_displacebound
AB::CommercialSignGenerator::4.8,/obj/AnalysisHolder/probe_25/mats/SignMetal,principledshader::2.0,,5,15,medium,diffuse_folder_151=2 folder7=1 folder4=1 folder12=1 folder13=1 folder8=1 folder11=1 folder9=1 basecolorr=1 basecolorg=1 basecolorb=1 metallic=1 basecolor_useTexture=1 rough_useTexture=1 baseBumpAndNormal_enable=1,baseBump_useTexture baseNormal_useTexture shop_disable_displace_shader specular_tint vm_displacebound
AB::CommercialSignGenerator::4.8,/obj/AnalysisHolder/probe_25/mats/Emits,principledshader::2.0,,5,14,medium,folder7=1 folder4=1 folder12=1 folder13=1 folder8=1 folder11=1 folder9=1 basecolorr=0 basecolorg=0 basecolorb=0 basecolor_usePointColor=0 ior=1.74 rough=0 emitint=1,baseBump_useTexture baseNormal_useTexture shop_disable_displace_shader specular_tint vm_displacebound
AB::CommercialSignGenerator::4.8,/obj/AnalysisHolder/probe_25/mats/Sign_RectangularMainSign,principledshader::2.0,,5,13,medium,diffuse_folder_151=2 folder7=1 folder4=1 folder12=1 folder13=1 folder8=1 folder11=1 folder9=1 basecolor_usePointColor=0 ior=1.1 emitint=1 basecolor_useTexture=1 emitcolor_useTexture=1,baseBump_useTexture baseNormal_useTexture shop_disable_displace_shader specular_tint vm_displacebound
AB::CommercialSignGenerator::4.8,/obj/AnalysisHolder/probe_25/mats/Sign_RectangularTopSign,principledshader::2.0,,5,10,medium,folder7=1 folder4=1 folder12=1 folder13=1 folder8=1 folder11=1 folder9=1 basecolor_usePointColor=0 ior=1.1 basecolor_useTexture=1,baseBump_useTexture baseNormal_useTexture shop_disable_displace_shader specular_tint vm_displacebound
AB::CommercialSignGenerator::4.8,/obj/AnalysisHolder/probe_25/mats/Sign_RectangularTopDetailFaces,principledshader::2.0,,5,9,medium,folder7=1 folder4=1 folder12=1 folder13=1 folder8=1 folder11=1 folder9=1 ior=1.1 basecolor_useTexture=1,baseBump_useTexture baseNormal_useTexture shop_disable_displace_shader specular_tint vm_displacebound
AB::CommercialSignGenerator::4.8,/obj/AnalysisHolder/probe_25/mats/Sign_RectangularBottomSign,principledshader::2.0,,5,9,medium,folder7=1 folder4=1 folder12=1 folder13=1 folder8=1 folder11=1 folder9=1 ior=1.1 basecolor_useTexture=1,baseBump_useTexture baseNormal_useTexture shop_disable_displace_shader specular_tint vm_displacebound
AB::CommercialSignGenerator::4.8,/obj/AnalysisHolder/probe_25/CreateSideMount/subnet1/box1,box,,3,4,medium,type=1 divrate1=2 divrate2=2 divrate3=2,sizex sizey sizez
AB::CopyWithRotation::1.0,/obj/AnalysisHolder/probe_27/tube2,tube,,1,4,medium,orient=2 rad1=0 rad2=0.04 height=0.1,tz
AB::CreateCircuitCurves::2.0,/obj/AnalysisHolder/probe_28/line1,line,,2,2,medium,dirx=1 diry=0,dist originx
AB::CreateCircuitCurves::2.0,/obj/AnalysisHolder/probe_28/carve1,carve,,1,4,medium,domainu1=0 domainu2=1 secondu=1 stdswitcher1=1,divsu
AB::CreateCircuitCurves::2.0,/obj/AnalysisHolder/probe_28/attribrandomize1,attribrandomize,,2,7,medium,class=1 dimensions=1 seed=6246 ramp2pos=0.5 ramp2value=0.5 ramp3pos=1 ramp3value=1,maxx minx
AB::CreateCircuitCurves::2.0,/obj/AnalysisHolder/probe_28/circle2,circle,,1,5,medium,type=1 orient=2 reverse=0 divs=24 arc=1,scale
AB::CrystalGenerator::1.0,/obj/AnalysisHolder/probe_31/divide1,divide,,2,1,medium,brick=1,sizey sizez
AB::CrystalGenerator::1.0,/obj/AnalysisHolder/probe_31/sphere1,sphere,,1,6,medium,type=1 ty=-0.00289861 tz=0.0618151 scale=0.01 freq=3 rows=10,cols
AB::CrystalGenerator::1.0,/obj/AnalysisHolder/probe_31/CreatePointAttrs/attribrandomize4,attribrandomize,,8,5,medium,seed=4937 ramp2pos=0.5 ramp2value=0.5 ramp3pos=1 ramp3value=1,maxw maxx maxy maxz minw minx miny minz
AB::CrystalGenerator::1.0,/obj/AnalysisHolder/probe_31/CreatePointAttrs/sphere2,sphere,,1,3,medium,type=1 freq=4 rows=10,cols
AB::CrystalGenerator::1.0,/obj/AnalysisHolder/probe_31/rop_gltf1,rop_gltf,,1,4,medium,imageformat=3 maxresolution=5 exportcameras=0 exportlights=0,file
AB::CrystalGenerator::1.0,/obj/AnalysisHolder/probe_31/divide6,divide,size,2,3,high,convex=0 brick=1 sizex=0.0484393,sizey sizez
AB::CycGenerator::1.0,/obj/AnalysisHolder/probe_32/revolve1,revolve,,3,4,medium,stdswitcher1=1 polys=0 type=1 order=2,cap divs endangle
AB::CycGenerator::1.0,/obj/AnalysisHolder/probe_32/add1,add,,3,3,medium,stdswitcher1=1 points=3 switcher1=1,pt1z pt2y pt2z
AB::CycGenerator::1.0,/obj/AnalysisHolder/probe_32/polybevel1,polybevel::2.0,,2,6,medium,grouptype=1 profileramp1value=0.5 profileramp1interp=2 profileramp2pos=1 profileramp2value=0.5 profileramp2interp=2,divisions offset
AB::CycGenerator::1.0,/obj/AnalysisHolder/probe_32/polyextrude1,polyextrude::2.0,,1,13,medium,xformfront=1 xformspace=1 outputfront=0 thicknessramp1value=1 thicknessramp1interp=2 thicknessramp2pos=1 thicknessramp2value=1 thicknessramp2interp=2 twistramp1value=0.5 twistramp1interp=2 twistramp2pos=1 twistramp2value=0.5 twistramp2interp=2,translatex
AB::DestructionBuilding::1.0,/obj/AnalysisHolder/probe_33/Classical/ProcessRoofs/divide1,divide,size,1,4,high,convex=0 brick=1 sizex=3 sizey=5,sizez
AB::DestructionBuilding::1.0,/obj/AnalysisHolder/probe_33/Classical/ProcessRoofs/divide2,divide,,2,3,medium,convex=0 fixsharededges=0 removesh=1,sizey sizez
AB::DestructionBuilding::1.0,/obj/AnalysisHolder/probe_33/Classical/ProcessRoofs/divide_DefineLargeSize,divide,size,2,3,high,convex=0 brick=1 sizex=10,sizey sizez
AB::DestructionBuilding::1.0,/obj/AnalysisHolder/probe_33/Classical/ProcessRoofs/color2,color,,3,5,medium,class=3 ramp2pos=1 ramp2cr=1 ramp2cg=1 ramp2cb=1,colorb colorg colorr
AB::DestructionBuilding::1.0,/obj/AnalysisHolder/probe_33/Classical/ProcessRoofs/color3,color,,3,5,medium,class=3 ramp2pos=1 ramp2cr=1 ramp2cg=1 ramp2cb=1,colorb colorg colorr
AB::DestructionBuilding::1.0,/obj/AnalysisHolder/probe_33/Classical/ProcessWalls/ProcessCorners/knife1,knife,,1,1,medium,knifeop=1,originy
AB::DestructionBuilding::1.0,/obj/AnalysisHolder/probe_33/Classical/ProcessWalls/ProcessCorners/knife4,knife,,1,1,medium,knifeop=2,originy
AB::DestructionBuilding::1.0,/obj/AnalysisHolder/probe_33/Classical/ProcessWalls/ProcessCorners/color1,color,,3,5,medium,class=3 ramp2pos=1 ramp2cr=1 ramp2cg=1 ramp2cb=1,colorb colorg colorr
AB::DestructionBuilding::1.0,/obj/AnalysisHolder/probe_33/Classical/ProcessWalls/ProcessCorners/polyextrude2,polyextrude::2.0,,1,11,medium,outputfrontgrp=1 thicknessramp1value=1 thicknessramp1interp=2 thicknessramp2pos=1 thicknessramp2value=1 thicknessramp2interp=2 twistramp1value=0.5 twistramp1interp=2 twistramp2pos=1 twistramp2value=0.5 twistramp2interp=2,dist
AB::DestructionBuilding::1.0,/obj/AnalysisHolder/probe_33/Classical/ProcessWalls/ProcessCorners/grid1,grid,,1,5,medium,orient=0 sizex=3.8 sizey=63 ry=180 cols=2,rows
AB::DestructionBuilding::1.0,/obj/AnalysisHolder/probe_33/Classical/ProcessWalls/ProcessCorners/grid2,grid,,1,5,medium,orient=0 sizex=3.8 sizey=63 ry=180 cols=2,rows
AB::DestructionBuilding::1.0,/obj/AnalysisHolder/probe_33/Classical/ProcessWalls/ProcessCorners/grid3,grid,,1,5,medium,orient=0 sizex=3.8 sizey=63 ry=180 rows=2,cols
AB::DestructionBuilding::1.0,/obj/AnalysisHolder/probe_33/Classical/ProcessWalls/ProcessCorners/foreach_end5,block_end,,1,3,medium,itermethod=1 method=1 class=0,attrib
AB::DestructionBuilding::1.0,/obj/AnalysisHolder/probe_33/Classical/ProcessWalls/ProcessWalls/GF_walls/SolidBays/color1,color,,3,4,medium,ramp2pos=1 ramp2cr=1 ramp2cg=1 ramp2cb=1,colorb colorg colorr
AB::DestructionBuilding::1.0,/obj/AnalysisHolder/probe_33/Classical/ProcessWalls/ProcessWalls/GF_walls/UpperWalls/color8,color,,3,5,medium,class=3 ramp2pos=1 ramp2cr=1 ramp2cg=1 ramp2cb=1,colorb colorg colorr
AB::DestructionBuilding::1.0,/obj/AnalysisHolder/probe_33/Classical/ProcessWalls/ProcessWalls/GF_walls/UpperWalls/WindowGenerator1,AB::WindowGenerator::3.1,,1,3,medium,WindowWidth=2.83333 WindowHeight=12.5 CasingDepth=1,RectangularWindowType
AB::DestructionBuilding::1.0,/obj/AnalysisHolder/probe_33/Classical/ProcessWalls/ProcessWalls/GF_walls/LowerWalls/CreateDoorWalls/DoorsCreateCopies1,AB::DoorsCreateCopies::1.2,,3,4,medium,handle_side=1 CM_doorStileWidth=0.25 CM_DoorBottomRail=0.5 CM_DoorTopRail=0.25,DoorHeight InsetDoorDepth WinWallSides
AB::DestructionBuilding::1.0,/obj/AnalysisHolder/probe_33/Classical/ProcessWalls/ProcessWalls/GF_walls/LowerWalls/CreateDoorWalls/knife_Referenced,clip::2.0,,1,3,medium,clipop=2 dirx=0 diry=1,originy
AB::DestructionBuilding::1.0,/obj/AnalysisHolder/probe_33/Classical/ProcessWalls/ProcessWalls/GF_walls/LowerWalls/CreateDoorWalls/knife1,clip::2.0,,1,3,medium,clipop=2 dirx=0 diry=1,originy
AB::DestructionBuilding::1.0,/obj/AnalysisHolder/probe_33/Classical/ProcessWalls/ProcessWalls/GF_walls/LowerWalls/CreateWindowWalls/color2,color,,3,5,medium,class=3 ramp2pos=1 ramp2cr=1 ramp2cg=1 ramp2cb=1,colorb colorg colorr
AB::DestructionBuilding::1.0,/obj/AnalysisHolder/probe_33/Classical/ProcessWalls/ProcessWalls/GF_walls/LowerWalls/CreateWindowWalls/WindowGenerator1,AB::WindowGenerator::3.1,,14,3,medium,WindowWidth=0 WindowHeight=0 AddExtWindowTrim=0,CasementColorb CasementColorg CasementColorr CasingDepth CasingWidth FrameColorb FrameColorg FrameColorr GlassColorb GlassColorg GlassColorr RectangularWindowType SK_WinFrameDepthRect WinFrameWidthRect
AB::DestructionBuilding::1.0,/obj/AnalysisHolder/probe_33/Classical/ProcessWalls/ProcessWalls/GF_walls/LowerWalls/CreateWindowWalls/knife1,clip::2.0,,1,3,medium,clipop=2 dirx=0 diry=1,originy
AB::DestructionBuilding::1.0,/obj/AnalysisHolder/probe_33/Classical/ProcessWalls/ProcessWalls/GF_walls/LowerWalls/CreateSolidWall/color1,color,,3,6,medium,deleteallcolorattribs=1 class=3 ramp2pos=1 ramp2cr=1 ramp2cg=1 ramp2cb=1,colorb colorg colorr
AB::DestructionBuilding::1.0,/obj/AnalysisHolder/probe_33/Classical/ProcessWalls/ProcessWalls/GF_walls/LowerWalls/CreateSolidWall/knife_Referenced,clip::2.0,,1,3,medium,clipop=1 dirx=0 diry=1,originy
AB::DestructionBuilding::1.0,/obj/AnalysisHolder/probe_33/Classical/ProcessWalls/ProcessWalls/GF_walls/LowerWalls/CreateSolidWall/knife1,clip::2.0,,1,3,medium,clipop=1 dirx=0 diry=1,originy
AB::DestructionBuilding::1.0,/obj/AnalysisHolder/probe_33/Classical/ProcessWalls/ProcessWalls/GF_walls/LowerWalls/CreateSolidWall/knife2,clip::2.0,,1,3,medium,clipop=2 dirx=0 diry=1,originy
AB::DestructionBuilding::1.0,/obj/AnalysisHolder/probe_33/Classical/ProcessWalls/ProcessWalls/GF_walls/LowerWalls/CreateSolidWall/knife_Referenced1,clip::2.0,,1,2,medium,dirx=0 diry=1,originy
AB::DestructionBuilding::1.0,/obj/AnalysisHolder/probe_33/Classical/ProcessWalls/ProcessWalls/GF_walls/LowerWalls/CreateSolidWall/knife3,clip::2.0,,1,2,medium,dirx=0 diry=1,originy
AB::DestructionBuilding::1.0,/obj/AnalysisHolder/probe_33/Classical/ProcessWalls/ProcessWalls/GF_walls/LowerWalls/ProcessFrontWallPlanes/DoorWallsFront,groupcreate,size,1,4,high,groupbase=0 groupbounding=1 sizey=100 sizez=10000,sizex
AB::DestructionBuilding::1.0,/obj/AnalysisHolder/probe_33/Classical/ProcessWalls/ProcessWalls/GF_walls/LowerWalls/SeperateWalls/knife1,knife,,1,1,medium,knifeop=1,originy
AB::DestructionBuilding::1.0,/obj/AnalysisHolder/probe_33/Classical/ProcessWalls/ProcessWalls/GF_walls/CreateCornice/FancyCurves2,AB::FancyCurves::2.0,,1,12,medium,CurveStyle=3 planeSet=2 LowerFaceHeight=0.1 MiddleFaceDepth=0.1 MiddleFaceHeight=0.1 LargeUnderside=0.2 LargeUndersideReturn=0.1 MainCurveHeight=0.6 MainCurveDepth=0.2 MainCurveAjust1=0.1 TopEdgeDepth=0.1 TopEdgeHeight=0.1,LowerFaceDepth
AB::DestructionBuilding::1.0,/obj/AnalysisHolder/probe_33/Classical/ProcessWalls/ProcessWalls/MF_walls/transform3,xform,,1,1,medium,sy=0,ty
AB::DestructionBuilding::1.0,/obj/AnalysisHolder/probe_33/Classical/ProcessWalls/ProcessWalls/MF_walls/color2,color,,3,5,medium,class=3 ramp2pos=1 ramp2cr=1 ramp2cg=1 ramp2cb=1,colorb colorg colorr
AB::DestructionBuilding::1.0,/obj/AnalysisHolder/probe_33/Classical/ProcessWalls/ProcessWalls/MF_walls/color7,color,,3,5,medium,class=3 ramp2pos=1 ramp2cr=1 ramp2cg=1 ramp2cb=1,colorb colorg colorr
AB::DestructionBuilding::1.0,/obj/AnalysisHolder/probe_33/Classical/ProcessWalls/ProcessWalls/MF_walls/transform4,xform,,1,1,medium,parmgroup_pivotxform=1,tz
AB::DestructionBuilding::1.0,/obj/AnalysisHolder/probe_33/Classical/ProcessWalls/ProcessWalls/MF_walls/WindowGenerator1,AB::WindowGenerator::3.1,,17,2,medium,WindowWidth=2.83333 WindowHeight=3,CasementColorb CasementColorg CasementColorr CasingDepth CasingWidth FrameColorb FrameColorg FrameColorr GlassColorb GlassColorg GlassColorr RectangularWindowType SK_WinFrameDepthRect WinFrameWidthRect WindowTrimColorb WindowTrimColorg WindowTrimColorr
AB::DestructionBuilding::1.0,/obj/AnalysisHolder/probe_33/Classical/ProcessWalls/ProcessWalls/MF_walls/SolidBays/color1,color,,3,6,medium,deleteallcolorattribs=1 class=3 ramp2pos=1 ramp2cr=1 ramp2cg=1 ramp2cb=1,colorb colorg colorr
AB::DestructionBuilding::1.0,/obj/AnalysisHolder/probe_33/Classical/ProcessWalls/ProcessWalls/MF_walls/transform6,xform,,1,1,medium,sy=0,ty
AB::DestructionBuilding::1.0,/obj/AnalysisHolder/probe_33/Classical/ProcessWalls/ProcessWalls/TF_top/CreateCornice/FancyCurves3,AB::FancyCurves::2.0,,1,2,medium,CurveStyle=3 planeSet=2,LowerFaceDepth
AB::DestructionBuilding::1.0,/obj/AnalysisHolder/probe_33/Classical/ProcessWalls/ProcessWalls/TF_top/color2,color,,3,5,medium,class=3 ramp2pos=1 ramp2cr=1 ramp2cg=1 ramp2cb=1,colorb colorg colorr
AB::DestructionBuilding::1.0,/obj/AnalysisHolder/probe_33/Classical/ProcessWalls/ProcessWalls/TF_top/WindowGenerator1,AB::WindowGenerator::3.1,,17,2,medium,WindowWidth=2.83333 WindowHeight=6.65,CasementColorb CasementColorg CasementColorr CasingDepth CasingWidth FrameColorb FrameColorg FrameColorr GlassColorb GlassColorg GlassColorr RectangularWindowType SK_WinFrameDepthRect WinFrameWidthRect WindowTrimColorb WindowTrimColorg WindowTrimColorr
AB::DestructionBuilding::1.0,/obj/AnalysisHolder/probe_33/Classical/ProcessWalls/ProcessWalls/TF_top/SolidBays3/color1,color,,3,6,medium,deleteallcolorattribs=1 class=3 ramp2pos=1 ramp2cr=1 ramp2cg=1 ramp2cb=1,colorb colorg colorr
AB::DestructionBuilding::1.0,/obj/AnalysisHolder/probe_33/Classical/ProcessWalls/ProcessWalls/foreach_end1,block_end,,1,3,medium,itermethod=1 method=1 class=0,attrib
AB::DestructionBuilding::1.0,/obj/AnalysisHolder/probe_33/Classical/UE_MAT_Metal,attribcreate::2.0,,1,2,medium,class1=1 type1=3,string1
AB::DestructionBuilding::1.0,/obj/AnalysisHolder/probe_33/Classical/UE_MAT_Walls,attribcreate::2.0,,1,2,medium,class1=1 type1=3,string1
AB::DestructionBuilding::1.0,/obj/AnalysisHolder/probe_33/Classical/UE_MAT_Trim,attribcreate::2.0,,1,2,medium,class1=1 type1=3,string1
AB::DestructionBuilding::1.0,/obj/AnalysisHolder/probe_33/Classical/UE_MAT_Glass,attribcreate::2.0,,1,2,medium,class1=1 type1=3,string1
AB::DestructionBuilding::1.0,/obj/AnalysisHolder/probe_33/Classical/UE_MAT_Emits,attribcreate::2.0,,1,2,medium,class1=1 type1=3,string1
AB::DestructionBuilding::1.0,/obj/AnalysisHolder/probe_33/Classical/UE_MAT_Roof,attribcreate::2.0,,1,2,medium,class1=1 type1=3,string1
AB::DestructionBuilding::1.0,/obj/AnalysisHolder/probe_33/Classical/UE_MAT_Corners,attribcreate::2.0,,1,2,medium,class1=1 type1=3,string1
AB::DestructionBuilding::1.0,/obj/AnalysisHolder/probe_33/SimpleModern/CreateBldBase/GF_Walls/polyextrude2,polyextrude::2.0,,1,16,medium,extrusionmode=1 xformfront=1 xformspace=1 outputfront=0 outputback=1 outputsidegrp=1 thicknessramp1value=1 thicknessramp1interp=2 thicknessramp2pos=1 thicknessramp2value=1 thicknessramp2interp=2 twistramp1value=0.5 twistramp1interp=2 twistramp2pos=1 twistramp2value=0.5 twistramp2interp=2,translatey
AB::DestructionBuilding::1.0,/obj/AnalysisHolder/probe_33/SimpleModern/CreateBldBase/GF_Walls/knife1,knife,,1,1,medium,knifeop=1,originy
AB::DestructionBuilding::1.0,/obj/AnalysisHolder/probe_33/SimpleModern/CreateBldBase/TF_ModBase/polyextrude8,polyextrude::2.0,,1,15,medium,extrusionmode=1 xformfront=1 xformspace=1 outputfront=0 outputsidegrp=1 thicknessramp1value=1 thicknessramp1interp=2 thicknessramp2pos=1 thicknessramp2value=1 thicknessramp2interp=2 twistramp1value=0.5 twistramp1interp=2 twistramp2pos=1 twistramp2value=0.5 twistramp2interp=2,translatey
AB::DestructionBuilding::1.0,/obj/AnalysisHolder/probe_33/SimpleModern/CreateBldBase/MF_Walls/polyext_MidFloor,polyextrude::2.0,,1,15,medium,extrusionmode=1 xformfront=1 xformspace=1 outputback=1 outputbackgrp=1 thicknessramp1value=1 thicknessramp1interp=2 thicknessramp2pos=1 thicknessramp2value=1 thicknessramp2interp=2 twistramp1value=0.5 twistramp1interp=2 twistramp2pos=1 twistramp2value=0.5 twistramp2interp=2,translatey
AB::DestructionBuilding::1.0,/obj/AnalysisHolder/probe_33/CreateBldBase/FootprintSquare/add1,add,,2,2,medium,points=3 switcher1=1,pt0x pt2z
AB::DestructionBuilding::1.0,/obj/AnalysisHolder/probe_33/CreateBldBase/FootprintSquare/add2,add,,4,2,medium,points=2 switcher1=1,pt0x pt0y pt0z pt1z
AB::DestructionBuilding::1.0,/obj/AnalysisHolder/probe_33/CreateBldBase/FootprintSquare/add3,add,,9,3,medium,stdswitcher1=1 points=3 switcher1=1,pt0x pt0y pt0z pt1x pt1y pt1z pt2x pt2y pt2z
AB::DestructionBuilding::1.0,/obj/AnalysisHolder/probe_33/CreateBldBase/FootprintSquare/add4,add,,6,2,medium,points=2 switcher1=1,pt0x pt0y pt0z pt1x pt1y pt1z
AB::DestructionBuilding::1.0,/obj/AnalysisHolder/probe_33/CreateBldBase/FootprintSquare/add5,add,,9,3,medium,stdswitcher1=1 points=3 switcher1=1,pt0x pt0y pt0z pt1x pt1y pt1z pt2x pt2y pt2z
AB::DestructionBuilding::1.0,/obj/AnalysisHolder/probe_33/CreateBldBase/FootprintSquare/add6,add,,6,2,medium,points=2 switcher1=1,pt0x pt0y pt0z pt1x pt1y pt1z
AB::DestructionBuilding::1.0,/obj/AnalysisHolder/probe_33/CreateBldBase/FootprintSquare/add7,add,,9,3,medium,stdswitcher1=1 points=3 switcher1=1,pt0x pt0y pt0z pt1x pt1y pt1z pt2x pt2y pt2z
AB::DestructionBuilding::1.0,/obj/AnalysisHolder/probe_33/CreateBldBase/FootprintSquare/add8,add,,6,2,medium,points=2 switcher1=1,pt0x pt0y pt0z pt1x pt1y pt1z
AB::DestructionBuilding::1.0,/obj/AnalysisHolder/probe_33/CreateBldBase/FootprintSquare/color10,color,,3,5,medium,class=1 ramp2pos=1 ramp2cr=1 ramp2cg=1 ramp2cb=1,colorb colorg colorr
AB::DestructionBuilding::1.0,/obj/AnalysisHolder/probe_33/CreateBldBase/FootprintSquare/color12,color,,3,5,medium,class=1 ramp2pos=1 ramp2cr=1 ramp2cg=1 ramp2cb=1,colorb colorg colorr
AB::DestructionBuilding::1.0,/obj/AnalysisHolder/probe_33/CreateBldBase/FootprintSquare/color14,color,,3,5,medium,class=1 ramp2pos=1 ramp2cr=1 ramp2cg=1 ramp2cb=1,colorb colorg colorr
AB::DestructionBuilding::1.0,/obj/AnalysisHolder/probe_33/CreateBldBase/FootprintSquare/resample1,resample,,1,1,medium,edge=1,length
AB::DestructionBuilding::1.0,/obj/AnalysisHolder/probe_33/CreateBldBase/FootprintSquare/resample2,resample,,1,1,medium,edge=1,length
AB::DestructionBuilding::1.0,/obj/AnalysisHolder/probe_33/CreateBldBase/FootprintSquare/resample3,resample,,1,1,medium,edge=1,length
AB::DestructionBuilding::1.0,/obj/AnalysisHolder/probe_33/CreateBldBase/FootprintSquare/resample4,resample,,1,1,medium,edge=1,length
AB::DestructionBuilding::1.0,/obj/AnalysisHolder/probe_33/CreateBldBase/FootprintSquare/add9,add,,4,4,medium,stdswitcher1=1 points=4 switcher1=1 closedall=1,pt1x pt2x pt2z pt3z
AB::DestructionBuilding::1.0,/obj/AnalysisHolder/probe_33/CreateBldBase/FootprinL/add11,add,,8,3,medium,points=6 switcher1=1 closedall=1,pt1z pt2x pt2z pt3x pt3z pt4x pt4z pt5x
AB::DestructionBuilding::1.0,/obj/AnalysisHolder/probe_33/CreateBldBase/FootprinL/add1,add,,2,2,medium,points=3 switcher1=1,pt0x pt2z
AB::DestructionBuilding::1.0,/obj/AnalysisHolder/probe_33/CreateBldBase/FootprinL/add2,add,,4,3,medium,stdswitcher1=1 points=2 switcher1=1,pt0x pt0y pt0z pt1z
AB::DestructionBuilding::1.0,/obj/AnalysisHolder/probe_33/CreateBldBase/FootprinL/add3,add,,4,3,medium,stdswitcher1=1 points=3 switcher1=1,pt0z pt1z pt2x pt2z
AB::DestructionBuilding::1.0,/obj/AnalysisHolder/probe_33/CreateBldBase/FootprinL/add4,add,,5,3,medium,stdswitcher1=1 points=2 switcher1=1,pt0x pt0y pt0z pt1x pt1z
AB::DestructionBuilding::1.0,/obj/AnalysisHolder/probe_33/CreateBldBase/FootprinL/add5,add,,9,3,medium,stdswitcher1=1 points=3 switcher1=1,pt0x pt0y pt0z pt1x pt1y pt1z pt2x pt2y pt2z
AB::DestructionBuilding::1.0,/obj/AnalysisHolder/probe_33/CreateBldBase/FootprinL/add6,add,,6,3,medium,stdswitcher1=1 points=2 switcher1=1,pt0x pt0y pt0z pt1x pt1y pt1z
AB::DestructionBuilding::1.0,/obj/AnalysisHolder/probe_33/CreateBldBase/FootprinL/add7,add,,9,3,medium,stdswitcher1=1 points=3 switcher1=1,pt0x pt0y pt0z pt1x pt1y pt1z pt2x pt2y pt2z
AB::DestructionBuilding::1.0,/obj/AnalysisHolder/probe_33/CreateBldBase/FootprinL/add8,add,,6,3,medium,stdswitcher1=1 points=2 switcher1=1,pt0x pt0y pt0z pt1x pt1y pt1z
AB::DestructionBuilding::1.0,/obj/AnalysisHolder/probe_33/CreateBldBase/FootprinL/add9,add,,9,3,medium,stdswitcher1=1 points=3 switcher1=1,pt0x pt0y pt0z pt1x pt1y pt1z pt2x pt2y pt2z
AB::DestructionBuilding::1.0,/obj/AnalysisHolder/probe_33/CreateBldBase/FootprinL/add10,add,,6,3,medium,stdswitcher1=1 points=2 switcher1=1,pt0x pt0y pt0z pt1x pt1y pt1z
AB::DestructionBuilding::1.0,/obj/AnalysisHolder/probe_33/CreateBldBase/FootprinL/add12,add,,9,3,medium,stdswitcher1=1 points=3 switcher1=1,pt0x pt0y pt0z pt1x pt1y pt1z pt2x pt2y pt2z
AB::DestructionBuilding::1.0,/obj/AnalysisHolder/probe_33/CreateBldBase/FootprinL/add13,add,,6,2,medium,points=2 switcher1=1,pt0x pt0y pt0z pt1x pt1y pt1z
AB::DestructionBuilding::1.0,/obj/AnalysisHolder/probe_33/CreateBldBase/FootprinL/color7,color,,3,5,medium,class=1 ramp2pos=1 ramp2cr=1 ramp2cg=1 ramp2cb=1,colorb colorg colorr
AB::DestructionBuilding::1.0,/obj/AnalysisHolder/probe_33/CreateBldBase/FootprinL/color9,color,,3,5,medium,class=1 ramp2pos=1 ramp2cr=1 ramp2cg=1 ramp2cb=1,colorb colorg colorr
AB::DestructionBuilding::1.0,/obj/AnalysisHolder/probe_33/CreateBldBase/FootprinL/color11,color,,3,5,medium,class=1 ramp2pos=1 ramp2cr=1 ramp2cg=1 ramp2cb=1,colorb colorg colorr
AB::DestructionBuilding::1.0,/obj/AnalysisHolder/probe_33/CreateBldBase/FootprinL/color14,color,,3,5,medium,class=1 ramp2pos=1 ramp2cr=1 ramp2cg=1 ramp2cb=1,colorb colorg colorr
AB::DestructionBuilding::1.0,/obj/AnalysisHolder/probe_33/CreateBldBase/FootprinL/color15,color,,3,5,medium,class=1 ramp2pos=1 ramp2cr=1 ramp2cg=1 ramp2cb=1,colorb colorg colorr
AB::DestructionBuilding::1.0,/obj/AnalysisHolder/probe_33/CreateBldBase/FootprinL/resample4,resample,,1,1,medium,edge=1,length
AB::DestructionBuilding::1.0,/obj/AnalysisHolder/probe_33/CreateBldBase/FootprinL/resample5,resample,,1,1,medium,edge=1,length
AB::DestructionBuilding::1.0,/obj/AnalysisHolder/probe_33/CreateBldBase/FootprinL/resample6,resample,,1,1,medium,edge=1,length
AB::DestructionBuilding::1.0,/obj/AnalysisHolder/probe_33/CreateBldBase/FootprinL/resample7,resample,,1,1,medium,edge=1,length
AB::DestructionBuilding::1.0,/obj/AnalysisHolder/probe_33/CreateBldBase/FootprinL/resample8,resample,,1,1,medium,edge=1,length
AB::DestructionBuilding::1.0,/obj/AnalysisHolder/probe_33/CreateBldBase/FootprinL/resample9,resample,,1,1,medium,edge=1,length
AB::DestructionBuilding::1.0,/obj/AnalysisHolder/probe_33/CreateBldBase/FootprinL/transform1,xform,,1,1,medium,parmgroup_pivotxform=1,tx
AB::DestructionBuilding::1.0,/obj/AnalysisHolder/probe_33/CreateBldBase/GF_ModBase/polyextrude2,polyextrude::2.0,,1,15,medium,extrusionmode=1 xformfront=1 xformspace=1 outputfront=0 outputsidegrp=1 thicknessramp1value=1 thicknessramp1interp=2 thicknessramp2pos=1 thicknessramp2value=1 thicknessramp2interp=2 twistramp1value=0.5 twistramp1interp=2 twistramp2pos=1 twistramp2value=0.5 twistramp2interp=2,translatey
AB::DestructionBuilding::1.0,/obj/AnalysisHolder/probe_33/CreateBldBase/TF_ModBase/polyextrude8,polyextrude::2.0,,1,15,medium,extrusionmode=1 xformfront=1 xformspace=1 outputfrontgrp=1 outputsidegrp=1 thicknessramp1value=1 thicknessramp1interp=2 thicknessramp2pos=1 thicknessramp2value=1 thicknessramp2interp=2 twistramp1value=0.5 twistramp1interp=2 twistramp2pos=1 twistramp2value=0.5 twistramp2interp=2,translatey
AB::DestructionBuilding::1.0,/obj/AnalysisHolder/probe_33/CreateBldBase/TF_ModBase/polyextrude9,polyextrude::2.0,,1,12,medium,outputfrontgrp=1 outputsidegrp=1 thicknessramp1value=1 thicknessramp1interp=2 thicknessramp2pos=1 thicknessramp2value=1 thicknessramp2interp=2 twistramp1value=0.5 twistramp1interp=2 twistramp2pos=1 twistramp2value=0.5 twistramp2interp=2,dist
AB::DestructionBuilding::1.0,/obj/AnalysisHolder/probe_33/CreateBldBase/MF_ModBase/polyext_MidFloor,polyextrude::2.0,,1,15,medium,extrusionmode=1 xformfront=1 xformspace=1 outputfront=0 outputsidegrp=1 thicknessramp1value=1 thicknessramp1interp=2 thicknessramp2pos=1 thicknessramp2value=1 thicknessramp2interp=2 twistramp1value=0.5 twistramp1interp=2 twistramp2pos=1 twistramp2value=0.5 twistramp2interp=2,translatey
AB::DestructionBuilding::1.0,/obj/AnalysisHolder/probe_33/CreateBldBase/FootprintU/line1,line,,1,2,medium,dirx=1 diry=0,dist
AB::DestructionBuilding::1.0,/obj/AnalysisHolder/probe_33/CreateBldBase/FootprintU/line2,line,,2,2,medium,dirx=1 diry=0,dist points
AB::DestructionBuilding::1.0,/obj/AnalysisHolder/probe_33/CreateBldBase/FootprintU/line3,line,,1,2,medium,diry=0 dirz=-1,dist
AB::DestructionBuilding::1.0,/obj/AnalysisHolder/probe_33/CreateBldBase/FootprintU/line4,line,,2,2,medium,diry=0 dirz=-1,dist points
AB::DestructionBuilding::1.0,/obj/AnalysisHolder/probe_33/CreateBldBase/FootprintRoundCorner/circle1,circle,rad,1,7,high,type=2 orient=2 reverse=0 radx=21.6 order=2 arc=1 endangle=90,rady
AB::DestructionBuilding::1.0,/obj/AnalysisHolder/probe_33/CreateBldBase/FootprintRoundCorner/resample2,resample,,1,1,medium,edge=1,length
AB::DestructionBuilding::1.0,/obj/AnalysisHolder/probe_33/CreateBldBase/FootprintRoundCorner/add1,add,,2,2,medium,points=3 switcher1=1,pt0x pt2z
AB::DestructionBuilding::1.0,/obj/AnalysisHolder/probe_33/CreateBldBase/FootprintRoundCorner/add2,add,,4,2,medium,points=2 switcher1=1,pt0x pt0y pt0z pt1z
AB::DestructionBuilding::1.0,/obj/AnalysisHolder/probe_33/CreateBldBase/FootprintRoundCorner/add3,add,,9,3,medium,stdswitcher1=1 points=3 switcher1=1,pt0x pt0y pt0z pt1x pt1y pt1z pt2x pt2y pt2z
AB::DestructionBuilding::1.0,/obj/AnalysisHolder/probe_33/CreateBldBase/FootprintRoundCorner/add9,add,,6,2,medium,points=2 switcher1=1,pt0x pt0y pt0z pt1x pt1y pt1z
AB::DestructionBuilding::1.0,/obj/AnalysisHolder/probe_33/CreateBldBase/FootprintRoundCorner/add5,add,,9,3,medium,stdswitcher1=1 points=3 switcher1=1,pt0x pt0y pt0z pt1x pt1y pt1z pt2x pt2y pt2z
AB::DestructionBuilding::1.0,/obj/AnalysisHolder/probe_33/CreateBldBase/FootprintRoundCorner/add6,add,,6,2,medium,points=2 switcher1=1,pt0x pt0y pt0z pt1x pt1y pt1z
AB::DestructionBuilding::1.0,/obj/AnalysisHolder/probe_33/CreateBldBase/FootprintRoundCorner/add7,add,,6,2,medium,points=2 switcher1=1,pt0x pt0y pt0z pt1x pt1y pt1z
AB::DestructionBuilding::1.0,/obj/AnalysisHolder/probe_33/CreateBldBase/FootprintRoundCorner/color10,color,,3,5,medium,class=1 ramp2pos=1 ramp2cr=1 ramp2cg=1 ramp2cb=1,colorb colorg colorr
AB::DestructionBuilding::1.0,/obj/AnalysisHolder/probe_33/CreateBldBase/FootprintRoundCorner/color12,color,,3,5,medium,class=1 ramp2pos=1 ramp2cr=1 ramp2cg=1 ramp2cb=1,colorb colorg colorr
AB::DestructionBuilding::1.0,/obj/AnalysisHolder/probe_33/CreateBldBase/FootprintRoundCorner/resample1,resample,,1,1,medium,edge=1,length
AB::DestructionBuilding::1.0,/obj/AnalysisHolder/probe_33/CreateBldBase/FootprintRoundCorner/resample5,resample,,1,1,medium,edge=1,length
AB::DestructionBuilding::1.0,/obj/AnalysisHolder/probe_33/CreateBldBase/FootprintRoundCorner/resample6,resample,,1,1,medium,edge=1,length
AB::DestructionBuilding::1.0,/obj/AnalysisHolder/probe_33/CreateBldBase/FootprintRoundCorner/transform9,xform,,1,4,medium,parmgroup_pivotxform=1 px=0 py=0 pz=0,tx
AB::DestructionBuilding::1.0,/obj/AnalysisHolder/probe_33/CreateBldBase/FootprintRoundCorner/color15,color,,3,5,medium,class=1 ramp2pos=1 ramp2cr=1 ramp2cg=1 ramp2cb=1,colorb colorg colorr
AB::DestructionBuilding::1.0,/obj/AnalysisHolder/probe_33/CreateBldBase/FootprintRoundCorner/resample7,resample,,1,1,medium,edge=1,length
AB::DestructionBuilding::1.0,/obj/AnalysisHolder/probe_33/CreateBldBase/FootprintRoundCorner/color16,color,,3,5,medium,class=1 ramp2pos=1 ramp2cr=1 ramp2cg=1 ramp2cb=1,colorb colorg colorr
AB::DestructionBuilding::1.0,/obj/AnalysisHolder/probe_33/CreateBldBase/FootprintRoundCorner/transform11,xform,,46,1,medium,parmgroup_pivotxform=1,addattrib attribs group grouptype invertxform movecentroid outputattrib outputmerge prexform_rOrd prexform_rx prexform_ry prexform_rz prexform_shear1 prexform_shear2 prexform_shear3 prexform_sx prexform_sy prexform_sz prexform_tx prexform_ty prexform_tz prexform_xOrd prx pry prz px py pz rOrd rx ry rz scale shear1 shear2 shear3 sx sy sz tx ty tz updateaffectednmls updatenmls vlength xOrd
AB::DestructionBuilding::1.0,/obj/AnalysisHolder/probe_33/CreateBldBase/FootprintRound/circle1,circle,,1,3,medium,type=2 orient=2 reverse=0,scale
AB::DestructionBuilding::1.0,/obj/AnalysisHolder/probe_33/CreateBldBase/FootprintRound/group1,groupcreate,size,1,4,high,grouptype=1 groupbase=0 groupbounding=1 sizez=0.1,sizex
AB::DestructionBuilding::1.0,/obj/AnalysisHolder/probe_33/CreateBldBase/FootprintRound/group2,groupcreate,size,1,4,high,grouptype=1 groupbase=0 groupbounding=1 sizex=0.01,sizez
AB::DestructionBuilding::1.0,/obj/AnalysisHolder/probe_33/CreateBldBase/FootprintSquare1/line1,line,,1,2,medium,dirx=1 diry=0,dist
AB::DestructionBuilding::1.0,/obj/AnalysisHolder/probe_33/CreateBldBase/FootprintSquare1/line2,line,,2,2,medium,dirx=1 diry=0,dist points
AB::DestructionBuilding::1.0,/obj/AnalysisHolder/probe_33/CreateBldBase/FootprintSquare1/line3,line,,1,2,medium,diry=0 dirz=-1,dist
AB::DestructionBuilding::1.0,/obj/AnalysisHolder/probe_33/CreateBldBase/FootprintSquare1/line4,line,,2,2,medium,diry=0 dirz=-1,dist points
AB::DestructionBuilding::1.0,/obj/AnalysisHolder/probe_33/CreateBldBase/FootprintSquare1/add1,add,,2,2,medium,points=3 switcher1=1,pt0x pt2z
AB::DestructionBuilding::1.0,/obj/AnalysisHolder/probe_33/CreateBldBase/FootprintSquare1/add2,add,,4,2,medium,points=2 switcher1=1,pt0x pt0y pt0z pt1z
AB::DestructionBuilding::1.0,/obj/AnalysisHolder/probe_33/CreateBldBase/FootprintSquare1/add3,add,,12,2,medium,points=4 switcher1=1,pt0x pt0y pt0z pt1x pt1y pt1z pt2x pt2y pt2z pt3x pt3y pt3z
AB::DestructionBuilding::1.0,/obj/AnalysisHolder/probe_33/CreateBldBase/FootprintSquare1/transform9,xform,,3,1,medium,parmgroup_pivotxform=1,rx sx tx
AB::DestructionBuilding::1.0,/obj/AnalysisHolder/probe_33/CreateBldBase/FootprintSquare1/add4,add,,6,2,medium,points=2 switcher1=1,pt0x pt0y pt0z pt1x pt1y pt1z
AB::DestructionBuilding::1.0,/obj/AnalysisHolder/probe_33/CreateBldBase/FootprintSquare1/color10,color,,3,5,medium,class=1 ramp2pos=1 ramp2cr=1 ramp2cg=1 ramp2cb=1,colorb colorg colorr
AB::DestructionBuilding::1.0,/obj/AnalysisHolder/probe_33/CreateBldBase/FootprintSquare1/resample1,resample,,1,1,medium,edge=1,length
AB::DestructionBuilding::1.0,/obj/AnalysisHolder/probe_33/CreateBldBase/FootprintSquare1/resample2,resample,,1,1,medium,edge=1,length
AB::DestructionBuilding::1.0,/obj/AnalysisHolder/probe_33/CreateBldBase/FootprintSquare1/add5,add,,6,2,medium,points=2 switcher1=1,pt0x pt0y pt0z pt1x pt1y pt1z
AB::DestructionBuilding::1.0,/obj/AnalysisHolder/probe_33/CreateBldBase/FootprintSquare1/add6,add,,12,2,medium,points=4 switcher1=1,pt0x pt0y pt0z pt1x pt1y pt1z pt2x pt2y pt2z pt3x pt3y pt3z
AB::DestructionBuilding::1.0,/obj/AnalysisHolder/probe_33/CreateBldBase/FootprintSquare1/add7,add,,6,3,medium,stdswitcher1=1 points=2 switcher1=1,pt0x pt0y pt0z pt1x pt1y pt1z
AB::DestructionBuilding::1.0,/obj/AnalysisHolder/probe_33/BaseFromCurve/resample1,resample,,1,1,medium,edge=1,length
AB::DestructionBuilding::1.0,/obj/AnalysisHolder/probe_33/BaseFromCurve/GF_ModBase/polyextrude2,polyextrude::2.0,,1,15,medium,extrusionmode=1 xformfront=1 xformspace=1 outputfront=0 outputsidegrp=1 thicknessramp1value=1 thicknessramp1interp=2 thicknessramp2pos=1 thicknessramp2value=1 thicknessramp2interp=2 twistramp1value=0.5 twistramp1interp=2 twistramp2pos=1 twistramp2value=0.5 twistramp2interp=2,translatey
AB::DestructionBuilding::1.0,/obj/AnalysisHolder/probe_33/BaseFromCurve/TF_ModBase/polyextrude8,polyextrude::2.0,,1,15,medium,extrusionmode=1 xformfront=1 xformspace=1 outputfrontgrp=1 outputsidegrp=1 thicknessramp1value=1 thicknessramp1interp=2 thicknessramp2pos=1 thicknessramp2value=1 thicknessramp2interp=2 twistramp1value=0.5 twistramp1interp=2 twistramp2pos=1 twistramp2value=0.5 twistramp2interp=2,translatey
AB::DestructionBuilding::1.0,/obj/AnalysisHolder/probe_33/BaseFromCurve/TF_ModBase/polyextrude9,polyextrude::2.0,,1,12,medium,outputfrontgrp=1 outputsidegrp=1 thicknessramp1value=1 thicknessramp1interp=2 thicknessramp2pos=1 thicknessramp2value=1 thicknessramp2interp=2 twistramp1value=0.5 twistramp1interp=2 twistramp2pos=1 twistramp2value=0.5 twistramp2interp=2,dist
AB::DestructionBuilding::1.0,/obj/AnalysisHolder/probe_33/BaseFromCurve/MF_ModBase/polyext_MidFloor,polyextrude::2.0,,1,15,medium,extrusionmode=1 xformfront=1 xformspace=1 outputfront=0 outputsidegrp=1 thicknessramp1value=1 thicknessramp1interp=2 thicknessramp2pos=1 thicknessramp2value=1 thicknessramp2interp=2 twistramp1value=0.5 twistramp1interp=2 twistramp2pos=1 twistramp2value=0.5 twistramp2interp=2,translatey
AB::DomeGenerator::1.0,/obj/AnalysisHolder/probe_34/Renaissance/CreateDomeWalls/circle1,circle,,1,6,medium,type=2 orient=2 reverse=0 ry=180 order=2 divs=6,scale
AB::DomeGenerator::1.0,/obj/AnalysisHolder/probe_34/Renaissance/CreateDomeWalls/primitive1,primitive,s,1,3,high,doxform=1 sx=0.7 sy=0.7,sz
AB::DomeGenerator::1.0,/obj/AnalysisHolder/probe_34/Renaissance/CreateVerticalDomeTrim/FancyCurves2/cornice/cornice_01_create/add2,add,,13,2,medium,points=8 switcher1=1,pt1x pt2x pt2y pt3x pt3y pt4x pt4y pt5x pt5y pt6x pt6y pt7x pt7y
AB::DomeGenerator::1.0,/obj/AnalysisHolder/probe_34/Renaissance/CreateVerticalDomeTrim/FancyCurves2/cornice/cornice_01_create/adad3,add,,4,2,medium,points=2 switcher1=1,pt0x pt0y pt1x pt1y
AB::DomeGenerator::1.0,/obj/AnalysisHolder/probe_34/Renaissance/CreateVerticalDomeTrim/FancyCurves2/cornice/cornice_01_create/transform11,xform,,1,1,medium,grouptype=3,tx
AB::DomeGenerator::1.0,/obj/AnalysisHolder/probe_34/Renaissance/CreateVerticalDomeTrim/FancyCurves2/cornice/cornice_01_create/transform12,xform,,1,1,medium,grouptype=3,tx
AB::DomeGenerator::1.0,/obj/AnalysisHolder/probe_34/Renaissance/CreateVerticalDomeTrim/FancyCurves2/cornice/cornice_01_create/add3,add,,7,3,medium,stdswitcher1=1 points=5 switcher1=1,pt0x pt0y pt1x pt1y pt2x pt2y pt3y
AB::DomeGenerator::1.0,/obj/AnalysisHolder/probe_34/Renaissance/CreateVerticalDomeTrim/FancyCurves2/cornice/cornice_01_create/polybevel1,polybevel::3.0,,3,6,medium,grouptype=1 profileramp1value=0.5 profileramp1interp=2 profileramp2pos=1 profileramp2value=0.5 profileramp2interp=2,divisions filletshape offset
AB::DomeGenerator::1.0,/obj/AnalysisHolder/probe_34/Renaissance/CreateVerticalDomeTrim/FancyCurves2/CreateDoorTrim/MoldingStyle_01/circle1,circle,,2,5,medium,type=2 orient=2 reverse=0 arc=1 endangle=180.9,divs scale
AB::DomeGenerator::1.0,/obj/AnalysisHolder/probe_34/Renaissance/CreateVerticalDomeTrim/FancyCurves2/CreateDoorTrim/MoldingStyle_01/circle5,circle,,2,6,medium,type=2 orient=2 reverse=0 order=2 arc=1 endangle=180,divs scale
AB::DomeGenerator::1.0,/obj/AnalysisHolder/probe_34/Renaissance/CreateVerticalDomeTrim/FancyCurves2/CreateDoorTrim/MoldingStyle_01/copy1,copyxform,,1,1,medium,tx=-0.32,ncy
AB::DomeGenerator::1.0,/obj/AnalysisHolder/probe_34/Renaissance/CreateVerticalDomeTrim/FancyCurves2/CreateDoorTrim/MoldingStyle_01/add1,add,,3,2,medium,points=3 switcher1=1,pt1z pt2x pt2z
AB::DomeGenerator::1.0,/obj/AnalysisHolder/probe_34/Renaissance/CreateVerticalDomeTrim/FancyCurves2/CreateDoorTrim/MoldingStyle_01/circle2,circle,,2,5,medium,type=1 orient=2 reverse=0 arc=1 endangle=180,divs scale
AB::DomeGenerator::1.0,/obj/AnalysisHolder/probe_34/Renaissance/CreateVerticalDomeTrim/FancyCurves2/CreateDoorTrim/MoldingStyle_01/add2,add,pt2,10,3,high,points=7 switcher1=1 pt2x=-0.1,pt1z pt2z pt3x pt3z pt4x pt4z pt5x pt5z pt6x pt6z
AB::DomeGenerator::1.0,/obj/AnalysisHolder/probe_34/Renaissance/CreateVerticalDomeTrim/FancyCurves2/CreateDoorTrim/MoldingStyle_02/circle2,circle,,2,6,medium,type=2 orient=2 reverse=0 order=2 arc=1 endangle=180,divs scale
AB::DomeGenerator::1.0,/obj/AnalysisHolder/probe_34/Renaissance/CreateVerticalDomeTrim/FancyCurves2/CreateDoorTrim/MoldingStyle_02/transform1,xform,,2,2,medium,ry=-90 parmgroup_pivotxform=1,tx tz
AB::DomeGenerator::1.0,/obj/AnalysisHolder/probe_34/Renaissance/CreateVerticalDomeTrim/FancyCurves2/CreateDoorTrim/MoldingStyle_02/add1,add,,11,2,medium,points=7 switcher1=1,pt1x pt2x pt2z pt3x pt3z pt4x pt4z pt5x pt5z pt6x pt6z
AB::DomeGenerator::1.0,/obj/AnalysisHolder/probe_34/Renaissance/CreateVerticalDomeTrim/FancyCurves2/CreateColumnCurves/col_curve_create1/transform4,xform,,1,7,medium,sx=0 sy=0 sz=0 parmgroup_pivotxform=1 px=0 py=0 pz=0,scale
AB::DomeGenerator::1.0,/obj/AnalysisHolder/probe_34/Renaissance/CreateVerticalDomeTrim/FancyCurves2/CreateColumnCurves/col_curve_create2/circle1,circle,,1,5,medium,type=2 reverse=0 order=2 arc=1 endangle=180,divs
AB::DomeGenerator::1.0,/obj/AnalysisHolder/probe_34/Renaissance/CreateVerticalDomeTrim/FancyCurves2/CreateColumnCurves/col_curve_create2/transform4,xform,,1,7,medium,sx=0 sy=0 sz=0 parmgroup_pivotxform=1 px=0 py=0 pz=0,scale
AB::DomeGenerator::1.0,/obj/AnalysisHolder/probe_34/Renaissance/CreateVerticalDomeTrim/FancyCurves2/CreateColumnCurves/col_curve_create2/circle2,circle,,1,10,medium,type=2 reverse=0 radx=1.24 rady=1.24 ty=0.29 rz=20 scale=0.4 order=2 arc=1 endangle=130,divs
AB::DomeGenerator::1.0,/obj/AnalysisHolder/probe_34/Renaissance/CreateVerticalDomeTrim/FancyCurves2/base/base_molding_create_1/add1,add,pt1,9,4,high,points=6 switcher1=1 pt0z=0.2 pt1y=0.5,pt1z pt2y pt2z pt3y pt3z pt4y pt4z pt5y pt5z
AB::DomeGenerator::1.0,/obj/AnalysisHolder/probe_34/Renaissance/CreateVerticalDomeTrim/FancyCurves2/base/base_molding_create_1/circle1,circle,,2,6,medium,type=1 orient=1 reverse=0 rx=90 arc=1 endangle=180,divs scale
AB::DomeGenerator::1.0,/obj/AnalysisHolder/probe_34/Renaissance/CreateVerticalDomeTrim/FancyCurves2/base/base_molding_create_1/add2,add,pt2,1,5,high,points=3 switcher1=1 pt1y=0.05 pt2x=0.05 pt2z=-0.15,pt2y
AB::DomeGenerator::1.0,/obj/AnalysisHolder/probe_34/Renaissance/CreateVerticalDomeTrim/FancyCurves2/base/base_molding_create_1/copy1,copyxform,,1,1,medium,ty=0.08,ncy
AB::DomeGenerator::1.0,/obj/AnalysisHolder/probe_34/Renaissance/CreateVerticalDomeTrim/FancyCurves2/subnet1/add1,add,,12,3,medium,points=8 switcher1=1 closedall=1,pt1y pt2x pt2y pt3x pt3y pt4x pt4y pt5x pt5y pt6x pt6y pt7x
AB::DomeGenerator::1.0,/obj/AnalysisHolder/probe_34/Renaissance/CreateDomeCapDetail/circle3,circle,rad,1,6,high,type=1 orient=2 reverse=0 radx=5.30899 ry=180 divs=45,rady
AB::DomeGenerator::1.0,/obj/AnalysisHolder/probe_34/OnionDome/circle2,circle,,1,4,medium,type=2 orient=2 reverse=0 ry=180,divs
AB::DomeGenerator::1.0,/obj/AnalysisHolder/probe_34/MiddleEastern/circle1,circle,,1,5,medium,type=2 orient=2 reverse=0 ry=180 divs=66,scale
AB::DomeGenerator::1.0,/obj/AnalysisHolder/probe_34/MiddleEastern/transform2,xform,,1,2,medium,ty=10 parmgroup_pivotxform=1,scale
AB::DomeGenerator::1.0,/obj/AnalysisHolder/probe_34/MiddleEastern/transform3,xform,,1,4,medium,parmgroup_pivotxform=1 px=0 py=0 pz=0,ty
AB::DomeGenerator::1.0,/obj/AnalysisHolder/probe_34/MiddleEastern/color1,color,,3,5,medium,class=3 ramp2pos=1 ramp2cr=1 ramp2cg=1 ramp2cb=1,colorb colorg colorr
AB::DomeGenerator::1.0,/obj/AnalysisHolder/probe_34/MiddleEastern/color2,color,,3,5,medium,class=3 ramp2pos=1 ramp2cr=1 ramp2cg=1 ramp2cb=1,colorb colorg colorr
AB::DomeGenerator::1.0,/obj/AnalysisHolder/probe_34/NormalizeTransform/transform1,xform,s,1,3,high,sx=0 sz=0 parmgroup_pivotxform=1,sy
AB::DomeGenerator::1.0,/obj/AnalysisHolder/probe_34/NormalizeTransform/transform2,xform,,1,1,medium,parmgroup_pivotxform=1,scale
AB::DoorGenerator::4.0,/obj/AnalysisHolder/probe_35/Residential/CreateDoorParts/grid1,grid,,2,3,medium,orient=0 rows=2 cols=2,sizex sizey
AB::DoorGenerator::4.0,/obj/AnalysisHolder/probe_35/Residential/CreateDoorParts/knife1,knife,,1,2,medium,dirx=1 diry=0,originx
AB::DoorGenerator::4.0,/obj/AnalysisHolder/probe_35/Residential/CreateDoorParts/knife2,knife,,1,3,medium,knifeop=1 dirx=1 diry=0,originx
AB::DoorGenerator::4.0,/obj/AnalysisHolder/probe_35/Residential/CreateDoorParts/knife3,knife,,1,3,medium,knifeop=1 dirx=1 diry=0,originx
AB::DoorGenerator::4.0,/obj/AnalysisHolder/probe_35/Residential/CreateDoorParts/knife5,knife,,1,1,medium,knifeop=1,originy
AB::DoorGenerator::4.0,/obj/AnalysisHolder/probe_35/Residential/CreateDoorParts/knife6,knife,,1,1,medium,knifeop=1,originy
AB::DoorGenerator::4.0,/obj/AnalysisHolder/probe_35/Residential/CreateDoorParts/knife8,knife,,1,2,medium,dirx=1 diry=0,originx
AB::DoorGenerator::4.0,/obj/AnalysisHolder/probe_35/Residential/CreateDoorParts/polyextrude2,polyextrude::2.0,,1,11,medium,outputback=1 thicknessramp1value=1 thicknessramp1interp=2 thicknessramp2pos=1 thicknessramp2value=1 thicknessramp2interp=2 twistramp1value=0.5 twistramp1interp=2 twistramp2pos=1 twistramp2value=0.5 twistramp2interp=2,dist
AB::DoorGenerator::4.0,/obj/AnalysisHolder/probe_35/Residential/CreateInterior/CreateMultiLight/carve1,carve,,1,4,medium,domainu1=0 domainu2=1 secondu=1 stdswitcher1=1,divsu
AB::DoorGenerator::4.0,/obj/AnalysisHolder/probe_35/Residential/CreateInterior/CreateMultiLight/carve2,carve,,2,8,medium,firstu=0 domainu1=0 domainu2=1 firstv=1 domainv1=0 domainv2=1 secondv=1 stdswitcher1=1,divsu divsv
AB::DoorGenerator::4.0,/obj/AnalysisHolder/probe_35/Residential/CreateInterior/CreateMultiLight/polyextrude2,polyextrude::2.0,,1,11,medium,outputback=1 thicknessramp1value=1 thicknessramp1interp=2 thicknessramp2pos=1 thicknessramp2value=1 thicknessramp2interp=2 twistramp1value=0.5 twistramp1interp=2 twistramp2pos=1 twistramp2value=0.5 twistramp2interp=2,dist
AB::DoorGenerator::4.0,/obj/AnalysisHolder/probe_35/Residential/CreateInterior/CreateMultiLight/polyextrude4,polyextrude::2.0,,1,11,medium,outputback=1 thicknessramp1value=1 thicknessramp1interp=2 thicknessramp2pos=1 thicknessramp2value=1 thicknessramp2interp=2 twistramp1value=0.5 twistramp1interp=2 twistramp2pos=1 twistramp2value=0.5 twistramp2interp=2,dist
AB::DoorGenerator::4.0,/obj/AnalysisHolder/probe_35/Residential/CreateInterior/CreateMultiLight/color1,color,,3,5,medium,class=3 ramp2pos=1 ramp2cr=1 ramp2cg=1 ramp2cb=1,colorb colorg colorr
AB::DoorGenerator::4.0,/obj/AnalysisHolder/probe_35/Residential/CreateInterior/CreateMultiLight/color2,color,,3,5,medium,class=3 ramp2pos=1 ramp2cr=1 ramp2cg=1 ramp2cb=1,colorb colorg colorr
AB::DoorGenerator::4.0,/obj/AnalysisHolder/probe_35/Residential/CreateInterior/CreatePaneled/polyextrude2,polyextrude::2.0,,1,12,medium,splittype=0 inset=0.045 thicknessramp1value=1 thicknessramp1interp=2 thicknessramp2pos=1 thicknessramp2value=1 thicknessramp2interp=2 twistramp1value=0.5 twistramp1interp=2 twistramp2pos=1 twistramp2value=0.5 twistramp2interp=2,dist
AB::DoorGenerator::4.0,/obj/AnalysisHolder/probe_35/Residential/CreateInterior/CreatePaneled/transform1,xform,,1,1,medium,parmgroup_pivotxform=1,tz
AB::DoorGenerator::4.0,/obj/AnalysisHolder/probe_35/Residential/CreateInterior/CreatePaneled/color1,color,,3,5,medium,class=3 ramp2pos=1 ramp2cr=1 ramp2cg=1 ramp2cb=1,colorb colorg colorr
AB::DoorGenerator::4.0,/obj/AnalysisHolder/probe_35/Residential/color_DoorFrame,color,,3,5,medium,class=3 ramp2pos=1 ramp2cr=1 ramp2cg=1 ramp2cb=1,colorb colorg colorr
AB::DoorGenerator::4.0,/obj/AnalysisHolder/probe_35/Residential/color_DoorGlass,color,,3,5,medium,class=3 ramp2pos=1 ramp2cr=1 ramp2cg=1 ramp2cb=1,colorb colorg colorr
AB::DoorGenerator::4.0,/obj/AnalysisHolder/probe_35/Residential/DoorHardware2,AB::DoorHardware::2.0,,1,2,medium,RS_HandlePos=1 HW_PullBarStyle=2,RS_HandleStyle
AB::DoorGenerator::4.0,/obj/AnalysisHolder/probe_35/Commercial/DoorSingleLight/CreateDoorParts/grid1,grid,,2,3,medium,orient=0 rows=2 cols=2,sizex sizey
AB::DoorGenerator::4.0,/obj/AnalysisHolder/probe_35/Commercial/DoorSingleLight/CreateDoorParts/knife1,knife,,1,2,medium,dirx=1 diry=0,originx
AB::DoorGenerator::4.0,/obj/AnalysisHolder/probe_35/Commercial/DoorSingleLight/CreateDoorParts/knife2,knife,,1,3,medium,knifeop=1 dirx=1 diry=0,originx
AB::DoorGenerator::4.0,/obj/AnalysisHolder/probe_35/Commercial/DoorSingleLight/CreateDoorParts/knife3,knife,,1,3,medium,knifeop=1 dirx=1 diry=0,originx
AB::DoorGenerator::4.0,/obj/AnalysisHolder/probe_35/Commercial/DoorSingleLight/CreateDoorParts/knife5,knife,,1,1,medium,knifeop=1,originy
AB::DoorGenerator::4.0,/obj/AnalysisHolder/probe_35/Commercial/DoorSingleLight/CreateDoorParts/knife6,knife,,1,1,medium,knifeop=1,originy
AB::DoorGenerator::4.0,/obj/AnalysisHolder/probe_35/Commercial/DoorSingleLight/CreateDoorParts/knife8,knife,,1,2,medium,dirx=1 diry=0,originx
AB::DoorGenerator::4.0,/obj/AnalysisHolder/probe_35/Commercial/DoorSingleLight/CreateDoorParts/polyextrude2,polyextrude::2.0,,1,11,medium,outputback=1 thicknessramp1value=1 thicknessramp1interp=2 thicknessramp2pos=1 thicknessramp2value=1 thicknessramp2interp=2 twistramp1value=0.5 twistramp1interp=2 twistramp2pos=1 twistramp2value=0.5 twistramp2interp=2,dist
AB::DoorGenerator::4.0,/obj/AnalysisHolder/probe_35/Commercial/DoorSingleLight/color_DoorFrame,color,,3,5,medium,class=3 ramp2pos=1 ramp2cr=1 ramp2cg=1 ramp2cb=1,colorb colorg colorr
AB::DoorGenerator::4.0,/obj/AnalysisHolder/probe_35/Commercial/DoorSingleLight/color_DoorGlass,color,,3,5,medium,class=3 ramp2pos=1 ramp2cr=1 ramp2cg=1 ramp2cb=1,colorb colorg colorr
AB::DoorGenerator::4.0,/obj/AnalysisHolder/probe_35/Commercial/DoorSingleLight/DoorHardware2,AB::DoorHardware::2.0,,3,1,medium,HW_DoorHandleStyle=1,HW_PullBarStyle PB_01_PullBarDepth PB_01_PullBarLength
AB::DoorGenerator::4.0,/obj/AnalysisHolder/probe_35/Industrial/DoorSingleLight/CreateDoorParts/knife1,knife,,1,2,medium,dirx=1 diry=0,originx
AB::DoorGenerator::4.0,/obj/AnalysisHolder/probe_35/Industrial/DoorSingleLight/CreateDoorParts/knife2,knife,,1,3,medium,knifeop=1 dirx=1 diry=0,originx
AB::DoorGenerator::4.0,/obj/AnalysisHolder/probe_35/Industrial/DoorSingleLight/CreateDoorParts/knife3,knife,,1,3,medium,knifeop=1 dirx=1 diry=0,originx
AB::DoorGenerator::4.0,/obj/AnalysisHolder/probe_35/Industrial/DoorSingleLight/CreateDoorParts/knife5,knife,,1,1,medium,knifeop=1,originy
AB::DoorGenerator::4.0,/obj/AnalysisHolder/probe_35/Industrial/DoorSingleLight/CreateDoorParts/knife6,knife,,1,1,medium,knifeop=1,originy
AB::DoorGenerator::4.0,/obj/AnalysisHolder/probe_35/Industrial/DoorSingleLight/CreateDoorParts/knife8,knife,,1,2,medium,dirx=1 diry=0,originx
AB::DoorGenerator::4.0,/obj/AnalysisHolder/probe_35/RollUp/grid1,grid,,3,2,medium,orient=0 cols=2,rows sizex sizey
AB::DoorGenerator::4.0,/obj/AnalysisHolder/probe_35/Speciality/Speciality_02/CreateArchLR/color3,color,,3,6,medium,deleteallcolorattribs=1 class=3 ramp2pos=1 ramp2cr=1 ramp2cg=1 ramp2cb=1,colorb colorg colorr
AB::DoorGenerator::4.0,/obj/AnalysisHolder/probe_35/Speciality/Speciality_02/CreateArchHR/color3,color,,3,6,medium,deleteallcolorattribs=1 class=3 ramp2pos=1 ramp2cr=1 ramp2cg=1 ramp2cb=1,colorb colorg colorr
AB::DoorGenerator::4.0,/obj/AnalysisHolder/probe_35/Speciality/Speciality_02/CreateMainDoorHR/color3,color,,3,6,medium,deleteallcolorattribs=1 class=3 ramp2pos=1 ramp2cr=1 ramp2cg=1 ramp2cb=1,colorb colorg colorr
AB::DoorGenerator::4.0,/obj/AnalysisHolder/probe_35/Speciality/Speciality_02/transform3,xform,s,2,2,high,sy=0 parmgroup_pivotxform=1,sx sz
AB::DoorGenerator::4.0,/obj/AnalysisHolder/probe_35/Speciality/Speciality_01/circle1,circle,,1,6,medium,type=1 reverse=0 ry=180 divs=44 arc=1 endangle=180,scale
AB::DoorGenerator::4.0,/obj/AnalysisHolder/probe_35/Speciality/Speciality_01/line1,line,,2,3,medium,dirx=1 diry=0 points=7,dist originx
AB::DoorGenerator::4.0,/obj/AnalysisHolder/probe_35/Speciality/Speciality_01/polyextrude2,polyextrude::2.0,,1,13,medium,xformfront=1 xformspace=1 outputfront=0 thicknessramp1value=1 thicknessramp1interp=2 thicknessramp2pos=1 thicknessramp2value=1 thicknessramp2interp=2 twistramp1value=0.5 twistramp1interp=2 twistramp2pos=1 twistramp2value=0.5 twistramp2interp=2,translatey
AB::DoorGenerator::4.0,/obj/AnalysisHolder/probe_35/Speciality/Speciality_01/add1,add,,6,3,medium,points=4 remove=1 switcher1=1,pt0x pt1x pt1y pt2x pt2y pt3x
AB::DoorGenerator::4.0,/obj/AnalysisHolder/probe_35/Speciality/Speciality_01/polyextrude6,polyextrude::2.0,,1,10,medium,thicknessramp1value=1 thicknessramp1interp=2 thicknessramp2pos=1 thicknessramp2value=1 thicknessramp2interp=2 twistramp1value=0.5 twistramp1interp=2 twistramp2pos=1 twistramp2value=0.5 twistramp2interp=2,dist
AB::DoorGenerator::4.0,/obj/AnalysisHolder/probe_35/Speciality/Speciality_01/line2,line,,1,2,medium,type=1 order=2,dist
AB::DoorGenerator::4.0,/obj/AnalysisHolder/probe_35/Speciality/Speciality_01/divide1,divide,,2,1,medium,numsides=4,sizey sizez
AB::DoorGenerator::4.0,/obj/AnalysisHolder/probe_35/Speciality/Speciality_01/line3,line,,1,3,medium,type=1 points=3 order=2,dist
AB::DoorGenerator::4.0,/obj/AnalysisHolder/probe_35/Speciality/Speciality_01/transform1,xform,t,2,2,high,ty=0 parmgroup_pivotxform=1,tx tz
AB::DoorGenerator::4.0,/obj/AnalysisHolder/probe_35/Speciality/Speciality_01/DoorHardware1,AB::DoorHardware::2.0,,4,4,medium,RS_HandleStyle=3 color2r=0.126 color2g=0.07875 color2b=0.0315,ResHandle04Scale ResHandle4colorb ResHandle4colorg ResHandle4colorr
AB::DoorGenerator::4.0,/obj/AnalysisHolder/probe_35/Speciality/Speciality_01/transform12,xform,t,2,2,high,ty=1 parmgroup_pivotxform=1,tx tz
AB::DoorGenerator::4.0,/obj/AnalysisHolder/probe_35/Speciality/Speciality_01/color1,color,,3,5,medium,class=3 ramp2pos=1 ramp2cr=1 ramp2cg=1 ramp2cb=1,colorb colorg colorr
AB::DoorGenerator::4.0,/obj/AnalysisHolder/probe_35/Speciality/Speciality_01/color2,color,,3,5,medium,class=3 ramp2pos=1 ramp2cr=1 ramp2cg=1 ramp2cb=1,colorb colorg colorr
AB::DoorGenerator::4.0,/obj/AnalysisHolder/probe_35/mats/StairtopWalls/MechanicalsMetal,principledshader::2.0,,5,14,medium,diffuse_folder_151=2 folder7=1 folder4=1 folder12=1 folder13=1 folder8=1 folder11=1 folder9=1 folder227=1 basecolorr=1 basecolorg=1 basecolorb=1 rough_useTexture=1 baseBumpAndNormal_enable=1,baseBump_useTexture baseNormal_useTexture shop_disable_displace_shader specular_tint vm_displacebound
AB::DoorGenerator::4.0,/obj/AnalysisHolder/probe_35/mats/StairtopWalls/surfaceexports1/bind1,bind,,1,4,medium,overridetype=1 useasparmdefiner=1 useownexportcontext=1 exportparm=1,parmname
AB::DoorGenerator::4.0,/obj/AnalysisHolder/probe_35/mats/StairtopWalls/surfaceexports1/bind4,bind,,1,4,medium,overridetype=1 useasparmdefiner=1 useownexportcontext=1 exportparm=1,parmname
AB::DoorGenerator::4.0,/obj/AnalysisHolder/probe_35/mats/StairtopWalls/surfaceexports1/bind5,bind,,1,4,medium,overridetype=1 useasparmdefiner=1 useownexportcontext=1 exportparm=1,parmname
AB::DoorGenerator::4.0,/obj/AnalysisHolder/probe_35/mats/StairtopWalls/surfaceexports1/bind6,bind,,1,4,medium,overridetype=1 useasparmdefiner=1 useownexportcontext=1 exportparm=1,parmname
AB::DoorGenerator::4.0,/obj/AnalysisHolder/probe_35/mats/StairtopWalls/surfaceexports1/bind7,bind,,1,4,medium,overridetype=1 useasparmdefiner=1 useownexportcontext=1 exportparm=1,parmname
AB::DoorGenerator::4.0,/obj/AnalysisHolder/probe_35/mats/StairtopWalls/surfaceexports1/bind8,bind,,1,4,medium,overridetype=1 useasparmdefiner=1 useownexportcontext=1 exportparm=1,parmname
AB::DoorGenerator::4.0,/obj/AnalysisHolder/probe_35/mats/StairtopWalls/surfaceexports1/bind9,bind,,1,4,medium,overridetype=1 useasparmdefiner=1 useownexportcontext=1 exportparm=1,parmname
AB::DoorGenerator::4.0,/obj/AnalysisHolder/probe_35/mats/StairtopWalls/surfaceexports1/bind10,bind,,1,4,medium,overridetype=1 useasparmdefiner=1 useownexportcontext=1 exportparm=1,parmname
AB::DoorGenerator::4.0,/obj/AnalysisHolder/probe_35/mats/StairtopWalls/surfaceexports1/bind11,bind,,1,4,medium,overridetype=1 useasparmdefiner=1 useownexportcontext=1 exportparm=1,parmname
AB::DoorGenerator::4.0,/obj/AnalysisHolder/probe_35/mats/StairtopWalls/surfaceexports1/bind12,bind,,1,4,medium,overridetype=1 useasparmdefiner=1 useownexportcontext=1 exportparm=1,parmname
AB::DoorGenerator::4.0,/obj/AnalysisHolder/probe_35/mats/StairtopWalls/surfaceexports1/bind13,bind,,1,4,medium,overridetype=1 useasparmdefiner=1 useownexportcontext=1 exportparm=1,parmname
AB::DoorGenerator::4.0,/obj/AnalysisHolder/probe_35/mats/StairtopWalls/surfaceexports1/bind14,bind,,1,4,medium,overridetype=1 useasparmdefiner=1 useownexportcontext=1 exportparm=1,parmname
AB::DoorGenerator::4.0,/obj/AnalysisHolder/probe_35/mats/StairtopWalls/surfaceexports1/bind15,bind,,1,4,medium,overridetype=1 useasparmdefiner=1 useownexportcontext=1 exportparm=1,parmname
AB::DoorGenerator::4.0,/obj/AnalysisHolder/probe_35/mats/StairtopWalls/surfaceexports1/bind16,bind,,1,4,medium,overridetype=1 useasparmdefiner=1 useownexportcontext=1 exportparm=1,parmname
AB::DoorGenerator::4.0,/obj/AnalysisHolder/probe_35/mats/StairtopWalls/surfaceexports1/bind17,bind,,1,4,medium,overridetype=1 useasparmdefiner=1 useownexportcontext=1 exportparm=1,parmname
AB::DoorGenerator::4.0,/obj/AnalysisHolder/probe_35/mats/StairtopWalls/surfaceexports1/bind18,bind,,1,4,medium,overridetype=1 useasparmdefiner=1 useownexportcontext=1 exportparm=1,parmname
AB::DoorGenerator::4.0,/obj/AnalysisHolder/probe_35/mats/StairtopWalls/surfaceexports1/bind19,bind,,1,4,medium,overridetype=1 useasparmdefiner=1 useownexportcontext=1 exportparm=1,parmname
AB::DoorGenerator::4.0,/obj/AnalysisHolder/probe_35/mats/StairtopWalls/surfaceexports1/bind20,bind,,1,4,medium,overridetype=1 useasparmdefiner=1 useownexportcontext=1 exportparm=1,parmname
AB::DoorGenerator::4.0,/obj/AnalysisHolder/probe_35/mats/StairtopWalls/surfaceexports1/bind21,bind,,1,4,medium,overridetype=1 useasparmdefiner=1 useownexportcontext=1 exportparm=1,parmname
AB::DoorGenerator::4.0,/obj/AnalysisHolder/probe_35/mats/StairtopWalls/surfaceexports1/bind22,bind,,1,4,medium,overridetype=1 useasparmdefiner=1 useownexportcontext=1 exportparm=1,parmname
AB::DoorGenerator::4.0,/obj/AnalysisHolder/probe_35/mats/StairtopWalls/surfaceexports1/bind23,bind,,1,4,medium,overridetype=1 useasparmdefiner=1 useownexportcontext=1 exportparm=1,parmname
AB::DoorGenerator::4.0,/obj/AnalysisHolder/probe_35/mats/StairtopWalls/surfaceexports1/bind24,bind,,1,4,medium,overridetype=1 useasparmdefiner=1 useownexportcontext=1 exportparm=1,parmname
AB::DoorGenerator::4.0,/obj/AnalysisHolder/probe_35/mats/StairtopWalls/surfaceexports1/bind25,bind,,1,4,medium,overridetype=1 useasparmdefiner=1 useownexportcontext=1 exportparm=1,parmname
AB::DoorGenerator::4.0,/obj/AnalysisHolder/probe_35/mats/StairtopWalls/surfaceexports1/computelighting1/layerexport10/parm1,parameter,,1,3,medium,hasconnector=0 exportparm=2 invisible=1,parmtype
AB::DoorGenerator::4.0,/obj/AnalysisHolder/probe_35/mats/StairtopWalls/surfaceexports1/computelighting1/layerexport11/parm1,parameter,,1,3,medium,hasconnector=0 exportparm=2 invisible=1,parmtype
AB::DoorGenerator::4.0,/obj/AnalysisHolder/probe_35/mats/StairtopWalls/surfaceexports1/computelighting1/layerexport12/parm1,parameter,,1,3,medium,hasconnector=0 exportparm=2 invisible=1,parmtype
AB::DoorGenerator::4.0,/obj/AnalysisHolder/probe_35/mats/StairtopWalls/surfaceexports1/computelighting1/layerexport13/parm1,parameter,,1,3,medium,hasconnector=0 exportparm=2 invisible=1,parmtype
AB::DoorGenerator::4.0,/obj/AnalysisHolder/probe_35/mats/StairtopWalls/principledshader1,principledshader::2.0,,5,13,medium,folder7=1 folder4=1 folder12=1 folder13=1 folder8=1 folder11=1 folder9=1 basecolorr=1 basecolorg=1 basecolorb=1 rough=0.65 basecolor_useTexture=1 baseBumpAndNormal_enable=1,baseBump_useTexture baseNormal_useTexture shop_disable_displace_shader specular_tint vm_displacebound
AB::DoorGenerator::4.0,/obj/AnalysisHolder/probe_35/mats/Metal_GalvanizedRusty_01/MechanicalsMetal,principledshader::2.0,,5,13,medium,folder7=1 folder4=1 folder12=1 folder13=1 folder8=1 folder11=1 folder9=1 basecolorr=1 basecolorg=1 basecolorb=1 metallic=1 basecolor_useTexture=1 baseBumpAndNormal_enable=1,baseBump_useTexture baseNormal_useTexture shop_disable_displace_shader specular_tint vm_displacebound
AB::DoorGenerator::4.0,/obj/AnalysisHolder/probe_35/mats/Metal_GalvanizedRusty_01/surfaceexports1/bind1,bind,,1,4,medium,overridetype=1 useasparmdefiner=1 useownexportcontext=1 exportparm=1,parmname
AB::DoorGenerator::4.0,/obj/AnalysisHolder/probe_35/mats/Metal_GalvanizedRusty_01/surfaceexports1/bind4,bind,,1,4,medium,overridetype=1 useasparmdefiner=1 useownexportcontext=1 exportparm=1,parmname
AB::DoorGenerator::4.0,/obj/AnalysisHolder/probe_35/mats/Metal_GalvanizedRusty_01/surfaceexports1/bind5,bind,,1,4,medium,overridetype=1 useasparmdefiner=1 useownexportcontext=1 exportparm=1,parmname
AB::DoorGenerator::4.0,/obj/AnalysisHolder/probe_35/mats/Metal_GalvanizedRusty_01/surfaceexports1/bind6,bind,,1,4,medium,overridetype=1 useasparmdefiner=1 useownexportcontext=1 exportparm=1,parmname
AB::DoorGenerator::4.0,/obj/AnalysisHolder/probe_35/mats/Metal_GalvanizedRusty_01/surfaceexports1/bind7,bind,,1,4,medium,overridetype=1 useasparmdefiner=1 useownexportcontext=1 exportparm=1,parmname
AB::DoorGenerator::4.0,/obj/AnalysisHolder/probe_35/mats/Metal_GalvanizedRusty_01/surfaceexports1/bind8,bind,,1,4,medium,overridetype=1 useasparmdefiner=1 useownexportcontext=1 exportparm=1,parmname
AB::DoorGenerator::4.0,/obj/AnalysisHolder/probe_35/mats/Metal_GalvanizedRusty_01/surfaceexports1/bind9,bind,,1,4,medium,overridetype=1 useasparmdefiner=1 useownexportcontext=1 exportparm=1,parmname
AB::DoorGenerator::4.0,/obj/AnalysisHolder/probe_35/mats/Metal_GalvanizedRusty_01/surfaceexports1/bind10,bind,,1,4,medium,overridetype=1 useasparmdefiner=1 useownexportcontext=1 exportparm=1,parmname
AB::DoorGenerator::4.0,/obj/AnalysisHolder/probe_35/mats/Metal_GalvanizedRusty_01/surfaceexports1/bind11,bind,,1,4,medium,overridetype=1 useasparmdefiner=1 useownexportcontext=1 exportparm=1,parmname
AB::DoorGenerator::4.0,/obj/AnalysisHolder/probe_35/mats/Metal_GalvanizedRusty_01/surfaceexports1/bind12,bind,,1,4,medium,overridetype=1 useasparmdefiner=1 useownexportcontext=1 exportparm=1,parmname
AB::DoorGenerator::4.0,/obj/AnalysisHolder/probe_35/mats/Metal_GalvanizedRusty_01/surfaceexports1/bind13,bind,,1,4,medium,overridetype=1 useasparmdefiner=1 useownexportcontext=1 exportparm=1,parmname
AB::DoorGenerator::4.0,/obj/AnalysisHolder/probe_35/mats/Metal_GalvanizedRusty_01/surfaceexports1/bind14,bind,,1,4,medium,overridetype=1 useasparmdefiner=1 useownexportcontext=1 exportparm=1,parmname
AB::DoorGenerator::4.0,/obj/AnalysisHolder/probe_35/mats/Metal_GalvanizedRusty_01/surfaceexports1/bind15,bind,,1,4,medium,overridetype=1 useasparmdefiner=1 useownexportcontext=1 exportparm=1,parmname
AB::DoorGenerator::4.0,/obj/AnalysisHolder/probe_35/mats/Metal_GalvanizedRusty_01/surfaceexports1/bind16,bind,,1,4,medium,overridetype=1 useasparmdefiner=1 useownexportcontext=1 exportparm=1,parmname
AB::DoorGenerator::4.0,/obj/AnalysisHolder/probe_35/mats/Metal_GalvanizedRusty_01/surfaceexports1/bind17,bind,,1,4,medium,overridetype=1 useasparmdefiner=1 useownexportcontext=1 exportparm=1,parmname
AB::DoorGenerator::4.0,/obj/AnalysisHolder/probe_35/mats/Metal_GalvanizedRusty_01/surfaceexports1/bind18,bind,,1,4,medium,overridetype=1 useasparmdefiner=1 useownexportcontext=1 exportparm=1,parmname
AB::DoorGenerator::4.0,/obj/AnalysisHolder/probe_35/mats/Metal_GalvanizedRusty_01/surfaceexports1/bind19,bind,,1,4,medium,overridetype=1 useasparmdefiner=1 useownexportcontext=1 exportparm=1,parmname
AB::DoorGenerator::4.0,/obj/AnalysisHolder/probe_35/mats/Metal_GalvanizedRusty_01/surfaceexports1/bind20,bind,,1,4,medium,overridetype=1 useasparmdefiner=1 useownexportcontext=1 exportparm=1,parmname
AB::DoorGenerator::4.0,/obj/AnalysisHolder/probe_35/mats/Metal_GalvanizedRusty_01/surfaceexports1/bind21,bind,,1,4,medium,overridetype=1 useasparmdefiner=1 useownexportcontext=1 exportparm=1,parmname
AB::DoorGenerator::4.0,/obj/AnalysisHolder/probe_35/mats/Metal_GalvanizedRusty_01/surfaceexports1/bind22,bind,,1,4,medium,overridetype=1 useasparmdefiner=1 useownexportcontext=1 exportparm=1,parmname
AB::DoorGenerator::4.0,/obj/AnalysisHolder/probe_35/mats/Metal_GalvanizedRusty_01/surfaceexports1/bind23,bind,,1,4,medium,overridetype=1 useasparmdefiner=1 useownexportcontext=1 exportparm=1,parmname
AB::DoorGenerator::4.0,/obj/AnalysisHolder/probe_35/mats/Metal_GalvanizedRusty_01/surfaceexports1/bind24,bind,,1,4,medium,overridetype=1 useasparmdefiner=1 useownexportcontext=1 exportparm=1,parmname
AB::DoorGenerator::4.0,/obj/AnalysisHolder/probe_35/mats/Metal_GalvanizedRusty_01/surfaceexports1/bind25,bind,,1,4,medium,overridetype=1 useasparmdefiner=1 useownexportcontext=1 exportparm=1,parmname
AB::DoorGenerator::4.0,/obj/AnalysisHolder/probe_35/mats/Metal_GalvanizedRusty_01/surfaceexports1/computelighting1/layerexport10/parm1,parameter,,1,3,medium,hasconnector=0 exportparm=2 invisible=1,parmtype
AB::DoorGenerator::4.0,/obj/AnalysisHolder/probe_35/mats/Metal_GalvanizedRusty_01/surfaceexports1/computelighting1/layerexport11/parm1,parameter,,1,3,medium,hasconnector=0 exportparm=2 invisible=1,parmtype
AB::DoorGenerator::4.0,/obj/AnalysisHolder/probe_35/mats/Metal_GalvanizedRusty_01/surfaceexports1/computelighting1/layerexport12/parm1,parameter,,1,3,medium,hasconnector=0 exportparm=2 invisible=1,parmtype
AB::DoorGenerator::4.0,/obj/AnalysisHolder/probe_35/mats/Metal_GalvanizedRusty_01/surfaceexports1/computelighting1/layerexport13/parm1,parameter,,1,3,medium,hasconnector=0 exportparm=2 invisible=1,parmtype
AB::DoorGenerator::4.0,/obj/AnalysisHolder/probe_35/mats/Metal_GalvanizedRusty_01/principledshader1,principledshader::2.0,,5,12,medium,diffuse_folder_151=2 folder7=1 folder4=1 folder12=1 folder13=1 folder8=1 folder11=1 folder9=1 basecolorr=1 basecolorg=1 basecolorb=1 rough=0.65,baseBump_useTexture baseNormal_useTexture shop_disable_displace_shader specular_tint vm_displacebound
AB::DoorGenerator::4.0,/obj/AnalysisHolder/probe_35/mats/Concrete_01/surfaceexports1/bind1,bind,,1,4,medium,overridetype=1 useasparmdefiner=1 useownexportcontext=1 exportparm=1,parmname
AB::DoorGenerator::4.0,/obj/AnalysisHolder/probe_35/mats/Concrete_01/surfaceexports1/bind4,bind,,1,4,medium,overridetype=1 useasparmdefiner=1 useownexportcontext=1 exportparm=1,parmname
AB::DoorGenerator::4.0,/obj/AnalysisHolder/probe_35/mats/Concrete_01/surfaceexports1/bind5,bind,,1,4,medium,overridetype=1 useasparmdefiner=1 useownexportcontext=1 exportparm=1,parmname
AB::DoorGenerator::4.0,/obj/AnalysisHolder/probe_35/mats/Concrete_01/surfaceexports1/bind6,bind,,1,4,medium,overridetype=1 useasparmdefiner=1 useownexportcontext=1 exportparm=1,parmname
AB::DoorGenerator::4.0,/obj/AnalysisHolder/probe_35/mats/Concrete_01/surfaceexports1/bind7,bind,,1,4,medium,overridetype=1 useasparmdefiner=1 useownexportcontext=1 exportparm=1,parmname
AB::DoorGenerator::4.0,/obj/AnalysisHolder/probe_35/mats/Concrete_01/surfaceexports1/bind8,bind,,1,4,medium,overridetype=1 useasparmdefiner=1 useownexportcontext=1 exportparm=1,parmname
AB::DoorGenerator::4.0,/obj/AnalysisHolder/probe_35/mats/Concrete_01/surfaceexports1/bind9,bind,,1,4,medium,overridetype=1 useasparmdefiner=1 useownexportcontext=1 exportparm=1,parmname
AB::DoorGenerator::4.0,/obj/AnalysisHolder/probe_35/mats/Concrete_01/surfaceexports1/bind10,bind,,1,4,medium,overridetype=1 useasparmdefiner=1 useownexportcontext=1 exportparm=1,parmname
AB::DoorGenerator::4.0,/obj/AnalysisHolder/probe_35/mats/Concrete_01/surfaceexports1/bind11,bind,,1,4,medium,overridetype=1 useasparmdefiner=1 useownexportcontext=1 exportparm=1,parmname
AB::DoorGenerator::4.0,/obj/AnalysisHolder/probe_35/mats/Concrete_01/surfaceexports1/bind12,bind,,1,4,medium,overridetype=1 useasparmdefiner=1 useownexportcontext=1 exportparm=1,parmname
AB::DoorGenerator::4.0,/obj/AnalysisHolder/probe_35/mats/Concrete_01/surfaceexports1/bind13,bind,,1,4,medium,overridetype=1 useasparmdefiner=1 useownexportcontext=1 exportparm=1,parmname
AB::DoorGenerator::4.0,/obj/AnalysisHolder/probe_35/mats/Concrete_01/surfaceexports1/bind14,bind,,1,4,medium,overridetype=1 useasparmdefiner=1 useownexportcontext=1 exportparm=1,parmname
AB::DoorGenerator::4.0,/obj/AnalysisHolder/probe_35/mats/Concrete_01/surfaceexports1/bind15,bind,,1,4,medium,overridetype=1 useasparmdefiner=1 useownexportcontext=1 exportparm=1,parmname
AB::DoorGenerator::4.0,/obj/AnalysisHolder/probe_35/mats/Concrete_01/surfaceexports1/bind16,bind,,1,4,medium,overridetype=1 useasparmdefiner=1 useownexportcontext=1 exportparm=1,parmname
AB::DoorGenerator::4.0,/obj/AnalysisHolder/probe_35/mats/Concrete_01/surfaceexports1/bind17,bind,,1,4,medium,overridetype=1 useasparmdefiner=1 useownexportcontext=1 exportparm=1,parmname
AB::DoorGenerator::4.0,/obj/AnalysisHolder/probe_35/mats/Concrete_01/surfaceexports1/bind18,bind,,1,4,medium,overridetype=1 useasparmdefiner=1 useownexportcontext=1 exportparm=1,parmname
AB::DoorGenerator::4.0,/obj/AnalysisHolder/probe_35/mats/Concrete_01/surfaceexports1/bind19,bind,,1,4,medium,overridetype=1 useasparmdefiner=1 useownexportcontext=1 exportparm=1,parmname
AB::DoorGenerator::4.0,/obj/AnalysisHolder/probe_35/mats/Concrete_01/surfaceexports1/bind20,bind,,1,4,medium,overridetype=1 useasparmdefiner=1 useownexportcontext=1 exportparm=1,parmname
AB::DoorGenerator::4.0,/obj/AnalysisHolder/probe_35/mats/Concrete_01/surfaceexports1/bind21,bind,,1,4,medium,overridetype=1 useasparmdefiner=1 useownexportcontext=1 exportparm=1,parmname
AB::DoorGenerator::4.0,/obj/AnalysisHolder/probe_35/mats/Concrete_01/surfaceexports1/bind22,bind,,1,4,medium,overridetype=1 useasparmdefiner=1 useownexportcontext=1 exportparm=1,parmname
AB::DoorGenerator::4.0,/obj/AnalysisHolder/probe_35/mats/Concrete_01/surfaceexports1/bind23,bind,,1,4,medium,overridetype=1 useasparmdefiner=1 useownexportcontext=1 exportparm=1,parmname
AB::DoorGenerator::4.0,/obj/AnalysisHolder/probe_35/mats/Concrete_01/surfaceexports1/bind24,bind,,1,4,medium,overridetype=1 useasparmdefiner=1 useownexportcontext=1 exportparm=1,parmname
AB::DoorGenerator::4.0,/obj/AnalysisHolder/probe_35/mats/Concrete_01/surfaceexports1/bind25,bind,,1,4,medium,overridetype=1 useasparmdefiner=1 useownexportcontext=1 exportparm=1,parmname
AB::DoorGenerator::4.0,/obj/AnalysisHolder/probe_35/mats/Concrete_01/surfaceexports1/computelighting1/layerexport10/parm1,parameter,,1,3,medium,hasconnector=0 exportparm=2 invisible=1,parmtype
AB::DoorGenerator::4.0,/obj/AnalysisHolder/probe_35/mats/Concrete_01/surfaceexports1/computelighting1/layerexport11/parm1,parameter,,1,3,medium,hasconnector=0 exportparm=2 invisible=1,parmtype
AB::DoorGenerator::4.0,/obj/AnalysisHolder/probe_35/mats/Concrete_01/surfaceexports1/computelighting1/layerexport12/parm1,parameter,,1,3,medium,hasconnector=0 exportparm=2 invisible=1,parmtype
AB::DoorGenerator::4.0,/obj/AnalysisHolder/probe_35/mats/Concrete_01/surfaceexports1/computelighting1/layerexport13/parm1,parameter,,1,3,medium,hasconnector=0 exportparm=2 invisible=1,parmtype
AB::DoorGenerator::4.0,/obj/AnalysisHolder/probe_35/mats/Concrete_01/principledshader1,principledshader::2.0,,5,12,medium,diffuse_folder_151=3 folder7=1 folder4=1 folder12=1 folder13=1 folder8=1 folder11=1 folder9=1 basecolorr=0.2 basecolorg=0.2 basecolorb=0.2 rough=0.35,baseBump_useTexture baseNormal_useTexture shop_disable_displace_shader specular_tint vm_displacebound
AB::DoorGenerator::4.0,/obj/AnalysisHolder/probe_35/mats/Metal_Shiny_01,principledshader::2.0,,5,13,medium,folder7=1 folder4=1 folder12=1 folder13=1 folder8=1 folder11=1 folder9=1 basecolorr=0.6667 basecolorg=0.6667 basecolorb=0.6667 ior=3 rough=0.2 metallic=1,baseBump_useTexture baseNormal_useTexture shop_disable_displace_shader specular_tint vm_displacebound
AB::DoorGenerator::4.0,/obj/AnalysisHolder/probe_35/mats/Wood_01/surfaceexports1/bind1,bind,,1,4,medium,overridetype=1 useasparmdefiner=1 useownexportcontext=1 exportparm=1,parmname
AB::DoorGenerator::4.0,/obj/AnalysisHolder/probe_35/mats/Wood_01/surfaceexports1/bind4,bind,,1,4,medium,overridetype=1 useasparmdefiner=1 useownexportcontext=1 exportparm=1,parmname
AB::DoorGenerator::4.0,/obj/AnalysisHolder/probe_35/mats/Wood_01/surfaceexports1/bind5,bind,,1,4,medium,overridetype=1 useasparmdefiner=1 useownexportcontext=1 exportparm=1,parmname
AB::DoorGenerator::4.0,/obj/AnalysisHolder/probe_35/mats/Wood_01/surfaceexports1/bind6,bind,,1,4,medium,overridetype=1 useasparmdefiner=1 useownexportcontext=1 exportparm=1,parmname
AB::DoorGenerator::4.0,/obj/AnalysisHolder/probe_35/mats/Wood_01/surfaceexports1/bind7,bind,,1,4,medium,overridetype=1 useasparmdefiner=1 useownexportcontext=1 exportparm=1,parmname
AB::DoorGenerator::4.0,/obj/AnalysisHolder/probe_35/mats/Wood_01/surfaceexports1/bind8,bind,,1,4,medium,overridetype=1 useasparmdefiner=1 useownexportcontext=1 exportparm=1,parmname
AB::DoorGenerator::4.0,/obj/AnalysisHolder/probe_35/mats/Wood_01/surfaceexports1/bind9,bind,,1,4,medium,overridetype=1 useasparmdefiner=1 useownexportcontext=1 exportparm=1,parmname
AB::DoorGenerator::4.0,/obj/AnalysisHolder/probe_35/mats/Wood_01/surfaceexports1/bind10,bind,,1,4,medium,overridetype=1 useasparmdefiner=1 useownexportcontext=1 exportparm=1,parmname
AB::DoorGenerator::4.0,/obj/AnalysisHolder/probe_35/mats/Wood_01/surfaceexports1/bind11,bind,,1,4,medium,overridetype=1 useasparmdefiner=1 useownexportcontext=1 exportparm=1,parmname
AB::DoorGenerator::4.0,/obj/AnalysisHolder/probe_35/mats/Wood_01/surfaceexports1/bind12,bind,,1,4,medium,overridetype=1 useasparmdefiner=1 useownexportcontext=1 exportparm=1,parmname
AB::DoorGenerator::4.0,/obj/AnalysisHolder/probe_35/mats/Wood_01/surfaceexports1/bind13,bind,,1,4,medium,overridetype=1 useasparmdefiner=1 useownexportcontext=1 exportparm=1,parmname
AB::DoorGenerator::4.0,/obj/AnalysisHolder/probe_35/mats/Wood_01/surfaceexports1/bind14,bind,,1,4,medium,overridetype=1 useasparmdefiner=1 useownexportcontext=1 exportparm=1,parmname
AB::DoorGenerator::4.0,/obj/AnalysisHolder/probe_35/mats/Wood_01/surfaceexports1/bind15,bind,,1,4,medium,overridetype=1 useasparmdefiner=1 useownexportcontext=1 exportparm=1,parmname
AB::DoorGenerator::4.0,/obj/AnalysisHolder/probe_35/mats/Wood_01/surfaceexports1/bind16,bind,,1,4,medium,overridetype=1 useasparmdefiner=1 useownexportcontext=1 exportparm=1,parmname
AB::DoorGenerator::4.0,/obj/AnalysisHolder/probe_35/mats/Wood_01/surfaceexports1/bind17,bind,,1,4,medium,overridetype=1 useasparmdefiner=1 useownexportcontext=1 exportparm=1,parmname
AB::DoorGenerator::4.0,/obj/AnalysisHolder/probe_35/mats/Wood_01/surfaceexports1/bind18,bind,,1,4,medium,overridetype=1 useasparmdefiner=1 useownexportcontext=1 exportparm=1,parmname
AB::DoorGenerator::4.0,/obj/AnalysisHolder/probe_35/mats/Wood_01/surfaceexports1/bind19,bind,,1,4,medium,overridetype=1 useasparmdefiner=1 useownexportcontext=1 exportparm=1,parmname
AB::DoorGenerator::4.0,/obj/AnalysisHolder/probe_35/mats/Wood_01/surfaceexports1/bind20,bind,,1,4,medium,overridetype=1 useasparmdefiner=1 useownexportcontext=1 exportparm=1,parmname
AB::DoorGenerator::4.0,/obj/AnalysisHolder/probe_35/mats/Wood_01/surfaceexports1/bind21,bind,,1,4,medium,overridetype=1 useasparmdefiner=1 useownexportcontext=1 exportparm=1,parmname
AB::DoorGenerator::4.0,/obj/AnalysisHolder/probe_35/mats/Wood_01/surfaceexports1/bind22,bind,,1,4,medium,overridetype=1 useasparmdefiner=1 useownexportcontext=1 exportparm=1,parmname
AB::DoorGenerator::4.0,/obj/AnalysisHolder/probe_35/mats/Wood_01/surfaceexports1/bind23,bind,,1,4,medium,overridetype=1 useasparmdefiner=1 useownexportcontext=1 exportparm=1,parmname
AB::DoorGenerator::4.0,/obj/AnalysisHolder/probe_35/mats/Wood_01/surfaceexports1/bind24,bind,,1,4,medium,overridetype=1 useasparmdefiner=1 useownexportcontext=1 exportparm=1,parmname
AB::DoorGenerator::4.0,/obj/AnalysisHolder/probe_35/mats/Wood_01/surfaceexports1/bind25,bind,,1,4,medium,overridetype=1 useasparmdefiner=1 useownexportcontext=1 exportparm=1,parmname
AB::DoorGenerator::4.0,/obj/AnalysisHolder/probe_35/mats/Wood_01/surfaceexports1/computelighting1/layerexport10/parm1,parameter,,1,3,medium,hasconnector=0 exportparm=2 invisible=1,parmtype
AB::DoorGenerator::4.0,/obj/AnalysisHolder/probe_35/mats/Wood_01/surfaceexports1/computelighting1/layerexport11/parm1,parameter,,1,3,medium,hasconnector=0 exportparm=2 invisible=1,parmtype
AB::DoorGenerator::4.0,/obj/AnalysisHolder/probe_35/mats/Wood_01/surfaceexports1/computelighting1/layerexport12/parm1,parameter,,1,3,medium,hasconnector=0 exportparm=2 invisible=1,parmtype
AB::DoorGenerator::4.0,/obj/AnalysisHolder/probe_35/mats/Wood_01/surfaceexports1/computelighting1/layerexport13/parm1,parameter,,1,3,medium,hasconnector=0 exportparm=2 invisible=1,parmtype
AB::DoorGenerator::4.0,/obj/AnalysisHolder/probe_35/mats/Wood_01/principledshader2,principledshader::2.0,,5,10,medium,folder7=1 folder4=1 folder12=1 folder13=1 folder8=1 folder11=1 folder9=1 coat=1 coatrough=0.2 baseBumpAndNormal_enable=1,baseBump_useTexture baseNormal_useTexture shop_disable_displace_shader specular_tint vm_displacebound
AB::DoorGenerator::4.0,/obj/AnalysisHolder/probe_35/mats/Concrete_02/surfaceexports1/bind1,bind,,1,4,medium,overridetype=1 useasparmdefiner=1 useownexportcontext=1 exportparm=1,parmname
AB::DoorGenerator::4.0,/obj/AnalysisHolder/probe_35/mats/Concrete_02/surfaceexports1/bind4,bind,,1,4,medium,overridetype=1 useasparmdefiner=1 useownexportcontext=1 exportparm=1,parmname
AB::DoorGenerator::4.0,/obj/AnalysisHolder/probe_35/mats/Concrete_02/surfaceexports1/bind5,bind,,1,4,medium,overridetype=1 useasparmdefiner=1 useownexportcontext=1 exportparm=1,parmname
AB::DoorGenerator::4.0,/obj/AnalysisHolder/probe_35/mats/Concrete_02/surfaceexports1/bind6,bind,,1,4,medium,overridetype=1 useasparmdefiner=1 useownexportcontext=1 exportparm=1,parmname
AB::DoorGenerator::4.0,/obj/AnalysisHolder/probe_35/mats/Concrete_02/surfaceexports1/bind7,bind,,1,4,medium,overridetype=1 useasparmdefiner=1 useownexportcontext=1 exportparm=1,parmname
AB::DoorGenerator::4.0,/obj/AnalysisHolder/probe_35/mats/Concrete_02/surfaceexports1/bind8,bind,,1,4,medium,overridetype=1 useasparmdefiner=1 useownexportcontext=1 exportparm=1,parmname
AB::DoorGenerator::4.0,/obj/AnalysisHolder/probe_35/mats/Concrete_02/surfaceexports1/bind9,bind,,1,4,medium,overridetype=1 useasparmdefiner=1 useownexportcontext=1 exportparm=1,parmname
AB::DoorGenerator::4.0,/obj/AnalysisHolder/probe_35/mats/Concrete_02/surfaceexports1/bind10,bind,,1,4,medium,overridetype=1 useasparmdefiner=1 useownexportcontext=1 exportparm=1,parmname
AB::DoorGenerator::4.0,/obj/AnalysisHolder/probe_35/mats/Concrete_02/surfaceexports1/bind11,bind,,1,4,medium,overridetype=1 useasparmdefiner=1 useownexportcontext=1 exportparm=1,parmname
AB::DoorGenerator::4.0,/obj/AnalysisHolder/probe_35/mats/Concrete_02/surfaceexports1/bind12,bind,,1,4,medium,overridetype=1 useasparmdefiner=1 useownexportcontext=1 exportparm=1,parmname
AB::DoorGenerator::4.0,/obj/AnalysisHolder/probe_35/mats/Concrete_02/surfaceexports1/bind13,bind,,1,4,medium,overridetype=1 useasparmdefiner=1 useownexportcontext=1 exportparm=1,parmname
AB::DoorGenerator::4.0,/obj/AnalysisHolder/probe_35/mats/Concrete_02/surfaceexports1/bind14,bind,,1,4,medium,overridetype=1 useasparmdefiner=1 useownexportcontext=1 exportparm=1,parmname
AB::DoorGenerator::4.0,/obj/AnalysisHolder/probe_35/mats/Concrete_02/surfaceexports1/bind15,bind,,1,4,medium,overridetype=1 useasparmdefiner=1 useownexportcontext=1 exportparm=1,parmname
AB::DoorGenerator::4.0,/obj/AnalysisHolder/probe_35/mats/Concrete_02/surfaceexports1/bind16,bind,,1,4,medium,overridetype=1 useasparmdefiner=1 useownexportcontext=1 exportparm=1,parmname
AB::DoorGenerator::4.0,/obj/AnalysisHolder/probe_35/mats/Concrete_02/surfaceexports1/bind17,bind,,1,4,medium,overridetype=1 useasparmdefiner=1 useownexportcontext=1 exportparm=1,parmname
AB::DoorGenerator::4.0,/obj/AnalysisHolder/probe_35/mats/Concrete_02/surfaceexports1/bind18,bind,,1,4,medium,overridetype=1 useasparmdefiner=1 useownexportcontext=1 exportparm=1,parmname
AB::DoorGenerator::4.0,/obj/AnalysisHolder/probe_35/mats/Concrete_02/surfaceexports1/bind19,bind,,1,4,medium,overridetype=1 useasparmdefiner=1 useownexportcontext=1 exportparm=1,parmname
AB::DoorGenerator::4.0,/obj/AnalysisHolder/probe_35/mats/Concrete_02/surfaceexports1/bind20,bind,,1,4,medium,overridetype=1 useasparmdefiner=1 useownexportcontext=1 exportparm=1,parmname
AB::DoorGenerator::4.0,/obj/AnalysisHolder/probe_35/mats/Concrete_02/surfaceexports1/bind21,bind,,1,4,medium,overridetype=1 useasparmdefiner=1 useownexportcontext=1 exportparm=1,parmname
AB::DoorGenerator::4.0,/obj/AnalysisHolder/probe_35/mats/Concrete_02/surfaceexports1/bind22,bind,,1,4,medium,overridetype=1 useasparmdefiner=1 useownexportcontext=1 exportparm=1,parmname
AB::DoorGenerator::4.0,/obj/AnalysisHolder/probe_35/mats/Concrete_02/surfaceexports1/bind23,bind,,1,4,medium,overridetype=1 useasparmdefiner=1 useownexportcontext=1 exportparm=1,parmname
AB::DoorGenerator::4.0,/obj/AnalysisHolder/probe_35/mats/Concrete_02/surfaceexports1/bind24,bind,,1,4,medium,overridetype=1 useasparmdefiner=1 useownexportcontext=1 exportparm=1,parmname
AB::DoorGenerator::4.0,/obj/AnalysisHolder/probe_35/mats/Concrete_02/surfaceexports1/bind25,bind,,1,4,medium,overridetype=1 useasparmdefiner=1 useownexportcontext=1 exportparm=1,parmname
AB::DoorGenerator::4.0,/obj/AnalysisHolder/probe_35/mats/Concrete_02/surfaceexports1/computelighting1/layerexport10/parm1,parameter,,1,3,medium,hasconnector=0 exportparm=2 invisible=1,parmtype
AB::DoorGenerator::4.0,/obj/AnalysisHolder/probe_35/mats/Concrete_02/surfaceexports1/computelighting1/layerexport11/parm1,parameter,,1,3,medium,hasconnector=0 exportparm=2 invisible=1,parmtype
AB::DoorGenerator::4.0,/obj/AnalysisHolder/probe_35/mats/Concrete_02/surfaceexports1/computelighting1/layerexport12/parm1,parameter,,1,3,medium,hasconnector=0 exportparm=2 invisible=1,parmtype
AB::DoorGenerator::4.0,/obj/AnalysisHolder/probe_35/mats/Concrete_02/surfaceexports1/computelighting1/layerexport13/parm1,parameter,,1,3,medium,hasconnector=0 exportparm=2 invisible=1,parmtype
AB::DoorGenerator::4.0,/obj/AnalysisHolder/probe_35/mats/Concrete_02/principledshader1,principledshader::2.0,,5,12,medium,diffuse_folder_151=5 folder7=1 folder4=1 folder13=1 folder8=1 folder11=1 folder9=1 basecolorr=0.2 basecolorg=0.2 basecolorb=0.2 rough=0.45 dispInput_enable=1,baseBump_useTexture baseNormal_useTexture shop_disable_displace_shader specular_tint vm_displacebound
AB::DoorGenerator::4.0,/obj/AnalysisHolder/probe_35/mats/Wood_02/surfaceexports1/bind1,bind,,1,4,medium,overridetype=1 useasparmdefiner=1 useownexportcontext=1 exportparm=1,parmname
AB::DoorGenerator::4.0,/obj/AnalysisHolder/probe_35/mats/Wood_02/surfaceexports1/bind4,bind,,1,4,medium,overridetype=1 useasparmdefiner=1 useownexportcontext=1 exportparm=1,parmname
AB::DoorGenerator::4.0,/obj/AnalysisHolder/probe_35/mats/Wood_02/surfaceexports1/bind5,bind,,1,4,medium,overridetype=1 useasparmdefiner=1 useownexportcontext=1 exportparm=1,parmname
AB::DoorGenerator::4.0,/obj/AnalysisHolder/probe_35/mats/Wood_02/surfaceexports1/bind6,bind,,1,4,medium,overridetype=1 useasparmdefiner=1 useownexportcontext=1 exportparm=1,parmname
AB::DoorGenerator::4.0,/obj/AnalysisHolder/probe_35/mats/Wood_02/surfaceexports1/bind7,bind,,1,4,medium,overridetype=1 useasparmdefiner=1 useownexportcontext=1 exportparm=1,parmname
AB::DoorGenerator::4.0,/obj/AnalysisHolder/probe_35/mats/Wood_02/surfaceexports1/bind8,bind,,1,4,medium,overridetype=1 useasparmdefiner=1 useownexportcontext=1 exportparm=1,parmname
AB::DoorGenerator::4.0,/obj/AnalysisHolder/probe_35/mats/Wood_02/surfaceexports1/bind9,bind,,1,4,medium,overridetype=1 useasparmdefiner=1 useownexportcontext=1 exportparm=1,parmname
AB::DoorGenerator::4.0,/obj/AnalysisHolder/probe_35/mats/Wood_02/surfaceexports1/bind10,bind,,1,4,medium,overridetype=1 useasparmdefiner=1 useownexportcontext=1 exportparm=1,parmname
AB::DoorGenerator::4.0,/obj/AnalysisHolder/probe_35/mats/Wood_02/surfaceexports1/bind11,bind,,1,4,medium,overridetype=1 useasparmdefiner=1 useownexportcontext=1 exportparm=1,parmname
AB::DoorGenerator::4.0,/obj/AnalysisHolder/probe_35/mats/Wood_02/surfaceexports1/bind12,bind,,1,4,medium,overridetype=1 useasparmdefiner=1 useownexportcontext=1 exportparm=1,parmname
AB::DoorGenerator::4.0,/obj/AnalysisHolder/probe_35/mats/Wood_02/surfaceexports1/bind13,bind,,1,4,medium,overridetype=1 useasparmdefiner=1 useownexportcontext=1 exportparm=1,parmname
AB::DoorGenerator::4.0,/obj/AnalysisHolder/probe_35/mats/Wood_02/surfaceexports1/bind14,bind,,1,4,medium,overridetype=1 useasparmdefiner=1 useownexportcontext=1 exportparm=1,parmname
AB::DoorGenerator::4.0,/obj/AnalysisHolder/probe_35/mats/Wood_02/surfaceexports1/bind15,bind,,1,4,medium,overridetype=1 useasparmdefiner=1 useownexportcontext=1 exportparm=1,parmname
AB::DoorGenerator::4.0,/obj/AnalysisHolder/probe_35/mats/Wood_02/surfaceexports1/bind16,bind,,1,4,medium,overridetype=1 useasparmdefiner=1 useownexportcontext=1 exportparm=1,parmname
AB::DoorGenerator::4.0,/obj/AnalysisHolder/probe_35/mats/Wood_02/surfaceexports1/bind17,bind,,1,4,medium,overridetype=1 useasparmdefiner=1 useownexportcontext=1 exportparm=1,parmname
AB::DoorGenerator::4.0,/obj/AnalysisHolder/probe_35/mats/Wood_02/surfaceexports1/bind18,bind,,1,4,medium,overridetype=1 useasparmdefiner=1 useownexportcontext=1 exportparm=1,parmname
AB::DoorGenerator::4.0,/obj/AnalysisHolder/probe_35/mats/Wood_02/surfaceexports1/bind19,bind,,1,4,medium,overridetype=1 useasparmdefiner=1 useownexportcontext=1 exportparm=1,parmname
AB::DoorGenerator::4.0,/obj/AnalysisHolder/probe_35/mats/Wood_02/surfaceexports1/bind20,bind,,1,4,medium,overridetype=1 useasparmdefiner=1 useownexportcontext=1 exportparm=1,parmname
AB::DoorGenerator::4.0,/obj/AnalysisHolder/probe_35/mats/Wood_02/surfaceexports1/bind21,bind,,1,4,medium,overridetype=1 useasparmdefiner=1 useownexportcontext=1 exportparm=1,parmname
AB::DoorGenerator::4.0,/obj/AnalysisHolder/probe_35/mats/Wood_02/surfaceexports1/bind22,bind,,1,4,medium,overridetype=1 useasparmdefiner=1 useownexportcontext=1 exportparm=1,parmname
AB::DoorGenerator::4.0,/obj/AnalysisHolder/probe_35/mats/Wood_02/surfaceexports1/bind23,bind,,1,4,medium,overridetype=1 useasparmdefiner=1 useownexportcontext=1 exportparm=1,parmname
AB::DoorGenerator::4.0,/obj/AnalysisHolder/probe_35/mats/Wood_02/surfaceexports1/bind24,bind,,1,4,medium,overridetype=1 useasparmdefiner=1 useownexportcontext=1 exportparm=1,parmname
AB::DoorGenerator::4.0,/obj/AnalysisHolder/probe_35/mats/Wood_02/surfaceexports1/bind25,bind,,1,4,medium,overridetype=1 useasparmdefiner=1 useownexportcontext=1 exportparm=1,parmname
AB::DoorGenerator::4.0,/obj/AnalysisHolder/probe_35/mats/Wood_02/surfaceexports1/computelighting1/layerexport10/parm1,parameter,,1,3,medium,hasconnector=0 exportparm=2 invisible=1,parmtype
AB::DoorGenerator::4.0,/obj/AnalysisHolder/probe_35/mats/Wood_02/surfaceexports1/computelighting1/layerexport11/parm1,parameter,,1,3,medium,hasconnector=0 exportparm=2 invisible=1,parmtype
AB::DoorGenerator::4.0,/obj/AnalysisHolder/probe_35/mats/Wood_02/surfaceexports1/computelighting1/layerexport12/parm1,parameter,,1,3,medium,hasconnector=0 exportparm=2 invisible=1,parmtype
AB::DoorGenerator::4.0,/obj/AnalysisHolder/probe_35/mats/Wood_02/surfaceexports1/computelighting1/layerexport13/parm1,parameter,,1,3,medium,hasconnector=0 exportparm=2 invisible=1,parmtype
AB::DoorGenerator::4.0,/obj/AnalysisHolder/probe_35/mats/Wood_02/principledshader2,principledshader::2.0,,5,10,medium,folder7=1 folder4=1 folder12=1 folder13=1 folder8=1 folder11=1 folder9=1 coat=1 coatrough=0.2 baseBumpAndNormal_enable=1,baseBump_useTexture baseNormal_useTexture shop_disable_displace_shader specular_tint vm_displacebound
AB::DoorGenerator::4.0,/obj/AnalysisHolder/probe_35/mats/Starter/surfaceexports1/bind1,bind,,1,4,medium,overridetype=1 useasparmdefiner=1 useownexportcontext=1 exportparm=1,parmname
AB::DoorGenerator::4.0,/obj/AnalysisHolder/probe_35/mats/Starter/surfaceexports1/bind4,bind,,1,4,medium,overridetype=1 useasparmdefiner=1 useownexportcontext=1 exportparm=1,parmname
AB::DoorGenerator::4.0,/obj/AnalysisHolder/probe_35/mats/Starter/surfaceexports1/bind5,bind,,1,4,medium,overridetype=1 useasparmdefiner=1 useownexportcontext=1 exportparm=1,parmname
AB::DoorGenerator::4.0,/obj/AnalysisHolder/probe_35/mats/Starter/surfaceexports1/bind6,bind,,1,4,medium,overridetype=1 useasparmdefiner=1 useownexportcontext=1 exportparm=1,parmname
AB::DoorGenerator::4.0,/obj/AnalysisHolder/probe_35/mats/Starter/surfaceexports1/bind7,bind,,1,4,medium,overridetype=1 useasparmdefiner=1 useownexportcontext=1 exportparm=1,parmname
AB::DoorGenerator::4.0,/obj/AnalysisHolder/probe_35/mats/Starter/surfaceexports1/bind8,bind,,1,4,medium,overridetype=1 useasparmdefiner=1 useownexportcontext=1 exportparm=1,parmname
AB::DoorGenerator::4.0,/obj/AnalysisHolder/probe_35/mats/Starter/surfaceexports1/bind9,bind,,1,4,medium,overridetype=1 useasparmdefiner=1 useownexportcontext=1 exportparm=1,parmname
AB::DoorGenerator::4.0,/obj/AnalysisHolder/probe_35/mats/Starter/surfaceexports1/bind10,bind,,1,4,medium,overridetype=1 useasparmdefiner=1 useownexportcontext=1 exportparm=1,parmname
AB::DoorGenerator::4.0,/obj/AnalysisHolder/probe_35/mats/Starter/surfaceexports1/bind11,bind,,1,4,medium,overridetype=1 useasparmdefiner=1 useownexportcontext=1 exportparm=1,parmname
AB::DoorGenerator::4.0,/obj/AnalysisHolder/probe_35/mats/Starter/surfaceexports1/bind12,bind,,1,4,medium,overridetype=1 useasparmdefiner=1 useownexportcontext=1 exportparm=1,parmname
AB::DoorGenerator::4.0,/obj/AnalysisHolder/probe_35/mats/Starter/surfaceexports1/bind13,bind,,1,4,medium,overridetype=1 useasparmdefiner=1 useownexportcontext=1 exportparm=1,parmname
AB::DoorGenerator::4.0,/obj/AnalysisHolder/probe_35/mats/Starter/surfaceexports1/bind14,bind,,1,4,medium,overridetype=1 useasparmdefiner=1 useownexportcontext=1 exportparm=1,parmname
AB::DoorGenerator::4.0,/obj/AnalysisHolder/probe_35/mats/Starter/surfaceexports1/bind15,bind,,1,4,medium,overridetype=1 useasparmdefiner=1 useownexportcontext=1 exportparm=1,parmname
AB::DoorGenerator::4.0,/obj/AnalysisHolder/probe_35/mats/Starter/surfaceexports1/bind16,bind,,1,4,medium,overridetype=1 useasparmdefiner=1 useownexportcontext=1 exportparm=1,parmname
AB::DoorGenerator::4.0,/obj/AnalysisHolder/probe_35/mats/Starter/surfaceexports1/bind17,bind,,1,4,medium,overridetype=1 useasparmdefiner=1 useownexportcontext=1 exportparm=1,parmname
AB::DoorGenerator::4.0,/obj/AnalysisHolder/probe_35/mats/Starter/surfaceexports1/bind18,bind,,1,4,medium,overridetype=1 useasparmdefiner=1 useownexportcontext=1 exportparm=1,parmname
AB::DoorGenerator::4.0,/obj/AnalysisHolder/probe_35/mats/Starter/surfaceexports1/bind19,bind,,1,4,medium,overridetype=1 useasparmdefiner=1 useownexportcontext=1 exportparm=1,parmname
AB::DoorGenerator::4.0,/obj/AnalysisHolder/probe_35/mats/Starter/surfaceexports1/bind20,bind,,1,4,medium,overridetype=1 useasparmdefiner=1 useownexportcontext=1 exportparm=1,parmname
AB::DoorGenerator::4.0,/obj/AnalysisHolder/probe_35/mats/Starter/surfaceexports1/bind21,bind,,1,4,medium,overridetype=1 useasparmdefiner=1 useownexportcontext=1 exportparm=1,parmname
AB::DoorGenerator::4.0,/obj/AnalysisHolder/probe_35/mats/Starter/surfaceexports1/bind22,bind,,1,4,medium,overridetype=1 useasparmdefiner=1 useownexportcontext=1 exportparm=1,parmname
AB::DoorGenerator::4.0,/obj/AnalysisHolder/probe_35/mats/Starter/surfaceexports1/bind23,bind,,1,4,medium,overridetype=1 useasparmdefiner=1 useownexportcontext=1 exportparm=1,parmname
AB::DoorGenerator::4.0,/obj/AnalysisHolder/probe_35/mats/Starter/surfaceexports1/bind24,bind,,1,4,medium,overridetype=1 useasparmdefiner=1 useownexportcontext=1 exportparm=1,parmname
AB::DoorGenerator::4.0,/obj/AnalysisHolder/probe_35/mats/Starter/surfaceexports1/bind25,bind,,1,4,medium,overridetype=1 useasparmdefiner=1 useownexportcontext=1 exportparm=1,parmname
AB::DoorGenerator::4.0,/obj/AnalysisHolder/probe_35/mats/Starter/surfaceexports1/computelighting1/layerexport10/parm1,parameter,,1,3,medium,hasconnector=0 exportparm=2 invisible=1,parmtype
AB::DoorGenerator::4.0,/obj/AnalysisHolder/probe_35/mats/Starter/surfaceexports1/computelighting1/layerexport11/parm1,parameter,,1,3,medium,hasconnector=0 exportparm=2 invisible=1,parmtype
AB::DoorGenerator::4.0,/obj/AnalysisHolder/probe_35/mats/Starter/surfaceexports1/computelighting1/layerexport12/parm1,parameter,,1,3,medium,hasconnector=0 exportparm=2 invisible=1,parmtype
AB::DoorGenerator::4.0,/obj/AnalysisHolder/probe_35/mats/Starter/surfaceexports1/computelighting1/layerexport13/parm1,parameter,,1,3,medium,hasconnector=0 exportparm=2 invisible=1,parmtype
AB::DoorGenerator::4.0,/obj/AnalysisHolder/probe_35/mats/Starter/principledshader2,principledshader::2.0,,5,10,medium,folder7=1 folder4=1 folder12=1 folder13=1 folder8=1 folder11=1 folder9=1 coat=1 coatrough=0.2 baseBumpAndNormal_enable=1,baseBump_useTexture baseNormal_useTexture shop_disable_displace_shader specular_tint vm_displacebound
AB::DoorGenerator::4.0,/obj/AnalysisHolder/probe_35/mats/Starter1/surfaceexports1/bind1,bind,,1,4,medium,overridetype=1 useasparmdefiner=1 useownexportcontext=1 exportparm=1,parmname
AB::DoorGenerator::4.0,/obj/AnalysisHolder/probe_35/mats/Starter1/surfaceexports1/bind4,bind,,1,4,medium,overridetype=1 useasparmdefiner=1 useownexportcontext=1 exportparm=1,parmname
AB::DoorGenerator::4.0,/obj/AnalysisHolder/probe_35/mats/Starter1/surfaceexports1/bind5,bind,,1,4,medium,overridetype=1 useasparmdefiner=1 useownexportcontext=1 exportparm=1,parmname
AB::DoorGenerator::4.0,/obj/AnalysisHolder/probe_35/mats/Starter1/surfaceexports1/bind6,bind,,1,4,medium,overridetype=1 useasparmdefiner=1 useownexportcontext=1 exportparm=1,parmname
AB::DoorGenerator::4.0,/obj/AnalysisHolder/probe_35/mats/Starter1/surfaceexports1/bind7,bind,,1,4,medium,overridetype=1 useasparmdefiner=1 useownexportcontext=1 exportparm=1,parmname
AB::DoorGenerator::4.0,/obj/AnalysisHolder/probe_35/mats/Starter1/surfaceexports1/bind8,bind,,1,4,medium,overridetype=1 useasparmdefiner=1 useownexportcontext=1 exportparm=1,parmname
AB::DoorGenerator::4.0,/obj/AnalysisHolder/probe_35/mats/Starter1/surfaceexports1/bind9,bind,,1,4,medium,overridetype=1 useasparmdefiner=1 useownexportcontext=1 exportparm=1,parmname
AB::DoorGenerator::4.0,/obj/AnalysisHolder/probe_35/mats/Starter1/surfaceexports1/bind10,bind,,1,4,medium,overridetype=1 useasparmdefiner=1 useownexportcontext=1 exportparm=1,parmname
AB::DoorGenerator::4.0,/obj/AnalysisHolder/probe_35/mats/Starter1/surfaceexports1/bind11,bind,,1,4,medium,overridetype=1 useasparmdefiner=1 useownexportcontext=1 exportparm=1,parmname
AB::DoorGenerator::4.0,/obj/AnalysisHolder/probe_35/mats/Starter1/surfaceexports1/bind12,bind,,1,4,medium,overridetype=1 useasparmdefiner=1 useownexportcontext=1 exportparm=1,parmname
AB::DoorGenerator::4.0,/obj/AnalysisHolder/probe_35/mats/Starter1/surfaceexports1/bind13,bind,,1,4,medium,overridetype=1 useasparmdefiner=1 useownexportcontext=1 exportparm=1,parmname
AB::DoorGenerator::4.0,/obj/AnalysisHolder/probe_35/mats/Starter1/surfaceexports1/bind14,bind,,1,4,medium,overridetype=1 useasparmdefiner=1 useownexportcontext=1 exportparm=1,parmname
AB::DoorGenerator::4.0,/obj/AnalysisHolder/probe_35/mats/Starter1/surfaceexports1/bind15,bind,,1,4,medium,overridetype=1 useasparmdefiner=1 useownexportcontext=1 exportparm=1,parmname
AB::DoorGenerator::4.0,/obj/AnalysisHolder/probe_35/mats/Starter1/surfaceexports1/bind16,bind,,1,4,medium,overridetype=1 useasparmdefiner=1 useownexportcontext=1 exportparm=1,parmname
AB::DoorGenerator::4.0,/obj/AnalysisHolder/probe_35/mats/Starter1/surfaceexports1/bind17,bind,,1,4,medium,overridetype=1 useasparmdefiner=1 useownexportcontext=1 exportparm=1,parmname
AB::DoorGenerator::4.0,/obj/AnalysisHolder/probe_35/mats/Starter1/surfaceexports1/bind18,bind,,1,4,medium,overridetype=1 useasparmdefiner=1 useownexportcontext=1 exportparm=1,parmname
AB::DoorGenerator::4.0,/obj/AnalysisHolder/probe_35/mats/Starter1/surfaceexports1/bind19,bind,,1,4,medium,overridetype=1 useasparmdefiner=1 useownexportcontext=1 exportparm=1,parmname
AB::DoorGenerator::4.0,/obj/AnalysisHolder/probe_35/mats/Starter1/surfaceexports1/bind20,bind,,1,4,medium,overridetype=1 useasparmdefiner=1 useownexportcontext=1 exportparm=1,parmname
AB::DoorGenerator::4.0,/obj/AnalysisHolder/probe_35/mats/Starter1/surfaceexports1/bind21,bind,,1,4,medium,overridetype=1 useasparmdefiner=1 useownexportcontext=1 exportparm=1,parmname
AB::DoorGenerator::4.0,/obj/AnalysisHolder/probe_35/mats/Starter1/surfaceexports1/bind22,bind,,1,4,medium,overridetype=1 useasparmdefiner=1 useownexportcontext=1 exportparm=1,parmname
AB::DoorGenerator::4.0,/obj/AnalysisHolder/probe_35/mats/Starter1/surfaceexports1/bind23,bind,,1,4,medium,overridetype=1 useasparmdefiner=1 useownexportcontext=1 exportparm=1,parmname
AB::DoorGenerator::4.0,/obj/AnalysisHolder/probe_35/mats/Starter1/surfaceexports1/bind24,bind,,1,4,medium,overridetype=1 useasparmdefiner=1 useownexportcontext=1 exportparm=1,parmname
AB::DoorGenerator::4.0,/obj/AnalysisHolder/probe_35/mats/Starter1/surfaceexports1/bind25,bind,,1,4,medium,overridetype=1 useasparmdefiner=1 useownexportcontext=1 exportparm=1,parmname
AB::DoorGenerator::4.0,/obj/AnalysisHolder/probe_35/mats/Starter1/surfaceexports1/computelighting1/layerexport10/parm1,parameter,,1,3,medium,hasconnector=0 exportparm=2 invisible=1,parmtype
AB::DoorGenerator::4.0,/obj/AnalysisHolder/probe_35/mats/Starter1/surfaceexports1/computelighting1/layerexport11/parm1,parameter,,1,3,medium,hasconnector=0 exportparm=2 invisible=1,parmtype
AB::DoorGenerator::4.0,/obj/AnalysisHolder/probe_35/mats/Starter1/surfaceexports1/computelighting1/layerexport12/parm1,parameter,,1,3,medium,hasconnector=0 exportparm=2 invisible=1,parmtype
AB::DoorGenerator::4.0,/obj/AnalysisHolder/probe_35/mats/Starter1/surfaceexports1/computelighting1/layerexport13/parm1,parameter,,1,3,medium,hasconnector=0 exportparm=2 invisible=1,parmtype
AB::DoorGenerator::4.0,/obj/AnalysisHolder/probe_35/mats/Starter1/principledshader2,principledshader::2.0,,5,10,medium,folder7=1 folder4=1 folder12=1 folder13=1 folder8=1 folder11=1 folder9=1 coat=1 coatrough=0.2 baseBumpAndNormal_enable=1,baseBump_useTexture baseNormal_useTexture shop_disable_displace_shader specular_tint vm_displacebound
AB::DoorHardware::2.0,/obj/AnalysisHolder/probe_36/Parts/DoorHandles/DoorHandlesResidential/RS_DoorHandle_003/subnet1/color1,color,,3,5,medium,class=3 ramp2pos=1 ramp2cr=1 ramp2cg=1 ramp2cb=1,colorb colorg colorr
AB::DoorHardware::2.0,/obj/AnalysisHolder/probe_36/Parts/DoorHandles/DoorHandlesResidential/RS_DoorHandle_004/subnet1/transform3,xform,s,2,10,high,tx=0 ty=0 tz=0 sx=0 scale=0.1 parmgroup_pivotxform=1 px=0 py=0 pz=0 addattrib=1,sy sz
AB::DoorHardware::2.0,/obj/AnalysisHolder/probe_36/Parts/DoorHandles/DoorHandlesResidential/RS_DoorHandle_004/subnet1/color1,color,,3,5,medium,class=3 ramp2pos=1 ramp2cr=1 ramp2cg=1 ramp2cb=1,colorb colorg colorr
AB::DoorHardware::2.0,/obj/AnalysisHolder/probe_36/Parts/DoorHandles/DoorHandlesResidential/RS_DoorHandle_004/subnet1/transform7,xform,,1,1,medium,parmgroup_pivotxform=1,scale
AB::DoorHardware::2.0,/obj/AnalysisHolder/probe_36/Parts/DoorHandles/DoorHandlesResidential/RS_DoorHandle_004/XForm_FinalAdj,xform,,1,1,medium,rz=180,scale
AB::DoorHardware::2.0,/obj/AnalysisHolder/probe_36/Parts/DoorHandles/DoorHandlesResidential/RS_DoorHandle_001/add1,add,pt2,7,3,high,points=5 switcher1=1 pt2x=0.05,pt0x pt1x pt1z pt2z pt3x pt3z pt4z
AB::DoorHardware::2.0,/obj/AnalysisHolder/probe_36/Parts/DoorHandles/DoorHandlesResidential/RS_DoorHandle_001/polybevel1,polybevel::3.0,,3,6,medium,grouptype=1 profileramp1value=0.5 profileramp1interp=2 profileramp2pos=1 profileramp2value=0.5 profileramp2interp=2,divisions filletshape offset
AB::DoorHardware::2.0,/obj/AnalysisHolder/probe_36/Parts/DoorHandles/DoorHandlesResidential/RS_DoorHandle_001/polybevel2,polybevel::3.0,,3,6,medium,grouptype=1 profileramp1value=0.5 profileramp1interp=2 profileramp2pos=1 profileramp2value=0.5 profileramp2interp=2,divisions filletshape offset
AB::DoorHardware::2.0,/obj/AnalysisHolder/probe_36/Parts/DoorHandles/DoorHandlesResidential/RS_DoorHandle_001/polyextrude1,polyextrude::2.0,,1,11,medium,outputfront=0 thicknessramp1value=1 thicknessramp1interp=2 thicknessramp2pos=1 thicknessramp2value=1 thicknessramp2interp=2 twistramp1value=0.5 twistramp1interp=2 twistramp2pos=1 twistramp2value=0.5 twistramp2interp=2,inset
AB::DoorHardware::2.0,/obj/AnalysisHolder/probe_36/Parts/DoorHandles/DoorHandlesResidential/RS_DoorHandle_001/polyextrude2,polyextrude::2.0,,1,10,medium,thicknessramp1value=1 thicknessramp1interp=2 thicknessramp2pos=1 thicknessramp2value=1 thicknessramp2interp=2 twistramp1value=0.5 twistramp1interp=2 twistramp2pos=1 twistramp2value=0.5 twistramp2interp=2,dist
AB::DoorHardware::2.0,/obj/AnalysisHolder/probe_36/Parts/DoorHandles/DoorHandlesResidential/RS_DoorHandle_001/color1,color,,3,5,medium,class=3 ramp2pos=1 ramp2cr=1 ramp2cg=1 ramp2cb=1,colorb colorg colorr
AB::DoorHardware::2.0,/obj/AnalysisHolder/probe_36/Parts/DoorHandles/DoorHandlesResidential/RS_DoorHandle_001/color2,color,,3,5,medium,class=3 ramp2pos=1 ramp2cr=1 ramp2cg=1 ramp2cb=1,colorb colorg colorr
AB::DoorHardware::2.0,/obj/AnalysisHolder/probe_36/Parts/DoorHandles/DoorHandlesResidential/RS_DoorHandle_002/circle1,circle,,1,3,medium,type=2 reverse=0 divs=44,scale
AB::DoorHardware::2.0,/obj/AnalysisHolder/probe_36/Parts/DoorHandles/DoorHandlesResidential/RS_DoorHandle_002/CreateBackplate/convert1,convert,,2,1,medium,stdswitcher1=1,divu divv
AB::DoorHardware::2.0,/obj/AnalysisHolder/probe_36/Parts/DoorHandles/DoorHandlesResidential/RS_DoorHandle_002/CreateHandleStem/convert1,convert,,1,2,medium,stdswitcher1=1 divv=0,divu
AB::DoorHardware::2.0,/obj/AnalysisHolder/probe_36/Parts/DoorHandles/DoorHandlesResidential/RS_DoorHandle_002/CreateHandle/transform16,xform,,3,4,medium,parmgroup_pivotxform=1 px=0 py=0 pz=0,scale sx tx
AB::DoorHardware::2.0,/obj/AnalysisHolder/probe_36/Parts/DoorHandles/DoorHandlesResidential/RS_DoorHandle_002/CreateHandle/transform17,xform,,3,4,medium,parmgroup_pivotxform=1 px=0 py=0 pz=0,scale sx tx
AB::DoorHardware::2.0,/obj/AnalysisHolder/probe_36/Parts/DoorHandles/DoorHandlesResidential/RS_DoorHandle_002/CreateHandle/convert1,convert,,2,1,medium,stdswitcher1=1,divu divv
AB::DoorHardware::2.0,/obj/AnalysisHolder/probe_36/Parts/DoorHandles/DoorHandlesResidential/RS_DoorHandle_002/CreateHandle/convert2,convert,,2,1,medium,stdswitcher1=1,divu divv
AB::DoorHardware::2.0,/obj/AnalysisHolder/probe_36/Parts/DoorHandles/DoorHandlesResidential/RS_DoorHandle_002/CreateHandle/convert3,convert,,1,2,medium,stdswitcher1=1 divv=0,divu
AB::DoorHardware::2.0,/obj/AnalysisHolder/probe_36/Parts/DoorHandles/DoorHandlesResidential/RS_DoorHandle_002/CreateHandle/convert4,convert,,2,1,medium,stdswitcher1=1,divu divv
AB::DoorHardware::2.0,/obj/AnalysisHolder/probe_36/Parts/DoorHandles/DoorHandlesResidential/RS_DoorHandle_002/color1,color,,3,5,medium,class=3 ramp2pos=1 ramp2cr=1 ramp2cg=1 ramp2cb=1,colorb colorg colorr
AB::DoorHardware::2.0,/obj/AnalysisHolder/probe_36/Parts/DoorHandles/PullBars/PullBar_001/add1,add,,4,3,medium,stdswitcher1=1 points=4 switcher1=1,pt1z pt2y pt2z pt3y
AB::DoorHardware::2.0,/obj/AnalysisHolder/probe_36/Parts/DoorHandles/PullBars/PullBar_001/polybevel1,polybevel::3.0,,3,6,medium,grouptype=1 profileramp1value=0.5 profileramp1interp=2 profileramp2pos=1 profileramp2value=0.5 profileramp2interp=2,divisions filletshape offset
AB::DoorHardware::2.0,/obj/AnalysisHolder/probe_36/Parts/DoorHandles/PullBars/PullBar_001/circle1,circle,,1,3,medium,type=1 reverse=0 divs=22,scale
AB::DoorHardware::2.0,/obj/AnalysisHolder/probe_36/Parts/DoorHandles/PullBars/PullBar_001/polyextrude2,polyextrude::2.0,,1,11,medium,outputback=1 thicknessramp1value=1 thicknessramp1interp=2 thicknessramp2pos=1 thicknessramp2value=1 thicknessramp2interp=2 twistramp1value=0.5 twistramp1interp=2 twistramp2pos=1 twistramp2value=0.5 twistramp2interp=2,dist
AB::DoorHardware::2.0,/obj/AnalysisHolder/probe_36/Parts/DoorHandles/PullBars/PullBar_001/polybevel2,polybevel::3.0,,3,6,medium,grouptype=3 profileramp1value=0.5 profileramp1interp=2 profileramp2pos=1 profileramp2value=0.5 profileramp2interp=2,divisions filletshape offset
AB::DoorHardware::2.0,/obj/AnalysisHolder/probe_36/Parts/DoorHandles/PullBars/PullBar_001/color2,color,,3,5,medium,class=3 ramp2pos=1 ramp2cr=1 ramp2cg=1 ramp2cb=1,colorb colorg colorr
AB::DoorHardware::2.0,/obj/AnalysisHolder/probe_36/Parts/DoorHandles/PullBars/PullBar_001/color3,color,,3,5,medium,class=3 ramp2pos=1 ramp2cr=1 ramp2cg=1 ramp2cb=1,colorb colorg colorr
AB::DoorHardware::2.0,/obj/AnalysisHolder/probe_36/Parts/DoorHandles/PullBars/PullBar_001/transform3,xform,,2,4,medium,parmgroup_pivotxform=1 px=0 py=0 pz=0,sx sy
AB::DoorHardware::2.0,/obj/AnalysisHolder/probe_36/Parts/DoorHandles/PullBars/PullBar_002/polybevel1,polybevel::3.0,,3,6,medium,grouptype=1 profileramp1value=0.5 profileramp1interp=2 profileramp2pos=1 profileramp2value=0.5 profileramp2interp=2,divisions filletshape offset
AB::DoorHardware::2.0,/obj/AnalysisHolder/probe_36/Parts/DoorHandles/PullBars/PullBar_002/circle1,circle,,1,2,medium,type=1 reverse=0,scale
AB::DoorHardware::2.0,/obj/AnalysisHolder/probe_36/Parts/DoorHandles/PullBars/PullBar_002/polyextrude2,polyextrude::2.0,,1,11,medium,outputback=1 thicknessramp1value=1 thicknessramp1interp=2 thicknessramp2pos=1 thicknessramp2value=1 thicknessramp2interp=2 twistramp1value=0.5 twistramp1interp=2 twistramp2pos=1 twistramp2value=0.5 twistramp2interp=2,dist
AB::DoorHardware::2.0,/obj/AnalysisHolder/probe_36/Parts/DoorHandles/PullBars/PullBar_002/polybevel2,polybevel::3.0,,3,6,medium,grouptype=3 profileramp1value=0.5 profileramp1interp=2 profileramp2pos=1 profileramp2value=0.5 profileramp2interp=2,divisions filletshape offset
AB::DoorHardware::2.0,/obj/AnalysisHolder/probe_36/Parts/DoorHandles/PullBars/PullBar_002/color2,color,,3,5,medium,class=3 ramp2pos=1 ramp2cr=1 ramp2cg=1 ramp2cb=1,colorb colorg colorr
AB::DoorHardware::2.0,/obj/AnalysisHolder/probe_36/Parts/DoorHandles/PullBars/PullBar_002/color3,color,,3,5,medium,class=3 ramp2pos=1 ramp2cr=1 ramp2cg=1 ramp2cb=1,colorb colorg colorr
AB::DoorHardware::2.0,/obj/AnalysisHolder/probe_36/Parts/DoorHandles/PullBars/PullBar_002/transform3,xform,,2,4,medium,parmgroup_pivotxform=1 px=0 py=0 pz=0,sx sy
AB::DoorHardware::2.0,/obj/AnalysisHolder/probe_36/Parts/DoorHandles/PullBars/PullBar_002/add2,add,,9,2,medium,points=6 switcher1=1,pt1z pt2x pt2z pt3x pt3y pt3z pt4y pt4z pt5y
AB::DoorHardware::2.0,/obj/AnalysisHolder/probe_36/Parts/DoorHandles/PullBars/PullBar_002/circle2,circle,,1,2,medium,type=1 reverse=0,scale
AB::DoorHardware::2.0,/obj/AnalysisHolder/probe_36/Parts/DoorPlates/CreateDoorPlate_001/transform2,xform,s,2,10,high,tx=0 ty=0 tz=0 sx=0 scale=0.1 parmgroup_pivotxform=1 px=0 py=0 pz=0 addattrib=1,sy sz
AB::DoorHardware::2.0,/obj/AnalysisHolder/probe_36/Parts/DoorPlates/CreateDoorPlate_002/transform2,xform,s,2,10,high,tx=0 ty=0 tz=0 sx=0 scale=0.1 parmgroup_pivotxform=1 px=0 py=0 pz=0 addattrib=1,sy sz
AB::DoorHardware::2.0,/obj/AnalysisHolder/probe_36/Parts/DoorLocks/GT_door_lock_001/transform1,xform,s,2,10,high,tx=0 ty=0 tz=0 sx=0 scale=0.1 parmgroup_pivotxform=1 px=0 py=0 pz=0 addattrib=1,sy sz
AB::DoorHardware::2.0,/obj/AnalysisHolder/probe_36/Parts/DoorKnockers/CreateDoorKnocker_01/transform5,xform,s,2,9,high,tx=0 ty=0 tz=0 sx=0 parmgroup_pivotxform=1 px=0 py=0 pz=0 addattrib=1,sy sz
AB::DoorsCreateCopies::1.2,/obj/AnalysisHolder/probe_37/DoorGenerator1,AB::DoorGenerator::4.0,,16,5,medium,RS_DoorStyle=2 RS_DoorWidth=0 RS_DoorHeight=0 CM_DoorWidth=0 CM_DoorHeight=0,CM_DoorBottomRail CM_DoorDepth CM_DoorFrameColorb CM_DoorFrameColorg CM_DoorFrameColorr CM_DoorGlassColorb CM_DoorGlassColorg CM_DoorGlassColorr CM_DoorStyle CM_DoorTopRail CM_doorStileWidth HW_PullBarStyle MasterDoorStyle PB_01_PullBarDepth PB_01_PullBarLength handle_side
AB::DoorsCreateCopies::1.2,/obj/AnalysisHolder/probe_37/CreateDoorWallDivs/polyextrude1,polyextrude::2.0,,1,11,medium,outputsidegrp=1 thicknessramp1value=1 thicknessramp1interp=2 thicknessramp2pos=1 thicknessramp2value=1 thicknessramp2interp=2 twistramp1value=0.5 twistramp1interp=2 twistramp2pos=1 twistramp2value=0.5 twistramp2interp=2,dist
AB::DoorsCreateCopies::1.2,/obj/AnalysisHolder/probe_37/CreateDoorWallDivs/knife4,knife,,1,3,medium,knifeop=1 dirx=1 diry=0,originx
AB::DoorsCreateCopies::1.2,/obj/AnalysisHolder/probe_37/CreateDoorWallDivs/knife5,knife,,1,2,medium,dirx=1 diry=0,originx
AB::DoorsCreateCopies::1.2,/obj/AnalysisHolder/probe_37/CreateDoorWallDivs/knife6,knife,,1,2,medium,dirx=1 diry=0,originx
AB::DoorsCreateCopies::1.2,/obj/AnalysisHolder/probe_37/CreateDoorWallDivs/knife7,knife,,1,3,medium,knifeop=1 dirx=1 diry=0,originx
AB::DoorsCreateCopies::1.2,/obj/AnalysisHolder/probe_37/CreateDoorWallDivs/knife1,knife,,1,1,medium,knifeop=1,originy
AB::DowntownBuilding::3.6,/obj/AnalysisHolder/probe_38/Classical/ProcessRoofs/divide1,divide,size,1,4,high,convex=0 brick=1 sizex=3 sizey=5,sizez
AB::DowntownBuilding::3.6,/obj/AnalysisHolder/probe_38/Classical/ProcessRoofs/divide2,divide,,2,3,medium,convex=0 fixsharededges=0 removesh=1,sizey sizez
AB::DowntownBuilding::3.6,/obj/AnalysisHolder/probe_38/Classical/ProcessRoofs/divide_DefineLargeSize,divide,size,2,3,high,convex=0 brick=1 sizex=10,sizey sizez
AB::DowntownBuilding::3.6,/obj/AnalysisHolder/probe_38/Classical/ProcessRoofs/color2,color,,3,5,medium,class=3 ramp2pos=1 ramp2cr=1 ramp2cg=1 ramp2cb=1,colorb colorg colorr
AB::DowntownBuilding::3.6,/obj/AnalysisHolder/probe_38/Classical/ProcessRoofs/color3,color,,3,5,medium,class=3 ramp2pos=1 ramp2cr=1 ramp2cg=1 ramp2cb=1,colorb colorg colorr
AB::DowntownBuilding::3.6,/obj/AnalysisHolder/probe_38/Classical/ProcessWalls/ProcessCorners/knife1,knife,,1,1,medium,knifeop=1,originy
AB::DowntownBuilding::3.6,/obj/AnalysisHolder/probe_38/Classical/ProcessWalls/ProcessCorners/knife4,knife,,1,1,medium,knifeop=2,originy
AB::DowntownBuilding::3.6,/obj/AnalysisHolder/probe_38/Classical/ProcessWalls/ProcessCorners/color1,color,,3,5,medium,class=3 ramp2pos=1 ramp2cr=1 ramp2cg=1 ramp2cb=1,colorb colorg colorr
AB::DowntownBuilding::3.6,/obj/AnalysisHolder/probe_38/Classical/ProcessWalls/ProcessCorners/polyextrude2,polyextrude::2.0,,1,11,medium,outputfrontgrp=1 thicknessramp1value=1 thicknessramp1interp=2 thicknessramp2pos=1 thicknessramp2value=1 thicknessramp2interp=2 twistramp1value=0.5 twistramp1interp=2 twistramp2pos=1 twistramp2value=0.5 twistramp2interp=2,dist
AB::DowntownBuilding::3.6,/obj/AnalysisHolder/probe_38/Classical/ProcessWalls/ProcessCorners/grid1,grid,,1,5,medium,orient=0 sizex=3.8 sizey=63 ry=180 cols=2,rows
AB::DowntownBuilding::3.6,/obj/AnalysisHolder/probe_38/Classical/ProcessWalls/ProcessCorners/grid2,grid,,1,5,medium,orient=0 sizex=3.8 sizey=63 ry=180 cols=2,rows
AB::DowntownBuilding::3.6,/obj/AnalysisHolder/probe_38/Classical/ProcessWalls/ProcessCorners/grid3,grid,,1,5,medium,orient=0 sizex=3.8 sizey=63 ry=180 rows=2,cols
AB::DowntownBuilding::3.6,/obj/AnalysisHolder/probe_38/Classical/ProcessWalls/ProcessCorners/foreach_end5,block_end,,1,3,medium,itermethod=1 method=1 class=0,attrib
AB::DowntownBuilding::3.6,/obj/AnalysisHolder/probe_38/Classical/ProcessWalls/ProcessWalls/GF_walls/SolidBays/color1,color,,3,4,medium,ramp2pos=1 ramp2cr=1 ramp2cg=1 ramp2cb=1,colorb colorg colorr
AB::DowntownBuilding::3.6,/obj/AnalysisHolder/probe_38/Classical/ProcessWalls/ProcessWalls/GF_walls/UpperWalls/color8,color,,3,5,medium,class=3 ramp2pos=1 ramp2cr=1 ramp2cg=1 ramp2cb=1,colorb colorg colorr
AB::DowntownBuilding::3.6,/obj/AnalysisHolder/probe_38/Classical/ProcessWalls/ProcessWalls/GF_walls/UpperWalls/WindowGenerator1,AB::WindowGenerator::3.1,,2,3,medium,WindowWidth=2.83333 WindowHeight=12.5 CasingDepth=1,AddExtWindowTrim RectangularWindowType
AB::DowntownBuilding::3.6,/obj/AnalysisHolder/probe_38/Classical/ProcessWalls/ProcessWalls/GF_walls/LowerWalls/CreateDoorWalls/DoorsCreateCopies1,AB::DoorsCreateCopies::1.2,,3,4,medium,handle_side=1 CM_doorStileWidth=0.25 CM_DoorBottomRail=0.5 CM_DoorTopRail=0.25,DoorHeight InsetDoorDepth WinWallSides
AB::DowntownBuilding::3.6,/obj/AnalysisHolder/probe_38/Classical/ProcessWalls/ProcessWalls/GF_walls/LowerWalls/CreateDoorWalls/knife_Referenced,clip::2.0,,1,3,medium,clipop=2 dirx=0 diry=1,originy
AB::DowntownBuilding::3.6,/obj/AnalysisHolder/probe_38/Classical/ProcessWalls/ProcessWalls/GF_walls/LowerWalls/CreateDoorWalls/knife1,clip::2.0,,1,3,medium,clipop=2 dirx=0 diry=1,originy
AB::DowntownBuilding::3.6,/obj/AnalysisHolder/probe_38/Classical/ProcessWalls/ProcessWalls/GF_walls/LowerWalls/CreateWindowWalls/color2,color,,3,5,medium,class=3 ramp2pos=1 ramp2cr=1 ramp2cg=1 ramp2cb=1,colorb colorg colorr
AB::DowntownBuilding::3.6,/obj/AnalysisHolder/probe_38/Classical/ProcessWalls/ProcessWalls/GF_walls/LowerWalls/CreateWindowWalls/WindowGenerator1,AB::WindowGenerator::3.1,,14,3,medium,WindowWidth=2.8 WindowHeight=4 AddExtWindowTrim=0,CasementColorb CasementColorg CasementColorr CasingDepth CasingWidth FrameColorb FrameColorg FrameColorr GlassColorb GlassColorg GlassColorr RectangularWindowType SK_WinFrameDepthRect WinFrameWidthRect
AB::DowntownBuilding::3.6,/obj/AnalysisHolder/probe_38/Classical/ProcessWalls/ProcessWalls/GF_walls/LowerWalls/CreateWindowWalls/knife1,clip::2.0,,1,3,medium,clipop=2 dirx=0 diry=1,originy
AB::DowntownBuilding::3.6,/obj/AnalysisHolder/probe_38/Classical/ProcessWalls/ProcessWalls/GF_walls/LowerWalls/CreateSolidWall/color1,color,,3,6,medium,deleteallcolorattribs=1 class=3 ramp2pos=1 ramp2cr=1 ramp2cg=1 ramp2cb=1,colorb colorg colorr
AB::DowntownBuilding::3.6,/obj/AnalysisHolder/probe_38/Classical/ProcessWalls/ProcessWalls/GF_walls/LowerWalls/CreateSolidWall/knife_Referenced,clip::2.0,,1,3,medium,clipop=1 dirx=0 diry=1,originy
AB::DowntownBuilding::3.6,/obj/AnalysisHolder/probe_38/Classical/ProcessWalls/ProcessWalls/GF_walls/LowerWalls/CreateSolidWall/knife1,clip::2.0,,1,3,medium,clipop=1 dirx=0 diry=1,originy
AB::DowntownBuilding::3.6,/obj/AnalysisHolder/probe_38/Classical/ProcessWalls/ProcessWalls/GF_walls/LowerWalls/CreateSolidWall/knife2,clip::2.0,,1,3,medium,clipop=2 dirx=0 diry=1,originy
AB::DowntownBuilding::3.6,/obj/AnalysisHolder/probe_38/Classical/ProcessWalls/ProcessWalls/GF_walls/LowerWalls/CreateSolidWall/knife_Referenced1,clip::2.0,,1,2,medium,dirx=0 diry=1,originy
AB::DowntownBuilding::3.6,/obj/AnalysisHolder/probe_38/Classical/ProcessWalls/ProcessWalls/GF_walls/LowerWalls/CreateSolidWall/knife3,clip::2.0,,1,2,medium,dirx=0 diry=1,originy
AB::DowntownBuilding::3.6,/obj/AnalysisHolder/probe_38/Classical/ProcessWalls/ProcessWalls/GF_walls/LowerWalls/ProcessFrontWallPlanes/DoorWallsFront,groupcreate,size,1,4,high,groupbase=0 groupbounding=1 sizey=100 sizez=10000,sizex
AB::DowntownBuilding::3.6,/obj/AnalysisHolder/probe_38/Classical/ProcessWalls/ProcessWalls/GF_walls/LowerWalls/SeparateWalls/knife1,knife,,1,1,medium,knifeop=1,originy
AB::DowntownBuilding::3.6,/obj/AnalysisHolder/probe_38/Classical/ProcessWalls/ProcessWalls/GF_walls/CreateCornice/FancyCurves2,AB::FancyCurves::2.0,,1,12,medium,CurveStyle=3 planeSet=2 LowerFaceHeight=0.1 MiddleFaceDepth=0.1 MiddleFaceHeight=0.1 LargeUnderside=0.2 LargeUndersideReturn=0.1 MainCurveHeight=0.6 MainCurveDepth=0.2 MainCurveAjust1=0.1 TopEdgeDepth=0.1 TopEdgeHeight=0.1,LowerFaceDepth
AB::DowntownBuilding::3.6,/obj/AnalysisHolder/probe_38/Classical/ProcessWalls/ProcessWalls/MF_walls/transform3,xform,,1,1,medium,sy=0,ty
AB::DowntownBuilding::3.6,/obj/AnalysisHolder/probe_38/Classical/ProcessWalls/ProcessWalls/MF_walls/color2,color,,3,5,medium,class=3 ramp2pos=1 ramp2cr=1 ramp2cg=1 ramp2cb=1,colorb colorg colorr
AB::DowntownBuilding::3.6,/obj/AnalysisHolder/probe_38/Classical/ProcessWalls/ProcessWalls/MF_walls/color7,color,,3,5,medium,class=3 ramp2pos=1 ramp2cr=1 ramp2cg=1 ramp2cb=1,colorb colorg colorr
AB::DowntownBuilding::3.6,/obj/AnalysisHolder/probe_38/Classical/ProcessWalls/ProcessWalls/MF_walls/transform4,xform,,1,1,medium,parmgroup_pivotxform=1,tz
AB::DowntownBuilding::3.6,/obj/AnalysisHolder/probe_38/Classical/ProcessWalls/ProcessWalls/MF_walls/WindowsCreateCopies1/CreateWindowWallDivs/polyextrude1,polyextrude::2.0,,1,11,medium,outputsidegrp=1 thicknessramp1value=1 thicknessramp1interp=2 thicknessramp2pos=1 thicknessramp2value=1 thicknessramp2interp=2 twistramp1value=0.5 twistramp1interp=2 twistramp2pos=1 twistramp2value=0.5 twistramp2interp=2,dist
AB::DowntownBuilding::3.6,/obj/AnalysisHolder/probe_38/Classical/ProcessWalls/ProcessWalls/MF_walls/WindowsCreateCopies1/CreateWindowWallDivs/knife4,knife,,1,3,medium,knifeop=1 dirx=1 diry=0,originx
AB::DowntownBuilding::3.6,/obj/AnalysisHolder/probe_38/Classical/ProcessWalls/ProcessWalls/MF_walls/WindowsCreateCopies1/CreateWindowWallDivs/knife5,knife,,1,2,medium,dirx=1 diry=0,originx
AB::DowntownBuilding::3.6,/obj/AnalysisHolder/probe_38/Classical/ProcessWalls/ProcessWalls/MF_walls/WindowsCreateCopies1/CreateWindowWallDivs/knife6,knife,,1,2,medium,dirx=1 diry=0,originx
AB::DowntownBuilding::3.6,/obj/AnalysisHolder/probe_38/Classical/ProcessWalls/ProcessWalls/MF_walls/WindowsCreateCopies1/CreateWindowWallDivs/knife7,knife,,1,3,medium,knifeop=1 dirx=1 diry=0,originx
AB::DowntownBuilding::3.6,/obj/AnalysisHolder/probe_38/Classical/ProcessWalls/ProcessWalls/MF_walls/WindowsCreateCopies1/CreateWindowWallDivs/knife9,knife,,1,1,medium,knifeop=1,originy
AB::DowntownBuilding::3.6,/obj/AnalysisHolder/probe_38/Classical/ProcessWalls/ProcessWalls/MF_walls/WindowsCreateCopies1/CreateWindowWallDivs/knife1,knife,,1,1,medium,knifeop=1,originy
AB::DowntownBuilding::3.6,/obj/AnalysisHolder/probe_38/Classical/ProcessWalls/ProcessWalls/MF_walls/WindowGenerator1,AB::WindowGenerator::3.1,,18,2,medium,WindowWidth=2.83333 WindowHeight=3,AddExtWindowTrim CasementColorb CasementColorg CasementColorr CasingDepth CasingWidth FrameColorb FrameColorg FrameColorr GlassColorb GlassColorg GlassColorr RectangularWindowType SK_WinFrameDepthRect WinFrameWidthRect WindowTrimColorb WindowTrimColorg WindowTrimColorr
AB::DowntownBuilding::3.6,/obj/AnalysisHolder/probe_38/Classical/ProcessWalls/ProcessWalls/MF_walls/SolidBays/color1,color,,3,6,medium,deleteallcolorattribs=1 class=3 ramp2pos=1 ramp2cr=1 ramp2cg=1 ramp2cb=1,colorb colorg colorr
AB::DowntownBuilding::3.6,/obj/AnalysisHolder/probe_38/Classical/ProcessWalls/ProcessWalls/MF_walls/transform6,xform,,1,1,medium,sy=0,ty
AB::DowntownBuilding::3.6,/obj/AnalysisHolder/probe_38/Classical/ProcessWalls/ProcessWalls/TF_top/CreateCornice/FancyCurves3,AB::FancyCurves::2.0,,1,2,medium,CurveStyle=3 planeSet=2,LowerFaceDepth
AB::DowntownBuilding::3.6,/obj/AnalysisHolder/probe_38/Classical/ProcessWalls/ProcessWalls/TF_top/color2,color,,3,5,medium,class=3 ramp2pos=1 ramp2cr=1 ramp2cg=1 ramp2cb=1,colorb colorg colorr
AB::DowntownBuilding::3.6,/obj/AnalysisHolder/probe_38/Classical/ProcessWalls/ProcessWalls/TF_top/WindowGenerator1,AB::WindowGenerator::3.1,,18,2,medium,WindowWidth=2.83333 WindowHeight=6.65,AddExtWindowTrim CasementColorb CasementColorg CasementColorr CasingDepth CasingWidth FrameColorb FrameColorg FrameColorr GlassColorb GlassColorg GlassColorr RectangularWindowType SK_WinFrameDepthRect WinFrameWidthRect WindowTrimColorb WindowTrimColorg WindowTrimColorr
AB::DowntownBuilding::3.6,/obj/AnalysisHolder/probe_38/Classical/ProcessWalls/ProcessWalls/TF_top/SolidBays3/color1,color,,3,6,medium,deleteallcolorattribs=1 class=3 ramp2pos=1 ramp2cr=1 ramp2cg=1 ramp2cb=1,colorb colorg colorr
AB::DowntownBuilding::3.6,/obj/AnalysisHolder/probe_38/Classical/ProcessWalls/ProcessWalls/TF_top/WindowsCreateCopies2,AB::WindowsCreateCopies::2.0,,1,4,medium,AddInsetWindows=0 win_wall_open_z=0 WinWallBaseHeight=0 AboveWindowHeight=0,WinWallSides
AB::DowntownBuilding::3.6,/obj/AnalysisHolder/probe_38/Classical/ProcessWalls/ProcessWalls/uvtransform1,uvtransform::2.0,s,1,1,high,sy=0,sx
AB::DowntownBuilding::3.6,/obj/AnalysisHolder/probe_38/Classical/UE_MAT_Metal,attribcreate::2.0,,1,2,medium,class1=1 type1=3,string1
AB::DowntownBuilding::3.6,/obj/AnalysisHolder/probe_38/Classical/UE_MAT_Walls,attribcreate::2.0,,1,2,medium,class1=1 type1=3,string1
AB::DowntownBuilding::3.6,/obj/AnalysisHolder/probe_38/Classical/UE_MAT_Trim,attribcreate::2.0,,1,2,medium,class1=1 type1=3,string1
AB::DowntownBuilding::3.6,/obj/AnalysisHolder/probe_38/Classical/UE_MAT_WindowGlass,attribcreate::2.0,,1,2,medium,class1=1 type1=3,string1
AB::DowntownBuilding::3.6,/obj/AnalysisHolder/probe_38/Classical/UE_MAT_Emits,attribcreate::2.0,,1,2,medium,class1=1 type1=3,string1
AB::DowntownBuilding::3.6,/obj/AnalysisHolder/probe_38/Classical/UE_MAT_Roof,attribcreate::2.0,,1,2,medium,class1=1 type1=3,string1
AB::DowntownBuilding::3.6,/obj/AnalysisHolder/probe_38/Classical/UE_MAT_Corners,attribcreate::2.0,,1,2,medium,class1=1 type1=3,string1
AB::DowntownBuilding::3.6,/obj/AnalysisHolder/probe_38/Classical/UE_MAT_DoorGlass,attribcreate::2.0,,1,2,medium,class1=1 type1=3,string1
AB::DowntownBuilding::3.6,/obj/AnalysisHolder/probe_38/SimpleModern/CreateBldBase/GF_Walls/polyextrude2,polyextrude::2.0,,1,16,medium,extrusionmode=1 xformfront=1 xformspace=1 outputfront=0 outputback=1 outputsidegrp=1 thicknessramp1value=1 thicknessramp1interp=2 thicknessramp2pos=1 thicknessramp2value=1 thicknessramp2interp=2 twistramp1value=0.5 twistramp1interp=2 twistramp2pos=1 twistramp2value=0.5 twistramp2interp=2,translatey
AB::DowntownBuilding::3.6,/obj/AnalysisHolder/probe_38/SimpleModern/CreateBldBase/GF_Walls/knife1,knife,,1,1,medium,knifeop=1,originy
AB::DowntownBuilding::3.6,/obj/AnalysisHolder/probe_38/SimpleModern/CreateBldBase/TF_ModBase/polyextrude8,polyextrude::2.0,,1,15,medium,extrusionmode=1 xformfront=1 xformspace=1 outputfront=0 outputsidegrp=1 thicknessramp1value=1 thicknessramp1interp=2 thicknessramp2pos=1 thicknessramp2value=1 thicknessramp2interp=2 twistramp1value=0.5 twistramp1interp=2 twistramp2pos=1 twistramp2value=0.5 twistramp2interp=2,translatey
AB::DowntownBuilding::3.6,/obj/AnalysisHolder/probe_38/SimpleModern/CreateBldBase/MF_Walls/polyext_MidFloor,polyextrude::2.0,,1,15,medium,extrusionmode=1 xformfront=1 xformspace=1 outputback=1 outputbackgrp=1 thicknessramp1value=1 thicknessramp1interp=2 thicknessramp2pos=1 thicknessramp2value=1 thicknessramp2interp=2 twistramp1value=0.5 twistramp1interp=2 twistramp2pos=1 twistramp2value=0.5 twistramp2interp=2,translatey
AB::DowntownBuilding::3.6,/obj/AnalysisHolder/probe_38/CreateBldBase/FootprintSquare/add1,add,,2,2,medium,points=3 switcher1=1,pt0x pt2z
AB::DowntownBuilding::3.6,/obj/AnalysisHolder/probe_38/CreateBldBase/FootprintSquare/add2,add,,4,2,medium,points=2 switcher1=1,pt0x pt0y pt0z pt1z
AB::DowntownBuilding::3.6,/obj/AnalysisHolder/probe_38/CreateBldBase/FootprintSquare/add3,add,,9,3,medium,stdswitcher1=1 points=3 switcher1=1,pt0x pt0y pt0z pt1x pt1y pt1z pt2x pt2y pt2z
AB::DowntownBuilding::3.6,/obj/AnalysisHolder/probe_38/CreateBldBase/FootprintSquare/add4,add,,6,2,medium,points=2 switcher1=1,pt0x pt0y pt0z pt1x pt1y pt1z
AB::DowntownBuilding::3.6,/obj/AnalysisHolder/probe_38/CreateBldBase/FootprintSquare/add5,add,,9,3,medium,stdswitcher1=1 points=3 switcher1=1,pt0x pt0y pt0z pt1x pt1y pt1z pt2x pt2y pt2z
AB::DowntownBuilding::3.6,/obj/AnalysisHolder/probe_38/CreateBldBase/FootprintSquare/add6,add,,6,2,medium,points=2 switcher1=1,pt0x pt0y pt0z pt1x pt1y pt1z
AB::DowntownBuilding::3.6,/obj/AnalysisHolder/probe_38/CreateBldBase/FootprintSquare/add7,add,,9,3,medium,stdswitcher1=1 points=3 switcher1=1,pt0x pt0y pt0z pt1x pt1y pt1z pt2x pt2y pt2z
AB::DowntownBuilding::3.6,/obj/AnalysisHolder/probe_38/CreateBldBase/FootprintSquare/add8,add,,6,2,medium,points=2 switcher1=1,pt0x pt0y pt0z pt1x pt1y pt1z
AB::DowntownBuilding::3.6,/obj/AnalysisHolder/probe_38/CreateBldBase/FootprintSquare/color10,color,,3,5,medium,class=1 ramp2pos=1 ramp2cr=1 ramp2cg=1 ramp2cb=1,colorb colorg colorr
AB::DowntownBuilding::3.6,/obj/AnalysisHolder/probe_38/CreateBldBase/FootprintSquare/color12,color,,3,5,medium,class=1 ramp2pos=1 ramp2cr=1 ramp2cg=1 ramp2cb=1,colorb colorg colorr
AB::DowntownBuilding::3.6,/obj/AnalysisHolder/probe_38/CreateBldBase/FootprintSquare/color14,color,,3,5,medium,class=1 ramp2pos=1 ramp2cr=1 ramp2cg=1 ramp2cb=1,colorb colorg colorr
AB::DowntownBuilding::3.6,/obj/AnalysisHolder/probe_38/CreateBldBase/FootprintSquare/resample1,resample,,1,1,medium,edge=1,length
AB::DowntownBuilding::3.6,/obj/AnalysisHolder/probe_38/CreateBldBase/FootprintSquare/resample2,resample,,1,1,medium,edge=1,length
AB::DowntownBuilding::3.6,/obj/AnalysisHolder/probe_38/CreateBldBase/FootprintSquare/resample3,resample,,1,1,medium,edge=1,length
AB::DowntownBuilding::3.6,/obj/AnalysisHolder/probe_38/CreateBldBase/FootprintSquare/resample4,resample,,1,1,medium,edge=1,length
AB::DowntownBuilding::3.6,/obj/AnalysisHolder/probe_38/CreateBldBase/FootprintSquare/add9,add,,4,4,medium,stdswitcher1=1 points=4 switcher1=1 closedall=1,pt1x pt2x pt2z pt3z
AB::DowntownBuilding::3.6,/obj/AnalysisHolder/probe_38/CreateBldBase/FootprinL/add11,add,,8,3,medium,points=6 switcher1=1 closedall=1,pt1z pt2x pt2z pt3x pt3z pt4x pt4z pt5x
AB::DowntownBuilding::3.6,/obj/AnalysisHolder/probe_38/CreateBldBase/FootprinL/add1,add,,2,2,medium,points=3 switcher1=1,pt0x pt2z
AB::DowntownBuilding::3.6,/obj/AnalysisHolder/probe_38/CreateBldBase/FootprinL/add2,add,,4,3,medium,stdswitcher1=1 points=2 switcher1=1,pt0x pt0y pt0z pt1z
AB::DowntownBuilding::3.6,/obj/AnalysisHolder/probe_38/CreateBldBase/FootprinL/add3,add,,4,3,medium,stdswitcher1=1 points=3 switcher1=1,pt0z pt1z pt2x pt2z
AB::DowntownBuilding::3.6,/obj/AnalysisHolder/probe_38/CreateBldBase/FootprinL/add4,add,,5,3,medium,stdswitcher1=1 points=2 switcher1=1,pt0x pt0y pt0z pt1x pt1z
AB::DowntownBuilding::3.6,/obj/AnalysisHolder/probe_38/CreateBldBase/FootprinL/add5,add,,9,3,medium,stdswitcher1=1 points=3 switcher1=1,pt0x pt0y pt0z pt1x pt1y pt1z pt2x pt2y pt2z
AB::DowntownBuilding::3.6,/obj/AnalysisHolder/probe_38/CreateBldBase/FootprinL/add6,add,,6,3,medium,stdswitcher1=1 points=2 switcher1=1,pt0x pt0y pt0z pt1x pt1y pt1z
AB::DowntownBuilding::3.6,/obj/AnalysisHolder/probe_38/CreateBldBase/FootprinL/add7,add,,9,3,medium,stdswitcher1=1 points=3 switcher1=1,pt0x pt0y pt0z pt1x pt1y pt1z pt2x pt2y pt2z
AB::DowntownBuilding::3.6,/obj/AnalysisHolder/probe_38/CreateBldBase/FootprinL/add8,add,,6,3,medium,stdswitcher1=1 points=2 switcher1=1,pt0x pt0y pt0z pt1x pt1y pt1z
AB::DowntownBuilding::3.6,/obj/AnalysisHolder/probe_38/CreateBldBase/FootprinL/add9,add,,9,3,medium,stdswitcher1=1 points=3 switcher1=1,pt0x pt0y pt0z pt1x pt1y pt1z pt2x pt2y pt2z
AB::DowntownBuilding::3.6,/obj/AnalysisHolder/probe_38/CreateBldBase/FootprinL/add10,add,,6,3,medium,stdswitcher1=1 points=2 switcher1=1,pt0x pt0y pt0z pt1x pt1y pt1z
AB::DowntownBuilding::3.6,/obj/AnalysisHolder/probe_38/CreateBldBase/FootprinL/add12,add,,9,3,medium,stdswitcher1=1 points=3 switcher1=1,pt0x pt0y pt0z pt1x pt1y pt1z pt2x pt2y pt2z
AB::DowntownBuilding::3.6,/obj/AnalysisHolder/probe_38/CreateBldBase/FootprinL/add13,add,,6,2,medium,points=2 switcher1=1,pt0x pt0y pt0z pt1x pt1y pt1z
AB::DowntownBuilding::3.6,/obj/AnalysisHolder/probe_38/CreateBldBase/FootprinL/color7,color,,3,5,medium,class=1 ramp2pos=1 ramp2cr=1 ramp2cg=1 ramp2cb=1,colorb colorg colorr
AB::DowntownBuilding::3.6,/obj/AnalysisHolder/probe_38/CreateBldBase/FootprinL/color9,color,,3,5,medium,class=1 ramp2pos=1 ramp2cr=1 ramp2cg=1 ramp2cb=1,colorb colorg colorr
AB::DowntownBuilding::3.6,/obj/AnalysisHolder/probe_38/CreateBldBase/FootprinL/color11,color,,3,5,medium,class=1 ramp2pos=1 ramp2cr=1 ramp2cg=1 ramp2cb=1,colorb colorg colorr
AB::DowntownBuilding::3.6,/obj/AnalysisHolder/probe_38/CreateBldBase/FootprinL/color14,color,,3,5,medium,class=1 ramp2pos=1 ramp2cr=1 ramp2cg=1 ramp2cb=1,colorb colorg colorr
AB::DowntownBuilding::3.6,/obj/AnalysisHolder/probe_38/CreateBldBase/FootprinL/color15,color,,3,5,medium,class=1 ramp2pos=1 ramp2cr=1 ramp2cg=1 ramp2cb=1,colorb colorg colorr
AB::DowntownBuilding::3.6,/obj/AnalysisHolder/probe_38/CreateBldBase/FootprinL/resample4,resample,,1,1,medium,edge=1,length
AB::DowntownBuilding::3.6,/obj/AnalysisHolder/probe_38/CreateBldBase/FootprinL/resample5,resample,,1,1,medium,edge=1,length
AB::DowntownBuilding::3.6,/obj/AnalysisHolder/probe_38/CreateBldBase/FootprinL/resample6,resample,,1,1,medium,edge=1,length
AB::DowntownBuilding::3.6,/obj/AnalysisHolder/probe_38/CreateBldBase/FootprinL/resample7,resample,,1,1,medium,edge=1,length
AB::DowntownBuilding::3.6,/obj/AnalysisHolder/probe_38/CreateBldBase/FootprinL/resample8,resample,,1,1,medium,edge=1,length
AB::DowntownBuilding::3.6,/obj/AnalysisHolder/probe_38/CreateBldBase/FootprinL/resample9,resample,,1,1,medium,edge=1,length
AB::DowntownBuilding::3.6,/obj/AnalysisHolder/probe_38/CreateBldBase/FootprinL/transform1,xform,,1,1,medium,parmgroup_pivotxform=1,tx
AB::DowntownBuilding::3.6,/obj/AnalysisHolder/probe_38/CreateBldBase/GF_ModBase/polyextrude2,polyextrude::2.0,,1,15,medium,extrusionmode=1 xformfront=1 xformspace=1 outputfront=0 outputsidegrp=1 thicknessramp1value=1 thicknessramp1interp=2 thicknessramp2pos=1 thicknessramp2value=1 thicknessramp2interp=2 twistramp1value=0.5 twistramp1interp=2 twistramp2pos=1 twistramp2value=0.5 twistramp2interp=2,translatey
AB::DowntownBuilding::3.6,/obj/AnalysisHolder/probe_38/CreateBldBase/TF_ModBase/polyextrude8,polyextrude::2.0,,1,15,medium,extrusionmode=1 xformfront=1 xformspace=1 outputfrontgrp=1 outputsidegrp=1 thicknessramp1value=1 thicknessramp1interp=2 thicknessramp2pos=1 thicknessramp2value=1 thicknessramp2interp=2 twistramp1value=0.5 twistramp1interp=2 twistramp2pos=1 twistramp2value=0.5 twistramp2interp=2,translatey
AB::DowntownBuilding::3.6,/obj/AnalysisHolder/probe_38/CreateBldBase/TF_ModBase/polyextrude9,polyextrude::2.0,,1,12,medium,outputfrontgrp=1 outputsidegrp=1 thicknessramp1value=1 thicknessramp1interp=2 thicknessramp2pos=1 thicknessramp2value=1 thicknessramp2interp=2 twistramp1value=0.5 twistramp1interp=2 twistramp2pos=1 twistramp2value=0.5 twistramp2interp=2,dist
AB::DowntownBuilding::3.6,/obj/AnalysisHolder/probe_38/CreateBldBase/MF_ModBase/polyext_MidFloor,polyextrude::2.0,,1,15,medium,extrusionmode=1 xformfront=1 xformspace=1 outputfront=0 outputsidegrp=1 thicknessramp1value=1 thicknessramp1interp=2 thicknessramp2pos=1 thicknessramp2value=1 thicknessramp2interp=2 twistramp1value=0.5 twistramp1interp=2 twistramp2pos=1 twistramp2value=0.5 twistramp2interp=2,translatey
AB::DowntownBuilding::3.6,/obj/AnalysisHolder/probe_38/CreateBldBase/FootprintU/line1,line,,1,2,medium,dirx=1 diry=0,dist
AB::DowntownBuilding::3.6,/obj/AnalysisHolder/probe_38/CreateBldBase/FootprintU/line2,line,,2,2,medium,dirx=1 diry=0,dist points
AB::DowntownBuilding::3.6,/obj/AnalysisHolder/probe_38/CreateBldBase/FootprintU/line3,line,,1,2,medium,diry=0 dirz=-1,dist
AB::DowntownBuilding::3.6,/obj/AnalysisHolder/probe_38/CreateBldBase/FootprintU/line4,line,,2,2,medium,diry=0 dirz=-1,dist points
AB::DowntownBuilding::3.6,/obj/AnalysisHolder/probe_38/CreateBldBase/FootprintRoundCorner/circle1,circle,rad,1,7,high,type=2 orient=2 reverse=0 radx=21.6 order=2 arc=1 endangle=90,rady
AB::DowntownBuilding::3.6,/obj/AnalysisHolder/probe_38/CreateBldBase/FootprintRoundCorner/resample2,resample,,1,1,medium,edge=1,length
AB::DowntownBuilding::3.6,/obj/AnalysisHolder/probe_38/CreateBldBase/FootprintRoundCorner/add1,add,,2,2,medium,points=3 switcher1=1,pt0x pt2z
AB::DowntownBuilding::3.6,/obj/AnalysisHolder/probe_38/CreateBldBase/FootprintRoundCorner/add2,add,,4,2,medium,points=2 switcher1=1,pt0x pt0y pt0z pt1z
AB::DowntownBuilding::3.6,/obj/AnalysisHolder/probe_38/CreateBldBase/FootprintRoundCorner/add3,add,,9,3,medium,stdswitcher1=1 points=3 switcher1=1,pt0x pt0y pt0z pt1x pt1y pt1z pt2x pt2y pt2z
AB::DowntownBuilding::3.6,/obj/AnalysisHolder/probe_38/CreateBldBase/FootprintRoundCorner/add9,add,,6,2,medium,points=2 switcher1=1,pt0x pt0y pt0z pt1x pt1y pt1z
AB::DowntownBuilding::3.6,/obj/AnalysisHolder/probe_38/CreateBldBase/FootprintRoundCorner/add5,add,,9,3,medium,stdswitcher1=1 points=3 switcher1=1,pt0x pt0y pt0z pt1x pt1y pt1z pt2x pt2y pt2z
AB::DowntownBuilding::3.6,/obj/AnalysisHolder/probe_38/CreateBldBase/FootprintRoundCorner/add6,add,,6,2,medium,points=2 switcher1=1,pt0x pt0y pt0z pt1x pt1y pt1z
AB::DowntownBuilding::3.6,/obj/AnalysisHolder/probe_38/CreateBldBase/FootprintRoundCorner/add7,add,,6,2,medium,points=2 switcher1=1,pt0x pt0y pt0z pt1x pt1y pt1z
AB::DowntownBuilding::3.6,/obj/AnalysisHolder/probe_38/CreateBldBase/FootprintRoundCorner/color10,color,,3,5,medium,class=1 ramp2pos=1 ramp2cr=1 ramp2cg=1 ramp2cb=1,colorb colorg colorr
AB::DowntownBuilding::3.6,/obj/AnalysisHolder/probe_38/CreateBldBase/FootprintRoundCorner/color12,color,,3,5,medium,class=1 ramp2pos=1 ramp2cr=1 ramp2cg=1 ramp2cb=1,colorb colorg colorr
AB::DowntownBuilding::3.6,/obj/AnalysisHolder/probe_38/CreateBldBase/FootprintRoundCorner/resample1,resample,,1,1,medium,edge=1,length
AB::DowntownBuilding::3.6,/obj/AnalysisHolder/probe_38/CreateBldBase/FootprintRoundCorner/resample5,resample,,1,1,medium,edge=1,length
AB::DowntownBuilding::3.6,/obj/AnalysisHolder/probe_38/CreateBldBase/FootprintRoundCorner/resample6,resample,,1,1,medium,edge=1,length
AB::DowntownBuilding::3.6,/obj/AnalysisHolder/probe_38/CreateBldBase/FootprintRoundCorner/transform9,xform,,1,4,medium,parmgroup_pivotxform=1 px=0 py=0 pz=0,tx
AB::DowntownBuilding::3.6,/obj/AnalysisHolder/probe_38/CreateBldBase/FootprintRoundCorner/color15,color,,3,5,medium,class=1 ramp2pos=1 ramp2cr=1 ramp2cg=1 ramp2cb=1,colorb colorg colorr
AB::DowntownBuilding::3.6,/obj/AnalysisHolder/probe_38/CreateBldBase/FootprintRoundCorner/resample7,resample,,1,1,medium,edge=1,length
AB::DowntownBuilding::3.6,/obj/AnalysisHolder/probe_38/CreateBldBase/FootprintRoundCorner/color16,color,,3,5,medium,class=1 ramp2pos=1 ramp2cr=1 ramp2cg=1 ramp2cb=1,colorb colorg colorr
AB::DowntownBuilding::3.6,/obj/AnalysisHolder/probe_38/CreateBldBase/FootprintRoundCorner/transform11,xform,,46,1,medium,parmgroup_pivotxform=1,addattrib attribs group grouptype invertxform movecentroid outputattrib outputmerge prexform_rOrd prexform_rx prexform_ry prexform_rz prexform_shear1 prexform_shear2 prexform_shear3 prexform_sx prexform_sy prexform_sz prexform_tx prexform_ty prexform_tz prexform_xOrd prx pry prz px py pz rOrd rx ry rz scale shear1 shear2 shear3 sx sy sz tx ty tz updateaffectednmls updatenmls vlength xOrd
AB::DowntownBuilding::3.6,/obj/AnalysisHolder/probe_38/CreateBldBase/FootprintRound/circle1,circle,,1,3,medium,type=2 orient=2 reverse=0,scale
AB::DowntownBuilding::3.6,/obj/AnalysisHolder/probe_38/CreateBldBase/FootprintRound/group1,groupcreate,size,1,4,high,grouptype=1 groupbase=0 groupbounding=1 sizez=0.1,sizex
AB::DowntownBuilding::3.6,/obj/AnalysisHolder/probe_38/CreateBldBase/FootprintRound/group2,groupcreate,size,1,4,high,grouptype=1 groupbase=0 groupbounding=1 sizex=0.01,sizez
AB::DowntownBuilding::3.6,/obj/AnalysisHolder/probe_38/CreateBldBase/FootprintSquare1/line1,line,,1,2,medium,dirx=1 diry=0,dist
AB::DowntownBuilding::3.6,/obj/AnalysisHolder/probe_38/CreateBldBase/FootprintSquare1/line2,line,,2,2,medium,dirx=1 diry=0,dist points
AB::DowntownBuilding::3.6,/obj/AnalysisHolder/probe_38/CreateBldBase/FootprintSquare1/line3,line,,1,2,medium,diry=0 dirz=-1,dist
AB::DowntownBuilding::3.6,/obj/AnalysisHolder/probe_38/CreateBldBase/FootprintSquare1/line4,line,,2,2,medium,diry=0 dirz=-1,dist points
AB::DowntownBuilding::3.6,/obj/AnalysisHolder/probe_38/CreateBldBase/FootprintSquare1/add1,add,,2,2,medium,points=3 switcher1=1,pt0x pt2z
AB::DowntownBuilding::3.6,/obj/AnalysisHolder/probe_38/CreateBldBase/FootprintSquare1/add2,add,,4,2,medium,points=2 switcher1=1,pt0x pt0y pt0z pt1z
AB::DowntownBuilding::3.6,/obj/AnalysisHolder/probe_38/CreateBldBase/FootprintSquare1/add3,add,,12,2,medium,points=4 switcher1=1,pt0x pt0y pt0z pt1x pt1y pt1z pt2x pt2y pt2z pt3x pt3y pt3z
AB::DowntownBuilding::3.6,/obj/AnalysisHolder/probe_38/CreateBldBase/FootprintSquare1/transform9,xform,,3,1,medium,parmgroup_pivotxform=1,rx sx tx
AB::DowntownBuilding::3.6,/obj/AnalysisHolder/probe_38/CreateBldBase/FootprintSquare1/add4,add,,6,2,medium,points=2 switcher1=1,pt0x pt0y pt0z pt1x pt1y pt1z
AB::DowntownBuilding::3.6,/obj/AnalysisHolder/probe_38/CreateBldBase/FootprintSquare1/color10,color,,3,5,medium,class=1 ramp2pos=1 ramp2cr=1 ramp2cg=1 ramp2cb=1,colorb colorg colorr
AB::DowntownBuilding::3.6,/obj/AnalysisHolder/probe_38/CreateBldBase/FootprintSquare1/resample1,resample,,1,1,medium,edge=1,length
AB::DowntownBuilding::3.6,/obj/AnalysisHolder/probe_38/CreateBldBase/FootprintSquare1/resample2,resample,,1,1,medium,edge=1,length
AB::DowntownBuilding::3.6,/obj/AnalysisHolder/probe_38/CreateBldBase/FootprintSquare1/add5,add,,6,2,medium,points=2 switcher1=1,pt0x pt0y pt0z pt1x pt1y pt1z
AB::DowntownBuilding::3.6,/obj/AnalysisHolder/probe_38/CreateBldBase/FootprintSquare1/add6,add,,12,2,medium,points=4 switcher1=1,pt0x pt0y pt0z pt1x pt1y pt1z pt2x pt2y pt2z pt3x pt3y pt3z
AB::DowntownBuilding::3.6,/obj/AnalysisHolder/probe_38/CreateBldBase/FootprintSquare1/add7,add,,6,3,medium,stdswitcher1=1 points=2 switcher1=1,pt0x pt0y pt0z pt1x pt1y pt1z
AB::DowntownBuilding::3.6,/obj/AnalysisHolder/probe_38/BaseFromCurve/resample1,resample,,1,1,medium,edge=1,length
AB::DowntownBuilding::3.6,/obj/AnalysisHolder/probe_38/BaseFromCurve/GF_ModBase/polyextrude2,polyextrude::2.0,,1,15,medium,extrusionmode=1 xformfront=1 xformspace=1 outputfront=0 outputsidegrp=1 thicknessramp1value=1 thicknessramp1interp=2 thicknessramp2pos=1 thicknessramp2value=1 thicknessramp2interp=2 twistramp1value=0.5 twistramp1interp=2 twistramp2pos=1 twistramp2value=0.5 twistramp2interp=2,translatey
AB::DowntownBuilding::3.6,/obj/AnalysisHolder/probe_38/BaseFromCurve/TF_ModBase/polyextrude8,polyextrude::2.0,,1,15,medium,extrusionmode=1 xformfront=1 xformspace=1 outputfrontgrp=1 outputsidegrp=1 thicknessramp1value=1 thicknessramp1interp=2 thicknessramp2pos=1 thicknessramp2value=1 thicknessramp2interp=2 twistramp1value=0.5 twistramp1interp=2 twistramp2pos=1 twistramp2value=0.5 twistramp2interp=2,translatey
AB::DowntownBuilding::3.6,/obj/AnalysisHolder/probe_38/BaseFromCurve/TF_ModBase/polyextrude9,polyextrude::2.0,,1,12,medium,outputfrontgrp=1 outputsidegrp=1 thicknessramp1value=1 thicknessramp1interp=2 thicknessramp2pos=1 thicknessramp2value=1 thicknessramp2interp=2 twistramp1value=0.5 twistramp1interp=2 twistramp2pos=1 twistramp2value=0.5 twistramp2interp=2,dist
AB::DowntownBuilding::3.6,/obj/AnalysisHolder/probe_38/BaseFromCurve/MF_ModBase/polyext_MidFloor,polyextrude::2.0,,1,15,medium,extrusionmode=1 xformfront=1 xformspace=1 outputfront=0 outputsidegrp=1 thicknessramp1value=1 thicknessramp1interp=2 thicknessramp2pos=1 thicknessramp2value=1 thicknessramp2interp=2 twistramp1value=0.5 twistramp1interp=2 twistramp2pos=1 twistramp2value=0.5 twistramp2interp=2,translatey
AB::DroopyWires::1.0,/obj/AnalysisHolder/probe_39/vellumsolver2,vellumsolver,wind,6,7,high,folder7=1 windy=10 viscosity=0.5 surfacetension=0.001 windshadow_maskfalloff1pos=0.85 windshadow_maskfalloff1value=1 windshadow_maskfalloff2pos=0.997386,collisionsiter niter resimulate smoothiter substeps windx
AB::DroopyWires::1.0,/obj/AnalysisHolder/probe_39/vellumsolver2/dopnet1,dopnet,,11,1,medium,stdswitcher1=1,autoresim cacheenabled cachemaxsize explicitcache explicitcachecheckpointspacing explicitcachensteps resimulate startframe substep timeoffset timestep
AB::DroopyWires::1.0,/obj/AnalysisHolder/probe_39/vellumsolver2/dopnet1/vellumobject1,vellumobject,,46,3,medium,folder11=1 usesimframe=1 createframe=1,guide_attachcolorb guide_attachcolorg guide_attachcolorr guide_colvisscale guide_constraintgroup guide_constraintvisradius guide_failedexternalb guide_failedexternalg guide_failedexternalr guide_failedselfb guide_failedselfg guide_failedselfr guide_pincolorb guide_pincolorg guide_pincolorr guide_showattach guide_showfailedexternal guide_showfailedself guide_showpin guide_showstitch guide_showthickness guide_showthicknessextrude guide_showwelds guide_stitchcolorb guide_stitchcolorg guide_stitchcolorr guide_thicknesscolorb guide_thicknesscolorg guide_thicknesscolorr guide_usegroup guide_weldcolorb guide_weldcolorg guide_weldcolorr showguide vis_displaygeo vis_maxbendangle vis_maxbendplasticflow vis_maxbendstress vis_maxstretchdistance vis_maxstretchplasticflow vis_maxstretchratio vis_maxstretchstress vis_maxvolumedistance vis_maxvolumeratio vis_maxvolumestress vis_mode
AB::DroopyWires::1.0,/obj/AnalysisHolder/probe_39/vellumsolver2/dopnet1/vellumsolver1,vellumsolver,,69,4,medium,folder4=1 folder9=1 usegravity=1 sdfaccurategrad=1,accelfallback adhesion angveldamping attractionweight collisioniter collisionviscosity disablebrokenwelds disablestretchratio doautosleep domaxaccel domultipass dosecondary doselfcollisions dosort dynamic_scale dynamic_sdfscale enablecollisions fluid_searchscale friction grain_maxneighbor grain_searchscale grain_uniformradius gravityx gravityy gravityz groundposx groundposy groundposz ignorepiece integration layershock limitaccel limitdisplace maxaccel maxmultipass maxviscosityiterations minimalmode niter normalizestress oclgraphcolor oclneighborsearch orientsolve postcollisioniter repulsionweight resolveall resolveallmax sdfcollisioniter sdfcollisions sdfresolveall sdfresolveallmax secondaryfrequency secondarygroup selffriction sleep_delay sleep_velocitythreshold slidingmethod smoothiter sortinterval static_sdfscale static_threshold substeps surfacetension thickness timescale tol useground veldamping viscosity viscositysolver
AB::DroopyWires::1.0,/obj/AnalysisHolder/probe_39/vellumsolver2/dopnet1/gravity1,gravity,,3,1,medium,defaultparmop=1,forcex forcey forcez
AB::DroopyWires::1.0,/obj/AnalysisHolder/probe_39/vellumsolver2/dopnet1/external,staticobject,,2,4,medium,usesimframe=1 createframe=1 std_switcher_0_2_11=1 std_switcher_31=1,animategeo bullet_shrink_amount
AB::DroopyWires::1.0,/obj/AnalysisHolder/probe_39/vellumsolver2/collision_errors,error,,1,1,medium,severity1=1,enable1
AB::DroopyWires::1.0,/obj/AnalysisHolder/probe_39/vellumsolver2/vdb_collision_errors,error,,1,1,medium,severity1=2,enable1
AB::DroopyWires::1.0,/obj/AnalysisHolder/probe_39/vellumsolver2/switchif_vdb_colliders,switchif,,1,4,medium,mergecondition=1 tests=2 type2=1 attribowner2=2,expr1
AB::DroopyWires::1.0,/obj/AnalysisHolder/probe_39/attribwrangle2,attribwrangle,,11,1,medium,Seed_RampColor=1,Ramp_Color Ramp_Color1cb Ramp_Color1cg Ramp_Color1cr Ramp_Color1interp Ramp_Color1pos Ramp_Color2cb Ramp_Color2cg Ramp_Color2cr Ramp_Color2interp Ramp_Color2pos
AB::DroopyWires::1.0,/obj/AnalysisHolder/probe_39/softtransform1,softxform,,1,1,medium,ty=-0.196064,rad
AB::DroopyWires::1.0,/obj/AnalysisHolder/probe_39/grid1,grid,,2,4,medium,orient=0 ry=180 rows=2 cols=2,sizex sizey
AB::DroopyWires::1.0,/obj/AnalysisHolder/probe_39/transform11,xform,,1,2,medium,ry=180 parmgroup_pivotxform=1,tz
AB::DroopyWires::1.0,/obj/AnalysisHolder/probe_39/foreach_begin4,block_begin,,1,1,medium,method=1,resetcookpass
AB::DroopyWires::1.0,/obj/AnalysisHolder/probe_39/resample7,resample,,1,2,medium,dolength=0 dosegs=1,segs
AB::DroopyWires::1.0,/obj/AnalysisHolder/probe_39/attribcreate6,attribcreate::2.0,,1,1,medium,class1=1,value1v1
AB::DroopyWires::1.0,/obj/AnalysisHolder/probe_39/transform15,xform,,1,2,medium,ry=180 parmgroup_pivotxform=1,tz
AB::DroopyWires::1.0,/obj/AnalysisHolder/probe_39/grid2,grid,,2,4,medium,orient=0 ry=180 rows=2 cols=2,sizex sizey
AB::DroopyWires::1.0,/obj/AnalysisHolder/probe_39/attribcreate7,attribcreate::2.0,,1,1,medium,class1=1,value1v1
AB::DroopyWires::1.0,/obj/AnalysisHolder/probe_39/transform2,xform,,2,4,medium,parmgroup_pivotxform=1 px=0 py=0 pz=0,sx sy
AB::DroopyWires::1.0,/obj/AnalysisHolder/probe_39/transform4,xform,,1,5,medium,sz=0 parmgroup_pivotxform=1 px=0 py=0 pz=0,tz
AB::ElectricBoxGenerator::2.0,/obj/AnalysisHolder/probe_40/CreateElectricBoxes/knife1,knife,,1,3,medium,knifeop=2 dirx=1 diry=0,originx
AB::ElectricBoxGenerator::2.0,/obj/AnalysisHolder/probe_40/CreateElectricBoxes/knife2,knife,origin,1,4,high,knifeop=2 originy=-0.0176195 dirx=1 diry=0,originx
AB::ElectricBoxGenerator::2.0,/obj/AnalysisHolder/probe_40/CreateElectricBoxes/knife3,knife,,1,1,medium,knifeop=2,originy
AB::ElectricBoxGenerator::2.0,/obj/AnalysisHolder/probe_40/CreateElectricBoxes/knife4,knife,,1,1,medium,knifeop=2,originy
AB::ElectricBoxGenerator::2.0,/obj/AnalysisHolder/probe_40/CreateElectricBoxes/knife6,knife,,1,3,medium,knifeop=2 diry=0 dirz=1,originz
AB::ElectricBoxGenerator::2.0,/obj/AnalysisHolder/probe_40/CreateElectricBoxes/color1,color,,3,5,medium,class=3 ramp2pos=1 ramp2cr=1 ramp2cg=1 ramp2cb=1,colorb colorg colorr
AB::ElectricBoxGenerator::2.0,/obj/AnalysisHolder/probe_40/CreateElectricBoxes/color2,color,,3,5,medium,class=3 ramp2pos=1 ramp2cr=1 ramp2cg=1 ramp2cb=1,colorb colorg colorr
AB::ElectricBoxGenerator::2.0,/obj/AnalysisHolder/probe_40/CreateElectricBoxes/color4,color,,3,5,medium,class=3 ramp2pos=1 ramp2cr=1 ramp2cg=1 ramp2cb=1,colorb colorg colorr
AB::ElectricBoxGenerator::2.0,/obj/AnalysisHolder/probe_40/CreateElectricBoxes/color5,color,,3,5,medium,class=3 ramp2pos=1 ramp2cr=1 ramp2cg=1 ramp2cb=1,colorb colorg colorr
AB::ElectricBoxGenerator::2.0,/obj/AnalysisHolder/probe_40/CreateElectricBoxes/polybevel1,polybevel::3.0,,3,6,medium,grouptype=3 profileramp1value=0.5 profileramp1interp=2 profileramp2pos=1 profileramp2value=0.5 profileramp2interp=2,divisions filletshape offset
AB::ElectricBoxGenerator::2.0,/obj/AnalysisHolder/probe_40/CreateElectricBoxes/mats/SP_electricBox,principledshader::2.0,,5,6,medium,basecolor_usePackedColor=1 rough=0.7 emitint=1 emitcolorr=0 emitcolorg=0 emitcolorb=0,baseBump_useTexture baseNormal_useTexture shop_disable_displace_shader specular_tint vm_displacebound
AB::ElectricalParts::2.0,/obj/AnalysisHolder/probe_41/ut_pole_strap_001/box1,box,size,1,2,high,sizex=0.04 sizez=0.005,sizey
AB::ElectricalParts::2.0,/obj/AnalysisHolder/probe_41/ut_pole_strap_001/transform1,xform,t,1,6,high,tx=0 ty=0 px=0 py=0 pz=0 updatenmls=1,tz
AB::ElectricalParts::2.0,/obj/AnalysisHolder/probe_41/ut_pole_strap_001/transform3,xform,,2,1,medium,scale=0.213,rx tx
AB::ElectricalParts::2.0,/obj/AnalysisHolder/probe_41/Connectors/Connector_003/sphere1,sphere,,1,2,medium,type=2 scale=0.26,cols
AB::ElectricalParts::2.0,/obj/AnalysisHolder/probe_41/Connectors/Connector_003/sphere2,sphere,,1,1,medium,type=2,cols
AB::ElectricalPropGenerator::2.0,/obj/AnalysisHolder/probe_42/elbow_create/circle4,circle,,1,6,medium,type=2 orient=1 reverse=0 arc=1 beginangle=180 endangle=270,scale
AB::ElectricalPropGenerator::2.0,/obj/AnalysisHolder/probe_42/elbow_create/circle5,circle,,1,3,medium,type=2 reverse=0 divs=24,scale
AB::ElectricalPropGenerator::2.0,/obj/AnalysisHolder/probe_42/create_h_length/line1,line,,1,4,medium,type=1 diry=-0 dirz=1 order=2,dist
AB::ElectricalPropGenerator::2.0,/obj/AnalysisHolder/probe_42/create_h_length/circle1,circle,,1,4,medium,type=1 reverse=0 order=2 divs=6,scale
AB::ElectricalPropGenerator::2.0,/obj/AnalysisHolder/probe_42/create_h_length/circle2,circle,,1,2,medium,type=1 reverse=0,scale
AB::ElectricalPropGenerator::2.0,/obj/AnalysisHolder/probe_42/create_h_length/circle3,circle,,1,2,medium,type=2 reverse=0,scale
AB::ElectricalPropGenerator::2.0,/obj/AnalysisHolder/probe_42/create_clasp_01/circle6,circle,,1,5,medium,type=2 reverse=0 order=2 arc=1 endangle=180,scale
AB::ElectricalPropGenerator::2.0,/obj/AnalysisHolder/probe_42/create_clasp_01/line2,line,,1,4,medium,type=1 diry=0 dirz=1 order=2,dist
AB::ElectricalPropGenerator::2.0,/obj/AnalysisHolder/probe_42/create_clasp_01/polyextrude_width,polyextrude::2.0,,1,12,medium,xformfront=1 xformspace=1 thicknessramp1value=1 thicknessramp1interp=2 thicknessramp2pos=1 thicknessramp2value=1 thicknessramp2interp=2 twistramp1value=0.5 twistramp1interp=2 twistramp2pos=1 twistramp2value=0.5 twistramp2interp=2,translatez
AB::ElectricalPropGenerator::2.0,/obj/AnalysisHolder/probe_42/create_clasp_01/polyextrude_thickness,polyextrude::2.0,,1,11,medium,outputback=1 thicknessramp1value=1 thicknessramp1interp=2 thicknessramp2pos=1 thicknessramp2value=1 thicknessramp2interp=2 twistramp1value=0.5 twistramp1interp=2 twistramp2pos=1 twistramp2value=0.5 twistramp2interp=2,dist
AB::ElectricalPropGenerator::2.0,/obj/AnalysisHolder/probe_42/create_clasp_01/line3,line,,1,2,medium,diry=0 dirz=1,dist
AB::ElectricalPropGenerator::2.0,/obj/AnalysisHolder/probe_42/create_clasp_01/EdgePoints1,groupcreate,,1,4,medium,grouptype=1 groupbase=0 groupbounding=1 tx=-0.15,sizex
AB::ElectricalPropGenerator::2.0,/obj/AnalysisHolder/probe_42/create_clasp_01/EdgePoints2,groupcreate,,1,4,medium,grouptype=1 groupbase=0 groupbounding=1 tx=0.15,sizex
AB::ElectricalPropGenerator::2.0,/obj/AnalysisHolder/probe_42/create_v_length/line1,line,,1,4,medium,type=1 diry=-0 dirz=1 order=2,dist
AB::ElectricalPropGenerator::2.0,/obj/AnalysisHolder/probe_42/create_v_length/circle1,circle,,1,4,medium,type=1 reverse=0 order=2 divs=6,scale
AB::ElectricalPropGenerator::2.0,/obj/AnalysisHolder/probe_42/create_v_length/circle2,circle,,1,2,medium,type=1 reverse=0,scale
AB::ElectricalPropGenerator::2.0,/obj/AnalysisHolder/probe_42/create_v_length/circle3,circle,,1,2,medium,type=2 reverse=0,scale
AB::ElectricalPropGenerator::2.0,/obj/AnalysisHolder/probe_42/create_v_length1/line1,line,,1,4,medium,type=1 diry=-0 dirz=1 order=2,dist
AB::ElectricalPropGenerator::2.0,/obj/AnalysisHolder/probe_42/create_v_length1/circle1,circle,,1,4,medium,type=1 reverse=0 order=2 divs=6,scale
AB::ElectricalPropGenerator::2.0,/obj/AnalysisHolder/probe_42/create_v_length1/circle2,circle,,1,2,medium,type=1 reverse=0,scale
AB::ElectricalPropGenerator::2.0,/obj/AnalysisHolder/probe_42/create_v_length1/circle3,circle,,1,2,medium,type=2 reverse=0,scale
AB::ElectricalPropGenerator::2.0,/obj/AnalysisHolder/probe_42/h_straps_01/resample1,resample,,1,2,medium,dolength=0 dosegs=1,segs
AB::ElectricalPropGenerator::2.0,/obj/AnalysisHolder/probe_42/v_straps_02/resample1,resample,,1,2,medium,dolength=0 dosegs=1,segs
AB::ElectricalPropGenerator::2.0,/obj/AnalysisHolder/probe_42/parts/electrical_meter/polyextrude9,polyextrude::2.0,,1,12,medium,inset=0.006 outputfrontgrp=1 thicknessramp1value=1 thicknessramp1interp=2 thicknessramp2pos=1 thicknessramp2value=1 thicknessramp2interp=2 twistramp1value=0.5 twistramp1interp=2 twistramp2pos=1 twistramp2value=0.5 twistramp2interp=2,dist
AB::ElectricalPropGenerator::2.0,/obj/AnalysisHolder/probe_42/parts/electrical_meter/top/polyextrude14,polyextrude::2.0,,1,12,medium,inset=0.01 outputfrontgrp=1 thicknessramp1value=1 thicknessramp1interp=2 thicknessramp2pos=1 thicknessramp2value=1 thicknessramp2interp=2 twistramp1value=0.5 twistramp1interp=2 twistramp2pos=1 twistramp2value=0.5 twistramp2interp=2,dist
AB::ElectricalPropGenerator::2.0,/obj/AnalysisHolder/probe_42/parts/electrical_meter/top/create_class_dial/circle1,circle,rad,1,7,high,type=2 reverse=0 radx=0.142845 tx=0 ty=0.710535 tz=0.08843 scale=0.9,rady
AB::ElectricalPropGenerator::2.0,/obj/AnalysisHolder/probe_42/parts/electrical_meter/top/create_class_dial/convert2,convert,,1,2,medium,stdswitcher1=1 divv=4,divu
AB::ElectricalPropGenerator::2.0,/obj/AnalysisHolder/probe_42/parts/pipe_end_01/circle1,circle,,1,2,medium,type=2 reverse=0,scale
AB::ElectricalPropGenerator::2.0,/obj/AnalysisHolder/probe_42/parts/pipe_end_01/circle2,circle,,1,6,medium,type=2 orient=1 reverse=0 arc=1 beginangle=90 endangle=270,scale
AB::ElectricalPropGenerator::2.0,/obj/AnalysisHolder/probe_42/parts/pipe_end_01/polyextrude2,polyextrude::2.0,,1,13,medium,outputback=1 outputfrontseamgrp=1 outputbackseamgrp=1 thicknessramp1value=1 thicknessramp1interp=2 thicknessramp2pos=1 thicknessramp2value=1 thicknessramp2interp=2 twistramp1value=0.5 twistramp1interp=2 twistramp2pos=1 twistramp2value=0.5 twistramp2interp=2,dist
AB::ElectricalPropGenerator::2.0,/obj/AnalysisHolder/probe_42/parts/pipe_end_01/transform4,xform,t,1,1,high,tx=0,tz
AB::ElectronicComponentGenerator::1.0,/obj/AnalysisHolder/probe_43/CreateKnobs/CreateKnob_01/divide1,divide,,2,1,medium,numsides=4,sizey sizez
AB::ElectronicComponentGenerator::1.0,/obj/AnalysisHolder/probe_43/CreateKnobs/CreateKnob_01/transform2,xform,s,2,9,high,tx=0 ty=0 tz=0 sx=0 parmgroup_pivotxform=1 px=0 py=0 pz=0 addattrib=1,sy sz
AB::ElectronicComponentGenerator::1.0,/obj/AnalysisHolder/probe_43/CreateKnobs/CreateKnob_02/divide1,divide,,2,1,medium,numsides=4,sizey sizez
AB::ElectronicComponentGenerator::1.0,/obj/AnalysisHolder/probe_43/CreateKnobs/CreateKnob_02/divide2,divide,,2,1,medium,numsides=4,sizey sizez
AB::ElectronicComponentGenerator::1.0,/obj/AnalysisHolder/probe_43/CreateKnobs/CreateKnob_02/divide3,divide,,2,1,medium,numsides=4,sizey sizez
AB::ElectronicComponentGenerator::1.0,/obj/AnalysisHolder/probe_43/CreateKnobs/CreateKnob_02/transform15,xform,s,2,9,high,tx=0 ty=0 tz=0 sx=0 parmgroup_pivotxform=1 px=0 py=0 pz=0 addattrib=1,sy sz
AB::ElectronicComponentGenerator::1.0,/obj/AnalysisHolder/probe_43/CreateKnobs/CreateKnob_03/transform4,xform,s,2,9,high,tx=0 ty=0 tz=0 sx=0 parmgroup_pivotxform=1 px=0 py=0 pz=0 addattrib=1,sy sz
AB::ElectronicComponentGenerator::1.0,/obj/AnalysisHolder/probe_43/CreateKnobs/CreateKnob_04/transform2,xform,s,2,9,high,tx=0 ty=0 tz=0 sx=0 parmgroup_pivotxform=1 px=0 py=0 pz=0 addattrib=1,sy sz
AB::ElectronicComponentGenerator::1.0,/obj/AnalysisHolder/probe_43/CreateKnobs/CreateKnob_05/transform2,xform,s,2,9,high,tx=0 ty=0 tz=0 sx=0 parmgroup_pivotxform=1 px=0 py=0 pz=0 addattrib=1,sy sz
AB::ElectronicComponentGenerator::1.0,/obj/AnalysisHolder/probe_43/CreateKnobs/CreateKnob_06/transform2,xform,s,2,9,high,tx=0 ty=0 tz=0 sx=0 parmgroup_pivotxform=1 px=0 py=0 pz=0 addattrib=1,sy sz
AB::ElectronicComponentGenerator::1.0,/obj/AnalysisHolder/probe_43/CreateSmallMetalHandle/add1,add,pt1,4,4,high,points=4 switcher1=1 pt0x=0.05 pt1z=0.05,pt1x pt2x pt2z pt3x
AB::ElectronicComponentGenerator::1.0,/obj/AnalysisHolder/probe_43/CreateDials/Dial_01/transform17,xform,s,2,9,high,tx=0 ty=0 tz=0 sx=0 parmgroup_pivotxform=1 px=0 py=0 pz=0 addattrib=1,sy sz
AB::ElectronicComponentGenerator::1.0,/obj/AnalysisHolder/probe_43/CreateDials/Dial_01/transform21,xform,s,2,9,high,tx=0 ty=0 tz=0 sx=0 parmgroup_pivotxform=1 px=0 py=0 pz=0 addattrib=1,sy sz
AB::ElectronicComponentGenerator::1.0,/obj/AnalysisHolder/probe_43/CreateToggles/Toggle_01/carve2,carve,,1,4,medium,firstu=0 domainu1=0.107 firstv=1 stdswitcher1=1,domainv1
AB::ElectronicComponentGenerator::1.0,/obj/AnalysisHolder/probe_43/CreateToggles/Toggle_01/transform3,xform,s,2,9,high,tx=0 ty=0 tz=0 sx=0 parmgroup_pivotxform=1 px=0 py=0 pz=0 addattrib=1,sy sz
AB::ElectronicComponentGenerator::1.0,/obj/AnalysisHolder/probe_43/CreateToggles/Toggle_01/transform5,xform,,1,1,medium,parmgroup_pivotxform=1,scale
AB::ElectronicComponentGenerator::1.0,/obj/AnalysisHolder/probe_43/CreateToggles/Toggle_01/transform6,xform,,1,1,medium,parmgroup_pivotxform=1,rz
AB::ElectronicComponentGenerator::1.0,/obj/AnalysisHolder/probe_43/CreateToggles/Toggle_01/color1,color,,3,5,medium,class=3 ramp2pos=1 ramp2cr=1 ramp2cg=1 ramp2cb=1,colorb colorg colorr
AB::ElectronicComponentGenerator::1.0,/obj/AnalysisHolder/probe_43/CreateInputs/convert2,convert,,17,1,medium,stdswitcher1=1,divtrim divu divv fromtype group interphull lodtrim lodu lodv new offset orderu orderv pasteattrib pastecoord surftype totype
AB::EqualizerGraph::1.0,/obj/AnalysisHolder/probe_45/line7,line,,1,2,medium,dirx=1 diry=0,dist
AB::EqualizerGraph::1.0,/obj/AnalysisHolder/probe_45/xform13,xform,,1,2,medium,updatenmls=1 updateaffectednmls=0,ty
AB::EqualizerGraph::1.0,/obj/AnalysisHolder/probe_45/resample1,resample,,1,4,medium,dolength=0 dosegs=1 useattribs=0 allequal=0,segs
AB::ExportPack::1.0,/obj/AnalysisHolder/probe_46/PromotePayload,attribpromote,,1,2,medium,outclass=1 method=8,inname
AB::ExtendedSweep::2.0,/obj/AnalysisHolder/probe_47/uvtransform4,uvtransform::2.0,s,1,1,high,sy=0,sx
AB::ExtendedSweep::2.0,/obj/AnalysisHolder/probe_47/create_end_caps/sweep5,sweep,,13,2,medium,stdswitcher1=1 xformbyattribs=0,aimatref angle fast newg noflip polyout roll scale skipcoin sweepgrp twist usevtx vertex
AB::ExtendedSweep::2.0,/obj/AnalysisHolder/probe_47/create_end_caps/uvtransform1,uvtransform::2.0,s,1,1,high,sy=0,sx
AB::ExtendedSweep::2.0,/obj/AnalysisHolder/probe_47/create_main_sweep/sweep1,sweep,,6,4,medium,stdswitcher1=1 cycle=1 xformbyattribs=0 skin=3,aimatref angle noflip roll scale skipcoin
AB::ExtendedSweep::2.0,/obj/AnalysisHolder/probe_47/normal1,normal,,3,1,medium,origifzero=0,cuspangle method type
AB::FancyCurves::2.0,/obj/AnalysisHolder/probe_48/cornice/cornice_01_create/add2,add,,13,2,medium,points=8 switcher1=1,pt1x pt2x pt2y pt3x pt3y pt4x pt4y pt5x pt5y pt6x pt6y pt7x pt7y
AB::FancyCurves::2.0,/obj/AnalysisHolder/probe_48/cornice/cornice_01_create/adad3,add,,4,2,medium,points=2 switcher1=1,pt0x pt0y pt1x pt1y
AB::FancyCurves::2.0,/obj/AnalysisHolder/probe_48/cornice/cornice_01_create/transform11,xform,,1,1,medium,grouptype=3,tx
AB::FancyCurves::2.0,/obj/AnalysisHolder/probe_48/cornice/cornice_01_create/transform12,xform,,1,1,medium,grouptype=3,tx
AB::FancyCurves::2.0,/obj/AnalysisHolder/probe_48/cornice/cornice_01_create/add3,add,,7,3,medium,stdswitcher1=1 points=5 switcher1=1,pt0x pt0y pt1x pt1y pt2x pt2y pt3y
AB::FancyCurves::2.0,/obj/AnalysisHolder/probe_48/cornice/cornice_01_create/polybevel1,polybevel::3.0,,3,6,medium,grouptype=1 profileramp1value=0.5 profileramp1interp=2 profileramp2pos=1 profileramp2value=0.5 profileramp2interp=2,divisions filletshape offset
AB::FancyCurves::2.0,/obj/AnalysisHolder/probe_48/CreateDoorTrim/MoldingStyle_01/circle1,circle,,2,5,medium,type=2 orient=2 reverse=0 arc=1 endangle=180.9,divs scale
AB::FancyCurves::2.0,/obj/AnalysisHolder/probe_48/CreateDoorTrim/MoldingStyle_01/circle5,circle,,2,6,medium,type=2 orient=2 reverse=0 order=2 arc=1 endangle=180,divs scale
AB::FancyCurves::2.0,/obj/AnalysisHolder/probe_48/CreateDoorTrim/MoldingStyle_01/copy1,copyxform,,1,1,medium,tx=-0.32,ncy
AB::FancyCurves::2.0,/obj/AnalysisHolder/probe_48/CreateDoorTrim/MoldingStyle_01/add1,add,,3,2,medium,points=3 switcher1=1,pt1z pt2x pt2z
AB::FancyCurves::2.0,/obj/AnalysisHolder/probe_48/CreateDoorTrim/MoldingStyle_01/circle2,circle,,2,5,medium,type=1 orient=2 reverse=0 arc=1 endangle=180,divs scale
AB::FancyCurves::2.0,/obj/AnalysisHolder/probe_48/CreateDoorTrim/MoldingStyle_01/add2,add,pt2,10,3,high,points=7 switcher1=1 pt2x=-0.1,pt1z pt2z pt3x pt3z pt4x pt4z pt5x pt5z pt6x pt6z
AB::FancyCurves::2.0,/obj/AnalysisHolder/probe_48/CreateDoorTrim/MoldingStyle_02/circle2,circle,,2,6,medium,type=2 orient=2 reverse=0 order=2 arc=1 endangle=180,divs scale
AB::FancyCurves::2.0,/obj/AnalysisHolder/probe_48/CreateDoorTrim/MoldingStyle_02/transform1,xform,,2,2,medium,ry=-90 parmgroup_pivotxform=1,tx tz
AB::FancyCurves::2.0,/obj/AnalysisHolder/probe_48/CreateDoorTrim/MoldingStyle_02/add1,add,,11,2,medium,points=7 switcher1=1,pt1x pt2x pt2z pt3x pt3z pt4x pt4z pt5x pt5z pt6x pt6z
AB::FancyCurves::2.0,/obj/AnalysisHolder/probe_48/CreateColumnCurves/CreateColumnCurve_01/transform4,xform,,1,7,medium,sx=0 sy=0 sz=0 parmgroup_pivotxform=1 px=0 py=0 pz=0,scale
AB::FancyCurves::2.0,/obj/AnalysisHolder/probe_48/CreateColumnCurves/CreateColumnCurve_02/circle1,circle,,1,5,medium,type=2 reverse=0 order=2 arc=1 endangle=180,divs
AB::FancyCurves::2.0,/obj/AnalysisHolder/probe_48/CreateColumnCurves/CreateColumnCurve_02/transform4,xform,,1,7,medium,sx=0 sy=0 sz=0 parmgroup_pivotxform=1 px=0 py=0 pz=0,scale
AB::FancyCurves::2.0,/obj/AnalysisHolder/probe_48/CreateColumnCurves/CreateColumnCurve_02/circle2,circle,,1,10,medium,type=2 reverse=0 radx=1.24 rady=1.24 ty=0.29 rz=20 scale=0.4 order=2 arc=1 endangle=130,divs
AB::FancyCurves::2.0,/obj/AnalysisHolder/probe_48/base/base_molding_create_1/add1,add,pt1,9,4,high,points=6 switcher1=1 pt0z=0.2 pt1y=0.5,pt1z pt2y pt2z pt3y pt3z pt4y pt4z pt5y pt5z
AB::FancyCurves::2.0,/obj/AnalysisHolder/probe_48/base/base_molding_create_1/circle1,circle,,2,6,medium,type=1 orient=1 reverse=0 rx=90 arc=1 endangle=180,divs scale
AB::FancyCurves::2.0,/obj/AnalysisHolder/probe_48/base/base_molding_create_1/add2,add,pt2,1,5,high,points=3 switcher1=1 pt1y=0.05 pt2x=0.05 pt2z=-0.15,pt2y
AB::FancyCurves::2.0,/obj/AnalysisHolder/probe_48/base/base_molding_create_1/copy1,copyxform,,1,1,medium,ty=0.08,ncy
AB::FancyCurves::2.0,/obj/AnalysisHolder/probe_48/subnet1/add1,add,,12,3,medium,points=8 switcher1=1 closedall=1,pt1y pt2x pt2y pt3x pt3y pt4x pt4y pt5x pt5y pt6x pt6y pt7x
AB::FireEscapeGenerator::2.0,/obj/AnalysisHolder/probe_49/grid1,grid,,2,3,medium,tx=1 rows=2 cols=2,sizex sizey
AB::FireEscapeGenerator::2.0,/obj/AnalysisHolder/probe_49/create_stairs/copy1,copyxform,,1,4,medium,tx=0.2 ty=0.2 newgroups=1 docopyattrib=1,ncy
AB::FireEscapeGenerator::2.0,/obj/AnalysisHolder/probe_49/create_stairs/transform3,xform,,1,1,medium,sz=-1,tz
AB::FireEscapeGenerator::2.0,/obj/AnalysisHolder/probe_49/create_base/create_floor_slats/resample1,resample,,1,2,medium,dolength=0 dosegs=1,segs
AB::FireEscapeGenerator::2.0,/obj/AnalysisHolder/probe_49/create_base/create_upright_supports/polyextrude4,polyextrude::2.0,,1,12,medium,xformfront=1 xformspace=1 thicknessramp1value=1 thicknessramp1interp=2 thicknessramp2pos=1 thicknessramp2value=1 thicknessramp2interp=2 twistramp1value=0.5 twistramp1interp=2 twistramp2pos=1 twistramp2value=0.5 twistramp2interp=2,translatey
AB::FireEscapeGenerator::2.0,/obj/AnalysisHolder/probe_49/copy1,copyxform,,1,3,medium,ty=4.02 newgroups=1 docopyattrib=1,ncy
AB::FireEscapeGenerator::2.0,/obj/AnalysisHolder/probe_49/copy2,copyxform,,1,3,medium,ty=4.02 newgroups=1 docopyattrib=1,ncy
AB::FireEscapeGenerator::2.0,/obj/AnalysisHolder/probe_49/create_angle_supports/add1,add,pt1 pt2,2,7,high,points=3 switcher1=1 closedall=1 pt0y=-0.08 pt0z=-0.04 pt1z=1.65 pt2z=-0.04,pt1y pt2y
AB::FireEscapeGenerator::2.0,/obj/AnalysisHolder/probe_49/mats/fireescape/parm_metallic,parameter,,1,1,medium,rangeint2=1,parmprefix
AB::FireEscapeGenerator::2.0,/obj/AnalysisHolder/probe_49/mats/fireescape/parm_reflecttint,parameter,,1,1,medium,rangeint2=1,parmprefix
AB::FireEscapeGenerator::2.0,/obj/AnalysisHolder/probe_49/mats/fireescape/parm_coat,parameter,,1,1,medium,rangeint2=1,parmprefix
AB::FireEscapeGenerator::2.0,/obj/AnalysisHolder/probe_49/mats/fireescape/parm_basecolor,parameter,,1,5,medium,parmtype=19 colordefr=0.2 colordefg=0.2 colordefb=0.2 rangeint2=1,parmprefix
AB::FireEscapeGenerator::2.0,/obj/AnalysisHolder/probe_49/color1,color,,3,5,medium,class=3 ramp2pos=1 ramp2cr=1 ramp2cg=1 ramp2cb=1,colorb colorg colorr
AB::FireEscapeGenerator::2.0,/obj/AnalysisHolder/probe_49/color3,color,,3,5,medium,class=3 ramp2pos=1 ramp2cr=1 ramp2cg=1 ramp2cb=1,colorb colorg colorr
AB::FireEscapeGenerator::2.0,/obj/AnalysisHolder/probe_49/color4,color,,3,5,medium,class=3 ramp2pos=1 ramp2cr=1 ramp2cg=1 ramp2cb=1,colorb colorg colorr
AB::FireEscapeGenerator::2.0,/obj/AnalysisHolder/probe_49/color5,color,,3,5,medium,class=3 ramp2pos=1 ramp2cr=1 ramp2cg=1 ramp2cb=1,colorb colorg colorr
AB::FireEscapeGenerator::2.0,/obj/AnalysisHolder/probe_49/color6,color,,3,5,medium,class=3 ramp2pos=1 ramp2cr=1 ramp2cg=1 ramp2cb=1,colorb colorg colorr
AB::FireEscapeGenerator::2.0,/obj/AnalysisHolder/probe_49/color7,color,,3,5,medium,class=3 ramp2pos=1 ramp2cr=1 ramp2cg=1 ramp2cb=1,colorb colorg colorr
AB::FireEscapeGenerator::2.0,/obj/AnalysisHolder/probe_49/color8,color,,3,5,medium,class=3 ramp2pos=1 ramp2cr=1 ramp2cg=1 ramp2cb=1,colorb colorg colorr
AB::FireHydrantGenerator::2.0,/obj/AnalysisHolder/probe_50/FireHydrant_002/transform1,xform,s,2,2,high,sy=0 parmgroup_pivotxform=1,sx sz
AB::FireHydrantGenerator::2.0,/obj/AnalysisHolder/probe_50/FireHydrant_001/CreateMainStem/circle1,circle,,1,4,medium,type=2 orient=2 reverse=0 scale=0.15,divs
AB::FireHydrantGenerator::2.0,/obj/AnalysisHolder/probe_50/FireHydrant_001/CreateArm_01/circle3,circle,,1,3,medium,type=2 orient=1 reverse=0,divs
AB::FireHydrantGenerator::2.0,/obj/AnalysisHolder/probe_50/FireHydrant_001/CreateArm_01/transform18,xform,s,2,9,high,tx=-0.246398 ty=0.68626 tz=-0.00635156 sx=0.0240244 scale=1.59 parmgroup_pivotxform=1 px=0 py=0 pz=0,sy sz
AB::FireHydrantGenerator::2.0,/obj/AnalysisHolder/probe_50/FireHydrant_001/CreateArm_01/transform29,xform,s,2,5,high,tx=-0.0185575 ty=0.68626 tz=-0.00625673 sx=0.07 scale=1.76,sy sz
AB::FireHydrantGenerator::2.0,/obj/AnalysisHolder/probe_50/FireHydrant_001/CreateArm_01/convert2,convert,,2,1,medium,stdswitcher1=1,divu divv
AB::FireHydrantGenerator::2.0,/obj/AnalysisHolder/probe_50/FireHydrant_001/CreateArm_01/polybevel1,polybevel::2.0,,2,7,medium,grouptype=2 filletshape=4 profileramp1value=0.5 profileramp1interp=2 profileramp2pos=1 profileramp2value=0.5 profileramp2interp=2,divisions offset
AB::FireHydrantGenerator::2.0,/obj/AnalysisHolder/probe_50/FireHydrant_001/CreateArm_02/circle3,circle,,1,3,medium,type=2 orient=1 reverse=0,divs
AB::FireHydrantGenerator::2.0,/obj/AnalysisHolder/probe_50/FireHydrant_001/CreateArm_02/circle5,circle,,1,5,medium,type=2 orient=1 reverse=0 scale=0.82 order=3,divs
AB::FireHydrantGenerator::2.0,/obj/AnalysisHolder/probe_50/FireHydrant_001/CreateArm_02/polybevel5,polybevel::3.0,,2,6,medium,grouptype=2 profileramp1value=0.5 profileramp1interp=2 profileramp2pos=1 profileramp2value=0.5 profileramp2interp=2,divisions offset
AB::FireHydrantGenerator::2.0,/obj/AnalysisHolder/probe_50/FireHydrant_001/CreateArm_03/circle6,circle,,1,4,medium,type=2 reverse=0 scale=0.82 order=2,divs
AB::FireHydrantGenerator::2.0,/obj/AnalysisHolder/probe_50/FireHydrant_001/CreateArm_03/circle7,circle,,1,4,medium,type=2 reverse=0 scale=0.82 order=2,divs
AB::FireHydrantGenerator::2.0,/obj/AnalysisHolder/probe_50/FireHydrant_001/CreateArm_03/circle8,circle,,1,4,medium,type=2 reverse=0 scale=0.82 order=2,divs
AB::FireHydrantGenerator::2.0,/obj/AnalysisHolder/probe_50/FireHydrant_001/CreateArm_03/circle9,circle,,1,3,medium,type=2 reverse=0 scale=0.82,divs
AB::FireHydrantGenerator::2.0,/obj/AnalysisHolder/probe_50/FireHydrant_001/CreateArm_03/circle10,circle,,1,4,medium,type=2 reverse=0 scale=0.82 order=2,divs
AB::FireHydrantGenerator::2.0,/obj/AnalysisHolder/probe_50/FireHydrant_001/CreateArm_03/transform71,xform,,1,7,medium,tx=0.000733331 ty=0.873499 tz=0.147473 sx=0.0186598 sy=0.0186598 sz=0.0186598 scale=2.27,rz
AB::FireHydrantGenerator::2.0,/obj/AnalysisHolder/probe_50/FireHydrant_001/CreateArm_03/circle11,circle,,1,3,medium,type=2 reverse=0 scale=0.82,divs
AB::FireHydrantGenerator::2.0,/obj/AnalysisHolder/probe_50/FireHydrant_001/CreateArm_03/polybevel3,polybevel::3.0,,1,6,medium,divisions=3 profileramp1value=0.5 profileramp1interp=2 profileramp2pos=1 profileramp2value=0.5 profileramp2interp=2,offset
AB::FireHydrantGenerator::2.0,/obj/AnalysisHolder/probe_50/FireHydrant_001/CreateArm_03/polybevel4,polybevel::3.0,,1,6,medium,divisions=3 profileramp1value=0.5 profileramp1interp=2 profileramp2pos=1 profileramp2value=0.5 profileramp2interp=2,offset
AB::FireHydrantGenerator::2.0,/obj/AnalysisHolder/probe_50/FireHydrant_001/CreateArm_03/polybevel5,polybevel::3.0,,1,6,medium,divisions=3 profileramp1value=0.5 profileramp1interp=2 profileramp2pos=1 profileramp2value=0.5 profileramp2interp=2,offset
AB::FireHydrantGenerator::2.0,/obj/AnalysisHolder/probe_50/FireHydrant_001/divide1,divide,,2,4,medium,numsides=4 noslivers=1 avoidsmallangles=1 brick=1,sizey sizez
AB::FireHydrantGenerator::2.0,/obj/AnalysisHolder/probe_50/FireHydrant_001/transform1,xform,s,2,2,high,sy=0 parmgroup_pivotxform=1,sx sz
AB::FireHydrantGenerator::2.0,/obj/AnalysisHolder/probe_50/FireHydrant_003/subnet11/subnet7/transform15,xform,,1,4,medium,tx=-9.26442 ty=8.11625 tz=6.98174 scale=0.96,rx
AB::FireHydrantGenerator::2.0,/obj/AnalysisHolder/probe_50/FireHydrant_003/transform1,xform,s,2,2,high,sy=0 parmgroup_pivotxform=1,sx sz
AB::FireHydrantGenerator::2.0,/obj/AnalysisHolder/probe_50/Parts/subnet4/transform71,xform,,1,7,medium,tx=0.000733331 ty=0.873499 tz=0.147473 sx=0.0186598 sy=0.0186598 sz=0.0186598 scale=2.27,rz
AB::FireHydrantGenerator::2.0,/obj/AnalysisHolder/probe_50/Parts/divide1,divide,,2,4,medium,numsides=4 noslivers=1 avoidsmallangles=1 brick=1,sizey sizez
AB::FireHydrantGenerator::2.0,/obj/AnalysisHolder/probe_50/Parts/transform1,xform,s,2,2,high,sy=0 parmgroup_pivotxform=1,sx sz
AB::FlangeGenerator::2.0,/obj/AnalysisHolder/probe_51/add2,add,,8,1,medium,points=6,pt1y pt2x pt2y pt3x pt3y pt4x pt4y pt5x
AB::FlangeGenerator::2.0,/obj/AnalysisHolder/probe_51/add4,add,pt1 pt3,9,3,high,points=5 pt1x=0.9 pt3x=0.5,pt0x pt0y pt0z pt1y pt2x pt2y pt3y pt4x pt4y
AB::FlangeGenerator::2.0,/obj/AnalysisHolder/probe_51/polyextrude1,polyextrude,,1,5,medium,stdswitcher1=2 keepshared=2 outputback=1 delzeroareasides=1 orientedge=1,ltz
AB::FlangeGenerator::2.0,/obj/AnalysisHolder/probe_51/polyextrude2,polyextrude,,1,3,medium,outputback=1 delzeroareasides=1 orientedge=1,ltz
AB::FlangeGenerator::2.0,/obj/AnalysisHolder/probe_51/polybevel1,polybevel,,7,1,medium,setinset1=1,absinset beveltype entitytype group relinset repetitions updatenmls
AB::FlangeGenerator::2.0,/obj/AnalysisHolder/probe_51/xform1,xform,,2,2,medium,updatenmls=1 updateaffectednmls=0,rx tx
AB::FloatingIslands::1.0,/obj/AnalysisHolder/probe_52/scatter4,scatter::2.0,,1,1,medium,forcetotal=0,densityscale
AB::FloatingIslands::1.0,/obj/AnalysisHolder/probe_52/attribrandomize1,attribrandomize,min,2,7,high,dimensions=1 miny=1 seed=4181 ramp2pos=0.5 ramp2value=0.5 ramp3pos=1 ramp3value=1,maxx minx
AB::FloatingIslands::1.0,/obj/AnalysisHolder/probe_52/create_HR/noise_varonoi,attribvop,freq,25,4,high,freq21=1 input2=1 ramp1_1value=0.592593 ramp1_2pos=0.395,freq1 freq2 freq3 maxoctave noisetype offset1 offset2 offset3 ramp ramp1interp ramp1pos ramp1value ramp2interp ramp2pos ramp2value ramp3interp ramp3pos ramp3value ramp4interp ramp4pos ramp4value ramp5interp ramp5pos ramp5value rough
AB::FloatingIslands::1.0,/obj/AnalysisHolder/probe_52/create_lr/remesh3,remesh,,3,4,medium,element_sizing1=1 lfs_ramp1cb=1 lfs_ramp2pos=1 lfs_ramp2cr=1,density gradation iterations
AB::FloatingIslands::1.0,/obj/AnalysisHolder/probe_52/create_lr/normal4,normal,,1,1,medium,origifzero=0,cuspangle
AB::FloatingIslands::1.0,/obj/AnalysisHolder/probe_52/create_grass/attribvop5,attribvop,destmax,42,5,high,destmax21=3 bw_ramp2pos=1 bw_ramp2cr=1 bw_ramp2cg=1 bw_ramp2cb=1,advect color_ramp color_ramp1cb color_ramp1cg color_ramp1cr color_ramp1interp color_ramp1pos color_ramp2cb color_ramp2cg color_ramp2cr color_ramp2interp color_ramp2pos destmax destmax22 destmax23 destmin flow flowrate freq1 freq2 freq3 maxoctave noise_ramp noise_ramp1interp noise_ramp1pos noise_ramp1value noise_ramp2interp noise_ramp2pos noise_ramp2value noise_ramp3interp noise_ramp3pos noise_ramp3value offset1 offset2 offset3 width_ramp width_ramp1interp width_ramp1pos width_ramp1value width_ramp2interp width_ramp2pos width_ramp2value
AB::FloatingIslands::1.0,/obj/AnalysisHolder/probe_52/create_grass/scatter1,scatter::2.0,,1,2,medium,usedensityattrib=1 relaxiterations=1,npts
AB::FloatingIslands::1.0,/obj/AnalysisHolder/probe_52/create_grass/line1,line,,1,5,medium,type=1 diry=0 dirz=1 points=6 order=2,dist
AB::FloatingIslands::1.0,/obj/AnalysisHolder/probe_52/create_grass/uvtransform1,uvtransform::2.0,s,1,1,high,sy=0,sx
AB::FloatingIslands::1.0,/obj/AnalysisHolder/probe_52/create_grass/y_parts,groupcreate,,4,3,medium,grouptype=1 groupbase=0 groupnormal=1,angle dirx diry dirz
AB::FloatingIslands::1.0,/obj/AnalysisHolder/probe_52/create_grass/grass_grps,groupcreate,,4,3,medium,grouptype=1 groupbase=0 groupnormal=1,angle dirx diry dirz
AB::Flocking::1.0,/obj/AnalysisHolder/probe_53/boid_solver/d,dopnet,,8,2,medium,stdswitcher1=1 compresssims=0,cacheenabled cachemaxsize cachetodisk resimulate startframe substep timeoffset timestep
AB::Flocking::1.0,/obj/AnalysisHolder/probe_53/boid_solver/d/s/Prev_Frame,dopimport,,2,6,medium,singleobject=1 importstyle=1 centeratpivot=0 adddopobjectname=0 pointvels=0 donotsim=1,doposxform doxform
AB::Flocking::1.0,/obj/AnalysisHolder/probe_53/boid_solver/d/s/seperation,attribwrangle,,2,9,medium,max_strength=0.5 falloff_ramp1pos=0.00544465 falloff_ramp1value=1 falloff_ramp2pos=0.142072 falloff_ramp2value=0.270833 falloff_ramp3pos=0.34029 falloff_ramp4pos=0.724138 falloff_ramp4value=0.104167 falloff_ramp5pos=1,max_dist min_dist
AB::FlowerDesigner::1.0,/obj/AnalysisHolder/probe_54/rigattribwrangle1,kinefx::rigattribwrangle,,1,2,medium,Distance_Out=0.05 Distance_Down=0.04,Rotation
AB::FlowerDesigner::1.0,/obj/AnalysisHolder/probe_54/cops/previewmaterial1/attach_shader/coppreviewmaterial1,coppreviewmaterial,,84,33,medium,basefolder=1 basecolorsource=1 metalnesssource=2 specularfolder=1 specularsource=1 speccolorsource=2 roughnesssource=1 coatfolder=1 coatsource=2 coatcolorsource=2 coatroughnesssource=2 sheenfolder=1 sheensource=2 sheencolorsource=2 sheenroughnesssource=2 emissionfolder=1 emissionsource=2 emissioncolorsource=2 heightandnormalsfolder=1 normalssource=1 heightsource=2 transmissionfolder=1 transmissionsource=2 transmissioncolorsource=2 subsurfacescattering=1 ssssource=2 ssscolorsource=1 sssradiussource=2 opacityfolder=1 opacitysource=2 basecolordefaultfolder=1 metalnessdefaultfolder=1 speculardefaultfolder=1,coatroughnessscale constantbasecolorb constantbasecolorg constantbasecolorr constantcoatamount constantcoatcolorb constantcoatcolorg constantcoatcolorr constantcoatroughness constantemissionamount constantemissioncolorb constantemissioncolorg constantemissioncolorr constantmetalness constantopacity constantsheenamount constantsheencolorb constantsheencolorg constantsheencolorr constantsheenroughness constantspecularamount constantspecularcolorb constantspecularcolorg constantspecularcolorr constantspecularroughness constantsss_amount constantsss_colorb constantsss_colorg constantsss_colorr constantsss_radiusb constantsss_radiusg constantsss_radiusr constanttransmissionamount constanttransmissioncolorb constanttransmissioncolorg constanttransmissioncolorr default_SSS_amount default_basecolorb default_basecolorg default_basecolorr default_coat_amount default_coat_colorb default_coat_colorg default_coat_colorr default_coat_roughness default_emission_amount default_emission_colorb default_emission_colorg default_emission_colorr default_metalness default_opacity_amount default_sheen_amount default_sheen_colorb default_sheen_colorg default_sheen_colorr default_sheen_roughness default_spec_colorb default_spec_colorg default_spec_colorr default_specular default_specular_roughness default_sss_colorb default_sss_colorg default_sss_colorr default_sss_radiusb default_sss_radiusg default_sss_radiusr default_transmission_amount default_transmission_colorb default_transmission_colorg default_transmission_colorr emissionscale heightscale karma_mikkt metalnessscale normalmap_scale opacityscale setudimlist sheenroughnessscale specular_IOR specularroughnessscale sss_radius_scale tintwithcdswitch udimlist
AB::FlowerDesigner::1.0,/obj/AnalysisHolder/probe_54/cops/previewmaterial1/basic_geo/grid1,grid,,2,4,medium,orient=0 sizex=2 sizey=2 rx=180,cols rows
AB::FlowerDesigner::1.0,/obj/AnalysisHolder/probe_54/cops/previewmaterial1/basic_geo/grid2,grid,,2,4,medium,orient=0 sizex=2 sizey=2 rx=180,cols rows
AB::FlowerDesigner::1.0,/obj/AnalysisHolder/probe_54/cops/previewmaterial1/basic_geo/grid3,grid,,2,4,medium,orient=0 sizex=2 sizey=2 rx=180,cols rows
AB::FlowerDesigner::1.0,/obj/AnalysisHolder/probe_54/cops/previewmaterial1/basic_geo/polybevel1,polybevel::3.0,,3,8,medium,ignoregroup=1 ignoreflatedges=1 flatangle=60 profileramp1value=0.5 profileramp1interp=2 profileramp2pos=1 profileramp2value=0.5 profileramp2interp=2,divisions filletshape offset
AB::FlowerDesigner::1.0,/obj/AnalysisHolder/probe_54/cops/previewmaterial1/basic_geo/grid4,grid,,2,4,medium,orient=0 sizex=2 sizey=2 rx=180,cols rows
AB::FlowerDesigner::1.0,/obj/AnalysisHolder/probe_54/cops/previewmaterial1/basic_geo/grid5,grid,,2,4,medium,orient=0 sizex=2 sizey=2 rx=180,cols rows
AB::FlowerDesigner::1.0,/obj/AnalysisHolder/probe_54/cops/previewmaterial1/basic_geo/polybevel2,polybevel::3.0,,3,8,medium,ignoregroup=1 ignoreflatedges=1 flatangle=60 profileramp1value=0.5 profileramp1interp=2 profileramp2pos=1 profileramp2value=0.5 profileramp2interp=2,divisions filletshape offset
AB::FlowerDesigner::1.0,/obj/AnalysisHolder/probe_54/cops/previewmaterial1/basic_geo/uvtransform1,uvtransform::2.0,,3,3,medium,px=0.5 py=0.5 pz=0.5,sx sy sz
AB::FlowerDesigner::1.0,/obj/AnalysisHolder/probe_54/cops/previewmaterial1/multiplyconstant1,bright,,1,1,medium,scopergba=15,bright
AB::FlowerDesigner::1.0,/obj/AnalysisHolder/probe_54/cops/previewmaterial1/multiplyconstant2,bright,,1,1,medium,scopergba=15,bright
AB::FlowerDesigner::1.0,/obj/AnalysisHolder/probe_54/cops/previewmaterial1/multiplyconstant3,bright,,1,1,medium,scopergba=15,bright
AB::FlowerDesigner::1.0,/obj/AnalysisHolder/probe_54/cops/previewmaterial1/multiplyconstant4,bright,,1,1,medium,scopergba=15,bright
AB::FlowerDesigner::1.0,/obj/AnalysisHolder/probe_54/cops/previewmaterial1/multiplyconstant5,bright,,1,1,medium,scopergba=15,bright
AB::FlowerDesigner::1.0,/obj/AnalysisHolder/probe_54/cops/previewmaterial1/multiplyconstant6,bright,,1,1,medium,scopergba=15,bright
AB::FlowerDesigner::1.0,/obj/AnalysisHolder/probe_54/cops/previewmaterial1/uvtorgb1/opencl2,opencl,,1,21,medium,options_runover=1 inputs=2 outputs=1 bindings=1 input1_type=14 input1_optional=1 bindings1_type=7 bindings1_layertype=5 bindings1_attribclass=4 bindings1_precision=2 bindings1_optional=1 bindings1_defval=1 bindings1_ramp2pos=1 bindings1_ramp2value=1 bindings1_ramp_rgb2pos=1 bindings1_ramp_rgb2cr=1 bindings1_ramp_rgb2cg=1 bindings1_ramp_rgb2cb=1 input2_type=13 input2_optional=1 output1_type=14,bindings1_fval
AB::FlowerDesigner::1.0,/obj/AnalysisHolder/probe_54/cops/previewmaterial1/convertnormal1/opencl1,opencl,,17,54,medium,inputs=1 outputs=1 bindings=4 input1_type=4 input1_optional=1 output1_type=4 bindings1_type=0 bindings1_layertype=5 bindings1_attribclass=0 bindings1_attribtype=1 bindings1_precision=2 bindings1_defval=1 bindings1_ramp2pos=1 bindings1_ramp2value=1 bindings1_ramp_rgb2pos=1 bindings1_ramp_rgb2cr=1 bindings1_ramp_rgb2cg=1 bindings1_ramp_rgb2cb=1 bindings2_type=3 bindings2_layertype=5 bindings2_attribclass=0 bindings2_attribsize=3 bindings2_precision=2 bindings2_defval=1 bindings2_ramp2pos=1 bindings2_ramp2value=1 bindings2_ramp_rgb2pos=1 bindings2_ramp_rgb2cr=1 bindings2_ramp_rgb2cg=1 bindings2_ramp_rgb2cb=1 bindings3_type=0 bindings3_layertype=5 bindings3_attribclass=0 bindings3_attribtype=1 bindings3_precision=2 bindings3_defval=1 bindings3_ramp2pos=1 bindings3_ramp2value=1 bindings3_ramp_rgb2pos=1 bindings3_ramp_rgb2cr=1 bindings3_ramp_rgb2cg=1 bindings3_ramp_rgb2cb=1 bindings4_type=3 bindings4_layertype=5 bindings4_attribclass=0 bindings4_attribsize=3 bindings4_precision=2 bindings4_defval=1 bindings4_ramp2pos=1 bindings4_ramp2value=1 bindings4_ramp_rgb2pos=1 bindings4_ramp_rgb2cr=1 bindings4_ramp_rgb2cg=1 bindings4_ramp_rgb2cb=1,bindings1_intval bindings2_v3val1 bindings2_v3val2 bindings2_v3val3 bindings3_intval bindings4_v3val1 bindings4_v3val2 bindings4_v3val3 conversion normalize offsetx offsety offsetz output1_typeinfo scalex scaley scalez
AB::FlowerDesigner::1.0,/obj/AnalysisHolder/probe_54/cops/previewmaterial1/convertnormal2/opencl1,opencl,,17,54,medium,inputs=1 outputs=1 bindings=4 input1_type=4 input1_optional=1 output1_type=4 bindings1_type=0 bindings1_layertype=5 bindings1_attribclass=0 bindings1_attribtype=1 bindings1_precision=2 bindings1_defval=1 bindings1_ramp2pos=1 bindings1_ramp2value=1 bindings1_ramp_rgb2pos=1 bindings1_ramp_rgb2cr=1 bindings1_ramp_rgb2cg=1 bindings1_ramp_rgb2cb=1 bindings2_type=3 bindings2_layertype=5 bindings2_attribclass=0 bindings2_attribsize=3 bindings2_precision=2 bindings2_defval=1 bindings2_ramp2pos=1 bindings2_ramp2value=1 bindings2_ramp_rgb2pos=1 bindings2_ramp_rgb2cr=1 bindings2_ramp_rgb2cg=1 bindings2_ramp_rgb2cb=1 bindings3_type=0 bindings3_layertype=5 bindings3_attribclass=0 bindings3_attribtype=1 bindings3_precision=2 bindings3_defval=1 bindings3_ramp2pos=1 bindings3_ramp2value=1 bindings3_ramp_rgb2pos=1 bindings3_ramp_rgb2cr=1 bindings3_ramp_rgb2cg=1 bindings3_ramp_rgb2cb=1 bindings4_type=3 bindings4_layertype=5 bindings4_attribclass=0 bindings4_attribsize=3 bindings4_precision=2 bindings4_defval=1 bindings4_ramp2pos=1 bindings4_ramp2value=1 bindings4_ramp_rgb2pos=1 bindings4_ramp_rgb2cr=1 bindings4_ramp_rgb2cg=1 bindings4_ramp_rgb2cb=1,bindings1_intval bindings2_v3val1 bindings2_v3val2 bindings2_v3val3 bindings3_intval bindings4_v3val1 bindings4_v3val2 bindings4_v3val3 conversion normalize offsetx offsety offsetz output1_typeinfo scalex scaley scalez
AB::FlowerDesigner::1.0,/obj/AnalysisHolder/probe_54/cops/previewmaterial1/multiplyconstant7,bright,,1,1,medium,scopergba=15,bright
AB::FlowerDesigner::1.0,/obj/AnalysisHolder/probe_54/cops/previewmaterial1/multiplyconstant8,bright,,1,1,medium,scopergba=15,bright
AB::FlowerDesigner::1.0,/obj/AnalysisHolder/probe_54/cops/previewmaterial1/multiplyconstant9,bright,,1,1,medium,scopergba=15,bright
AB::FlowerDesigner::1.0,/obj/AnalysisHolder/probe_54/cops/previewmaterial1/card_geo/grid1,grid,,2,4,medium,orient=0 sizex=2 sizey=2 rx=180,cols rows
AB::FlowerDesigner::1.0,/obj/AnalysisHolder/probe_54/cops/worleynoise1/opencl1,opencl,,52,254,medium,inputs=2 outputs=5 bindings=21 output1_type=2 output2_type=2 output3_type=2 output3_typeinfo=10 output4_type=3 output4_typeinfo=3 output5_type=1 output5_precision=2 output5_typeinfo=8 input1_type=7 input1_optional=1 input2_type=3 input2_optional=1 bindings1_type=2 bindings1_layertype=5 bindings1_attribclass=0 bindings1_attribsize=2 bindings1_precision=2 bindings1_defval=1 bindings1_ramp2pos=1 bindings1_ramp2value=1 bindings1_ramp_rgb2pos=1 bindings1_ramp_rgb2cr=1 bindings1_ramp_rgb2cg=1 bindings1_ramp_rgb2cb=1 bindings2_type=2 bindings2_layertype=5 bindings2_attribclass=0 bindings2_attribsize=2 bindings2_precision=2 bindings2_defval=1 bindings2_ramp2pos=1 bindings2_ramp2value=1 bindings2_ramp_rgb2pos=1 bindings2_ramp_rgb2cr=1 bindings2_ramp_rgb2cg=1 bindings2_ramp_rgb2cb=1 bindings3_type=2 bindings3_layertype=5 bindings3_attribclass=0 bindings3_attribsize=2 bindings3_precision=2 bindings3_defval=1 bindings3_ramp2pos=1 bindings3_ramp2value=1 bindings3_ramp_rgb2pos=1 bindings3_ramp_rgb2cr=1 bindings3_ramp_rgb2cg=1 bindings3_ramp_rgb2cb=1 bindings4_type=0 bindings4_layertype=5 bindings4_attribclass=0 bindings4_attribtype=1 bindings4_precision=2 bindings4_defval=1 bindings4_ramp2pos=1 bindings4_ramp2value=1 bindings4_ramp_rgb2pos=1 bindings4_ramp_rgb2cr=1 bindings4_ramp_rgb2cg=1 bindings4_ramp_rgb2cb=1 bindings5_type=2 bindings5_layertype=5 bindings5_attribclass=0 bindings5_attribsize=2 bindings5_precision=2 bindings5_defval=1 bindings5_ramp2pos=1 bindings5_ramp2value=1 bindings5_ramp_rgb2pos=1 bindings5_ramp_rgb2cr=1 bindings5_ramp_rgb2cg=1 bindings5_ramp_rgb2cb=1 bindings6_type=0 bindings6_layertype=5 bindings6_attribclass=0 bindings6_attribtype=1 bindings6_precision=2 bindings6_defval=1 bindings6_ramp2pos=1 bindings6_ramp2value=1 bindings6_ramp_rgb2pos=1 bindings6_ramp_rgb2cr=1 bindings6_ramp_rgb2cg=1 bindings6_ramp_rgb2cb=1 bindings7_type=0 bindings7_layertype=5 bindings7_attribclass=0 bindings7_attribtype=1 bindings7_precision=2 bindings7_defval=1 bindings7_ramp2pos=1 bindings7_ramp2value=1 bindings7_ramp_rgb2pos=1 bindings7_ramp_rgb2cr=1 bindings7_ramp_rgb2cg=1 bindings7_ramp_rgb2cb=1 bindings8_type=0 bindings8_layertype=5 bindings8_attribclass=0 bindings8_attribtype=1 bindings8_precision=2 bindings8_defval=1 bindings8_ramp2pos=1 bindings8_ramp2value=1 bindings8_ramp_rgb2pos=1 bindings8_ramp_rgb2cr=1 bindings8_ramp_rgb2cg=1 bindings8_ramp_rgb2cb=1 bindings9_type=0 bindings9_layertype=5 bindings9_attribclass=0 bindings9_attribtype=1 bindings9_precision=2 bindings9_defval=1 bindings9_ramp2pos=1 bindings9_ramp2value=1 bindings9_ramp_rgb2pos=1 bindings9_ramp_rgb2cr=1 bindings9_ramp_rgb2cg=1 bindings9_ramp_rgb2cb=1 bindings10_layertype=5 bindings10_attribclass=0 bindings10_precision=2 bindings10_defval=1 bindings10_ramp2pos=1 bindings10_ramp2value=1 bindings10_ramp_rgb2pos=1 bindings10_ramp_rgb2cr=1 bindings10_ramp_rgb2cg=1 bindings10_ramp_rgb2cb=1 bindings11_type=0 bindings11_layertype=5 bindings11_attribclass=0 bindings11_attribtype=1 bindings11_precision=2 bindings11_defval=1 bindings11_ramp2pos=1 bindings11_ramp2value=1 bindings11_ramp_rgb2pos=1 bindings11_ramp_rgb2cr=1 bindings11_ramp_rgb2cg=1 bindings11_ramp_rgb2cb=1 bindings12_layertype=5 bindings12_attribclass=0 bindings12_precision=2 bindings12_defval=1 bindings12_ramp2pos=1 bindings12_ramp2value=1 bindings12_ramp_rgb2pos=1 bindings12_ramp_rgb2cr=1 bindings12_ramp_rgb2cg=1 bindings12_ramp_rgb2cb=1 bindings13_type=0 bindings13_layertype=5 bindings13_attribclass=0 bindings13_attribtype=1 bindings13_precision=2 bindings13_defval=1 bindings13_ramp2pos=1 bindings13_ramp2value=1 bindings13_ramp_rgb2pos=1 bindings13_ramp_rgb2cr=1 bindings13_ramp_rgb2cg=1 bindings13_ramp_rgb2cb=1 bindings14_layertype=5 bindings14_attribclass=0 bindings14_precision=2 bindings14_defval=1 bindings14_ramp2pos=1 bindings14_ramp2value=1 bindings14_ramp_rgb2pos=1 bindings14_ramp_rgb2cr=1 bindings14_ramp_rgb2cg=1 bindings14_ramp_rgb2cb=1 bindings15_type=0 bindings15_layertype=5 bindings15_attribclass=0 bindings15_attribtype=1 bindings15_precision=2 bindings15_defval=1 bindings15_ramp2pos=1 bindings15_ramp2value=1 bindings15_ramp_rgb2pos=1 bindings15_ramp_rgb2cr=1 bindings15_ramp_rgb2cg=1 bindings15_ramp_rgb2cb=1 bindings16_layertype=5 bindings16_attribclass=0 bindings16_precision=2 bindings16_defval=1 bindings16_ramp2pos=1 bindings16_ramp2value=1 bindings16_ramp_rgb2pos=1 bindings16_ramp_rgb2cr=1 bindings16_ramp_rgb2cg=1 bindings16_ramp_rgb2cb=1 bindings17_type=0 bindings17_layertype=5 bindings17_attribclass=0 bindings17_attribtype=1 bindings17_precision=2 bindings17_defval=1 bindings17_ramp2pos=1 bindings17_ramp2value=1 bindings17_ramp_rgb2pos=1 bindings17_ramp_rgb2cr=1 bindings17_ramp_rgb2cg=1 bindings17_ramp_rgb2cb=1 bindings18_layertype=5 bindings18_attribclass=0 bindings18_precision=2 bindings18_defval=1 bindings18_ramp2pos=1 bindings18_ramp2value=1 bindings18_ramp_rgb2pos=1 bindings18_ramp_rgb2cr=1 bindings18_ramp_rgb2cg=1 bindings18_ramp_rgb2cb=1 bindings19_type=0 bindings19_layertype=5 bindings19_attribclass=0 bindings19_attribtype=1 bindings19_precision=2 bindings19_defval=1 bindings19_ramp2pos=1 bindings19_ramp2value=1 bindings19_ramp_rgb2pos=1 bindings19_ramp_rgb2cr=1 bindings19_ramp_rgb2cg=1 bindings19_ramp_rgb2cb=1 bindings20_layertype=5 bindings20_attribclass=0 bindings20_precision=2 bindings20_defval=1 bindings20_ramp2pos=1 bindings20_ramp2value=1 bindings20_ramp_rgb2pos=1 bindings20_ramp_rgb2cr=1 bindings20_ramp_rgb2cg=1 bindings20_ramp_rgb2cb=1 bindings21_layertype=5 bindings21_attribclass=0 bindings21_precision=2 bindings21_defval=1 bindings21_ramp2pos=1 bindings21_ramp2value=1 bindings21_ramp_rgb2pos=1 bindings21_ramp_rgb2cr=1 bindings21_ramp_rgb2cg=1 bindings21_ramp_rgb2cb=1,bindings10_fval bindings11_intval bindings12_fval bindings13_intval bindings14_fval bindings15_intval bindings16_fval bindings17_intval bindings18_fval bindings19_intval bindings1_v2val1 bindings1_v2val2 bindings20_fval bindings21_fval bindings2_v2val1 bindings2_v2val2 bindings3_v2val1 bindings3_v2val2 bindings4_intval bindings5_v2val1 bindings5_v2val2 bindings6_intval bindings7_intval bindings8_intval bindings9_intval featuresizex featuresizey istiled jitterx jittery metric offx offy output1_typeinfo output2_typeinfo post_bias post_contrast post_dobias post_doclampmax post_doclampmin post_docomplement post_docontrast post_dogain post_dogamma post_gain post_gamma post_maximum post_minimum rounding tiledsizex tiledsizey usehex
AB::FlowerDesigner::1.0,/obj/AnalysisHolder/probe_54/cops/fractalnoise2/opencl2,opencl,,85,425,medium,inputs=7 outputs=1 bindings=37 input1_type=7 input1_optional=1 input2_type=3 input2_optional=1 input3_type=2 input3_optional=1 input4_type=2 input4_optional=1 input5_type=2 input5_optional=1 input6_type=4 input6_optional=1 input7_type=4 input7_optional=1 bindings1_layertype=5 bindings1_attribclass=0 bindings1_precision=2 bindings1_defval=1 bindings1_ramp2pos=1 bindings1_ramp2value=1 bindings1_ramp_rgb2pos=1 bindings1_ramp_rgb2cr=1 bindings1_ramp_rgb2cg=1 bindings1_ramp_rgb2cb=1 bindings2_layertype=5 bindings2_attribclass=0 bindings2_precision=2 bindings2_defval=1 bindings2_ramp2pos=1 bindings2_ramp2value=1 bindings2_ramp_rgb2pos=1 bindings2_ramp_rgb2cr=1 bindings2_ramp_rgb2cg=1 bindings2_ramp_rgb2cb=1 bindings3_type=2 bindings3_layertype=5 bindings3_attribclass=0 bindings3_attribsize=2 bindings3_precision=2 bindings3_defval=1 bindings3_ramp2pos=1 bindings3_ramp2value=1 bindings3_ramp_rgb2pos=1 bindings3_ramp_rgb2cr=1 bindings3_ramp_rgb2cg=1 bindings3_ramp_rgb2cb=1 bindings4_type=2 bindings4_layertype=5 bindings4_attribclass=0 bindings4_attribsize=2 bindings4_precision=2 bindings4_defval=1 bindings4_ramp2pos=1 bindings4_ramp2value=1 bindings4_ramp_rgb2pos=1 bindings4_ramp_rgb2cr=1 bindings4_ramp_rgb2cg=1 bindings4_ramp_rgb2cb=1 bindings5_layertype=5 bindings5_attribclass=0 bindings5_precision=2 bindings5_defval=1 bindings5_ramp2pos=1 bindings5_ramp2value=1 bindings5_ramp_rgb2pos=1 bindings5_ramp_rgb2cr=1 bindings5_ramp_rgb2cg=1 bindings5_ramp_rgb2cb=1 bindings6_layertype=5 bindings6_attribclass=0 bindings6_precision=2 bindings6_defval=1 bindings6_ramp2pos=1 bindings6_ramp2value=1 bindings6_ramp_rgb2pos=1 bindings6_ramp_rgb2cr=1 bindings6_ramp_rgb2cg=1 bindings6_ramp_rgb2cb=1 bindings7_layertype=5 bindings7_attribclass=0 bindings7_precision=2 bindings7_defval=1 bindings7_ramp2pos=1 bindings7_ramp2value=1 bindings7_ramp_rgb2pos=1 bindings7_ramp_rgb2cr=1 bindings7_ramp_rgb2cg=1 bindings7_ramp_rgb2cb=1 bindings8_type=2 bindings8_layertype=5 bindings8_attribclass=0 bindings8_attribsize=2 bindings8_precision=2 bindings8_defval=1 bindings8_ramp2pos=1 bindings8_ramp2value=1 bindings8_ramp_rgb2pos=1 bindings8_ramp_rgb2cr=1 bindings8_ramp_rgb2cg=1 bindings8_ramp_rgb2cb=1 bindings9_type=0 bindings9_layertype=5 bindings9_attribclass=0 bindings9_attribtype=1 bindings9_precision=2 bindings9_defval=1 bindings9_ramp2pos=1 bindings9_ramp2value=1 bindings9_ramp_rgb2pos=1 bindings9_ramp_rgb2cr=1 bindings9_ramp_rgb2cg=1 bindings9_ramp_rgb2cb=1 bindings10_type=0 bindings10_layertype=5 bindings10_attribclass=0 bindings10_attribtype=1 bindings10_precision=2 bindings10_defval=1 bindings10_ramp2pos=1 bindings10_ramp2value=1 bindings10_ramp_rgb2pos=1 bindings10_ramp_rgb2cr=1 bindings10_ramp_rgb2cg=1 bindings10_ramp_rgb2cb=1 bindings11_type=0 bindings11_layertype=5 bindings11_attribclass=0 bindings11_attribtype=1 bindings11_precision=2 bindings11_defval=1 bindings11_ramp2pos=1 bindings11_ramp2value=1 bindings11_ramp_rgb2pos=1 bindings11_ramp_rgb2cr=1 bindings11_ramp_rgb2cg=1 bindings11_ramp_rgb2cb=1 bindings12_layertype=5 bindings12_attribclass=0 bindings12_precision=2 bindings12_defval=1 bindings12_ramp2pos=1 bindings12_ramp2value=1 bindings12_ramp_rgb2pos=1 bindings12_ramp_rgb2cr=1 bindings12_ramp_rgb2cg=1 bindings12_ramp_rgb2cb=1 bindings13_layertype=5 bindings13_attribclass=0 bindings13_precision=2 bindings13_defval=1 bindings13_ramp2pos=1 bindings13_ramp2value=1 bindings13_ramp_rgb2pos=1 bindings13_ramp_rgb2cr=1 bindings13_ramp_rgb2cg=1 bindings13_ramp_rgb2cb=1 bindings14_layertype=5 bindings14_attribclass=0 bindings14_precision=2 bindings14_defval=1 bindings14_ramp2pos=1 bindings14_ramp2value=1 bindings14_ramp_rgb2pos=1 bindings14_ramp_rgb2cr=1 bindings14_ramp_rgb2cg=1 bindings14_ramp_rgb2cb=1 bindings15_type=0 bindings15_layertype=5 bindings15_attribclass=0 bindings15_attribtype=1 bindings15_precision=2 bindings15_defval=1 bindings15_ramp2pos=1 bindings15_ramp2value=1 bindings15_ramp_rgb2pos=1 bindings15_ramp_rgb2cr=1 bindings15_ramp_rgb2cg=1 bindings15_ramp_rgb2cb=1 bindings16_layertype=5 bindings16_attribclass=0 bindings16_precision=2 bindings16_defval=1 bindings16_ramp2pos=1 bindings16_ramp2value=1 bindings16_ramp_rgb2pos=1 bindings16_ramp_rgb2cr=1 bindings16_ramp_rgb2cg=1 bindings16_ramp_rgb2cb=1 bindings17_type=0 bindings17_layertype=5 bindings17_attribclass=0 bindings17_attribtype=1 bindings17_precision=2 bindings17_defval=1 bindings17_ramp2pos=1 bindings17_ramp2value=1 bindings17_ramp_rgb2pos=1 bindings17_ramp_rgb2cr=1 bindings17_ramp_rgb2cg=1 bindings17_ramp_rgb2cb=1 bindings18_layertype=5 bindings18_attribclass=0 bindings18_precision=2 bindings18_defval=1 bindings18_ramp2pos=1 bindings18_ramp2value=1 bindings18_ramp_rgb2pos=1 bindings18_ramp_rgb2cr=1 bindings18_ramp_rgb2cg=1 bindings18_ramp_rgb2cb=1 bindings19_type=0 bindings19_layertype=5 bindings19_attribclass=0 bindings19_attribtype=1 bindings19_precision=2 bindings19_defval=1 bindings19_ramp2pos=1 bindings19_ramp2value=1 bindings19_ramp_rgb2pos=1 bindings19_ramp_rgb2cr=1 bindings19_ramp_rgb2cg=1 bindings19_ramp_rgb2cb=1 bindings20_layertype=5 bindings20_attribclass=0 bindings20_precision=2 bindings20_defval=1 bindings20_ramp2pos=1 bindings20_ramp2value=1 bindings20_ramp_rgb2pos=1 bindings20_ramp_rgb2cr=1 bindings20_ramp_rgb2cg=1 bindings20_ramp_rgb2cb=1 bindings21_type=0 bindings21_layertype=5 bindings21_attribclass=0 bindings21_attribtype=1 bindings21_precision=2 bindings21_defval=1 bindings21_ramp2pos=1 bindings21_ramp2value=1 bindings21_ramp_rgb2pos=1 bindings21_ramp_rgb2cr=1 bindings21_ramp_rgb2cg=1 bindings21_ramp_rgb2cb=1 bindings22_type=0 bindings22_layertype=5 bindings22_attribclass=0 bindings22_attribtype=1 bindings22_precision=2 bindings22_defval=1 bindings22_ramp2pos=1 bindings22_ramp2value=1 bindings22_ramp_rgb2pos=1 bindings22_ramp_rgb2cr=1 bindings22_ramp_rgb2cg=1 bindings22_ramp_rgb2cb=1 bindings23_type=0 bindings23_layertype=5 bindings23_attribclass=0 bindings23_attribtype=1 bindings23_precision=2 bindings23_defval=1 bindings23_ramp2pos=1 bindings23_ramp2value=1 bindings23_ramp_rgb2pos=1 bindings23_ramp_rgb2cr=1 bindings23_ramp_rgb2cg=1 bindings23_ramp_rgb2cb=1 bindings24_layertype=5 bindings24_attribclass=0 bindings24_precision=2 bindings24_defval=1 bindings24_ramp2pos=1 bindings24_ramp2value=1 bindings24_ramp_rgb2pos=1 bindings24_ramp_rgb2cr=1 bindings24_ramp_rgb2cg=1 bindings24_ramp_rgb2cb=1 bindings25_type=0 bindings25_layertype=5 bindings25_attribclass=0 bindings25_attribtype=1 bindings25_precision=2 bindings25_defval=1 bindings25_ramp2pos=1 bindings25_ramp2value=1 bindings25_ramp_rgb2pos=1 bindings25_ramp_rgb2cr=1 bindings25_ramp_rgb2cg=1 bindings25_ramp_rgb2cb=1 bindings26_layertype=5 bindings26_attribclass=0 bindings26_precision=2 bindings26_defval=1 bindings26_ramp2pos=1 bindings26_ramp2value=1 bindings26_ramp_rgb2pos=1 bindings26_ramp_rgb2cr=1 bindings26_ramp_rgb2cg=1 bindings26_ramp_rgb2cb=1 bindings27_type=0 bindings27_layertype=5 bindings27_attribclass=0 bindings27_attribtype=1 bindings27_precision=2 bindings27_defval=1 bindings27_ramp2pos=1 bindings27_ramp2value=1 bindings27_ramp_rgb2pos=1 bindings27_ramp_rgb2cr=1 bindings27_ramp_rgb2cg=1 bindings27_ramp_rgb2cb=1 bindings28_layertype=5 bindings28_attribclass=0 bindings28_precision=2 bindings28_defval=1 bindings28_ramp2pos=1 bindings28_ramp2value=1 bindings28_ramp_rgb2pos=1 bindings28_ramp_rgb2cr=1 bindings28_ramp_rgb2cg=1 bindings28_ramp_rgb2cb=1 bindings29_type=0 bindings29_layertype=5 bindings29_attribclass=0 bindings29_attribtype=1 bindings29_precision=2 bindings29_defval=1 bindings29_ramp2pos=1 bindings29_ramp2value=1 bindings29_ramp_rgb2pos=1 bindings29_ramp_rgb2cr=1 bindings29_ramp_rgb2cg=1 bindings29_ramp_rgb2cb=1 bindings30_layertype=5 bindings30_attribclass=0 bindings30_precision=2 bindings30_defval=1 bindings30_ramp2pos=1 bindings30_ramp2value=1 bindings30_ramp_rgb2pos=1 bindings30_ramp_rgb2cr=1 bindings30_ramp_rgb2cg=1 bindings30_ramp_rgb2cb=1 bindings31_type=0 bindings31_layertype=5 bindings31_attribclass=0 bindings31_attribtype=1 bindings31_precision=2 bindings31_defval=1 bindings31_ramp2pos=1 bindings31_ramp2value=1 bindings31_ramp_rgb2pos=1 bindings31_ramp_rgb2cr=1 bindings31_ramp_rgb2cg=1 bindings31_ramp_rgb2cb=1 bindings32_layertype=5 bindings32_attribclass=0 bindings32_precision=2 bindings32_defval=1 bindings32_ramp2pos=1 bindings32_ramp2value=1 bindings32_ramp_rgb2pos=1 bindings32_ramp_rgb2cr=1 bindings32_ramp_rgb2cg=1 bindings32_ramp_rgb2cb=1 bindings33_type=0 bindings33_layertype=5 bindings33_attribclass=0 bindings33_attribtype=1 bindings33_precision=2 bindings33_defval=1 bindings33_ramp2pos=1 bindings33_ramp2value=1 bindings33_ramp_rgb2pos=1 bindings33_ramp_rgb2cr=1 bindings33_ramp_rgb2cg=1 bindings33_ramp_rgb2cb=1 bindings34_layertype=5 bindings34_attribclass=0 bindings34_precision=2 bindings34_defval=1 bindings34_ramp2pos=1 bindings34_ramp2value=1 bindings34_ramp_rgb2pos=1 bindings34_ramp_rgb2cr=1 bindings34_ramp_rgb2cg=1 bindings34_ramp_rgb2cb=1 bindings35_layertype=5 bindings35_attribclass=0 bindings35_precision=2 bindings35_defval=1 bindings35_ramp2pos=1 bindings35_ramp2value=1 bindings35_ramp_rgb2pos=1 bindings35_ramp_rgb2cr=1 bindings35_ramp_rgb2cg=1 bindings35_ramp_rgb2cb=1 bindings36_type=0 bindings36_layertype=5 bindings36_attribclass=0 bindings36_attribtype=1 bindings36_precision=2 bindings36_defval=1 bindings36_ramp2pos=1 bindings36_ramp2value=1 bindings36_ramp_rgb2pos=1 bindings36_ramp_rgb2cr=1 bindings36_ramp_rgb2cg=1 bindings36_ramp_rgb2cb=1 bindings37_type=2 bindings37_layertype=5 bindings37_attribclass=0 bindings37_attribsize=2 bindings37_precision=2 bindings37_defval=1 bindings37_ramp2pos=1 bindings37_ramp2value=1 bindings37_ramp_rgb2pos=1 bindings37_ramp_rgb2cr=1 bindings37_ramp_rgb2cg=1 bindings37_ramp_rgb2cb=1,amp_val bindings10_intval bindings11_intval bindings12_fval bindings13_fval bindings14_fval bindings15_intval bindings16_fval bindings17_intval bindings18_fval bindings19_intval bindings1_fval bindings20_fval bindings21_intval bindings22_intval bindings23_intval bindings24_fval bindings25_intval bindings26_fval bindings27_intval bindings28_fval bindings29_intval bindings2_fval bindings30_fval bindings31_intval bindings32_fval bindings33_intval bindings34_fval bindings35_fval bindings36_intval bindings37_v2val1 bindings37_v2val2 bindings3_v2val1 bindings3_v2val2 bindings4_v2val1 bindings4_v2val2 bindings5_fval bindings6_fval bindings7_fval bindings8_v2val1 bindings8_v2val2 bindings9_intval center_val contrastexponent doloop_val featuresize_valx featuresize_valy fractaltype is3d_val istiled_val jitter lacunarity_val looptime_val noisetype_val octaveoffsetx octaveoffsety octaves_val off_valx off_valy output1_type output1_typeinfo parmtime_val percomp_val post_bias post_contrast post_dobias post_doclampmax post_doclampmin post_docomplement post_docontrast post_dofold post_dogain post_dogamma post_gain post_gamma post_maximum post_minimum pulselength_val roughness_val tiledsize_valx tiledsize_valy time timeoffset_val timescale_val usetime_val
AB::FlowerDesigner::1.0,/obj/AnalysisHolder/probe_54/cops/fractalnoise2/init_sparse,opencl,,2,20,medium,inputs=1 outputs=2 bindings=1 seed=1965 input1_type=7 input1_optional=1 output1_type=4 output2_type=4 bindings1_type=0 bindings1_layertype=5 bindings1_attribclass=0 bindings1_attribtype=1 bindings1_precision=2 bindings1_defval=1 bindings1_ramp2pos=1 bindings1_ramp2value=1 bindings1_ramp_rgb2pos=1 bindings1_ramp_rgb2cr=1 bindings1_ramp_rgb2cg=1 bindings1_ramp_rgb2cb=1,bindings1_intval options_tile1
AB::FlowerDesigner::1.0,/obj/AnalysisHolder/probe_54/cops/heighttonormal1/opencl1,opencl,,4,28,medium,inputs=2 outputs=1 bindings=2 input1_type=2 output1_type=4 input2_type=2 bindings1_layertype=5 bindings1_attribclass=0 bindings1_precision=2 bindings1_defval=1 bindings1_ramp2pos=1 bindings1_ramp2value=1 bindings1_ramp_rgb2pos=1 bindings1_ramp_rgb2cr=1 bindings1_ramp_rgb2cg=1 bindings1_ramp_rgb2cb=1 bindings2_type=0 bindings2_layertype=5 bindings2_attribclass=0 bindings2_attribtype=1 bindings2_precision=2 bindings2_defval=1 bindings2_ramp2pos=1 bindings2_ramp2value=1 bindings2_ramp_rgb2pos=1 bindings2_ramp_rgb2cr=1 bindings2_ramp_rgb2cg=1 bindings2_ramp_rgb2cb=1,bindings1_fval bindings2_intval normaltype scale
AB::FlowerDesigner::1.0,/obj/AnalysisHolder/probe_54/cops/heighttonormal1/layerproperties1,layerproperties,,1,2,medium,border=1 settypeinfo=1,typeinfo
AB::FlowerDesigner::1.0,/obj/AnalysisHolder/probe_54/rigattribwrangle3,kinefx::rigattribwrangle,,1,15,medium,scale1pos=1e-06 scale1value=0.589041 scale1interp=5 scale2pos=0.199288 scale2value=0.643836 scale2interp=5 scale3pos=0.529063 scale3value=0.876712 scale3interp=5 scale4pos=0.787663 scale4value=0.657534 scale4interp=5 scale5pos=1 scale5value=0.643836 scale5interp=5,rotate
AB::FlowerDesigner::1.0,/obj/AnalysisHolder/probe_54/attribvop5,attribvop,,13,1,medium,Amp=0.01,ramp ramp1interp ramp1pos ramp1value ramp2interp ramp2pos ramp2value ramp3interp ramp3pos ramp3value ramp4interp ramp4pos ramp4value
AB::FlowerDesigner::1.0,/obj/AnalysisHolder/probe_54/vellumsolver1/dopnet1,dopnet,,11,1,medium,stdswitcher1=1,autoresim cacheenabled cachemaxsize explicitcache explicitcachecheckpointspacing explicitcachensteps resimulate startframe substep timeoffset timestep
AB::FlowerDesigner::1.0,/obj/AnalysisHolder/probe_54/vellumsolver1/dopnet1/vellumobject1,vellumobject,,46,3,medium,folder11=1 usesimframe=1 createframe=1,guide_attachcolorb guide_attachcolorg guide_attachcolorr guide_colvisscale guide_constraintgroup guide_constraintvisradius guide_failedexternalb guide_failedexternalg guide_failedexternalr guide_failedselfb guide_failedselfg guide_failedselfr guide_pincolorb guide_pincolorg guide_pincolorr guide_showattach guide_showfailedexternal guide_showfailedself guide_showpin guide_showstitch guide_showthickness guide_showthicknessextrude guide_showwelds guide_stitchcolorb guide_stitchcolorg guide_stitchcolorr guide_thicknesscolorb guide_thicknesscolorg guide_thicknesscolorr guide_usegroup guide_weldcolorb guide_weldcolorg guide_weldcolorr showguide vis_displaygeo vis_maxbendangle vis_maxbendplasticflow vis_maxbendstress vis_maxstretchdistance vis_maxstretchplasticflow vis_maxstretchratio vis_maxstretchstress vis_maxvolumedistance vis_maxvolumeratio vis_maxvolumestress vis_mode
AB::FlowerDesigner::1.0,/obj/AnalysisHolder/probe_54/vellumsolver1/dopnet1/vellumsolver1,vellumsolver,,69,4,medium,folder4=1 folder9=1 usegravity=1 sdfaccurategrad=1,accelfallback adhesion angveldamping attractionweight collisioniter collisionviscosity disablebrokenwelds disablestretchratio doautosleep domaxaccel domultipass dosecondary doselfcollisions dosort dynamic_scale dynamic_sdfscale enablecollisions fluid_searchscale friction grain_maxneighbor grain_searchscale grain_uniformradius gravityx gravityy gravityz groundposx groundposy groundposz ignorepiece integration layershock limitaccel limitdisplace maxaccel maxmultipass maxviscosityiterations minimalmode niter normalizestress oclgraphcolor oclneighborsearch orientsolve postcollisioniter repulsionweight resolveall resolveallmax sdfcollisioniter sdfcollisions sdfresolveall sdfresolveallmax secondaryfrequency secondarygroup selffriction sleep_delay sleep_velocitythreshold slidingmethod smoothiter sortinterval static_sdfscale static_threshold substeps surfacetension thickness timescale tol useground veldamping viscosity viscositysolver
AB::FlowerDesigner::1.0,/obj/AnalysisHolder/probe_54/vellumsolver1/dopnet1/gravity1,gravity,,3,1,medium,defaultparmop=1,forcex forcey forcez
AB::FlowerDesigner::1.0,/obj/AnalysisHolder/probe_54/vellumsolver1/dopnet1/external,staticobject,,2,4,medium,usesimframe=1 createframe=1 std_switcher_0_2_11=1 std_switcher_31=1,animategeo bullet_shrink_amount
AB::FlowerDesigner::1.0,/obj/AnalysisHolder/probe_54/vellumsolver1/collision_errors,error,,1,1,medium,severity1=1,enable1
AB::FlowerDesigner::1.0,/obj/AnalysisHolder/probe_54/vellumsolver1/vdb_collision_errors,error,,1,1,medium,severity1=2,enable1
AB::FlowerDesigner::1.0,/obj/AnalysisHolder/probe_54/vellumsolver1/switchif_vdb_colliders,switchif,,1,4,medium,mergecondition=1 tests=2 type2=1 attribowner2=2,expr1
AB::FlowerDesigner::1.0,/obj/AnalysisHolder/probe_54/copy1,copyxform,,1,2,medium,ncy=8 docopyattrib=1,ry
AB::FlowerDesigner::1.0,/obj/AnalysisHolder/probe_54/rigpose1,kinefx::rigpose,,1,1,medium,transformations=1,targetattrib_desc
AB::FlowerDesigner::1.0,/obj/AnalysisHolder/probe_54/rigpose2,kinefx::rigpose,,1,1,medium,transformations=2,targetattrib_desc
AB::FlowerGenerator::1.0,/obj/AnalysisHolder/probe_55/flower_01/create_petals/bend1,bend,,2,5,medium,bendfolder=1 upvectorcontrol=1 upangle=1 diry=1 taperprofile1value=1,bend length
AB::FlowerGenerator::1.0,/obj/AnalysisHolder/probe_55/flower_01/create_petals/bend2,bend,,2,4,medium,upvectorcontrol=2 upangle=1 dirx=1 taperprofile1value=1,bend length
AB::FlowerGenerator::1.0,/obj/AnalysisHolder/probe_55/flower_01/create_petals/bend3,bend,,2,4,medium,upvectorcontrol=2 upangle=1 dirx=-1 taperprofile1value=1,bend length
AB::FlowerGenerator::1.0,/obj/AnalysisHolder/probe_55/flower_01/create_petals/convert3,convert,,2,1,medium,stdswitcher1=1,divu divv
AB::FlowerGenerator::1.0,/obj/AnalysisHolder/probe_55/plant_create_01/lsystem1,lsystem,,3,3,medium,pointwidth=1 thickscale=0.716 anglescale=1,angleinit generations stepscale
AB::FlowerGenerator::1.0,/obj/AnalysisHolder/probe_55/flower_04/xform2,xform,p t,2,4,high,ty=0 py=0 updatenmls=1 updateaffectednmls=0,px tx
AB::FlowerGenerator::1.0,/obj/AnalysisHolder/probe_55/flower_03/xform2,xform,p t,2,4,high,ty=0 py=0 updatenmls=1 updateaffectednmls=0,px tx
AB::FlowerGenerator::1.0,/obj/AnalysisHolder/probe_55/leaf_02/xform2,xform,p t,2,4,high,ty=0 py=0 updatenmls=1 updateaffectednmls=0,px tx
AB::FlowerGenerator::1.0,/obj/AnalysisHolder/probe_55/leaf_03/xform2,xform,p t,2,4,high,ty=0 py=0 updatenmls=1 updateaffectednmls=0,px tx
AB::FlowerGenerator::1.0,/obj/AnalysisHolder/probe_55/subnet1/vellumsolver1/dopnet1,dopnet,,11,1,medium,stdswitcher1=1,autoresim cacheenabled cachemaxsize explicitcache explicitcachecheckpointspacing explicitcachensteps resimulate startframe substep timeoffset timestep
AB::FlowerGenerator::1.0,/obj/AnalysisHolder/probe_55/subnet1/vellumsolver1/dopnet1/vellumobject1,vellumobject,,46,3,medium,folder11=1 usesimframe=1 createframe=1,guide_attachcolorb guide_attachcolorg guide_attachcolorr guide_colvisscale guide_constraintgroup guide_constraintvisradius guide_failedexternalb guide_failedexternalg guide_failedexternalr guide_failedselfb guide_failedselfg guide_failedselfr guide_pincolorb guide_pincolorg guide_pincolorr guide_showattach guide_showfailedexternal guide_showfailedself guide_showpin guide_showstitch guide_showthickness guide_showthicknessextrude guide_showwelds guide_stitchcolorb guide_stitchcolorg guide_stitchcolorr guide_thicknesscolorb guide_thicknesscolorg guide_thicknesscolorr guide_usegroup guide_weldcolorb guide_weldcolorg guide_weldcolorr showguide vis_displaygeo vis_maxbendangle vis_maxbendplasticflow vis_maxbendstress vis_maxstretchdistance vis_maxstretchplasticflow vis_maxstretchratio vis_maxstretchstress vis_maxvolumedistance vis_maxvolumeratio vis_maxvolumestress vis_mode
AB::FlowerGenerator::1.0,/obj/AnalysisHolder/probe_55/subnet1/vellumsolver1/dopnet1/vellumsolver1,vellumsolver,,69,4,medium,folder4=1 folder9=1 usegravity=1 sdfaccurategrad=1,accelfallback adhesion angveldamping attractionweight collisioniter collisionviscosity disablebrokenwelds disablestretchratio doautosleep domaxaccel domultipass dosecondary doselfcollisions dosort dynamic_scale dynamic_sdfscale enablecollisions fluid_searchscale friction grain_maxneighbor grain_searchscale grain_uniformradius gravityx gravityy gravityz groundposx groundposy groundposz ignorepiece integration layershock limitaccel limitdisplace maxaccel maxmultipass maxviscosityiterations minimalmode niter normalizestress oclgraphcolor oclneighborsearch orientsolve postcollisioniter repulsionweight resolveall resolveallmax sdfcollisioniter sdfcollisions sdfresolveall sdfresolveallmax secondaryfrequency secondarygroup selffriction sleep_delay sleep_velocitythreshold slidingmethod smoothiter sortinterval static_sdfscale static_threshold substeps surfacetension thickness timescale tol useground veldamping viscosity viscositysolver
AB::FlowerGenerator::1.0,/obj/AnalysisHolder/probe_55/subnet1/vellumsolver1/dopnet1/gravity1,gravity,,3,1,medium,defaultparmop=1,forcex forcey forcez
AB::FlowerGenerator::1.0,/obj/AnalysisHolder/probe_55/subnet1/vellumsolver1/dopnet1/external,staticobject,,2,4,medium,usesimframe=1 createframe=1 std_switcher_0_2_11=1 std_switcher_31=1,animategeo bullet_shrink_amount
AB::FlowerGenerator::1.0,/obj/AnalysisHolder/probe_55/subnet1/vellumsolver1/collision_errors,error,,1,1,medium,severity1=1,enable1
AB::FlowerGenerator::1.0,/obj/AnalysisHolder/probe_55/subnet1/vellumsolver1/vdb_collision_errors,error,,1,1,medium,severity1=2,enable1
AB::FlowerGenerator::1.0,/obj/AnalysisHolder/probe_55/subnet1/vellumsolver1/switchif_vdb_colliders,switchif,,1,4,medium,mergecondition=1 tests=2 type2=1 attribowner2=2,expr1
AB::FlowerGenerator::1.0,/obj/AnalysisHolder/probe_55/subnet1/AdjustTop,attribwrangle,,1,7,medium,Shape1interp=4 Amp=0.3 Shape2pos=0.496839 Shape2value=0.30137 Shape2interp=4 Shape3pos=1 Shape3interp=4,NumRows
AB::FlowerGenerator::1.0,/obj/AnalysisHolder/probe_55/subnet1/rigpose1,kinefx::rigpose,,1,1,medium,transformations=1,targetattrib_desc
AB::FuturisticBuildings::2.2,/obj/AnalysisHolder/probe_56/FT_Style_02/mats/Roofs,principledshader::2.0,,5,12,medium,folder7=1 folder4=1 folder12=1 basecolorr=1 basecolorg=1 basecolorb=1 basecolor_usePackedColor=1 rough=0.65 emitint=1 emitcolorr=0 emitcolorg=0 emitcolorb=0,baseBump_useTexture baseNormal_useTexture shop_disable_displace_shader specular_tint vm_displacebound
AB::FuturisticBuildings::2.2,/obj/AnalysisHolder/probe_56/FT_Style_02/mats/Walls,principledshader::2.0,,5,11,medium,folder7=1 folder4=1 basecolorr=1 basecolorg=1 basecolorb=1 basecolor_usePackedColor=1 rough=0.2 emitint=1 emitcolorr=0 emitcolorg=0 emitcolorb=0,baseBump_useTexture baseNormal_useTexture shop_disable_displace_shader specular_tint vm_displacebound
AB::FuturisticBuildings::2.2,/obj/AnalysisHolder/probe_56/FT_Style_02/mats/Sidewalk,principledshader::2.0,,5,4,medium,emitint=1 emitcolorr=0 emitcolorg=0 emitcolorb=0,baseBump_useTexture baseNormal_useTexture shop_disable_displace_shader specular_tint vm_displacebound
AB::FuturisticBuildings::2.2,/obj/AnalysisHolder/probe_56/FT_Style_02/mats/Windows,principledshader::2.0,,5,11,medium,folder7=1 folder4=1 basecolorr=1 basecolorg=1 basecolorb=1 basecolor_usePackedColor=1 rough=0.1 emitint=1 emitcolorr=0 emitcolorg=0 emitcolorb=0,baseBump_useTexture baseNormal_useTexture shop_disable_displace_shader specular_tint vm_displacebound
AB::FuturisticBuildings::2.2,/obj/AnalysisHolder/probe_56/FT_Style_02/mats/WindowsLit,principledshader::2.0,,5,10,medium,folder7=1 folder4=1 folder9=1 basecolorr=1 basecolorg=1 basecolorb=1 basecolor_usePackedColor=1 rough=0.1 emitint=1 emitcolor_usePointColor=1,baseBump_useTexture baseNormal_useTexture shop_disable_displace_shader specular_tint vm_displacebound
AB::FuturisticBuildings::2.2,/obj/AnalysisHolder/probe_56/FT_Style_02/attribrandomize1,attribrandomize,,2,5,medium,seed=3248 ramp2pos=0.5 ramp2value=0.5 ramp3pos=1 ramp3value=1,maxx minx
AB::FuturisticBuildings::2.2,/obj/AnalysisHolder/probe_56/FT_Style_02/divide-SetWallModSize,divide,,3,2,medium,convex=0 brick=1,sizex sizey sizez
AB::FuturisticBuildings::2.2,/obj/AnalysisHolder/probe_56/FT_Style_02/color9,color,,3,4,medium,ramp2pos=1 ramp2cr=1 ramp2cg=1 ramp2cb=1,colorb colorg colorr
AB::FuturisticBuildings::2.2,/obj/AnalysisHolder/probe_56/FT_Style_01/knife1,knife,,1,1,medium,knifeop=1,originy
AB::FuturisticBuildings::2.2,/obj/AnalysisHolder/probe_56/FT_Style_01/CreateBuildingBase/MasterNoise,attribvop,,18,1,medium,maxoctave=4,NoiseMult NoiseMult1interp NoiseMult1pos NoiseMult1value NoiseMult2interp NoiseMult2pos NoiseMult2value advect amp flow flowrate freq1 freq2 freq3 offset1 offset2 offset3 rough
AB::FuturisticBuildings::2.2,/obj/AnalysisHolder/probe_56/FT_Style_01/CreateBuildingBase/tube1,tube,,3,3,medium,type=3 rows=200 cols=200,height rad1 rad2
AB::FuturisticBuildings::2.2,/obj/AnalysisHolder/probe_56/FT_Style_01/CreateBuildingBase/transform2,xform,s,2,9,high,tx=0 ty=0 tz=0 sx=0 parmgroup_pivotxform=1 px=0 py=0 pz=0 addattrib=1,sy sz
AB::FuturisticBuildings::2.2,/obj/AnalysisHolder/probe_56/FT_Style_01/CreateBuildingBase/grid1,grid,,2,6,medium,orient=0 ry=180 rows=2 cols=2 orderu=2 orderv=2,sizex sizey
AB::FuturisticBuildings::2.2,/obj/AnalysisHolder/probe_56/FT_Style_01/circle1,circle,,2,3,medium,type=2 orient=2 reverse=0,radx rady
AB::FuturisticBuildings::2.2,/obj/AnalysisHolder/probe_56/FT_Style_01/polyextrude4,polyextrude::2.0,,1,11,medium,outputfrontgrp=1 thicknessramp1value=1 thicknessramp1interp=2 thicknessramp2pos=1 thicknessramp2value=1 thicknessramp2interp=2 twistramp1value=0.5 twistramp1interp=2 twistramp2pos=1 twistramp2value=0.5 twistramp2interp=2,dist
AB::FuturisticBuildings::2.2,/obj/AnalysisHolder/probe_56/FT_Style_01/polyextrude5,polyextrude::2.0,,1,11,medium,outputfrontgrp=1 thicknessramp1value=1 thicknessramp1interp=2 thicknessramp2pos=1 thicknessramp2value=1 thicknessramp2interp=2 twistramp1value=0.5 twistramp1interp=2 twistramp2pos=1 twistramp2value=0.5 twistramp2interp=2,dist
AB::FuturisticBuildings::2.2,/obj/AnalysisHolder/probe_56/FT_Style_01/polyextrude6,polyextrude::2.0,,2,11,medium,outputfrontgrp=1 thicknessramp1value=1 thicknessramp1interp=2 thicknessramp2pos=1 thicknessramp2value=1 thicknessramp2interp=2 twistramp1value=0.5 twistramp1interp=2 twistramp2pos=1 twistramp2value=0.5 twistramp2interp=2,dist divs
AB::FuturisticBuildings::2.2,/obj/AnalysisHolder/probe_56/FT_Style_01/polyextrude7,polyextrude::2.0,,1,11,medium,outputfront=0 thicknessramp1value=1 thicknessramp1interp=2 thicknessramp2pos=1 thicknessramp2value=1 thicknessramp2interp=2 twistramp1value=0.5 twistramp1interp=2 twistramp2pos=1 twistramp2value=0.5 twistramp2interp=2,dist
AB::FuturisticBuildings::2.2,/obj/AnalysisHolder/probe_56/FT_Style_01/CreateBuilding_01/Building_002/divide1,divide,,2,2,medium,convex=0 removesh=1,sizey sizez
AB::FuturisticBuildings::2.2,/obj/AnalysisHolder/probe_56/FT_Style_01/CreateBuilding_01/Building_001/knife14,knife,,1,1,medium,knifeop=1,originy
AB::FuturisticBuildings::2.2,/obj/AnalysisHolder/probe_56/FT_Style_01/CreateBuilding_01/Building_001/carve7,carve,,1,8,medium,firstu=0 domainu1=0 domainu2=1 firstv=1 domainv1=0 domainv2=1 secondv=1 stdswitcher1=1,divsv
AB::FuturisticBuildings::2.2,/obj/AnalysisHolder/probe_56/FT_Style_01/CreateBuilding_01/Building_001/polyextrude1,polyextrude::2.0,,1,14,medium,xformfront=1 xformspace=1 outputfrontgrp=1 outputsidegrp=1 thicknessramp1value=1 thicknessramp1interp=2 thicknessramp2pos=1 thicknessramp2value=1 thicknessramp2interp=2 twistramp1value=0.5 twistramp1interp=2 twistramp2pos=1 twistramp2value=0.5 twistramp2interp=2,translatey
AB::FuturisticBuildings::2.2,/obj/AnalysisHolder/probe_56/FT_Style_01/CreateBuilding_01/Building_001/polyextrude2,polyextrude::2.0,,1,14,medium,xformfront=1 xformspace=1 outputfrontgrp=1 outputsidegrp=1 thicknessramp1value=1 thicknessramp1interp=2 thicknessramp2pos=1 thicknessramp2value=1 thicknessramp2interp=2 twistramp1value=0.5 twistramp1interp=2 twistramp2pos=1 twistramp2value=0.5 twistramp2interp=2,translatey
AB::FuturisticBuildings::2.2,/obj/AnalysisHolder/probe_56/FT_Style_01/CreateBuilding_01/Building_001/polyextrude3,polyextrude::2.0,,1,12,medium,outputfrontgrp=1 outputsidegrp=1 thicknessramp1value=1 thicknessramp1interp=2 thicknessramp2pos=1 thicknessramp2value=1 thicknessramp2interp=2 twistramp1value=0.5 twistramp1interp=2 twistramp2pos=1 twistramp2value=0.5 twistramp2interp=2,dist
AB::FuturisticBuildings::2.2,/obj/AnalysisHolder/probe_56/FT_Style_01/CreateBuilding_01/Building_001/polyextrude5,polyextrude::2.0,,1,12,medium,outputfrontgrp=1 outputsidegrp=1 thicknessramp1value=1 thicknessramp1interp=2 thicknessramp2pos=1 thicknessramp2value=1 thicknessramp2interp=2 twistramp1value=0.5 twistramp1interp=2 twistramp2pos=1 twistramp2value=0.5 twistramp2interp=2,inset
AB::FuturisticBuildings::2.2,/obj/AnalysisHolder/probe_56/WallMod_001/knife2,knife,,1,3,medium,knifeop=1 dirx=1 diry=0,originx
AB::FuturisticBuildings::2.2,/obj/AnalysisHolder/probe_56/WallMod_001/knife3,knife,,1,2,medium,dirx=1 diry=0,originx
AB::FuturisticBuildings::2.2,/obj/AnalysisHolder/probe_56/WallMod_001/knife4,knife,,1,1,medium,knifeop=1,originy
AB::FuturisticBuildings::2.2,/obj/AnalysisHolder/probe_56/WallMod_001/knife6,knife,,1,3,medium,knifeop=1 dirx=1 diry=0,originx
AB::FuturisticBuildings::2.2,/obj/AnalysisHolder/probe_56/WallMod_001/knife7,knife,,1,2,medium,dirx=1 diry=0,originx
AB::FuturisticBuildings::2.2,/obj/AnalysisHolder/probe_56/WallMod_001/knife8,knife,,1,1,medium,knifeop=1,originy
AB::FuturisticBuildings::2.2,/obj/AnalysisHolder/probe_56/WallMod_002/knife2,knife,,1,3,medium,knifeop=1 dirx=1 diry=0,originx
AB::FuturisticBuildings::2.2,/obj/AnalysisHolder/probe_56/WallMod_002/knife3,knife,,1,2,medium,dirx=1 diry=0,originx
AB::FuturisticBuildings::2.2,/obj/AnalysisHolder/probe_56/WallMod_002/knife4,knife,,1,1,medium,knifeop=1,originy
AB::FuturisticBuildings::2.2,/obj/AnalysisHolder/probe_56/WallMod_002/knife6,knife,,1,3,medium,knifeop=1 dirx=1 diry=0,originx
AB::FuturisticBuildings::2.2,/obj/AnalysisHolder/probe_56/WallMod_002/knife7,knife,,1,2,medium,dirx=1 diry=0,originx
AB::FuturisticBuildings::2.2,/obj/AnalysisHolder/probe_56/WallMod_002/knife8,knife,,1,1,medium,knifeop=1,originy
AB::GraphicSigns::2.0,/obj/AnalysisHolder/probe_57/grid2,grid,,2,5,medium,orient=0 rows=2 cols=2 orderu=2 orderv=2,sizex sizey
AB::GraphicSigns::2.0,/obj/AnalysisHolder/probe_57/create_sign_base/polyextrude4,polyextrude::2.0,,1,13,medium,outputfrontgrp=1 outputback=1 outputsidegrp=1 thicknessramp1value=1 thicknessramp1interp=2 thicknessramp2pos=1 thicknessramp2value=1 thicknessramp2interp=2 twistramp1value=0.5 twistramp1interp=2 twistramp2pos=1 twistramp2value=0.5 twistramp2interp=2,dist
AB::GraphicSigns::2.0,/obj/AnalysisHolder/probe_57/create_sign_base/polyextrude6,polyextrude::2.0,,1,11,medium,outputfrontgrp=1 thicknessramp1value=1 thicknessramp1interp=2 thicknessramp2pos=1 thicknessramp2value=1 thicknessramp2interp=2 twistramp1value=0.5 twistramp1interp=2 twistramp2pos=1 twistramp2value=0.5 twistramp2interp=2,inset
AB::GraphicSigns::2.0,/obj/AnalysisHolder/probe_57/create_graphics_base/color6,color,,3,5,medium,class=3 ramp2pos=1 ramp2cr=1 ramp2cg=1 ramp2cb=1,colorb colorg colorr
AB::GraphicSigns::2.0,/obj/AnalysisHolder/probe_57/create_graphics_base/color7,color,,3,5,medium,class=3 ramp2pos=1 ramp2cr=1 ramp2cg=1 ramp2cb=1,colorb colorg colorr
AB::GraphicSigns::2.0,/obj/AnalysisHolder/probe_57/create_graphics_base/color9,color,,3,5,medium,class=3 ramp2pos=1 ramp2cr=1 ramp2cg=1 ramp2cb=1,colorb colorg colorr
AB::GraphicSigns::2.0,/obj/AnalysisHolder/probe_57/create_graphics_base/color11,color,,3,5,medium,class=3 ramp2pos=1 ramp2cr=1 ramp2cg=1 ramp2cb=1,colorb colorg colorr
AB::GraphicSigns::2.0,/obj/AnalysisHolder/probe_57/create_graphics_base/knife2,knife,,1,1,medium,knifeop=1,originy
AB::GraphicSigns::2.0,/obj/AnalysisHolder/probe_57/create_graphics_base/knife6,knife,,1,1,medium,knifeop=1,originy
AB::GraphicSigns::2.0,/obj/AnalysisHolder/probe_57/create_graphics_base/knife8,knife,,1,1,medium,knifeop=1,originy
AB::GraphicSigns::2.0,/obj/AnalysisHolder/probe_57/assemble_sign/color10,color,,3,5,medium,class=3 ramp2pos=1 ramp2cr=1 ramp2cg=1 ramp2cb=1,colorb colorg colorr
AB::GraphicSigns::2.0,/obj/AnalysisHolder/probe_57/assemble_sign/create_info_graphics/top_info_create/color1,color,,3,5,medium,class=3 ramp2pos=1 ramp2cr=1 ramp2cg=1 ramp2cb=1,colorb colorg colorr
AB::GraphicSigns::2.0,/obj/AnalysisHolder/probe_57/assemble_sign/create_info_graphics/top_info_create/convert2,convert,,1,2,medium,stdswitcher1=1 divv=0,divu
AB::GraphicSigns::2.0,/obj/AnalysisHolder/probe_57/assemble_sign/create_info_graphics/top_info_create/primitive1,primitive,,1,1,medium,doxform=1,sy
AB::GraphicSigns::2.0,/obj/AnalysisHolder/probe_57/assemble_sign/create_info_graphics/top_info_create/polybevel2,polybevel::3.0,,3,6,medium,grouptype=1 profileramp1value=0.5 profileramp1interp=2 profileramp2pos=1 profileramp2value=0.5 profileramp2interp=2,divisions filletshape offset
AB::GraphicSigns::2.0,/obj/AnalysisHolder/probe_57/assemble_sign/create_info_graphics/top_info_create/carve1,carve,,4,3,medium,secondu=1 firstv=1 secondv=1,domainu1 domainu2 domainv1 domainv2
AB::GraphicSigns::2.0,/obj/AnalysisHolder/probe_57/assemble_sign/create_info_graphics/top_info_create1/color1,color,,3,5,medium,class=3 ramp2pos=1 ramp2cr=1 ramp2cg=1 ramp2cb=1,colorb colorg colorr
AB::GraphicSigns::2.0,/obj/AnalysisHolder/probe_57/assemble_sign/create_info_graphics/top_info_create1/convert2,convert,,1,2,medium,stdswitcher1=1 divv=0,divu
AB::GraphicSigns::2.0,/obj/AnalysisHolder/probe_57/assemble_sign/create_info_graphics/top_info_create1/primitive1,primitive,,1,1,medium,doxform=1,sy
AB::GraphicSigns::2.0,/obj/AnalysisHolder/probe_57/assemble_sign/create_info_graphics/top_info_create1/polybevel2,polybevel::3.0,,3,6,medium,grouptype=1 profileramp1value=0.5 profileramp1interp=2 profileramp2pos=1 profileramp2value=0.5 profileramp2interp=2,divisions filletshape offset
AB::GraphicSigns::2.0,/obj/AnalysisHolder/probe_57/assemble_sign/create_info_graphics/top_info_create1/carve1,carve,,4,3,medium,secondu=1 firstv=1 secondv=1,domainu1 domainu2 domainv1 domainv2
AB::GraphicSigns::2.0,/obj/AnalysisHolder/probe_57/assemble_sign/create_street_light/top_info_create/color1,color,,3,5,medium,class=3 ramp2pos=1 ramp2cr=1 ramp2cg=1 ramp2cb=1,colorb colorg colorr
AB::GraphicSigns::2.0,/obj/AnalysisHolder/probe_57/assemble_sign/create_street_light/top_info_create/convert2,convert,,1,2,medium,stdswitcher1=1 divv=0,divu
AB::GraphicSigns::2.0,/obj/AnalysisHolder/probe_57/assemble_sign/create_street_light/top_info_create/primitive1,primitive,,1,1,medium,doxform=1,sy
AB::GraphicSigns::2.0,/obj/AnalysisHolder/probe_57/assemble_sign/create_street_light/top_info_create/polybevel2,polybevel::3.0,,3,6,medium,grouptype=1 profileramp1value=0.5 profileramp1interp=2 profileramp2pos=1 profileramp2value=0.5 profileramp2interp=2,divisions filletshape offset
AB::GraphicSigns::2.0,/obj/AnalysisHolder/probe_57/assemble_sign/create_street_light/top_info_create/carve1,carve,,4,3,medium,secondu=1 firstv=1 secondv=1,domainu1 domainu2 domainv1 domainv2
AB::GraphicSigns::2.0,/obj/AnalysisHolder/probe_57/assemble_sign/create_street_light/top_info_create1/color1,color,,3,5,medium,class=3 ramp2pos=1 ramp2cr=1 ramp2cg=1 ramp2cb=1,colorb colorg colorr
AB::GraphicSigns::2.0,/obj/AnalysisHolder/probe_57/assemble_sign/create_street_light/top_info_create1/convert2,convert,,1,2,medium,stdswitcher1=1 divv=0,divu
AB::GraphicSigns::2.0,/obj/AnalysisHolder/probe_57/assemble_sign/create_street_light/top_info_create1/primitive1,primitive,,1,1,medium,doxform=1,sy
AB::GraphicSigns::2.0,/obj/AnalysisHolder/probe_57/assemble_sign/create_street_light/top_info_create1/polybevel2,polybevel::3.0,,3,6,medium,grouptype=1 profileramp1value=0.5 profileramp1interp=2 profileramp2pos=1 profileramp2value=0.5 profileramp2interp=2,divisions filletshape offset
AB::GraphicSigns::2.0,/obj/AnalysisHolder/probe_57/assemble_sign/create_street_light/top_info_create1/carve1,carve,,4,3,medium,secondu=1 firstv=1 secondv=1,domainu1 domainu2 domainv1 domainv2
AB::GraphicSigns::2.0,/obj/AnalysisHolder/probe_57/grid3,grid,,2,5,medium,orient=0 rows=2 cols=2 orderu=2 orderv=2,sizex sizey
AB::GraphicSigns::2.0,/obj/AnalysisHolder/probe_57/create_streetlight_base/color6,color,,3,5,medium,class=3 ramp2pos=1 ramp2cr=1 ramp2cg=1 ramp2cb=1,colorb colorg colorr
AB::GraphicSigns::2.0,/obj/AnalysisHolder/probe_57/create_streetlight_base/color7,color,,3,5,medium,class=3 ramp2pos=1 ramp2cr=1 ramp2cg=1 ramp2cb=1,colorb colorg colorr
AB::GraphicSigns::2.0,/obj/AnalysisHolder/probe_57/create_streetlight_base/color9,color,,3,5,medium,class=3 ramp2pos=1 ramp2cr=1 ramp2cg=1 ramp2cb=1,colorb colorg colorr
AB::GraphicSigns::2.0,/obj/AnalysisHolder/probe_57/create_streetlight_base/color11,color,,3,5,medium,class=3 ramp2pos=1 ramp2cr=1 ramp2cg=1 ramp2cb=1,colorb colorg colorr
AB::GraphicSigns::2.0,/obj/AnalysisHolder/probe_57/create_streetlight_base/knife2,knife,,1,1,medium,knifeop=1,originy
AB::GraphicSigns::2.0,/obj/AnalysisHolder/probe_57/create_streetlight_base/knife6,knife,,1,1,medium,knifeop=1,originy
AB::GraphicSigns::2.0,/obj/AnalysisHolder/probe_57/create_streetlight_base/knife8,knife,,1,1,medium,knifeop=1,originy
AB::GraphicSigns::2.0,/obj/AnalysisHolder/probe_57/grid4,grid,,2,5,medium,orient=0 rows=2 cols=2 orderu=2 orderv=2,sizex sizey
AB::GraphicSigns::2.0,/obj/AnalysisHolder/probe_57/grid5,grid,,2,5,medium,orient=0 rows=2 cols=2 orderu=2 orderv=2,sizex sizey
AB::GrowthFromPoints::1.0,/obj/AnalysisHolder/probe_60/solver1/d,dopnet,,8,2,medium,stdswitcher1=1 compresssims=0,cacheenabled cachemaxsize cachetodisk resimulate startframe substep timeoffset timestep
AB::GrowthFromPoints::1.0,/obj/AnalysisHolder/probe_60/solver1/d/s/Prev_Frame,dopimport,,2,6,medium,singleobject=1 importstyle=1 centeratpivot=0 adddopobjectname=0 pointvels=0 donotsim=1,doposxform doxform
AB::GrowthFromPoints::1.0,/obj/AnalysisHolder/probe_60/scatter2,scatter::2.0,,1,1,medium,usedensityattrib=1,npts
AB::GrowthFromPoints::1.0,/obj/AnalysisHolder/probe_60/attribtransfer1,attribtransfer,,2,4,medium,srcgrouptype=1 dstgrouptype=1 cardswitcher1=1 kernelradius=0.01,blendwidth thresholddist
AB::HandrailGenerator::3.0,/obj/AnalysisHolder/probe_61/circle_ELBOWS,circle,,3,5,medium,type=2 orient=2 reverse=0 arc=1 endangle=90,divs radx rady
AB::HandrailGenerator::3.0,/obj/AnalysisHolder/probe_61/line1,line,,1,2,medium,diry=0 dirz=1,dist
AB::HandrailGenerator::3.0,/obj/AnalysisHolder/probe_61/circle2,circle,,3,2,medium,type=2 reverse=0,divs radx rady
AB::HandrailGenerator::3.0,/obj/AnalysisHolder/probe_61/line2,line,,1,2,medium,diry=0 dirz=-1,dist
AB::HandrailGenerator::3.0,/obj/AnalysisHolder/probe_61/xform3,xform,,1,3,medium,px=0 py=0 pz=0,scale
AB::HandrailGenerator::3.0,/obj/AnalysisHolder/probe_61/xform4,xform,,1,3,medium,px=0 py=0 pz=0,tx
AB::HandrailGenerator::3.0,/obj/AnalysisHolder/probe_61/xform5,xform,,1,3,medium,px=0 py=0 pz=0,scale
AB::HandrailGenerator::3.0,/obj/AnalysisHolder/probe_61/xform6,xform,,1,3,medium,px=0 py=0 pz=0,tx
AB::HandrailGenerator::3.0,/obj/AnalysisHolder/probe_61/polybevel2,polybevel,,6,1,medium,setinset1=1,absinset beveltype entitytype relinset repetitions updatenmls
AB::HandrailGenerator::3.0,/obj/AnalysisHolder/probe_61/resample1,resample,,1,4,medium,dolength=0 dosegs=1 useattribs=0 allequal=0,segs
AB::HandrailGenerator::3.0,/obj/AnalysisHolder/probe_61/line3,line,,1,2,medium,diry=0 dirz=1,dist
AB::HandrailGenerator::3.0,/obj/AnalysisHolder/probe_61/circle1,circle,,3,2,medium,type=2 reverse=0,divs radx rady
AB::HandrailGenerator::3.0,/obj/AnalysisHolder/probe_61/sphere1,sphere,,4,3,medium,type=2 orient=0 rows=30,cols radx rady radz
AB::HandrailGenerator::3.0,/obj/AnalysisHolder/probe_61/xform9,xform,,1,3,medium,px=0 py=0 pz=0,tz
AB::HandrailGenerator::3.0,/obj/AnalysisHolder/probe_61/xform10,xform,,1,3,medium,px=0 py=0 pz=0,scale
AB::HandrailGenerator::3.0,/obj/AnalysisHolder/probe_61/convert_MASTER1,convert,,17,1,medium,stdswitcher1=1,divtrim divu divv fromtype group interphull lodtrim lodu lodv new offset orderu orderv pasteattrib pastecoord surftype totype
AB::HandrailGenerator::3.0,/obj/AnalysisHolder/probe_61/convert_MASTER2,convert,,17,1,medium,stdswitcher1=1,divtrim divu divv fromtype group interphull lodtrim lodu lodv new offset orderu orderv pasteattrib pastecoord surftype totype
AB::HandrailGenerator::3.0,/obj/AnalysisHolder/probe_61/convert_MASTER3,convert,,17,1,medium,stdswitcher1=1,divtrim divu divv fromtype group interphull lodtrim lodu lodv new offset orderu orderv pasteattrib pastecoord surftype totype
AB::HandrailGenerator::3.0,/obj/AnalysisHolder/probe_61/convert_MASTER4,convert,,17,1,medium,stdswitcher1=1,divtrim divu divv fromtype group interphull lodtrim lodu lodv new offset orderu orderv pasteattrib pastecoord surftype totype
AB::HandrailGenerator::3.0,/obj/AnalysisHolder/probe_61/group5,groupcreate,,3,2,medium,groupbounding=1 tx=0.4,sizex sizey sizez
AB::HandrailGenerator::3.0,/obj/AnalysisHolder/probe_61/group6,groupcreate,,4,1,medium,groupbounding=1,sizex sizey sizez tx
AB::HandrailGenerator::3.0,/obj/AnalysisHolder/probe_61/edge_grp_01,groupcreate,,4,7,medium,grouptype=2 groupbase=0 groupbounding=1 dominedgeangle=1 minedgeangle=0 domaxedgeangle=1 maxedgeangle=181.4,sizex sizey sizez tx
AB::HandrailGenerator::3.0,/obj/AnalysisHolder/probe_61/edge_grp_02,groupcreate,,4,7,medium,grouptype=2 groupbase=0 groupbounding=1 dominedgeangle=1 minedgeangle=0 domaxedgeangle=1 maxedgeangle=181.4,sizex sizey sizez tx
AB::HangingClothGenerator::1.5,/obj/AnalysisHolder/probe_62/process_final_geo/mats/CL_cloth,principledshader::2.0,,5,4,medium,emitint=1 emitcolorr=0 emitcolorg=0 emitcolorb=0,baseBump_useTexture baseNormal_useTexture shop_disable_displace_shader specular_tint vm_displacebound
AB::HangingClothGenerator::1.5,/obj/AnalysisHolder/probe_62/process_final_geo/mats/CL_rope,principledshader::2.0,,5,4,medium,emitint=1 emitcolorr=0 emitcolorg=0 emitcolorb=0,baseBump_useTexture baseNormal_useTexture shop_disable_displace_shader specular_tint vm_displacebound
AB::HangingClothGenerator::1.5,/obj/AnalysisHolder/probe_62/prep_geometry/line1,line,,2,3,medium,type=1 dirx=1 diry=0,dist points
AB::HangingClothGenerator::1.5,/obj/AnalysisHolder/probe_62/prep_geometry/resample2,resample,,1,2,medium,dolength=0 dosegs=1,segs
AB::HangingClothGenerator::1.5,/obj/AnalysisHolder/probe_62/sim_geo/vellumhair1,vellumconstraints,,3,10,medium,constrainttype=4 linear=0 domass=3 density=0.001 thickness=0.06 stretchdampingratio=0.01 dostretchgrp=1 bendstiffnessexp=-3 benddampingratio=0.05 dobendgrp=1,bendstiffness dragnormal stretchstiffness
AB::HangingClothGenerator::1.5,/obj/AnalysisHolder/probe_62/sim_geo/vellumsolver1,vellumsolver,,3,6,medium,ignorepiece=0 viscosity=0.5 surfacetension=0.001 windshadow_maskfalloff1pos=0.85 windshadow_maskfalloff1value=1 windshadow_maskfalloff2pos=0.997386,collisionsiter niter substeps
AB::HangingClothGenerator::1.5,/obj/AnalysisHolder/probe_62/sim_geo/vellumsolver1/dopnet1,dopnet,,11,1,medium,stdswitcher1=1,autoresim cacheenabled cachemaxsize explicitcache explicitcachecheckpointspacing explicitcachensteps resimulate startframe substep timeoffset timestep
AB::HangingClothGenerator::1.5,/obj/AnalysisHolder/probe_62/sim_geo/vellumsolver1/dopnet1/vellumobject1,vellumobject,,46,3,medium,folder11=1 usesimframe=1 createframe=1,guide_attachcolorb guide_attachcolorg guide_attachcolorr guide_colvisscale guide_constraintgroup guide_constraintvisradius guide_failedexternalb guide_failedexternalg guide_failedexternalr guide_failedselfb guide_failedselfg guide_failedselfr guide_pincolorb guide_pincolorg guide_pincolorr guide_showattach guide_showfailedexternal guide_showfailedself guide_showpin guide_showstitch guide_showthickness guide_showthicknessextrude guide_showwelds guide_stitchcolorb guide_stitchcolorg guide_stitchcolorr guide_thicknesscolorb guide_thicknesscolorg guide_thicknesscolorr guide_usegroup guide_weldcolorb guide_weldcolorg guide_weldcolorr showguide vis_displaygeo vis_maxbendangle vis_maxbendplasticflow vis_maxbendstress vis_maxstretchdistance vis_maxstretchplasticflow vis_maxstretchratio vis_maxstretchstress vis_maxvolumedistance vis_maxvolumeratio vis_maxvolumestress vis_mode
AB::HangingClothGenerator::1.5,/obj/AnalysisHolder/probe_62/sim_geo/vellumsolver1/dopnet1/vellumsolver1,vellumsolver,,69,4,medium,folder4=1 folder9=1 usegravity=1 sdfaccurategrad=1,accelfallback adhesion angveldamping attractionweight collisioniter collisionviscosity disablebrokenwelds disablestretchratio doautosleep domaxaccel domultipass dosecondary doselfcollisions dosort dynamic_scale dynamic_sdfscale enablecollisions fluid_searchscale friction grain_maxneighbor grain_searchscale grain_uniformradius gravityx gravityy gravityz groundposx groundposy groundposz ignorepiece integration layershock limitaccel limitdisplace maxaccel maxmultipass maxviscosityiterations minimalmode niter normalizestress oclgraphcolor oclneighborsearch orientsolve postcollisioniter repulsionweight resolveall resolveallmax sdfcollisioniter sdfcollisions sdfresolveall sdfresolveallmax secondaryfrequency secondarygroup selffriction sleep_delay sleep_velocitythreshold slidingmethod smoothiter sortinterval static_sdfscale static_threshold substeps surfacetension thickness timescale tol useground veldamping viscosity viscositysolver
AB::HangingClothGenerator::1.5,/obj/AnalysisHolder/probe_62/sim_geo/vellumsolver1/dopnet1/gravity1,gravity,,3,1,medium,defaultparmop=1,forcex forcey forcez
AB::HangingClothGenerator::1.5,/obj/AnalysisHolder/probe_62/sim_geo/vellumsolver1/dopnet1/external,staticobject,,2,4,medium,usesimframe=1 createframe=1 std_switcher_0_2_11=1 std_switcher_31=1,animategeo bullet_shrink_amount
AB::HangingClothGenerator::1.5,/obj/AnalysisHolder/probe_62/sim_geo/vellumsolver1/collision_errors,error,,1,1,medium,severity1=1,enable1
AB::HangingClothGenerator::1.5,/obj/AnalysisHolder/probe_62/sim_geo/vellumsolver1/vdb_collision_errors,error,,1,1,medium,severity1=2,enable1
AB::HangingClothGenerator::1.5,/obj/AnalysisHolder/probe_62/sim_geo/vellumsolver1/switchif_vdb_colliders,switchif,,1,4,medium,mergecondition=1 tests=2 type2=1 attribowner2=2,expr1
AB::HangingClothGenerator::1.5,/obj/AnalysisHolder/probe_62/sim_geo/vellumcloth1,vellumconstraints,,3,8,medium,constrainttype=3 linear=0 domass=3 dothickness=2 docompress=1 dostretchgrp=1 bendstiffnessexp=-4 dobendgrp=1,bendstiffness dragnormal stretchstiffness
AB::HangingClothGenerator::1.5,/obj/AnalysisHolder/probe_62/sim_geo/vellumsolver2,vellumsolver,,8,8,medium,folder0_11=1 windz=10 ignorepiece=0 viscosity=0.5 surfacetension=0.001 windshadow_maskfalloff1pos=0.85 windshadow_maskfalloff1value=1 windshadow_maskfalloff2pos=0.997386,collisionsiter gravityx gravityy gravityz niter resimulate static_threshold substeps
AB::HangingClothGenerator::1.5,/obj/AnalysisHolder/probe_62/sim_geo/vellumsolver2/dopnet1,dopnet,,11,1,medium,stdswitcher1=1,autoresim cacheenabled cachemaxsize explicitcache explicitcachecheckpointspacing explicitcachensteps resimulate startframe substep timeoffset timestep
AB::HangingClothGenerator::1.5,/obj/AnalysisHolder/probe_62/sim_geo/vellumsolver2/dopnet1/vellumobject1,vellumobject,,46,3,medium,folder11=1 usesimframe=1 createframe=1,guide_attachcolorb guide_attachcolorg guide_attachcolorr guide_colvisscale guide_constraintgroup guide_constraintvisradius guide_failedexternalb guide_failedexternalg guide_failedexternalr guide_failedselfb guide_failedselfg guide_failedselfr guide_pincolorb guide_pincolorg guide_pincolorr guide_showattach guide_showfailedexternal guide_showfailedself guide_showpin guide_showstitch guide_showthickness guide_showthicknessextrude guide_showwelds guide_stitchcolorb guide_stitchcolorg guide_stitchcolorr guide_thicknesscolorb guide_thicknesscolorg guide_thicknesscolorr guide_usegroup guide_weldcolorb guide_weldcolorg guide_weldcolorr showguide vis_displaygeo vis_maxbendangle vis_maxbendplasticflow vis_maxbendstress vis_maxstretchdistance vis_maxstretchplasticflow vis_maxstretchratio vis_maxstretchstress vis_maxvolumedistance vis_maxvolumeratio vis_maxvolumestress vis_mode
AB::HangingClothGenerator::1.5,/obj/AnalysisHolder/probe_62/sim_geo/vellumsolver2/dopnet1/vellumsolver1,vellumsolver,,69,4,medium,folder4=1 folder9=1 usegravity=1 sdfaccurategrad=1,accelfallback adhesion angveldamping attractionweight collisioniter collisionviscosity disablebrokenwelds disablestretchratio doautosleep domaxaccel domultipass dosecondary doselfcollisions dosort dynamic_scale dynamic_sdfscale enablecollisions fluid_searchscale friction grain_maxneighbor grain_searchscale grain_uniformradius gravityx gravityy gravityz groundposx groundposy groundposz ignorepiece integration layershock limitaccel limitdisplace maxaccel maxmultipass maxviscosityiterations minimalmode niter normalizestress oclgraphcolor oclneighborsearch orientsolve postcollisioniter repulsionweight resolveall resolveallmax sdfcollisioniter sdfcollisions sdfresolveall sdfresolveallmax secondaryfrequency secondarygroup selffriction sleep_delay sleep_velocitythreshold slidingmethod smoothiter sortinterval static_sdfscale static_threshold substeps surfacetension thickness timescale tol useground veldamping viscosity viscositysolver
AB::HangingClothGenerator::1.5,/obj/AnalysisHolder/probe_62/sim_geo/vellumsolver2/dopnet1/gravity1,gravity,,3,1,medium,defaultparmop=1,forcex forcey forcez
AB::HangingClothGenerator::1.5,/obj/AnalysisHolder/probe_62/sim_geo/vellumsolver2/dopnet1/external,staticobject,,2,4,medium,usesimframe=1 createframe=1 std_switcher_0_2_11=1 std_switcher_31=1,animategeo bullet_shrink_amount
AB::HangingClothGenerator::1.5,/obj/AnalysisHolder/probe_62/sim_geo/vellumsolver2/collision_errors,error,,1,1,medium,severity1=1,enable1
AB::HangingClothGenerator::1.5,/obj/AnalysisHolder/probe_62/sim_geo/vellumsolver2/vdb_collision_errors,error,,1,1,medium,severity1=2,enable1
AB::HangingClothGenerator::1.5,/obj/AnalysisHolder/probe_62/sim_geo/vellumsolver2/switchif_vdb_colliders,switchif,,1,4,medium,mergecondition=1 tests=2 type2=1 attribowner2=2,expr1
AB::HardwareMaker::2.0,/obj/AnalysisHolder/probe_63/CreateNutsBoltsWashers/tube1,tube,,2,3,medium,type=1 cap=1 cols=6,height rad2
AB::HardwareMaker::2.0,/obj/AnalysisHolder/probe_63/CreateNutsBoltsWashers/tube2,tube,,4,2,medium,type=1 cap=1,cols height rad1 rad2
AB::HardwareMaker::2.0,/obj/AnalysisHolder/probe_63/CreateNutsBoltsWashers/tube3,tube,,4,2,medium,type=1 cap=1,cols height rad1 rad2
AB::HardwareMaker::2.0,/obj/AnalysisHolder/probe_63/CreateNutsBoltsWashers/transform3,xform,s,2,2,high,sx=0 parmgroup_pivotxform=1,sy sz
AB::HardwareMaker::2.0,/obj/AnalysisHolder/probe_63/CreateNutsBoltsWashers/XformEstablishFinalSize,xform,,1,1,medium,parmgroup_pivotxform=1,scale
AB::HardwareMaker::2.0,/obj/AnalysisHolder/probe_63/CreateNutsBoltsWashers/box1,box,,3,5,medium,type=1 ry=45 divrate1=2 divrate2=2 divrate3=2,sizex sizey sizez
AB::HardwareMaker::2.0,/obj/AnalysisHolder/probe_63/CreateNutsBoltsWashers/polybevel4,polybevel::3.0,,3,6,medium,grouptype=3 profileramp1value=0.5 profileramp1interp=2 profileramp2pos=1 profileramp2value=0.5 profileramp2interp=2,divisions filletshape offset
AB::HardwareMaker::2.0,/obj/AnalysisHolder/probe_63/CreateNutsBoltsWashers/ColorBolt,color,,3,5,medium,class=3 ramp2pos=1 ramp2cr=1 ramp2cg=1 ramp2cb=1,colorb colorg colorr
AB::HardwareMaker::2.0,/obj/AnalysisHolder/probe_63/CreateNutsBoltsWashers/ColorMetalPlate,color,,3,5,medium,class=3 ramp2pos=1 ramp2cr=1 ramp2cg=1 ramp2cb=1,colorb colorg colorr
AB::HardwareMaker::2.0,/obj/AnalysisHolder/probe_63/CreateNutsBoltsWashers/ColorWasher,color,,3,5,medium,class=3 ramp2pos=1 ramp2cr=1 ramp2cg=1 ramp2cb=1,colorb colorg colorr
AB::HardwareMaker::2.0,/obj/AnalysisHolder/probe_63/CreateNutsBoltsWashers/ColorNut,color,,3,5,medium,class=3 ramp2pos=1 ramp2cr=1 ramp2cg=1 ramp2cb=1,colorb colorg colorr
AB::HardwareMaker::2.0,/obj/AnalysisHolder/probe_63/CreateRivets/Rivet_001/transform7,xform,,1,1,medium,parmgroup_pivotxform=1,scale
AB::HardwareMaker::2.0,/obj/AnalysisHolder/probe_63/CreateRivets/Rivet_001/transform8,xform,s,2,9,high,tx=0 ty=0 tz=0 sx=0 parmgroup_pivotxform=1 px=0 py=0 pz=0 addattrib=1,sy sz
AB::HardwareMaker::2.0,/obj/AnalysisHolder/probe_63/CreateRivets/Rivet_002/transform8,xform,s,2,9,high,tx=0 ty=0 tz=0 sx=0 parmgroup_pivotxform=1 px=0 py=0 pz=0 addattrib=1,sy sz
AB::HardwareMaker::2.0,/obj/AnalysisHolder/probe_63/CreateRivets/Rivet_003/transform8,xform,s,2,9,high,tx=0 ty=0 tz=0 sx=0 parmgroup_pivotxform=1 px=0 py=0 pz=0 addattrib=1,sy sz
AB::HardwareMaker::2.0,/obj/AnalysisHolder/probe_63/CreateRivets/cross_metal_001/transform1,xform,s,2,2,high,sy=0 parmgroup_pivotxform=1,sx sz
AB::HardwareMaker::2.0,/obj/AnalysisHolder/probe_63/CreateRivets/cross_metal_001/transform4,xform,,1,1,medium,parmgroup_pivotxform=1,scale
AB::HardwareMaker::2.0,/obj/AnalysisHolder/probe_63/Hinges/HingeFancy_001/CreateRivets/color1,color,,3,5,medium,class=3 ramp2pos=1 ramp2cr=1 ramp2cg=1 ramp2cb=1,colorb colorg colorr
AB::HardwareMaker::2.0,/obj/AnalysisHolder/probe_63/Hinges/HingeFancy_001/CreateHinge/color1,color,,3,5,medium,class=3 ramp2pos=1 ramp2cr=1 ramp2cg=1 ramp2cb=1,colorb colorg colorr
AB::HardwareMaker::2.0,/obj/AnalysisHolder/probe_63/Hinges/HingeFancy_002/transform3,xform,s,2,2,high,sx=0 parmgroup_pivotxform=1,sy sz
AB::HardwareMaker::2.0,/obj/AnalysisHolder/probe_63/Hinges/HingeFancy_002/color1,color,,3,5,medium,class=3 ramp2pos=1 ramp2cr=1 ramp2cg=1 ramp2cb=1,colorb colorg colorr
AB::HardwareMaker::2.0,/obj/AnalysisHolder/probe_63/transform1,xform,,1,5,medium,tz=0 parmgroup_pivotxform=1 px=0 py=0 pz=0,scale
AB::HardwareMaker::2.0,/obj/AnalysisHolder/probe_63/CreateLocks/Lock_001/polybevel11,polybevel::3.0,,2,6,medium,grouptype=2 profileramp1value=0.5 profileramp1interp=2 profileramp2pos=1 profileramp2value=0.5 profileramp2interp=2,divisions offset
AB::HardwareMaker::2.0,/obj/AnalysisHolder/probe_63/CreateLocks/Lock_001/polyextrude15,polyextrude::2.0,,1,11,medium,dist=0.005 thicknessramp1value=1 thicknessramp1interp=2 thicknessramp2pos=1 thicknessramp2value=1 thicknessramp2interp=2 twistramp1value=0.5 twistramp1interp=2 twistramp2pos=1 twistramp2value=0.5 twistramp2interp=2,inset
AB::HardwareMaker::2.0,/obj/AnalysisHolder/probe_63/CreateLocks/Lock_001/divide3,divide,,2,1,medium,numsides=4,sizey sizez
AB::HardwareMaker::2.0,/obj/AnalysisHolder/probe_63/CreateLocks/Lock_001/transform1,xform,s,2,2,high,sx=0 parmgroup_pivotxform=1,sy sz
AB::HayBaleGenerator::1.0,/obj/AnalysisHolder/probe_64/knife2,knife,,1,2,medium,dirx=1 diry=0,originx
AB::HayBaleGenerator::1.0,/obj/AnalysisHolder/probe_64/knife4,knife,,1,2,medium,dirx=1 diry=0,originx
AB::HayBaleGenerator::1.0,/obj/AnalysisHolder/probe_64/knife6,knife,,1,3,medium,knifeop=1 dirx=1 diry=0,originx
AB::HayBaleGenerator::1.0,/obj/AnalysisHolder/probe_64/knife7,knife,,1,2,medium,dirx=1 diry=0,originx
AB::HayBaleGenerator::1.0,/obj/AnalysisHolder/probe_64/color2,color,,3,4,medium,ramp2pos=1 ramp2cr=1 ramp2cg=1 ramp2cb=1,colorb colorg colorr
AB::HayBaleGenerator::1.0,/obj/AnalysisHolder/probe_64/mats/hay,principledshader::2.0,,5,4,medium,emitint=1 emitcolorr=0 emitcolorg=0 emitcolorb=0,baseBump_useTexture baseNormal_useTexture shop_disable_displace_shader specular_tint vm_displacebound
AB::HayBaleGenerator::1.0,/obj/AnalysisHolder/probe_64/mats/metal,principledshader::2.0,,5,4,medium,emitint=1 emitcolorr=0 emitcolorg=0 emitcolorb=0,baseBump_useTexture baseNormal_useTexture shop_disable_displace_shader specular_tint vm_displacebound
AB::HighwaySignGenerator::5.0,/obj/AnalysisHolder/probe_65/HighwaySigns/HwyStyle_01/CreateSigns/resample1,resample,,1,2,medium,dolength=0 dosegs=1,segs
AB::HighwaySignGenerator::5.0,/obj/AnalysisHolder/probe_65/HighwaySigns/HwyStyle_01/CreateSigns/transform7,xform,,1,1,medium,parmgroup_pivotxform=1,ty
AB::HighwaySignGenerator::5.0,/obj/AnalysisHolder/probe_65/HighwaySigns/HwyStyle_01/CreateSigns/SignHighway1,AB::SignHighway::2.0,,14,2,medium,HwySignWidth=3.7006 HwySignHeight=3,MaterialStyle MetalSupportColorb MetalSupportColorg MetalSupportColorr SignBackColorb SignBackColorg SignBackColorr SignFrontColorb SignFrontColorg SignFrontColorr UVLayoutOn WhiteReflectiveColorb WhiteReflectiveColorg WhiteReflectiveColorr
AB::HighwaySignGenerator::5.0,/obj/AnalysisHolder/probe_65/HighwaySigns/HwyStyle_01/CreateSigns/SignHighway1/Parts/LightSign_001/polyextrude2,polyextrude::2.0,,1,12,medium,outputfrontgrp=1 outputsidegrp=1 thicknessramp1value=1 thicknessramp1interp=2 thicknessramp2pos=1 thicknessramp2value=1 thicknessramp2interp=2 twistramp1value=0.5 twistramp1interp=2 twistramp2pos=1 twistramp2value=0.5 twistramp2interp=2,dist
AB::HighwaySignGenerator::5.0,/obj/AnalysisHolder/probe_65/HighwaySigns/HwyStyle_01/CreateSigns/SignHighway1/Parts/LightSign_001/polybevel2,polybevel::3.0,,1,6,medium,grouptype=2 profileramp1value=0.5 profileramp1interp=2 profileramp2pos=1 profileramp2value=0.5 profileramp2interp=2,offset
AB::HighwaySignGenerator::5.0,/obj/AnalysisHolder/probe_65/HighwaySigns/HwyStyle_01/CreateSigns/SignHighway1/Parts/LightSign_001/transform3,xform,t,1,2,high,ty=0 parmgroup_pivotxform=1,tz
AB::HighwaySignGenerator::5.0,/obj/AnalysisHolder/probe_65/HighwaySigns/HwyStyle_01/CreateSigns/SignHighway1/Parts/LightSign_001/polyextrude6,polyextrude::2.0,,1,11,medium,outputfrontgrp=1 thicknessramp1value=1 thicknessramp1interp=2 thicknessramp2pos=1 thicknessramp2value=1 thicknessramp2interp=2 twistramp1value=0.5 twistramp1interp=2 twistramp2pos=1 twistramp2value=0.5 twistramp2interp=2,dist
AB::HighwaySignGenerator::5.0,/obj/AnalysisHolder/probe_65/HighwaySigns/HwyStyle_01/CreateSigns/SignHighway1/grid1,grid,,2,4,medium,orient=0 ry=180 rows=2 cols=2,sizex sizey
AB::HighwaySignGenerator::5.0,/obj/AnalysisHolder/probe_65/HighwaySigns/HwyStyle_01/CreateSigns/SignHighway1/polyextrude1,polyextrude::2.0,,1,11,medium,outputback=1 thicknessramp1value=1 thicknessramp1interp=2 thicknessramp2pos=1 thicknessramp2value=1 thicknessramp2interp=2 twistramp1value=0.5 twistramp1interp=2 twistramp2pos=1 twistramp2value=0.5 twistramp2interp=2,dist
AB::HighwaySignGenerator::5.0,/obj/AnalysisHolder/probe_65/HighwaySigns/HwyStyle_01/CreateSigns/SignHighway1/transform7,xform,,1,1,medium,parmgroup_pivotxform=1,tx
AB::HighwaySignGenerator::5.0,/obj/AnalysisHolder/probe_65/HighwaySigns/HwyStyle_01/CreateSigns/SignHighway1/polyextrude3,polyextrude::2.0,,1,11,medium,outputback=1 thicknessramp1value=1 thicknessramp1interp=2 thicknessramp2pos=1 thicknessramp2value=1 thicknessramp2interp=2 twistramp1value=0.5 twistramp1interp=2 twistramp2pos=1 twistramp2value=0.5 twistramp2interp=2,dist
AB::HighwaySignGenerator::5.0,/obj/AnalysisHolder/probe_65/HighwaySigns/HwyStyle_01/CreateSigns/SignHighway1/color1,color,,3,5,medium,class=3 ramp2pos=1 ramp2cr=1 ramp2cg=1 ramp2cb=1,colorb colorg colorr
AB::HighwaySignGenerator::5.0,/obj/AnalysisHolder/probe_65/HighwaySigns/HwyStyle_01/CreateSigns/SignHighway1/color2,color,,3,5,medium,class=3 ramp2pos=1 ramp2cr=1 ramp2cg=1 ramp2cb=1,colorb colorg colorr
AB::HighwaySignGenerator::5.0,/obj/AnalysisHolder/probe_65/HighwaySigns/HwyStyle_01/CreateSigns/SignHighway1/color3,color,,3,5,medium,class=3 ramp2pos=1 ramp2cr=1 ramp2cg=1 ramp2cb=1,colorb colorg colorr
AB::HighwaySignGenerator::5.0,/obj/AnalysisHolder/probe_65/HighwaySigns/HwyStyle_01/CreateSigns/SignHighway1/color4,color,,3,5,medium,class=3 ramp2pos=1 ramp2cr=1 ramp2cg=1 ramp2cb=1,colorb colorg colorr
AB::HighwaySignGenerator::5.0,/obj/AnalysisHolder/probe_65/HighwaySigns/HwyStyle_01/CreateSigns/SignHighway1/color5,color,,3,5,medium,class=3 ramp2pos=1 ramp2cr=1 ramp2cg=1 ramp2cb=1,colorb colorg colorr
AB::HighwaySignGenerator::5.0,/obj/AnalysisHolder/probe_65/HighwaySigns/HwyStyle_01/CreateSigns/SignHighway1/transform10,xform,,1,3,medium,parmgroup_pivotxform=1 px=0 pz=0,ty
AB::HighwaySignGenerator::5.0,/obj/AnalysisHolder/probe_65/HighwaySigns/HwyStyle_01/CreateSigns/SignHighway1/grid2,grid,,2,3,medium,ry=180 rows=2 cols=2,sizex sizey
AB::HighwaySignGenerator::5.0,/obj/AnalysisHolder/probe_65/HighwaySigns/HwyStyle_01/CreateSigns/SignHighway1/bound1,bound,maxpad,2,3,high,minpadx=1 minpady=1 maxpadx=1,maxpady minsizez
AB::HighwaySignGenerator::5.0,/obj/AnalysisHolder/probe_65/HighwaySigns/HwyStyle_01/CreateSigns/SignHighway1/transform12,xform,,1,1,medium,parmgroup_pivotxform=1,ty
AB::HighwaySignGenerator::5.0,/obj/AnalysisHolder/probe_65/HighwaySigns/HwyStyle_01/CreateSigns/SignHighway1/polyextrude8,polyextrude::2.0,,1,12,medium,outputfrontgrp=1 outputsidegrp=1 thicknessramp1value=1 thicknessramp1interp=2 thicknessramp2pos=1 thicknessramp2value=1 thicknessramp2interp=2 twistramp1value=0.5 twistramp1interp=2 twistramp2pos=1 twistramp2value=0.5 twistramp2interp=2,inset
AB::HighwaySignGenerator::5.0,/obj/AnalysisHolder/probe_65/HighwaySigns/HwyStyle_01/CreateSigns/SignHighway1/polyextrude9,polyextrude::2.0,,1,11,medium,outputback=1 thicknessramp1value=1 thicknessramp1interp=2 thicknessramp2pos=1 thicknessramp2value=1 thicknessramp2interp=2 twistramp1value=0.5 twistramp1interp=2 twistramp2pos=1 twistramp2value=0.5 twistramp2interp=2,dist
AB::HighwaySignGenerator::5.0,/obj/AnalysisHolder/probe_65/HighwaySigns/HwyStyle_01/CreateSigns/SignHighway1/transform14,xform,,1,1,medium,parmgroup_pivotxform=1,ty
AB::HighwaySignGenerator::5.0,/obj/AnalysisHolder/probe_65/HighwaySigns/HwyStyle_01/CreateSigns/SignHighway1/grid3,grid,,2,6,medium,sizex=3.6406 sizey=0.54 tx=0 ty=-1.55 tz=0.3 ry=180,cols rows
AB::HighwaySignGenerator::5.0,/obj/AnalysisHolder/probe_65/HighwaySigns/HwyStyle_01/CreateSigns/SignHighway1/polyextrude11,polyextrude::2.0,,1,11,medium,outputback=1 thicknessramp1value=1 thicknessramp1interp=2 thicknessramp2pos=1 thicknessramp2value=1 thicknessramp2interp=2 twistramp1value=0.5 twistramp1interp=2 twistramp2pos=1 twistramp2value=0.5 twistramp2interp=2,dist
AB::HighwaySignGenerator::5.0,/obj/AnalysisHolder/probe_65/HighwaySigns/HwyStyle_01/CreateSigns/SignHighway1/polywire1,polywire,,1,1,medium,div=44,radius
AB::HighwaySignGenerator::5.0,/obj/AnalysisHolder/probe_65/HighwaySigns/HwyStyle_01/CreateSigns/SignHighway1/color6,color,,3,5,medium,class=3 ramp2pos=1 ramp2cr=1 ramp2cg=1 ramp2cb=1,colorb colorg colorr
AB::HighwaySignGenerator::5.0,/obj/AnalysisHolder/probe_65/HighwaySigns/HwyStyle_01/CreateSigns/SignHighway1/color7,color,,3,5,medium,class=3 ramp2pos=1 ramp2cr=1 ramp2cg=1 ramp2cb=1,colorb colorg colorr
AB::HighwaySignGenerator::5.0,/obj/AnalysisHolder/probe_65/HighwaySigns/HwyStyle_01/CreateSigns/SignHighway1/color8,color,,3,5,medium,class=3 ramp2pos=1 ramp2cr=1 ramp2cg=1 ramp2cb=1,colorb colorg colorr
AB::HighwaySignGenerator::5.0,/obj/AnalysisHolder/probe_65/HighwaySigns/HwyStyle_01/CreateSigns/SignHighway1/color9,color,,3,5,medium,class=3 ramp2pos=1 ramp2cr=1 ramp2cg=1 ramp2cb=1,colorb colorg colorr
AB::HighwaySignGenerator::5.0,/obj/AnalysisHolder/probe_65/HighwaySigns/HwyStyle_01/CreateSigns/SignHighway1/color10,color,,3,5,medium,class=3 ramp2pos=1 ramp2cr=1 ramp2cg=1 ramp2cb=1,colorb colorg colorr
AB::HighwaySignGenerator::5.0,/obj/AnalysisHolder/probe_65/HighwaySigns/HwyStyle_01/CreateSigns/divide1,divide,size,2,3,high,convex=0 brick=1 sizex=0.25,sizey sizez
AB::HighwaySignGenerator::5.0,/obj/AnalysisHolder/probe_65/HighwaySigns/HwyStyle_01/CreateSigns/transform5,xform,s,2,9,high,tx=0 ty=0 tz=0 sy=0 parmgroup_pivotxform=1 px=0 py=0 pz=0 addattrib=1,sx sz
AB::HighwaySignGenerator::5.0,/obj/AnalysisHolder/probe_65/HighwaySigns/HwyStyle_01/CreateSigns/transform8,xform,s,2,9,high,tx=0 ty=0 tz=0 sy=0 parmgroup_pivotxform=1 px=0 py=0 pz=0 addattrib=1,sx sz
AB::HighwaySignGenerator::5.0,/obj/AnalysisHolder/probe_65/HighwaySigns/HwyStyle_01/CreateSigns/transform9,xform,s,2,9,high,tx=0 ty=0 tz=0 sy=0 parmgroup_pivotxform=1 px=0 py=0 pz=0 addattrib=1,sx sz
AB::HighwaySignGenerator::5.0,/obj/AnalysisHolder/probe_65/HighwaySigns/HwyStyle_01/CreateSigns/transform10,xform,s,2,9,high,tx=0 ty=0 tz=0 sy=0 parmgroup_pivotxform=1 px=0 py=0 pz=0 addattrib=1,sx sz
AB::HighwaySignGenerator::5.0,/obj/AnalysisHolder/probe_65/HighwaySigns/HwyStyle_01/CreateSupportBrackets/circle4,circle,,2,3,medium,type=1 reverse=0 order=2,divs scale
AB::HighwaySignGenerator::5.0,/obj/AnalysisHolder/probe_65/HighwaySigns/HwyStyle_01/CreateSupportBrackets/copy2,copyxform,,1,1,medium,ry=180,tx
AB::HighwaySignGenerator::5.0,/obj/AnalysisHolder/probe_65/HighwaySigns/HwyStyle_01/CreateSupportBrackets/color1,color,,3,5,medium,class=3 ramp2pos=1 ramp2cr=1 ramp2cg=1 ramp2cb=1,colorb colorg colorr
AB::HighwaySignGenerator::5.0,/obj/AnalysisHolder/probe_65/HighwaySigns/HwyStyle_01/CreateMainTube/line1,line,,1,2,medium,type=1 order=2,dist
AB::HighwaySignGenerator::5.0,/obj/AnalysisHolder/probe_65/HighwaySigns/HwyStyle_01/CreateMainTube/circle1,circle,,1,7,medium,type=2 reverse=0 ry=180 order=2 divs=100 arc=1 endangle=90,scale
AB::HighwaySignGenerator::5.0,/obj/AnalysisHolder/probe_65/HighwaySigns/HwyStyle_01/CreateMainTube/transform1,xform,t,1,2,high,tx=0 parmgroup_pivotxform=1,ty
AB::HighwaySignGenerator::5.0,/obj/AnalysisHolder/probe_65/HighwaySigns/HwyStyle_01/CreateMainTube/XformCreateSignWidth,xform,,1,2,medium,ry=180 parmgroup_pivotxform=1,tx
AB::HighwaySignGenerator::5.0,/obj/AnalysisHolder/probe_65/HighwaySigns/HwyStyle_01/CreateMainTube/circleMaster,circle,,1,7,medium,type=2 reverse=0 radx=1 rady=1 order=2 divs=24 arc=1,scale
AB::HighwaySignGenerator::5.0,/obj/AnalysisHolder/probe_65/HighwaySigns/HwyStyle_01/CreateMainTube/line2,line,,1,3,medium,originy=8 dirx=1 diry=0,dist
AB::HighwaySignGenerator::5.0,/obj/AnalysisHolder/probe_65/HighwaySigns/HwyStyle_01/CreateMainTube/transform3,xform,t,1,2,high,tx=10 parmgroup_pivotxform=1,tz
AB::HighwaySignGenerator::5.0,/obj/AnalysisHolder/probe_65/HighwaySigns/HwyStyle_01/CreateMainTube/color1,color,,3,5,medium,class=3 ramp2pos=1 ramp2cr=1 ramp2cg=1 ramp2cb=1,colorb colorg colorr
AB::HighwaySignGenerator::5.0,/obj/AnalysisHolder/probe_65/HighwaySigns/HwyStyle_01/CreateMainTube/XformCreateSignWidth1,xform,,1,2,medium,ry=180 parmgroup_pivotxform=1,tx
AB::HighwaySignGenerator::5.0,/obj/AnalysisHolder/probe_65/HighwaySigns/HwyStyle_01/CreateMainTube/transform4,xform,,1,1,medium,parmgroup_pivotxform=1,tz
AB::HighwaySignGenerator::5.0,/obj/AnalysisHolder/probe_65/HighwaySigns/HwyStyle_01/CreateFooter/circle3,circle,,2,4,medium,type=1 orient=2 reverse=0 order=2,divs scale
AB::HighwaySignGenerator::5.0,/obj/AnalysisHolder/probe_65/HighwaySigns/HwyStyle_01/CreateFooter/polyextrude1,polyextrude::2.0,,1,10,medium,thicknessramp1value=1 thicknessramp1interp=2 thicknessramp2pos=1 thicknessramp2value=1 thicknessramp2interp=2 twistramp1value=0.5 twistramp1interp=2 twistramp2pos=1 twistramp2value=0.5 twistramp2interp=2,dist
AB::HighwaySignGenerator::5.0,/obj/AnalysisHolder/probe_65/HighwaySigns/HwyStyle_01/CreateFooter/polyextrude2,polyextrude::2.0,,1,11,medium,outputback=1 thicknessramp1value=1 thicknessramp1interp=2 thicknessramp2pos=1 thicknessramp2value=1 thicknessramp2interp=2 twistramp1value=0.5 twistramp1interp=2 twistramp2pos=1 twistramp2value=0.5 twistramp2interp=2,dist
AB::HighwaySignGenerator::5.0,/obj/AnalysisHolder/probe_65/HighwaySigns/HwyStyle_01/CreateFooter/polybevel2,polybevel::3.0,,1,6,medium,grouptype=2 profileramp1value=0.5 profileramp1interp=2 profileramp2pos=1 profileramp2value=0.5 profileramp2interp=2,offset
AB::HighwaySignGenerator::5.0,/obj/AnalysisHolder/probe_65/HighwaySigns/HwyStyle_01/CreateFooter/polybevel3,polybevel::3.0,,3,6,medium,grouptype=2 profileramp1value=0.5 profileramp1interp=2 profileramp2pos=1 profileramp2value=0.5 profileramp2interp=2,divisions filletshape offset
AB::HighwaySignGenerator::5.0,/obj/AnalysisHolder/probe_65/HighwaySigns/HwyStyle_01/CreateFooter/circle1,circle,,1,7,medium,type=1 orient=2 reverse=0 radx=1 rady=1 ry=180 divs=24,scale
AB::HighwaySignGenerator::5.0,/obj/AnalysisHolder/probe_65/HighwaySigns/HwyStyle_01/CreateFooter/copy2,copyxform,,1,1,medium,ncy=9,ry
AB::HighwaySignGenerator::5.0,/obj/AnalysisHolder/probe_65/HighwaySigns/HwyStyle_01/CreateFooter/color1,color,,3,5,medium,class=3 ramp2pos=1 ramp2cr=1 ramp2cg=1 ramp2cb=1,colorb colorg colorr
AB::HighwaySignGenerator::5.0,/obj/AnalysisHolder/probe_65/HighwaySigns/HwyStyle_01/CreateFooter/color2,color,,3,5,medium,class=3 ramp2pos=1 ramp2cr=1 ramp2cg=1 ramp2cb=1,colorb colorg colorr
AB::HighwaySignGenerator::5.0,/obj/AnalysisHolder/probe_65/HighwaySigns/HwyStyle_01/CreateFooter/color3,color,,3,5,medium,class=3 ramp2pos=1 ramp2cr=1 ramp2cg=1 ramp2cb=1,colorb colorg colorr
AB::HighwaySignGenerator::5.0,/obj/AnalysisHolder/probe_65/HighwaySigns/HwyStyle_01/CreateFooter/color4,color,,3,5,medium,class=3 ramp2pos=1 ramp2cr=1 ramp2cg=1 ramp2cb=1,colorb colorg colorr
AB::HighwaySignGenerator::5.0,/obj/AnalysisHolder/probe_65/HighwaySigns/HwyStyle_01/CreateFooter/divide1,divide,,2,1,medium,numsides=4,sizey sizez
AB::HighwaySignGenerator::5.0,/obj/AnalysisHolder/probe_65/HighwaySigns/HwyStyle_01/transform3,xform,,1,1,medium,parmgroup_pivotxform=1,ty
AB::HighwaySignGenerator::5.0,/obj/AnalysisHolder/probe_65/HighwaySigns/HwyStyle_02/CreateFooter/circle3,circle,,1,5,medium,type=1 orient=2 reverse=0 order=2 divs=24,scale
AB::HighwaySignGenerator::5.0,/obj/AnalysisHolder/probe_65/HighwaySigns/HwyStyle_02/CreateFooter/polyextrude1,polyextrude::2.0,,1,10,medium,thicknessramp1value=1 thicknessramp1interp=2 thicknessramp2pos=1 thicknessramp2value=1 thicknessramp2interp=2 twistramp1value=0.5 twistramp1interp=2 twistramp2pos=1 twistramp2value=0.5 twistramp2interp=2,dist
AB::HighwaySignGenerator::5.0,/obj/AnalysisHolder/probe_65/HighwaySigns/HwyStyle_02/CreateFooter/polyextrude2,polyextrude::2.0,,1,11,medium,outputback=1 thicknessramp1value=1 thicknessramp1interp=2 thicknessramp2pos=1 thicknessramp2value=1 thicknessramp2interp=2 twistramp1value=0.5 twistramp1interp=2 twistramp2pos=1 twistramp2value=0.5 twistramp2interp=2,dist
AB::HighwaySignGenerator::5.0,/obj/AnalysisHolder/probe_65/HighwaySigns/HwyStyle_02/CreateFooter/polybevel2,polybevel::3.0,,1,6,medium,grouptype=2 profileramp1value=0.5 profileramp1interp=2 profileramp2pos=1 profileramp2value=0.5 profileramp2interp=2,offset
AB::HighwaySignGenerator::5.0,/obj/AnalysisHolder/probe_65/HighwaySigns/HwyStyle_02/CreateFooter/polybevel3,polybevel::3.0,,3,6,medium,grouptype=2 profileramp1value=0.5 profileramp1interp=2 profileramp2pos=1 profileramp2value=0.5 profileramp2interp=2,divisions filletshape offset
AB::HighwaySignGenerator::5.0,/obj/AnalysisHolder/probe_65/HighwaySigns/HwyStyle_02/CreateFooter/circle1,circle,,1,7,medium,type=1 orient=2 reverse=0 radx=1 rady=1 ry=180 divs=24,scale
AB::HighwaySignGenerator::5.0,/obj/AnalysisHolder/probe_65/HighwaySigns/HwyStyle_02/CreateFooter/transform7,xform,t,1,2,high,ty=0 parmgroup_pivotxform=1,tz
AB::HighwaySignGenerator::5.0,/obj/AnalysisHolder/probe_65/HighwaySigns/HwyStyle_02/CreateFooter/copy2,copyxform,,1,1,medium,ncy=9,ry
AB::HighwaySignGenerator::5.0,/obj/AnalysisHolder/probe_65/HighwaySigns/HwyStyle_02/CreateFooter/color1,color,,3,5,medium,class=3 ramp2pos=1 ramp2cr=1 ramp2cg=1 ramp2cb=1,colorb colorg colorr
AB::HighwaySignGenerator::5.0,/obj/AnalysisHolder/probe_65/HighwaySigns/HwyStyle_02/CreateFooter/color2,color,,3,5,medium,class=3 ramp2pos=1 ramp2cr=1 ramp2cg=1 ramp2cb=1,colorb colorg colorr
AB::HighwaySignGenerator::5.0,/obj/AnalysisHolder/probe_65/HighwaySigns/HwyStyle_02/CreateFooter/color3,color,,3,5,medium,class=3 ramp2pos=1 ramp2cr=1 ramp2cg=1 ramp2cb=1,colorb colorg colorr
AB::HighwaySignGenerator::5.0,/obj/AnalysisHolder/probe_65/HighwaySigns/HwyStyle_02/CreateFooter/color4,color,,3,5,medium,class=3 ramp2pos=1 ramp2cr=1 ramp2cg=1 ramp2cb=1,colorb colorg colorr
AB::HighwaySignGenerator::5.0,/obj/AnalysisHolder/probe_65/HighwaySigns/HwyStyle_02/CreateFooter/divide1,divide,,2,1,medium,numsides=4,sizey sizez
AB::HighwaySignGenerator::5.0,/obj/AnalysisHolder/probe_65/HighwaySigns/HwyStyle_02/CreateStructure/grid1,grid,,2,4,medium,orient=0 ry=180 rows=2 cols=6,sizex sizey
AB::HighwaySignGenerator::5.0,/obj/AnalysisHolder/probe_65/HighwaySigns/HwyStyle_02/CreateStructure/transform4,xform,t,1,2,high,tz=0 parmgroup_pivotxform=1,tx
AB::HighwaySignGenerator::5.0,/obj/AnalysisHolder/probe_65/HighwaySigns/HwyStyle_02/CreateStructure/transform6,xform,,2,2,medium,grouptype=3 parmgroup_pivotxform=1,tx ty
AB::HighwaySignGenerator::5.0,/obj/AnalysisHolder/probe_65/HighwaySigns/HwyStyle_02/CreateStructure/transform9,xform,,1,1,medium,parmgroup_pivotxform=1,tz
AB::HighwaySignGenerator::5.0,/obj/AnalysisHolder/probe_65/HighwaySigns/HwyStyle_02/CreateStructure/circle1,circle,,1,6,medium,type=2 orient=2 reverse=0 ry=180 order=2 divs=24,scale
AB::HighwaySignGenerator::5.0,/obj/AnalysisHolder/probe_65/HighwaySigns/HwyStyle_02/CreateStructure/transform11,xform,,1,1,medium,parmgroup_pivotxform=1,ty
AB::HighwaySignGenerator::5.0,/obj/AnalysisHolder/probe_65/HighwaySigns/HwyStyle_02/CreateStructure/transform12,xform,,1,1,medium,parmgroup_pivotxform=1,ty
AB::HighwaySignGenerator::5.0,/obj/AnalysisHolder/probe_65/HighwaySigns/HwyStyle_02/CreateStructure/transform15,xform,,1,1,medium,parmgroup_pivotxform=1,tx
AB::HighwaySignGenerator::5.0,/obj/AnalysisHolder/probe_65/HighwaySigns/HwyStyle_02/CreateStructure/transform17,xform,,1,1,medium,parmgroup_pivotxform=1,tx
AB::HighwaySignGenerator::5.0,/obj/AnalysisHolder/probe_65/HighwaySigns/HwyStyle_02/CreateStructure/CreateSigns/resample1,resample,,1,2,medium,dolength=0 dosegs=1,segs
AB::HighwaySignGenerator::5.0,/obj/AnalysisHolder/probe_65/HighwaySigns/HwyStyle_02/CreateStructure/CreateSigns/transform7,xform,,1,1,medium,parmgroup_pivotxform=1,ty
AB::HighwaySignGenerator::5.0,/obj/AnalysisHolder/probe_65/HighwaySigns/HwyStyle_02/CreateStructure/CreateSigns/line1,line,,2,2,medium,dirx=1 diry=0,dist originx
AB::HighwaySignGenerator::5.0,/obj/AnalysisHolder/probe_65/HighwaySigns/HwyStyle_02/CreateStructure/CreateSigns/SignHighway1,AB::SignHighway::2.0,,13,2,medium,HwySignWidth=5.33705 HwySignHeight=3,MaterialStyle MetalSupportColorb MetalSupportColorg MetalSupportColorr SignBackColorb SignBackColorg SignBackColorr SignFrontColorb SignFrontColorg SignFrontColorr WhiteReflectiveColorb WhiteReflectiveColorg WhiteReflectiveColorr
AB::HighwaySignGenerator::5.0,/obj/AnalysisHolder/probe_65/HighwaySigns/HwyStyle_02/CreateStructure/polyextrude3,polyextrude::2.0,,1,10,medium,thicknessramp1value=1 thicknessramp1interp=2 thicknessramp2pos=1 thicknessramp2value=1 thicknessramp2interp=2 twistramp1value=0.5 twistramp1interp=2 twistramp2pos=1 twistramp2value=0.5 twistramp2interp=2,dist
AB::HighwaySignGenerator::5.0,/obj/AnalysisHolder/probe_65/HighwaySigns/HwyStyle_02/CreateStructure/polyextrude5,polyextrude::2.0,,1,12,medium,outputfront=0 outputsidegrp=1 thicknessramp1value=1 thicknessramp1interp=2 thicknessramp2pos=1 thicknessramp2value=1 thicknessramp2interp=2 twistramp1value=0.5 twistramp1interp=2 twistramp2pos=1 twistramp2value=0.5 twistramp2interp=2,inset
AB::HighwaySignGenerator::5.0,/obj/AnalysisHolder/probe_65/HighwaySigns/HwyStyle_02/CreateStructure/polyextrude7,polyextrude::2.0,,1,11,medium,outputfront=0 thicknessramp1value=1 thicknessramp1interp=2 thicknessramp2pos=1 thicknessramp2value=1 thicknessramp2interp=2 twistramp1value=0.5 twistramp1interp=2 twistramp2pos=1 twistramp2value=0.5 twistramp2interp=2,dist
AB::HighwaySignGenerator::5.0,/obj/AnalysisHolder/probe_65/HighwaySigns/HwyStyle_02/CreateStructure/transform21,xform,,1,1,medium,parmgroup_pivotxform=1,tx
AB::HighwaySignGenerator::5.0,/obj/AnalysisHolder/probe_65/HighwaySigns/HwyStyle_02/CreateStructure/grid2,grid,size,1,4,high,sizey=1.1 ry=180 rows=2 cols=2,sizex
AB::HighwaySignGenerator::5.0,/obj/AnalysisHolder/probe_65/HighwaySigns/HwyStyle_02/CreateStructure/circle2,circle,,1,6,medium,type=2 orient=2 reverse=0 ry=180 order=2 divs=24,scale
AB::HighwaySignGenerator::5.0,/obj/AnalysisHolder/probe_65/HighwaySigns/HwyStyle_02/CreateStructure/MetalExtrusionMaker3,AB::MetalExtrusionMaker::2.0,,3,2,medium,axis=2 pivot=2,height thick width
AB::HighwaySignGenerator::5.0,/obj/AnalysisHolder/probe_65/HighwaySigns/HwyStyle_02/TrafficAttachPts,add,,2,1,medium,points=1,pt0y pt0z
AB::HighwaySignGenerator::5.0,/obj/AnalysisHolder/probe_65/HighwaySigns/HwyStyle_02/PrimarySignLib,AB::SignLibrary::1.0,,3,1,medium,Thickness=0.006,SetFilter ShapeFilter Sign
AB::HighwaySignGenerator::5.0,/obj/AnalysisHolder/probe_65/HighwaySigns/HwyStyle_02/SecondarySignLib,AB::SignLibrary::1.0,,3,1,medium,Thickness=0.006,SetFilter ShapeFilter Sign
AB::HighwaySignGenerator::5.0,/obj/AnalysisHolder/probe_65/CurveTypes/add1,add,pt10 pt7,13,6,high,points=12 pt5y=1 pt6x=1 pt6y=1 pt7x=1 pt10x=1,pt10y pt11x pt1y pt2x pt2y pt3x pt3y pt4y pt7y pt8x pt8y pt9x pt9y
AB::HighwaySignGenerator::5.0,/obj/AnalysisHolder/probe_65/CurveTypes/add3,add,pt2 pt6,8,5,high,points=8 pt1y=1 pt2x=1 pt6x=1 pt7x=1,pt2y pt3x pt3y pt4x pt4y pt5x pt5y pt6y
AB::HighwaySignGenerator::5.0,/obj/AnalysisHolder/probe_65/CurveTypes/add5,add,pt2,2,3,high,points=4 pt1y=1 pt2x=1,pt2y pt3x
AB::HighwaySignGenerator::5.0,/obj/AnalysisHolder/probe_65/CurveTypes/add7,add,pt2 pt3 pt4 pt5,8,5,high,points=8 pt2y=1 pt3y=1 pt4x=1 pt5x=1,pt0y pt1y pt2x pt3x pt4y pt5y pt6x pt7x
AB::HighwaySignGenerator::5.0,/obj/AnalysisHolder/probe_65/Parts/LightSign_001/polyextrude2,polyextrude::2.0,,1,12,medium,outputfrontgrp=1 outputsidegrp=1 thicknessramp1value=1 thicknessramp1interp=2 thicknessramp2pos=1 thicknessramp2value=1 thicknessramp2interp=2 twistramp1value=0.5 twistramp1interp=2 twistramp2pos=1 twistramp2value=0.5 twistramp2interp=2,dist
AB::HighwaySignGenerator::5.0,/obj/AnalysisHolder/probe_65/Parts/LightSign_001/polybevel2,polybevel::3.0,,1,6,medium,grouptype=2 profileramp1value=0.5 profileramp1interp=2 profileramp2pos=1 profileramp2value=0.5 profileramp2interp=2,offset
AB::HighwaySignGenerator::5.0,/obj/AnalysisHolder/probe_65/Parts/LightSign_001/transform3,xform,t,1,2,high,ty=0 parmgroup_pivotxform=1,tz
AB::HighwaySignGenerator::5.0,/obj/AnalysisHolder/probe_65/Parts/LightSign_001/polyextrude6,polyextrude::2.0,,1,11,medium,outputfrontgrp=1 thicknessramp1value=1 thicknessramp1interp=2 thicknessramp2pos=1 thicknessramp2value=1 thicknessramp2interp=2 twistramp1value=0.5 twistramp1interp=2 twistramp2pos=1 twistramp2value=0.5 twistramp2interp=2,dist
AB::HighwaySignGenerator::5.0,/obj/AnalysisHolder/probe_65/PrincipledMaterials/mats/SignShape_001,principledshader::2.0,,5,16,medium,diffuse_folder_151=2 folder7=1 folder4=1 folder12=1 folder13=1 folder8=1 folder11=1 folder9=1 basecolorr=0 basecolorg=0.137 basecolorb=0.064 basecolor_usePointColor=0 ior=1.1 rough=0.8 reflect=0.1 emitcolor_useTexture=1,baseBump_useTexture baseNormal_useTexture shop_disable_displace_shader specular_tint vm_displacebound
AB::HighwaySignGenerator::5.0,/obj/AnalysisHolder/probe_65/PrincipledMaterials/mats/MetalGalvanized_01,principledshader::2.0,,5,17,medium,diffuse_folder_151=2 folder7=1 folder4=1 folder12=1 folder13=1 folder8=1 folder11=1 folder9=1 basecolorr=1 basecolorg=1 basecolorb=1 basecolor_usePackedColor=1 rough=0.45 metallic=1 basecolor_useTexture=1 rough_useTexture=1 baseBumpAndNormal_enable=1,baseBump_useTexture baseNormal_useTexture shop_disable_displace_shader specular_tint vm_displacebound
AB::HighwaySignGenerator::5.0,/obj/AnalysisHolder/probe_65/PrincipledMaterials/mats/Emit,principledshader::2.0,,5,10,medium,folder7=1 folder4=1 folder12=1 folder13=1 folder8=1 folder11=1 folder9=1 ior=1.74 rough=0 emitint=2,baseBump_useTexture baseNormal_useTexture shop_disable_displace_shader specular_tint vm_displacebound
AB::HighwaySignGenerator::5.0,/obj/AnalysisHolder/probe_65/PrincipledMaterials/mats/Concrete_01,principledshader::2.0,,5,17,medium,diffuse_folder_151=2 folder7=1 folder4=1 folder12=1 folder13=1 folder8=1 folder11=1 folder9=1 folder54=1 basecolorr=1 basecolorg=1 basecolorb=1 rough=0.98 metallic=1 basecolor_useTexture=1 rough_useTexture=1 baseBumpAndNormal_enable=1,baseBump_useTexture baseNormal_useTexture shop_disable_displace_shader specular_tint vm_displacebound
AB::HighwaySignGenerator::5.0,/obj/AnalysisHolder/probe_65/PrincipledMaterials/mats/SignShape_002,principledshader::2.0,,9,9,medium,folder7=1 folder4=1 folder12=1 folder13=1 folder8=1 folder11=1 folder9=1 basecolor_usePointColor=0 ior=1.1,baseBump_useTexture baseNormal_useTexture basecolorb basecolorg basecolorr rough shop_disable_displace_shader specular_tint vm_displacebound
AB::HighwaySignGenerator::5.0,/obj/AnalysisHolder/probe_65/PrincipledMaterials/mats/SignShape_003,principledshader::2.0,,9,9,medium,folder7=1 folder4=1 folder12=1 folder13=1 folder8=1 folder11=1 folder9=1 basecolor_usePointColor=0 ior=1.1,baseBump_useTexture baseNormal_useTexture basecolorb basecolorg basecolorr rough shop_disable_displace_shader specular_tint vm_displacebound
AB::HighwaySignGenerator::5.0,/obj/AnalysisHolder/probe_65/PrincipledMaterials/mats/SignShape_004,principledshader::2.0,,9,8,medium,folder7=1 folder4=1 folder12=1 folder13=1 folder8=1 folder11=1 folder9=1 ior=1.1,baseBump_useTexture baseNormal_useTexture basecolorb basecolorg basecolorr rough shop_disable_displace_shader specular_tint vm_displacebound
AB::HighwaySignGenerator::5.0,/obj/AnalysisHolder/probe_65/PrincipledMaterials/mats/Metal_GalvanizedRusty_01/MechanicalsMetal,principledshader::2.0,,6,15,medium,diffuse_folder_151=3 folder7=1 folder4=1 folder12=1 folder13=1 folder8=1 folder11=1 folder9=1 basecolorr=1 basecolorg=1 basecolorb=1 rough=0.45 basecolor_useTexture=1 rough_useTexture=1 baseBumpAndNormal_enable=1,baseBump_useTexture baseNormal_useTexture shop_disable_displace_shader specular_tint uvscale2 vm_displacebound
AB::HighwaySignGenerator::5.0,/obj/AnalysisHolder/probe_65/PrincipledMaterials/mats/Metal_GalvanizedRusty_01/surfaceexports1/bind1,bind,,1,4,medium,overridetype=1 useasparmdefiner=1 useownexportcontext=1 exportparm=1,parmname
AB::HighwaySignGenerator::5.0,/obj/AnalysisHolder/probe_65/PrincipledMaterials/mats/Metal_GalvanizedRusty_01/surfaceexports1/bind4,bind,,1,4,medium,overridetype=1 useasparmdefiner=1 useownexportcontext=1 exportparm=1,parmname
AB::HighwaySignGenerator::5.0,/obj/AnalysisHolder/probe_65/PrincipledMaterials/mats/Metal_GalvanizedRusty_01/surfaceexports1/bind5,bind,,1,4,medium,overridetype=1 useasparmdefiner=1 useownexportcontext=1 exportparm=1,parmname
AB::HighwaySignGenerator::5.0,/obj/AnalysisHolder/probe_65/PrincipledMaterials/mats/Metal_GalvanizedRusty_01/surfaceexports1/bind6,bind,,1,4,medium,overridetype=1 useasparmdefiner=1 useownexportcontext=1 exportparm=1,parmname
AB::HighwaySignGenerator::5.0,/obj/AnalysisHolder/probe_65/PrincipledMaterials/mats/Metal_GalvanizedRusty_01/surfaceexports1/bind7,bind,,1,4,medium,overridetype=1 useasparmdefiner=1 useownexportcontext=1 exportparm=1,parmname
AB::HighwaySignGenerator::5.0,/obj/AnalysisHolder/probe_65/PrincipledMaterials/mats/Metal_GalvanizedRusty_01/surfaceexports1/bind8,bind,,1,4,medium,overridetype=1 useasparmdefiner=1 useownexportcontext=1 exportparm=1,parmname
AB::HighwaySignGenerator::5.0,/obj/AnalysisHolder/probe_65/PrincipledMaterials/mats/Metal_GalvanizedRusty_01/surfaceexports1/bind9,bind,,1,4,medium,overridetype=1 useasparmdefiner=1 useownexportcontext=1 exportparm=1,parmname
AB::HighwaySignGenerator::5.0,/obj/AnalysisHolder/probe_65/PrincipledMaterials/mats/Metal_GalvanizedRusty_01/surfaceexports1/bind10,bind,,1,4,medium,overridetype=1 useasparmdefiner=1 useownexportcontext=1 exportparm=1,parmname
AB::HighwaySignGenerator::5.0,/obj/AnalysisHolder/probe_65/PrincipledMaterials/mats/Metal_GalvanizedRusty_01/surfaceexports1/bind11,bind,,1,4,medium,overridetype=1 useasparmdefiner=1 useownexportcontext=1 exportparm=1,parmname
AB::HighwaySignGenerator::5.0,/obj/AnalysisHolder/probe_65/PrincipledMaterials/mats/Metal_GalvanizedRusty_01/surfaceexports1/bind12,bind,,1,4,medium,overridetype=1 useasparmdefiner=1 useownexportcontext=1 exportparm=1,parmname
AB::HighwaySignGenerator::5.0,/obj/AnalysisHolder/probe_65/PrincipledMaterials/mats/Metal_GalvanizedRusty_01/surfaceexports1/bind13,bind,,1,4,medium,overridetype=1 useasparmdefiner=1 useownexportcontext=1 exportparm=1,parmname
AB::HighwaySignGenerator::5.0,/obj/AnalysisHolder/probe_65/PrincipledMaterials/mats/Metal_GalvanizedRusty_01/surfaceexports1/bind14,bind,,1,4,medium,overridetype=1 useasparmdefiner=1 useownexportcontext=1 exportparm=1,parmname
AB::HighwaySignGenerator::5.0,/obj/AnalysisHolder/probe_65/PrincipledMaterials/mats/Metal_GalvanizedRusty_01/surfaceexports1/bind15,bind,,1,4,medium,overridetype=1 useasparmdefiner=1 useownexportcontext=1 exportparm=1,parmname
AB::HighwaySignGenerator::5.0,/obj/AnalysisHolder/probe_65/PrincipledMaterials/mats/Metal_GalvanizedRusty_01/surfaceexports1/bind16,bind,,1,4,medium,overridetype=1 useasparmdefiner=1 useownexportcontext=1 exportparm=1,parmname
AB::HighwaySignGenerator::5.0,/obj/AnalysisHolder/probe_65/PrincipledMaterials/mats/Metal_GalvanizedRusty_01/surfaceexports1/bind17,bind,,1,4,medium,overridetype=1 useasparmdefiner=1 useownexportcontext=1 exportparm=1,parmname
AB::HighwaySignGenerator::5.0,/obj/AnalysisHolder/probe_65/PrincipledMaterials/mats/Metal_GalvanizedRusty_01/surfaceexports1/bind18,bind,,1,4,medium,overridetype=1 useasparmdefiner=1 useownexportcontext=1 exportparm=1,parmname
AB::HighwaySignGenerator::5.0,/obj/AnalysisHolder/probe_65/PrincipledMaterials/mats/Metal_GalvanizedRusty_01/surfaceexports1/bind19,bind,,1,4,medium,overridetype=1 useasparmdefiner=1 useownexportcontext=1 exportparm=1,parmname
AB::HighwaySignGenerator::5.0,/obj/AnalysisHolder/probe_65/PrincipledMaterials/mats/Metal_GalvanizedRusty_01/surfaceexports1/bind20,bind,,1,4,medium,overridetype=1 useasparmdefiner=1 useownexportcontext=1 exportparm=1,parmname
AB::HighwaySignGenerator::5.0,/obj/AnalysisHolder/probe_65/PrincipledMaterials/mats/Metal_GalvanizedRusty_01/surfaceexports1/bind21,bind,,1,4,medium,overridetype=1 useasparmdefiner=1 useownexportcontext=1 exportparm=1,parmname
AB::HighwaySignGenerator::5.0,/obj/AnalysisHolder/probe_65/PrincipledMaterials/mats/Metal_GalvanizedRusty_01/surfaceexports1/bind22,bind,,1,4,medium,overridetype=1 useasparmdefiner=1 useownexportcontext=1 exportparm=1,parmname
AB::HighwaySignGenerator::5.0,/obj/AnalysisHolder/probe_65/PrincipledMaterials/mats/Metal_GalvanizedRusty_01/surfaceexports1/bind23,bind,,1,4,medium,overridetype=1 useasparmdefiner=1 useownexportcontext=1 exportparm=1,parmname
AB::HighwaySignGenerator::5.0,/obj/AnalysisHolder/probe_65/PrincipledMaterials/mats/Metal_GalvanizedRusty_01/surfaceexports1/bind24,bind,,1,4,medium,overridetype=1 useasparmdefiner=1 useownexportcontext=1 exportparm=1,parmname
AB::HighwaySignGenerator::5.0,/obj/AnalysisHolder/probe_65/PrincipledMaterials/mats/Metal_GalvanizedRusty_01/surfaceexports1/bind25,bind,,1,4,medium,overridetype=1 useasparmdefiner=1 useownexportcontext=1 exportparm=1,parmname
AB::HighwaySignGenerator::5.0,/obj/AnalysisHolder/probe_65/PrincipledMaterials/mats/Metal_GalvanizedRusty_01/surfaceexports1/computelighting1/layerexport10/parm1,parameter,,1,3,medium,hasconnector=0 exportparm=2 invisible=1,parmtype
AB::HighwaySignGenerator::5.0,/obj/AnalysisHolder/probe_65/PrincipledMaterials/mats/Metal_GalvanizedRusty_01/surfaceexports1/computelighting1/layerexport11/parm1,parameter,,1,3,medium,hasconnector=0 exportparm=2 invisible=1,parmtype
AB::HighwaySignGenerator::5.0,/obj/AnalysisHolder/probe_65/PrincipledMaterials/mats/Metal_GalvanizedRusty_01/surfaceexports1/computelighting1/layerexport12/parm1,parameter,,1,3,medium,hasconnector=0 exportparm=2 invisible=1,parmtype
AB::HighwaySignGenerator::5.0,/obj/AnalysisHolder/probe_65/PrincipledMaterials/mats/Metal_GalvanizedRusty_01/surfaceexports1/computelighting1/layerexport13/parm1,parameter,,1,3,medium,hasconnector=0 exportparm=2 invisible=1,parmtype
AB::HighwaySignGenerator::5.0,/obj/AnalysisHolder/probe_65/PrincipledMaterials/mats/Metal_GalvanizedRusty_01/principledshader1,principledshader::2.0,,5,14,medium,diffuse_folder_151=2 folder7=1 folder4=1 folder12=1 folder13=1 folder8=1 folder11=1 folder9=1 basecolorr=1 basecolorg=1 basecolorb=1 basecolor_usePointColor=0 rough=0.65 basecolor_useTexture=1,baseBump_useTexture baseNormal_useTexture shop_disable_displace_shader specular_tint vm_displacebound
AB::HighwaySignGenerator::5.0,/obj/AnalysisHolder/probe_65/PrincipledMaterials/mats/WhiteReflective/Sheeting,principledshader::2.0,,5,11,medium,folder7=1 folder4=1 folder12=1 folder13=1 folder8=1 folder11=1 folder9=1 basecolorr=0.85 basecolorg=0.85 basecolorb=0.85 rough=0.25,baseBump_useTexture baseNormal_useTexture shop_disable_displace_shader specular_tint vm_displacebound
AB::HighwaySignGenerator::5.0,/obj/AnalysisHolder/probe_65/PrincipledMaterials/mats/TrafficSign_001,principledshader::2.0,,5,8,medium,folder7=1 folder4=1 folder12=1 folder13=1 folder8=1 folder11=1 folder9=1 basecolor_useTexture=1,baseBump_useTexture baseNormal_useTexture shop_disable_displace_shader specular_tint vm_displacebound
AB::HighwaySignGenerator::5.0,/obj/AnalysisHolder/probe_65/PrincipledMaterials/mats/TrafficSign_002,principledshader::2.0,,5,8,medium,folder7=1 folder4=1 folder12=1 folder13=1 folder8=1 folder11=1 folder9=1 basecolor_useTexture=1,baseBump_useTexture baseNormal_useTexture shop_disable_displace_shader specular_tint vm_displacebound
AB::HighwaySignGenerator::5.0,/obj/AnalysisHolder/probe_65/Cops/cops/RasterSetup/sopinvoke1/switchif1,switchif,,1,4,medium,mergecondition=2 tests=2 type1=1 attribowner1=5,expr2
AB::HighwaySignGenerator::5.0,/obj/AnalysisHolder/probe_65/Cops/cops/RasterSetup/sopinvoke1/box1,box,,6,4,medium,type=1 divrate1=2 divrate2=2 divrate3=2,sizex sizey sizez tx ty tz
AB::HighwaySignGenerator::5.0,/obj/AnalysisHolder/probe_65/Cops/cops/RasterSetup/sopinvoke1/matchsize3,matchsize,,7,1,medium,stashxform=1,doscale sizex sizey sizez tx ty tz
AB::HighwaySignGenerator::5.0,/obj/AnalysisHolder/probe_65/Cops/cops/RasterSetup/sopinvoke1/fit_depth,matchsize,,2,6,medium,justify_x=0 justify_y=0 doscale=1 uniformscale=0 scale_x=0 scale_y=0,sizez tz
AB::HudMaker::2.0,/obj/AnalysisHolder/probe_66/CarvedCircles/line2,line,,1,2,medium,dirx=1 diry=0,points
AB::HudMaker::2.0,/obj/AnalysisHolder/probe_66/CarvedCircles/revolve1,revolve,,1,4,medium,stdswitcher1=1 diry=0 dirz=1 polys=0,divs
AB::HudMaker::2.0,/obj/AnalysisHolder/probe_66/CarvedCircles/sort1,sort,,2,1,medium,vertexprimorder=0,primreverse primsort
AB::HudMaker::2.0,/obj/AnalysisHolder/probe_66/CarvedCircles/foreach_end1,block_end,,1,3,medium,itermethod=1 method=1 class=0,attrib
AB::HudMaker::2.0,/obj/AnalysisHolder/probe_66/HexPattern_01/box_grid_out/line3,line,,1,2,medium,dirx=1 diry=0,points
AB::HudMaker::2.0,/obj/AnalysisHolder/probe_66/GridOut/resample1,resample,,1,5,medium,dolength=0 length=1 dosegs=1 useattribs=0 allequal=0,segs
AB::HudMaker::2.0,/obj/AnalysisHolder/probe_66/GridOut/xform4,xform,,1,2,medium,updatenmls=1 updateaffectednmls=0,tx
AB::HudMaker::2.0,/obj/AnalysisHolder/probe_66/GridOut/resample4,resample,,1,5,medium,dolength=0 length=1 dosegs=1 useattribs=0 allequal=0,segs
AB::HudMaker::2.0,/obj/AnalysisHolder/probe_66/GridOut/line_main_height1,line,,1,2,medium,diry=0 dirz=1,dist
AB::HudMaker::2.0,/obj/AnalysisHolder/probe_66/GridOut/group1,group,size,3,5,high,switcher21=1 groupnumber=0 groupbounding=1 sizey=0.1 nonplanartol=0.001,sizex tx ty
AB::HudMaker::2.0,/obj/AnalysisHolder/probe_66/GridOut/group2,group,size,3,5,high,switcher21=1 groupnumber=0 groupbounding=1 sizex=0.1 nonplanartol=0.001,sizey tx ty
AB::HudMaker::2.0,/obj/AnalysisHolder/probe_66/Orbit/line2,line,,1,2,medium,dirx=1 diry=0,points
AB::HudMaker::2.0,/obj/AnalysisHolder/probe_66/Orbit/sphere1,sphere,,1,8,medium,type=4 radx=0.1 rady=0.1 radz=0.1 tx=0.5 ty=0.5 rows=15 triangularpoles=0,cols
AB::HudMaker::2.0,/obj/AnalysisHolder/probe_66/Orbit/sphere2,sphere,,1,6,medium,type=1 radx=0.01 rady=0.01 radz=0.01 rows=15 triangularpoles=0,cols
AB::HudMaker::2.0,/obj/AnalysisHolder/probe_66/Orbit/box_grid_out1/line3,line,,1,2,medium,dirx=1 diry=0,points
AB::HudMaker::2.0,/obj/AnalysisHolder/probe_66/CreateBoxGrid/line_height,line,,1,1,medium,points=3,dist
AB::HudMaker::2.0,/obj/AnalysisHolder/probe_66/CreateBoxGrid/line_length,line,,2,2,medium,dirx=1 diry=0,dist points
AB::HudMaker::2.0,/obj/AnalysisHolder/probe_66/CreateBoxGrid/xform4,xform,,1,2,medium,updatenmls=1 updateaffectednmls=0,tx
AB::HudMaker::2.0,/obj/AnalysisHolder/probe_66/CreateBoxGrid/xform5,xform,,1,2,medium,updatenmls=1 updateaffectednmls=0,ty
AB::HudMaker::2.0,/obj/AnalysisHolder/probe_66/CreateBoxGrid/line_length1,line,,2,2,medium,diry=0 dirz=-1,dist points
AB::HudMaker::2.0,/obj/AnalysisHolder/probe_66/CreateBoxGrid/xform10,xform,,1,1,medium,updateaffectednmls=0,ty
AB::HudMaker::2.0,/obj/AnalysisHolder/probe_66/CreateBoxGrid/xform11,xform,,1,1,medium,updateaffectednmls=0,tx
AB::HudMaker::2.0,/obj/AnalysisHolder/probe_66/CreateBoxGrid/xform12,xform,,1,1,medium,updateaffectednmls=0,tz
AB::HudMaker::2.0,/obj/AnalysisHolder/probe_66/CreateBoxGrid/color_SMALL_DIVS,color,,3,4,medium,ramp2pos=1 ramp2cr=1 ramp2cg=1 ramp2cb=1,colorb colorg colorr
AB::HudMaker::2.0,/obj/AnalysisHolder/probe_66/CreateBoxGrid/color_BOUNDS,color,,3,4,medium,ramp2pos=1 ramp2cr=1 ramp2cg=1 ramp2cb=1,colorb colorg colorr
AB::HudMaker::2.0,/obj/AnalysisHolder/probe_66/CreateBoxGrid/xform13,xform,,1,2,medium,updatenmls=1 updateaffectednmls=0,tz
AB::HudMaker::2.0,/obj/AnalysisHolder/probe_66/CreateBoxGrid/color_GNOMONS,color,,3,4,medium,ramp2pos=1 ramp2cr=1 ramp2cg=1 ramp2cb=1,colorb colorg colorr
AB::HudMaker::2.0,/obj/AnalysisHolder/probe_66/CreateBoxGrid/line_HEIGHT_02,line,,1,2,medium,diry=0 dirz=1,dist
AB::HudMaker::2.0,/obj/AnalysisHolder/probe_66/CreateBoxGrid/line_LENGTH_02,line,,1,2,medium,diry=0 dirz=1,dist
AB::HudMaker::2.0,/obj/AnalysisHolder/probe_66/CreateBoxGrid/xform1,xform,,1,2,medium,updatenmls=1 updateaffectednmls=0,tz
AB::HudMaker::2.0,/obj/AnalysisHolder/probe_66/CreateBoxGrid/color_GRID,color,,3,4,medium,ramp2pos=1 ramp2cr=1 ramp2cg=1 ramp2cb=1,colorb colorg colorr
AB::HudMaker::2.0,/obj/AnalysisHolder/probe_66/CreateBoxGrid/line_DEPTH_02,line,,1,2,medium,diry=0 dirz=1,dist
AB::HudMaker::2.0,/obj/AnalysisHolder/probe_66/CreateBoxGrid/xform6,xform,,1,2,medium,updatenmls=1 updateaffectednmls=0,tx
AB::HudMaker::2.0,/obj/AnalysisHolder/probe_66/CreateBoxGrid/xform7,xform,,1,5,medium,px=0 py=0 pz=0 updatenmls=1 updateaffectednmls=0,ty
AB::HudMaker::2.0,/obj/AnalysisHolder/probe_66/CreateBoxGrid/foreach_end1,block_end,,1,3,medium,itermethod=1 method=1 class=0,attrib
AB::HudMaker::2.0,/obj/AnalysisHolder/probe_66/CreateBoxGrid/color_GRID1,color,,3,4,medium,ramp2pos=1 ramp2cr=1 ramp2cg=1 ramp2cb=1,colorb colorg colorr
AB::HudMaker::2.0,/obj/AnalysisHolder/probe_66/chops/copy4,copy,,1,5,medium,stdswitcher1=1 cook=1 gcolorr=0 gcolorg=0 gcolorb=0.9,val1
AB::HudMaker::2.0,/obj/AnalysisHolder/probe_66/chops/copy5,copy,,1,5,medium,stdswitcher1=1 cook=1 gcolorr=0 gcolorg=0 gcolorb=0.9,val1
AB::IndustrialBuildings::2.1,/obj/AnalysisHolder/probe_67/CreateLoft/box1,box,divrate,4,2,high,type=1 divrate2=2,divrate3 sizex sizey sizez
AB::IndustrialBuildings::2.1,/obj/AnalysisHolder/probe_67/CreateLoft/copy1,copyxform,,1,3,medium,ty=4 newgroups=1 docopyattrib=1,ncy
AB::IndustrialBuildings::2.1,/obj/AnalysisHolder/probe_67/CreateLoft/MR/WindowGenerator1,AB::WindowGenerator::3.1,,2,6,medium,WindowWidth=2.4 WindowHeight=2.4 WinFrameWidthRect=0.1228 AddExtWindowTrim=0 RectangularWindowType=3 WindowStyleSplitH=1,CasingDepth CasingWidth
AB::IndustrialBuildings::2.1,/obj/AnalysisHolder/probe_67/CreateClearStory/ClearStoryBase/add1,add,,7,5,medium,points=9 usept5=0 usept6=0 usept7=0 usept8=0,pt1y pt2x pt2y pt3x pt3y pt4x pt4y
AB::IndustrialBuildings::2.1,/obj/AnalysisHolder/probe_67/CreateClearStory/ClearStoryBase/transform2,xform,,1,4,medium,parmgroup_pivotxform=1 px=0 py=0 pz=0,tz
AB::IndustrialBuildings::2.1,/obj/AnalysisHolder/probe_67/CreateClearStory/ClearStoryBase/convert5,convert,,1,2,medium,stdswitcher1=1 divu=0,divv
AB::IndustrialBuildings::2.1,/obj/AnalysisHolder/probe_67/CreateClearStory/ClearStoryBase/uvtransform1,uvtransform::2.0,s,1,1,high,sy=0,sx
AB::IndustrialBuildings::2.1,/obj/AnalysisHolder/probe_67/CreateClearStory/ClearStoryBase/color5,color,,3,5,medium,class=3 ramp2pos=1 ramp2cr=1 ramp2cg=1 ramp2cb=1,colorb colorg colorr
AB::IndustrialBuildings::2.1,/obj/AnalysisHolder/probe_67/CreateClearStory/ClearStoryBase/color6,color,,3,5,medium,class=3 ramp2pos=1 ramp2cr=1 ramp2cg=1 ramp2cb=1,colorb colorg colorr
AB::IndustrialBuildings::2.1,/obj/AnalysisHolder/probe_67/CreateClearStory/ClearStoryBase/color7,color,,3,5,medium,class=3 ramp2pos=1 ramp2cr=1 ramp2cg=1 ramp2cb=1,colorb colorg colorr
AB::IndustrialBuildings::2.1,/obj/AnalysisHolder/probe_67/CreateClearStory/ClearStory_MR/lower_window_wall/knife2,knife,,1,1,medium,knifeop=1,originy
AB::IndustrialBuildings::2.1,/obj/AnalysisHolder/probe_67/CreateClearStory/ClearStory_MR/lower_window_wall/knife3,knife,,1,1,medium,knifeop=1,originy
AB::IndustrialBuildings::2.1,/obj/AnalysisHolder/probe_67/CreateClearStory/ClearStory_MR/lower_window_wall/knife5,knife,,1,3,medium,knifeop=1 dirx=1 diry=0,originx
AB::IndustrialBuildings::2.1,/obj/AnalysisHolder/probe_67/CreateClearStory/ClearStory_MR/lower_window_wall/knife6,knife,,1,2,medium,dirx=1 diry=0,originx
AB::IndustrialBuildings::2.1,/obj/AnalysisHolder/probe_67/CreateClearStory/ClearStory_MR/lower_window_wall/knife7,knife,,1,2,medium,dirx=1 diry=0,originx
AB::IndustrialBuildings::2.1,/obj/AnalysisHolder/probe_67/CreateClearStory/ClearStory_MR/lower_window_wall/knife8,knife,,1,3,medium,knifeop=1 dirx=1 diry=0,originx
AB::IndustrialBuildings::2.1,/obj/AnalysisHolder/probe_67/CreateClearStory/ClearStory_MR/lower_window_wall/knife9,knife,,12,1,medium,knifeop=2,above below clippts dirx diry dirz dist group newg originx originy originz
AB::IndustrialBuildings::2.1,/obj/AnalysisHolder/probe_67/CreateClearStory/ClearStory_MR/lower_window_wall/knife10,knife,,12,1,medium,knifeop=2,above below clippts dirx diry dirz dist group newg originx originy originz
AB::IndustrialBuildings::2.1,/obj/AnalysisHolder/probe_67/CreateClearStory/ClearStory_MR/lower_window_wall/knife11,knife,,12,1,medium,knifeop=2,above below clippts dirx diry dirz dist group newg originx originy originz
AB::IndustrialBuildings::2.1,/obj/AnalysisHolder/probe_67/CreateClearStory/ClearStory_MR/lower_window_wall/knife12,knife,,12,1,medium,knifeop=2,above below clippts dirx diry dirz dist group newg originx originy originz
AB::IndustrialBuildings::2.1,/obj/AnalysisHolder/probe_67/CreateClearStory/ClearStory_MR/upper_window_wall/knife2,knife,,1,1,medium,knifeop=1,originy
AB::IndustrialBuildings::2.1,/obj/AnalysisHolder/probe_67/CreateClearStory/ClearStory_MR/upper_window_wall/knife3,knife,,1,1,medium,knifeop=1,originy
AB::IndustrialBuildings::2.1,/obj/AnalysisHolder/probe_67/CreateClearStory/ClearStory_MR/upper_window_wall/knife5,knife,,1,3,medium,knifeop=1 dirx=1 diry=0,originx
AB::IndustrialBuildings::2.1,/obj/AnalysisHolder/probe_67/CreateClearStory/ClearStory_MR/upper_window_wall/knife6,knife,,1,2,medium,dirx=1 diry=0,originx
AB::IndustrialBuildings::2.1,/obj/AnalysisHolder/probe_67/CreateClearStory/ClearStory_MR/upper_window_wall/knife7,knife,,1,2,medium,dirx=1 diry=0,originx
AB::IndustrialBuildings::2.1,/obj/AnalysisHolder/probe_67/CreateClearStory/ClearStory_MR/upper_window_wall/knife8,knife,,1,3,medium,knifeop=1 dirx=1 diry=0,originx
AB::IndustrialBuildings::2.1,/obj/AnalysisHolder/probe_67/CreateClearStory/ClearStory_MR/upper_window_wall/knife9,knife,,12,1,medium,knifeop=2,above below clippts dirx diry dirz dist group newg originx originy originz
AB::IndustrialBuildings::2.1,/obj/AnalysisHolder/probe_67/CreateClearStory/ClearStory_MR/upper_window_wall/knife10,knife,,12,1,medium,knifeop=2,above below clippts dirx diry dirz dist group newg originx originy originz
AB::IndustrialBuildings::2.1,/obj/AnalysisHolder/probe_67/CreateClearStory/ClearStory_MR/upper_window_wall/knife11,knife,,12,1,medium,knifeop=2,above below clippts dirx diry dirz dist group newg originx originy originz
AB::IndustrialBuildings::2.1,/obj/AnalysisHolder/probe_67/CreateClearStory/ClearStory_MR/upper_window_wall/knife12,knife,,12,1,medium,knifeop=2,above below clippts dirx diry dirz dist group newg originx originy originz
AB::IndustrialBuildings::2.1,/obj/AnalysisHolder/probe_67/CreateClearStory/ClearStory_MR/RoofMain/polyextrude1,polyextrude::2.0,,1,14,medium,xformspace=1 translatey=0.1 pivotxformsection=1 outputback=1 thicknessramp1value=1 thicknessramp1interp=2 thicknessramp2pos=1 thicknessramp2value=1 thicknessramp2interp=2 twistramp1value=0.5 twistramp1interp=2 twistramp2pos=1 twistramp2value=0.5 twistramp2interp=2,dist
AB::IndustrialBuildings::2.1,/obj/AnalysisHolder/probe_67/CreateClearStory/ClearStory_MR/RoofMain/polyextrude2,polyextrude::2.0,,1,10,medium,thicknessramp1value=1 thicknessramp1interp=2 thicknessramp2pos=1 thicknessramp2value=1 thicknessramp2interp=2 twistramp1value=0.5 twistramp1interp=2 twistramp2pos=1 twistramp2value=0.5 twistramp2interp=2,dist
AB::IndustrialBuildings::2.1,/obj/AnalysisHolder/probe_67/CreateClearStory/ClearStory_MR/RoofMain/polyextrude3,polyextrude::2.0,,1,10,medium,thicknessramp1value=1 thicknessramp1interp=2 thicknessramp2pos=1 thicknessramp2value=1 thicknessramp2interp=2 twistramp1value=0.5 twistramp1interp=2 twistramp2pos=1 twistramp2value=0.5 twistramp2interp=2,dist
AB::IndustrialBuildings::2.1,/obj/AnalysisHolder/probe_67/CreateClearStory/ClearStory_MR/RoofLower/polyextrude3,polyextrude::2.0,,1,13,medium,xformfront=1 xformspace=1 translatey=-0.155 thicknessramp1value=1 thicknessramp1interp=2 thicknessramp2pos=1 thicknessramp2value=1 thicknessramp2interp=2 twistramp1value=0.5 twistramp1interp=2 twistramp2pos=1 twistramp2value=0.5 twistramp2interp=2,dist
AB::IndustrialBuildings::2.1,/obj/AnalysisHolder/probe_67/CreateClearStory/ClearStory_MR/RoofLower/polyextrude5,polyextrude::2.0,,2,11,medium,xformfront=1 thicknessramp1value=1 thicknessramp1interp=2 thicknessramp2pos=1 thicknessramp2value=1 thicknessramp2interp=2 twistramp1value=0.5 twistramp1interp=2 twistramp2pos=1 twistramp2value=0.5 twistramp2interp=2,dist translatey
AB::IndustrialBuildings::2.1,/obj/AnalysisHolder/probe_67/CreateClearStory/ClearStory_MR/RoofLower/polyextrude6,polyextrude::2.0,,1,10,medium,thicknessramp1value=1 thicknessramp1interp=2 thicknessramp2pos=1 thicknessramp2value=1 thicknessramp2interp=2 twistramp1value=0.5 twistramp1interp=2 twistramp2pos=1 twistramp2value=0.5 twistramp2interp=2,dist
AB::IndustrialBuildings::2.1,/obj/AnalysisHolder/probe_67/CreateClearStory/ClearStory_HR/CreateLowerWindows/WindowGenerator1,AB::WindowGenerator::3.1,,2,5,medium,WindowWidth=1 WindowHeight=2 AddExtWindowTrim=0 RectangularWindowType=1 WindowStyleSplitH=2,CasingDepth CasingWidth
AB::IndustrialBuildings::2.1,/obj/AnalysisHolder/probe_67/CreateClearStory/ClearStory_HR/CreateUpperWindows/WindowGenerator1,AB::WindowGenerator::3.1,,2,3,medium,WindowWidth=1 WindowHeight=2 AddExtWindowTrim=0,CasingDepth CasingWidth
AB::IndustrialBuildings::2.1,/obj/AnalysisHolder/probe_67/CreatePeaked/create_peaked_base/subnet1/add_create_front_elevation_shape,add,,10,3,medium,points=6 closedall=1 weight0=0.170924,pt0x pt1x pt1y pt2y pt3x pt3y pt4x pt5x pt5y pt5z
AB::IndustrialBuildings::2.1,/obj/AnalysisHolder/probe_67/CreatePeaked/create_peaked_base/subnet1/convert5,convert,,1,2,medium,stdswitcher1=1 divu=0,divv
AB::IndustrialBuildings::2.1,/obj/AnalysisHolder/probe_67/CreatePeaked/create_peaked_base/color5,color,,3,5,medium,class=3 ramp2pos=1 ramp2cr=1 ramp2cg=1 ramp2cb=1,colorb colorg colorr
AB::IndustrialBuildings::2.1,/obj/AnalysisHolder/probe_67/CreatePeaked/create_peaked_base/color7,color,,3,5,medium,class=3 ramp2pos=1 ramp2cr=1 ramp2cg=1 ramp2cb=1,colorb colorg colorr
AB::IndustrialBuildings::2.1,/obj/AnalysisHolder/probe_67/CreatePeaked/create_peaked_base/uvtransform1,uvtransform::2.0,s,1,1,high,sy=0,sx
AB::IndustrialBuildings::2.1,/obj/AnalysisHolder/probe_67/CreateWarehouse/box1,box,divrate,4,3,high,type=1 divrate1=2 divrate2=2,divrate3 sizex sizey sizez
AB::LadderGenerator::2.0,/obj/AnalysisHolder/probe_68/Ladder_01/add1,add,,5,2,medium,points=4 switcher1=1,pt1y pt2y pt2z pt3y pt3z
AB::LadderGenerator::2.0,/obj/AnalysisHolder/probe_68/Ladder_01/line2,line,,1,2,medium,diry=0 dirz=1,dist
AB::LadderGenerator::2.0,/obj/AnalysisHolder/probe_68/Ladder_01/polywire1,polywire,,3,1,medium,maxscale=100,div radius segs
AB::LadderGenerator::2.0,/obj/AnalysisHolder/probe_68/Ladder_02/box1,box,size,1,6,high,type=1 sizey=0.2 sizez=0.1 divrate1=8 divrate2=2 divrate3=2,sizex
AB::LadderGenerator::2.0,/obj/AnalysisHolder/probe_68/Ladder_02/box2,box,size,1,6,high,type=1 sizex=0.1 sizez=0.2 divrate1=2 divrate2=10 divrate3=2,sizey
AB::LadderGenerator::2.0,/obj/AnalysisHolder/probe_68/Ladder_02/transform2,xform,,1,1,medium,parmgroup_pivotxform=1,tx
AB::LadderGenerator::2.0,/obj/AnalysisHolder/probe_68/Ladder_02/transform3,xform,,1,1,medium,parmgroup_pivotxform=1,tx
AB::LargeWalls::1.0,/obj/AnalysisHolder/probe_69/CreateWallBase/uvtransform20,uvtransform::2.0,,3,3,medium,px=0 py=0 pz=0,sx sy sz
AB::LargeWalls::1.0,/obj/AnalysisHolder/probe_69/CreateWallBase/uvtransform21,uvtransform::2.0,,3,3,medium,px=0 py=0 pz=0,sx sy sz
AB::LargeWalls::1.0,/obj/AnalysisHolder/probe_69/CreateWallBase/uvtransform22,uvtransform::2.0,,3,3,medium,px=0 py=0 pz=0,sx sy sz
AB::LargeWalls::1.0,/obj/AnalysisHolder/probe_69/CreateWallBase/uvtransform26,uvtransform::2.0,,3,3,medium,px=0 py=0 pz=0,sx sy sz
AB::LargeWalls::1.0,/obj/AnalysisHolder/probe_69/CreateWallBase/uvtransform27,uvtransform::2.0,s,1,1,high,sy=0,sx
AB::LargeWalls::1.0,/obj/AnalysisHolder/probe_69/CreateWallBase/uvtransform28,uvtransform::2.0,,3,4,medium,tx=5 px=0 py=0 pz=0,sx sy sz
AB::LargeWalls::1.0,/obj/AnalysisHolder/probe_69/CreateWallBase/uvtransform29,uvtransform::2.0,s,1,1,high,sy=0,sx
AB::LargeWalls::1.0,/obj/AnalysisHolder/probe_69/CreateWallBase/uvtransform30,uvtransform::2.0,,3,4,medium,tx=6 px=0 py=0 pz=0,sx sy sz
AB::LargeWalls::1.0,/obj/AnalysisHolder/probe_69/CreateWallBase/uvtransform32,uvtransform::2.0,,3,3,medium,px=0 py=0 pz=0,sx sy sz
AB::LargeWalls::1.0,/obj/AnalysisHolder/probe_69/CreateUpperDetail/uvtransform20,uvtransform::2.0,,26,3,medium,px=0 py=0 pz=0,begintandeg endtandeg global group grouptype kernel metric rOrd rad rx ry rz shear1 shear2 shear3 sx sy sz tx ty type tz uvattrib uvglobal visualizefalloff xOrd
AB::LargeWalls::1.0,/obj/AnalysisHolder/probe_69/CreateCorbels/uvtransform23,uvtransform::2.0,,26,3,medium,px=0 py=0 pz=0,begintandeg endtandeg global group grouptype kernel metric rOrd rad rx ry rz shear1 shear2 shear3 sx sy sz tx ty type tz uvattrib uvglobal visualizefalloff xOrd
AB::LargeWalls::1.0,/obj/AnalysisHolder/probe_69/CreateCorbels/uvtransform24,uvtransform::2.0,,26,3,medium,px=0 py=0 pz=0,begintandeg endtandeg global group grouptype kernel metric rOrd rad rx ry rz shear1 shear2 shear3 sx sy sz tx ty type tz uvattrib uvglobal visualizefalloff xOrd
AB::LightningMaker::1.5,/obj/probe_70/geom_target/sphere1,sphere,,1,3,medium,type=1 freq=5 rows=10,cols
AB::LightningMaker::1.5,/obj/probe_70/sim_lightning/popnet/popobject,popobject,,1,2,medium,folder01=2 friction=0,createframe
AB::LightningMaker::1.5,/obj/probe_70/sim_lightning/resample1,resample,,1,1,medium,docurveuattr=1,length
AB::LightningMaker::1.5,/obj/probe_70/sim_lightning/repeat_end1,block_end,,1,1,medium,itermethod=2,iterations
AB::LightningMaker::1.5,/obj/probe_70/sim_lightning/rand_n,attribrandomize,,3,6,medium,useconeangle=1 usepowerbias=1 ramp2pos=0.5 ramp2value=0.5 ramp3pos=1 ramp3value=1,coneangle powerbias seed
AB::LightningMaker::1.5,/obj/probe_70/sim_lightning/rand_pscale,attribrandomize,,19,3,medium,dimensions=1 usefit0to=1 usefit1to=1,fit0to fit1to ramp ramp1interp ramp1pos ramp1value ramp2interp ramp2pos ramp2value ramp3interp ramp3pos ramp3value ramp4interp ramp4pos ramp4value ramp5interp ramp5pos ramp5value seed
AB::LightningMaker::1.5,/obj/probe_70/sim_lightning/rand_width,attribrandomize,,18,5,medium,folder01=1 dimensions=1 usefit0to=1 usefit1to=1 seed=1582,fit0to fit1to ramp ramp1interp ramp1pos ramp1value ramp2interp ramp2pos ramp2value ramp3interp ramp3pos ramp3value ramp4interp ramp4pos ramp4value ramp5interp ramp5pos ramp5value
AB::LightningMaker::1.5,/obj/probe_70/sim_lightning/resample2,resample,,1,1,medium,docurveuattr=1,length
AB::LightningMaker::1.5,/obj/probe_70/sim_lightning/rand_n1,attribrandomize,,1,7,medium,useconeangle=1 coneangle=90 usepowerbias=1 ramp2pos=0.5 ramp2value=0.5 ramp3pos=1 ramp3value=1,seed
AB::LightningMaker::1.5,/obj/probe_70/sim_lightning/rand_pscale1,attribrandomize,,1,14,medium,dimensions=1 usefit0to=1 fit0to=0.25 usefit1to=1 fit1to=0.5 ramp1value=0.481481 ramp2pos=0.278757 ramp2value=0.314815 ramp3pos=0.671704 ramp3value=0.351852 ramp4pos=0.809404 ramp4value=0.574074 ramp5pos=1 ramp5value=1,seed
AB::LightningMaker::1.5,/obj/probe_70/sim_lightning/resample3,resample,,1,1,medium,docurveuattr=1,length
AB::LightningMaker::1.5,/obj/probe_70/geom_source/sphere1,sphere,,1,4,medium,type=1 scale=0.5 freq=5 rows=10,cols
AB::LowPolyTrees::2.0,/obj/AnalysisHolder/probe_71/circle1,circle,,1,6,medium,type=2 orient=2 reverse=0 radx=0.4 rady=0.4 order=2,divs
AB::LowPolyTrees::2.0,/obj/AnalysisHolder/probe_71/transform1,xform,,1,1,medium,ty=4,scale
AB::LowPolyTrees::2.0,/obj/AnalysisHolder/probe_71/transform2,xform,,1,4,medium,px=0 py=0 pz=0 updatenmls=1,scale
AB::LowPolyTrees::2.0,/obj/AnalysisHolder/probe_71/transform4,xform,,1,5,medium,ty=3.4 px=0 py=0 pz=0 updatenmls=1,scale
AB::LowPolyTrees::2.0,/obj/AnalysisHolder/probe_71/transform5,xform,,1,5,medium,ty=0.3 px=0 py=0 pz=0 updatenmls=1,scale
AB::LowPolyTrees::2.0,/obj/AnalysisHolder/probe_71/transform6,xform,,1,5,medium,ty=3.6 px=0 py=0 pz=0 updatenmls=1,scale
AB::LowPolyTrees::2.0,/obj/AnalysisHolder/probe_71/convert3,convert,,17,1,medium,stdswitcher1=1,divtrim divu divv fromtype group interphull lodtrim lodu lodv new offset orderu orderv pasteattrib pastecoord surftype totype
AB::LowPolyTrees::2.0,/obj/AnalysisHolder/probe_71/bend_ql1,bend_ql,,3,1,medium,rot3=90,amount hBound lBound
AB::LowWalls::1.1,/obj/AnalysisHolder/probe_72/CreatePosts/CreatePost_002/knife2,knife,,1,3,medium,knifeop=2 dirx=1 diry=0,originx
AB::LowWalls::1.1,/obj/AnalysisHolder/probe_72/CreatePosts/CreatePost_002/knife3,knife,,1,3,medium,knifeop=2 diry=0 dirz=1,originz
AB::LowWalls::1.1,/obj/AnalysisHolder/probe_72/CreatePosts/CreatePost_002/knife4,knife,,1,3,medium,knifeop=2 diry=0 dirz=1,originz
AB::LowWalls::1.1,/obj/AnalysisHolder/probe_72/CreatePosts/CreatePost_002/subdivide1,subdivide,,1,2,medium,iterations=3 overridecrease=1,creaseweight
AB::LowWalls::1.1,/obj/AnalysisHolder/probe_72/CreateGate/carve1,carve,,1,8,medium,domainu1=0 domainu2=1 secondu=1 firstv=1 domainv1=0 domainv2=1 secondv=1 stdswitcher1=1,divsu
AB::LowWalls::1.1,/obj/AnalysisHolder/probe_72/CreateGate/grid3,grid,,2,3,medium,orient=0 rows=2 cols=2,sizex sizey
AB::LowWalls::1.1,/obj/AnalysisHolder/probe_72/copy1,copyxform,,1,3,medium,ncy=3 newgroups=1 docopyattrib=1,tx
AB::LowWalls::1.1,/obj/AnalysisHolder/probe_72/copy2,copyxform,,1,2,medium,newgroups=1 docopyattrib=1,tx
AB::LowWalls::1.1,/obj/AnalysisHolder/probe_72/CreateWall_001/box2,box,size,1,2,high,sizey=2 sizez=0.4,sizex
AB::LowWalls::1.1,/obj/AnalysisHolder/probe_72/CreateWall_001/transform2,xform,t,1,1,high,ty=0,tx
AB::LowWalls::1.1,/obj/AnalysisHolder/probe_72/copy3,copyxform,,1,3,medium,ncy=3 newgroups=1 docopyattrib=1,tx
AB::LowWalls::1.1,/obj/AnalysisHolder/probe_72/CreateWall_002,subnet,,1,1,medium,sideSize=0.961,wallCurveHeight1
AB::LowWalls::1.1,/obj/AnalysisHolder/probe_72/CreateWall_002/line1,line,,1,4,medium,type=1 diry=0 dirz=1 order=2,dist
AB::LowWalls::1.1,/obj/AnalysisHolder/probe_72/CreateWall_002/line2,line,,1,5,medium,type=1 diry=0 dirz=1 points=3 order=3,dist
AB::LowWalls::1.1,/obj/AnalysisHolder/probe_72/CreateWall_002/transform1,xform,,1,1,medium,grouptype=3,ty
AB::LowWalls::1.1,/obj/AnalysisHolder/probe_72/CreateWall_002/transform7,xform,,1,1,medium,ry=-90,tx
AB::LowWalls::1.1,/obj/AnalysisHolder/probe_72/CreateWall_002/convert3,convert,,17,1,medium,stdswitcher1=1,divtrim divu divv fromtype group interphull lodtrim lodu lodv new offset orderu orderv pasteattrib pastecoord surftype totype
AB::MailBoxGenerator::2.0,/obj/AnalysisHolder/probe_74/mail_box/knife1,knife,,1,3,medium,knifeop=2 dirx=1 diry=0,originx
AB::MailBoxGenerator::2.0,/obj/AnalysisHolder/probe_74/mail_box/knife2,knife,origin,1,4,high,knifeop=2 originy=-0.0176195 dirx=1 diry=0,originx
AB::MailBoxGenerator::2.0,/obj/AnalysisHolder/probe_74/mail_box/knife3,knife,,1,1,medium,knifeop=2,originy
AB::MailBoxGenerator::2.0,/obj/AnalysisHolder/probe_74/mail_box/knife4,knife,,1,1,medium,knifeop=2,originy
AB::MailBoxGenerator::2.0,/obj/AnalysisHolder/probe_74/mail_box/color1,color,,3,5,medium,class=3 ramp2pos=1 ramp2cr=1 ramp2cg=1 ramp2cb=1,colorb colorg colorr
AB::MailBoxGenerator::2.0,/obj/AnalysisHolder/probe_74/mail_box/polyextrude1,polyextrude::2.0,,1,11,medium,outputfrontgrp=1 thicknessramp1value=1 thicknessramp1interp=2 thicknessramp2pos=1 thicknessramp2value=1 thicknessramp2interp=2 twistramp1value=0.5 twistramp1interp=2 twistramp2pos=1 twistramp2value=0.5 twistramp2interp=2,dist
AB::MailBoxGenerator::2.0,/obj/AnalysisHolder/probe_74/mail_box/polyextrude2,polyextrude::2.0,,1,11,medium,outputfrontgrp=1 thicknessramp1value=1 thicknessramp1interp=2 thicknessramp2pos=1 thicknessramp2value=1 thicknessramp2interp=2 twistramp1value=0.5 twistramp1interp=2 twistramp2pos=1 twistramp2value=0.5 twistramp2interp=2,inset
AB::MailBoxGenerator::2.0,/obj/AnalysisHolder/probe_74/mail_box/polyextrude3,polyextrude::2.0,,1,11,medium,outputfrontgrp=1 thicknessramp1value=1 thicknessramp1interp=2 thicknessramp2pos=1 thicknessramp2value=1 thicknessramp2interp=2 twistramp1value=0.5 twistramp1interp=2 twistramp2pos=1 twistramp2value=0.5 twistramp2interp=2,dist
AB::MailBoxGenerator::2.0,/obj/AnalysisHolder/probe_74/mail_box/create_graphics/color2,color,,3,5,medium,class=3 ramp2pos=1 ramp2cr=1 ramp2cg=1 ramp2cb=1,colorb colorg colorr
AB::MailBoxGenerator::2.0,/obj/AnalysisHolder/probe_74/mail_box/create_graphics/color3,color,,3,5,medium,class=3 ramp2pos=1 ramp2cr=1 ramp2cg=1 ramp2cb=1,colorb colorg colorr
AB::MailBoxGenerator::2.0,/obj/AnalysisHolder/probe_74/mail_box/create_graphics/polybevel1,polybevel::3.0,,1,8,medium,grouptype=1 collisionsandlimits=1 divisions=24 profileramp1value=0.5 profileramp1interp=2 profileramp2pos=1 profileramp2value=0.5 profileramp2interp=2,offset
AB::MailBoxGenerator::2.0,/obj/AnalysisHolder/probe_74/mail_box/subnet2/knife5,knife,,12,1,medium,knifeop=1,above below clippts dirx diry dirz dist group newg originx originy originz
AB::MailBoxGenerator::2.0,/obj/AnalysisHolder/probe_74/mail_box/mats/SP_mailbox,principledshader::2.0,,5,5,medium,rough=0.75 emitint=1 emitcolorr=0 emitcolorg=0 emitcolorb=0,baseBump_useTexture baseNormal_useTexture shop_disable_displace_shader specular_tint vm_displacebound
AB::ManhattenDistance::2.0,/obj/AnalysisHolder/probe_75/scatter1,scatter::2.0,,1,2,medium,seed=1 relaxiterations=0,npts
AB::ManhattenDistance::2.0,/obj/AnalysisHolder/probe_75/attribwrangle13,attribwrangle,,26,1,medium,seed_GF_signGraphic=1,GF_signGraphic GF_signGraphic1cb GF_signGraphic1cg GF_signGraphic1cr GF_signGraphic1interp GF_signGraphic1pos GF_signGraphic2cb GF_signGraphic2cg GF_signGraphic2cr GF_signGraphic2interp GF_signGraphic2pos GF_signGraphic3cb GF_signGraphic3cg GF_signGraphic3cr GF_signGraphic3interp GF_signGraphic3pos GF_signGraphic4cb GF_signGraphic4cg GF_signGraphic4cr GF_signGraphic4interp GF_signGraphic4pos GF_signGraphic5cb GF_signGraphic5cg GF_signGraphic5cr GF_signGraphic5interp GF_signGraphic5pos
AB::ManhattenDistance::2.0,/obj/AnalysisHolder/probe_75/timeshift1,timeshift,,1,1,medium,Shift=0,frame
AB::ManhattenDistance::2.0,/obj/AnalysisHolder/probe_75/transform1,xform,s,2,9,high,tx=0 ty=0 tz=0 sx=0 parmgroup_pivotxform=1 px=0 py=0 pz=0 addattrib=1,sy sz
AB::ManhattenDistance::2.0,/obj/AnalysisHolder/probe_75/transform2,xform,,1,1,medium,parmgroup_pivotxform=1,scale
AB::ManhattenDistance::2.0,/obj/AnalysisHolder/probe_75/foreach_end5,block_end,,1,3,medium,itermethod=1 method=1 class=0,attrib
AB::ManhattenDistance::2.0,/obj/AnalysisHolder/probe_75/carve3,carve,,1,5,medium,domainu1=0 domainu2=1 secondu=1 stdswitcher1=1 extractop=1,divsu
AB::MaterialAssignments::1.0,/obj/AnalysisHolder/probe_76/mats/Road_Concrete,principledshader::2.0,,5,4,medium,emitint=1 emitcolorr=0 emitcolorg=0 emitcolorb=0,baseBump_useTexture baseNormal_useTexture shop_disable_displace_shader specular_tint vm_displacebound
AB::MaterialAssignments::1.0,/obj/AnalysisHolder/probe_76/mats/Road_Asphalt,principledshader::2.0,,5,4,medium,emitint=1 emitcolorr=0 emitcolorg=0 emitcolorb=0,baseBump_useTexture baseNormal_useTexture shop_disable_displace_shader specular_tint vm_displacebound
AB::MetalExtrusionMaker::2.0,/obj/AnalysisHolder/probe_79/CONTROL,null,,1,1,medium,chamfer_size=0.12,metal_ext_thickness
AB::MetalExtrusionMaker::2.0,/obj/AnalysisHolder/probe_79/add1,add,,18,4,medium,stdswitcher1=1 points=12 switcher1=1 closedall=1,pt10x pt10y pt11x pt1y pt2x pt2y pt3x pt3y pt4y pt5y pt6x pt6y pt7x pt7y pt8x pt8y pt9x pt9y
AB::MetalExtrusionMaker::2.0,/obj/AnalysisHolder/probe_79/add3,add,,12,3,medium,points=8 switcher1=1 closedall=1,pt1y pt2x pt2y pt3x pt3y pt4x pt4y pt5x pt5y pt6x pt6y pt7x
AB::MetalExtrusionMaker::2.0,/obj/AnalysisHolder/probe_79/add5,add,pt2,2,7,high,stdswitcher1=1 points=4 switcher1=1 closedall=1 closed0=1 pt1y=1 pt2x=1,pt2y pt3x
AB::MetalExtrusionMaker::2.0,/obj/AnalysisHolder/probe_79/polybevel1,polybevel::2.0,,3,6,medium,grouptype=1 profileramp1value=0.5 profileramp1interp=2 profileramp2pos=1 profileramp2value=0.5 profileramp2interp=2,divisions offset ptfilletshape
AB::MetalExtrusionMaker::2.0,/obj/AnalysisHolder/probe_79/add9,add,,12,3,medium,points=8 switcher1=1 closedall=1,pt1y pt2x pt2y pt3x pt3y pt4x pt4y pt5x pt5y pt6x pt6y pt7x
AB::MetalExtrusionMaker::2.0,/obj/AnalysisHolder/probe_79/add6,add,pt2,2,7,high,stdswitcher1=1 points=4 switcher1=1 closedall=1 closed0=1 pt1y=1 pt2x=1,pt2y pt3x
AB::MetalExtrusionMaker::2.0,/obj/AnalysisHolder/probe_79/add4,add,,9,3,medium,points=6 switcher1=1 closedall=1,pt1y pt2x pt2y pt3x pt3y pt4x pt4y pt5x weight2
AB::ModernLightGenerator::1.0,/obj/AnalysisHolder/probe_80/TableLights/CreateTableLight_003/carve3,carve,domainv,1,5,high,firstu=0 domainu1=0 firstv=1 domainv2=1 secondv=1,domainv1
AB::ModernLightGenerator::1.0,/obj/AnalysisHolder/probe_80/TableLights/mats/EmitMaster,principledshader::2.0,,5,7,medium,folder7=1 folder4=1 folder12=1 folder13=1 folder8=1 folder11=1 folder9=1,baseBump_useTexture baseNormal_useTexture shop_disable_displace_shader specular_tint vm_displacebound
AB::ModuleAssembler::1.0,/obj/AnalysisHolder/probe_81/add1,add,pt2,2,5,high,points=4 switcher1=1 closedall=1 pt1x=120 pt2z=145,pt2x pt3z
AB::ModulesBrutalist::1.0,/obj/AnalysisHolder/probe_82/BRUTALIST/ground_floor/polyextrude2,polyextrude::2.0,,1,10,medium,thicknessramp1value=1 thicknessramp1interp=2 thicknessramp2pos=1 thicknessramp2value=1 thicknessramp2interp=2 twistramp1value=0.5 twistramp1interp=2 twistramp2pos=1 twistramp2value=0.5 twistramp2interp=2,dist
AB::ModulesBrutalist::1.0,/obj/AnalysisHolder/probe_82/BRUTALIST/ground_floor/polyextrude3,polyextrude::2.0,,1,10,medium,thicknessramp1value=1 thicknessramp1interp=2 thicknessramp2pos=1 thicknessramp2value=1 thicknessramp2interp=2 twistramp1value=0.5 twistramp1interp=2 twistramp2pos=1 twistramp2value=0.5 twistramp2interp=2,dist
AB::ModulesClassical::1.0,/obj/AnalysisHolder/probe_83/CL_CreateModule_001/CL_CreateGroundFloor/transform1,xform,,1,4,medium,parmgroup_pivotxform=1 px=0 py=0 pz=0,tx
AB::ModulesClassical::1.0,/obj/AnalysisHolder/probe_83/CL_CreateModule_001/CL_CreateGroundFloor/transform2,xform,,1,4,medium,parmgroup_pivotxform=1 px=0 py=0 pz=0,tx
AB::ModulesClassical::1.0,/obj/AnalysisHolder/probe_83/CL_CreateModule_001/CL_CreateGroundFloor/transform3,xform,,1,4,medium,parmgroup_pivotxform=1 px=0 py=0 pz=0,ty
AB::ModulesClassical::1.0,/obj/AnalysisHolder/probe_83/CL_CreateModule_001/CL_CreateGroundFloor/transform4,xform,,1,4,medium,parmgroup_pivotxform=1 px=0 py=0 pz=0,ty
AB::ModulesClassical::1.0,/obj/AnalysisHolder/probe_83/CL_CreateModule_001/CL_CreateTopFloor/polyextrude7,polyextrude::2.0,,1,10,medium,thicknessramp1value=1 thicknessramp1interp=2 thicknessramp2pos=1 thicknessramp2value=1 thicknessramp2interp=2 twistramp1value=0.5 twistramp1interp=2 twistramp2pos=1 twistramp2value=0.5 twistramp2interp=2,dist
AB::ModulesClassical::1.0,/obj/AnalysisHolder/probe_83/CL_CreateModule_001/FireEscapeMaker1,AOD::MOD::FireEscapeMaker::1.5,,2,2,medium,up_support_height=1.2 num_of_floors=9,execute execute2
AB::ModulesClassical::1.0,/obj/AnalysisHolder/probe_83/CL_CreateModule_002/CreateGroundFloor/CreateWindowWall/subnet1/lower_window/line1,line,,1,6,medium,type=1 originx=1 originy=1 dirx=1 diry=0 order=2,dist
AB::ModulesClassical::1.0,/obj/AnalysisHolder/probe_83/CL_CreateModule_002/CreateMidFloor/CreateWindowWall/subnet1/lower_window/line1,line,,1,6,medium,type=1 originx=1 originy=1 dirx=1 diry=0 order=2,dist
AB::ModulesClassical::1.0,/obj/AnalysisHolder/probe_83/CL_CreateModule_002/CreateTopFloor/CreateWindowWall/subnet1/lower_window/line1,line,,1,6,medium,type=1 originx=1 originy=1 dirx=1 diry=0 order=2,dist
AB::ModulesCyberPunk::2.0,/obj/AnalysisHolder/probe_84/WallBase_006/mats/Base,principledshader::2.0,,5,7,medium,folder7=1 folder4=1 folder12=1 folder13=1 folder8=1 folder11=1 folder9=1,baseBump_useTexture baseNormal_useTexture shop_disable_displace_shader specular_tint vm_displacebound
AB::ModulesCyberPunk::2.0,/obj/AnalysisHolder/probe_84/WallBase_006/mats/Emit,principledshader::2.0,,5,7,medium,folder7=1 folder4=1 folder12=1 folder13=1 folder8=1 folder11=1 folder9=1,baseBump_useTexture baseNormal_useTexture shop_disable_displace_shader specular_tint vm_displacebound
AB::ModulesCyberPunk::2.0,/obj/AnalysisHolder/probe_84/WallBase_006/mats/Fronts,principledshader::2.0,,5,7,medium,folder7=1 folder4=1 folder12=1 folder13=1 folder8=1 folder11=1 folder9=1,baseBump_useTexture baseNormal_useTexture shop_disable_displace_shader specular_tint vm_displacebound
AB::ModulesCyberPunk::2.0,/obj/AnalysisHolder/probe_84/WallBase_014/knife2,knife,,1,3,medium,knifeop=1 dirx=1 diry=0,originx
AB::ModulesCyberPunk::2.0,/obj/AnalysisHolder/probe_84/WallBase_014/knife3,knife,,1,2,medium,dirx=1 diry=0,originx
AB::ModulesCyberPunk::2.0,/obj/AnalysisHolder/probe_84/WallBase_014/knife4,knife,,1,1,medium,knifeop=1,originy
AB::ModulesCyberPunk::2.0,/obj/AnalysisHolder/probe_84/WallBase_014/knife6,knife,,1,3,medium,knifeop=1 dirx=1 diry=0,originx
AB::ModulesCyberPunk::2.0,/obj/AnalysisHolder/probe_84/WallBase_014/knife7,knife,,1,2,medium,dirx=1 diry=0,originx
AB::ModulesCyberPunk::2.0,/obj/AnalysisHolder/probe_84/WallBase_014/knife8,knife,,1,1,medium,knifeop=1,originy
AB::ModulesCyberPunk::2.0,/obj/AnalysisHolder/probe_84/WallBase_015/knife2,knife,,1,3,medium,knifeop=1 dirx=1 diry=0,originx
AB::ModulesCyberPunk::2.0,/obj/AnalysisHolder/probe_84/WallBase_015/knife3,knife,,1,2,medium,dirx=1 diry=0,originx
AB::ModulesCyberPunk::2.0,/obj/AnalysisHolder/probe_84/WallBase_015/knife4,knife,,1,1,medium,knifeop=1,originy
AB::ModulesCyberPunk::2.0,/obj/AnalysisHolder/probe_84/WallBase_015/knife6,knife,,1,3,medium,knifeop=1 dirx=1 diry=0,originx
AB::ModulesCyberPunk::2.0,/obj/AnalysisHolder/probe_84/WallBase_015/knife7,knife,,1,2,medium,dirx=1 diry=0,originx
AB::ModulesCyberPunk::2.0,/obj/AnalysisHolder/probe_84/WallBase_015/knife8,knife,,1,1,medium,knifeop=1,originy
AB::ModulesGothic::2.0,/obj/AnalysisHolder/probe_85/Towers/subnet8/arch_creator1/add1,add,,2,6,medium,points=4 switcher1=1 pt0y=4 pt2x=-2 pt2y=1 pt3x=-2,pt1x pt1y
AB::ModulesGothic::2.0,/obj/AnalysisHolder/probe_85/Towers/subnet8/arch_creator2/add1,add,,2,6,medium,points=4 switcher1=1 pt0y=4 pt2x=-2 pt2y=1 pt3x=-2,pt1x pt1y
AB::ModulesGothic::2.0,/obj/AnalysisHolder/probe_85/Towers/polyextrude8,polyextrude::2.0,scale,1,14,high,xformfront=1 xformspace=1 scalex=0.9 outputfront=0 thicknessramp1value=1 thicknessramp1interp=2 thicknessramp2pos=1 thicknessramp2value=1 thicknessramp2interp=2 twistramp1value=0.5 twistramp1interp=2 twistramp2pos=1 twistramp2value=0.5 twistramp2interp=2,scalez
AB::ModulesGothic::2.0,/obj/AnalysisHolder/probe_85/Towers/wall_base/uvtransform20,uvtransform::2.0,,3,3,medium,px=0 py=0 pz=0,sx sy sz
AB::ModulesGothic::2.0,/obj/AnalysisHolder/probe_85/Towers/wall_base/uvtransform21,uvtransform::2.0,,3,3,medium,px=0 py=0 pz=0,sx sy sz
AB::ModulesGothic::2.0,/obj/AnalysisHolder/probe_85/Towers/wall_base/uvtransform22,uvtransform::2.0,,3,3,medium,px=0 py=0 pz=0,sx sy sz
AB::ModulesGothic::2.0,/obj/AnalysisHolder/probe_85/Towers/wall_base/uvtransform26,uvtransform::2.0,,3,3,medium,px=0 py=0 pz=0,sx sy sz
AB::ModulesGothic::2.0,/obj/AnalysisHolder/probe_85/Towers/wall_base/uvtransform27,uvtransform::2.0,s,1,1,high,sy=0,sx
AB::ModulesGothic::2.0,/obj/AnalysisHolder/probe_85/Towers/wall_base/uvtransform28,uvtransform::2.0,,3,4,medium,tx=5 px=0 py=0 pz=0,sx sy sz
AB::ModulesGothic::2.0,/obj/AnalysisHolder/probe_85/Towers/wall_base/uvtransform29,uvtransform::2.0,s,1,1,high,sy=0,sx
AB::ModulesGothic::2.0,/obj/AnalysisHolder/probe_85/Towers/wall_base/uvtransform30,uvtransform::2.0,,3,4,medium,tx=6 px=0 py=0 pz=0,sx sy sz
AB::ModulesGothic::2.0,/obj/AnalysisHolder/probe_85/Towers/wall_base/uvtransform32,uvtransform::2.0,,3,3,medium,px=0 py=0 pz=0,sx sy sz
AB::ModulesGothic::2.0,/obj/AnalysisHolder/probe_85/Towers/uvtransform13,uvtransform::2.0,,26,3,medium,px=0 py=0 pz=0,begintandeg endtandeg global group grouptype kernel metric rOrd rad rx ry rz shear1 shear2 shear3 sx sy sz tx ty type tz uvattrib uvglobal visualizefalloff xOrd
AB::ModulesGothic::2.0,/obj/AnalysisHolder/probe_85/Towers/uvtransform14,uvtransform::2.0,,26,3,medium,px=0 py=0 pz=0,begintandeg endtandeg global group grouptype kernel metric rOrd rad rx ry rz shear1 shear2 shear3 sx sy sz tx ty type tz uvattrib uvglobal visualizefalloff xOrd
AB::ModulesGothic::2.0,/obj/AnalysisHolder/probe_85/Towers/uvtransform18,uvtransform::2.0,,26,3,medium,px=0 py=0 pz=0,begintandeg endtandeg global group grouptype kernel metric rOrd rad rx ry rz shear1 shear2 shear3 sx sy sz tx ty type tz uvattrib uvglobal visualizefalloff xOrd
AB::ModulesGothic::2.0,/obj/AnalysisHolder/probe_85/Towers/uvtransform19,uvtransform::2.0,,26,3,medium,px=0 py=0 pz=0,begintandeg endtandeg global group grouptype kernel metric rOrd rad rx ry rz shear1 shear2 shear3 sx sy sz tx ty type tz uvattrib uvglobal visualizefalloff xOrd
AB::ModulesGothic::2.0,/obj/AnalysisHolder/probe_85/Towers/uvtransform20,uvtransform::2.0,,26,3,medium,px=0 py=0 pz=0,begintandeg endtandeg global group grouptype kernel metric rOrd rad rx ry rz shear1 shear2 shear3 sx sy sz tx ty type tz uvattrib uvglobal visualizefalloff xOrd
AB::ModulesGothic::2.0,/obj/AnalysisHolder/probe_85/Towers/uvtransform21,uvtransform::2.0,,26,3,medium,px=0 py=0 pz=0,begintandeg endtandeg global group grouptype kernel metric rOrd rad rx ry rz shear1 shear2 shear3 sx sy sz tx ty type tz uvattrib uvglobal visualizefalloff xOrd
AB::ModulesGothic::2.0,/obj/AnalysisHolder/probe_85/Towers/uvtransform22,uvtransform::2.0,,26,3,medium,px=0 py=0 pz=0,begintandeg endtandeg global group grouptype kernel metric rOrd rad rx ry rz shear1 shear2 shear3 sx sy sz tx ty type tz uvattrib uvglobal visualizefalloff xOrd
AB::ModulesGothic::2.0,/obj/AnalysisHolder/probe_85/Towers/uvtransform23,uvtransform::2.0,,26,3,medium,px=0 py=0 pz=0,begintandeg endtandeg global group grouptype kernel metric rOrd rad rx ry rz shear1 shear2 shear3 sx sy sz tx ty type tz uvattrib uvglobal visualizefalloff xOrd
AB::ModulesGothic::2.0,/obj/AnalysisHolder/probe_85/Towers/uvtransform24,uvtransform::2.0,,26,3,medium,px=0 py=0 pz=0,begintandeg endtandeg global group grouptype kernel metric rOrd rad rx ry rz shear1 shear2 shear3 sx sy sz tx ty type tz uvattrib uvglobal visualizefalloff xOrd
AB::ModulesGothic::2.0,/obj/AnalysisHolder/probe_85/Towers/uvtransform25,uvtransform::2.0,,26,3,medium,px=0 py=0 pz=0,begintandeg endtandeg global group grouptype kernel metric rOrd rad rx ry rz shear1 shear2 shear3 sx sy sz tx ty type tz uvattrib uvglobal visualizefalloff xOrd
AB::ModulesGothic::2.0,/obj/AnalysisHolder/probe_85/RoofsInterior/create_modules_03/copy12,copyxform,,1,2,medium,ncy=3 newgroups=1,tz
AB::ModulesGothic::2.0,/obj/AnalysisHolder/probe_85/RoofsInterior/roof_fancy_create_001/center_details/create_circ_trim_01/circle7,circle,,1,6,medium,type=2 orient=2 reverse=0 tx=0.3 scale=0.2 order=2,divs
AB::ModulesGothic::2.0,/obj/AnalysisHolder/probe_85/RoofsInterior/roof_fancy_create_001/center_details/create_4_circ/circle6,circle,,1,10,medium,type=2 orient=2 reverse=0 tx=0.3 tz=-0.1 ry=0.143458 scale=0.1 order=2 arc=1 endangle=180,divs
AB::ModulesGothic::2.0,/obj/AnalysisHolder/probe_85/RoofsInterior/roof_fancy_create_001/create_modules_01/copy12,copyxform,,1,2,medium,ncy=3 newgroups=1,tz
AB::ModulesGothic::2.0,/obj/AnalysisHolder/probe_85/RoofsInterior/roof_fancy_create_001/create_modules_02/copy14,copyxform,,2,1,medium,newgroups=1,ncy tx
AB::ModulesGothic::2.0,/obj/AnalysisHolder/probe_85/RoofsInterior/roof_fancy_create_001/create_modules_02/copy15,copyxform,,1,2,medium,ncy=3 newgroups=1,tz
AB::ModulesGothic::2.0,/obj/AnalysisHolder/probe_85/Doors/GT_door_single_002/transform3,xform,s,2,2,high,sy=0 parmgroup_pivotxform=1,sx sz
AB::ModulesGothic::2.0,/obj/AnalysisHolder/probe_85/Walls/WallStyle_01/GH_wall_mod_001/CreateUnrealCollisonGeo/box2,box,size,1,4,high,sizex=1.31275 sizey=6 tx=6.05638 ty=3,sizez
AB::ModulesGothic::2.0,/obj/AnalysisHolder/probe_85/Walls/WallStyle_01/GH_wall_mod_001/CreateUnrealCollisonGeo/box3,box,size,1,4,high,sizex=1.35 sizey=6 tx=-6.05 ty=3,sizez
AB::ModulesGothic::2.0,/obj/AnalysisHolder/probe_85/Walls/WallStyle_01/GH_wall_mod_001/CreateUnrealCollisonGeo/box4,box,size,1,3,high,sizex=13.4403 sizey=3.6034 ty=7.8017,sizez
AB::ModulesGothic::2.0,/obj/AnalysisHolder/probe_85/Walls/WallStyle_01/GH_wall_mod_001/CreateUnrealCollisonGeo/box5,box,size,1,4,high,sizex=1.775 sizey=1.325 tx=4.5125 ty=0.6625,sizez
AB::ModulesGothic::2.0,/obj/AnalysisHolder/probe_85/Walls/WallStyle_01/GH_wall_mod_001/CreateUnrealCollisonGeo/box6,box,size,1,4,high,sizex=1.8 sizey=1.325 tx=-4.475 ty=0.6625,sizez
AB::ModulesGothic::2.0,/obj/AnalysisHolder/probe_85/Walls/WallStyle_01/GH_wall_mod_002/CreateUnrealCollisonGeo/box2,box,size,1,4,high,sizex=1.31275 sizey=6 tx=6.05638 ty=3,sizez
AB::ModulesGothic::2.0,/obj/AnalysisHolder/probe_85/Walls/WallStyle_01/GH_wall_mod_002/CreateUnrealCollisonGeo/box3,box,size,1,4,high,sizex=1.35 sizey=6 tx=-6.05 ty=3,sizez
AB::ModulesGothic::2.0,/obj/AnalysisHolder/probe_85/Walls/WallStyle_01/GH_wall_mod_002/CreateUnrealCollisonGeo/box4,box,size,1,3,high,sizex=13.4403 sizey=3.6034 ty=7.8017,sizez
AB::ModulesGothic::2.0,/obj/AnalysisHolder/probe_85/Walls/WallStyle_01/GH_wall_mod_002/CreateUnrealCollisonGeo/box5,box,size,1,4,high,sizex=1.775 sizey=1.325 tx=4.5125 ty=0.6625,sizez
AB::ModulesGothic::2.0,/obj/AnalysisHolder/probe_85/Walls/WallStyle_01/GH_wall_mod_002/CreateUnrealCollisonGeo/box6,box,size,1,4,high,sizex=1.8 sizey=1.325 tx=-4.475 ty=0.6625,sizez
AB::ModulesGothic::2.0,/obj/AnalysisHolder/probe_85/Walls/WallStyle_01/GH_wall_mod_002/CreateUnrealCollisonGeo/box8,box,size,1,4,high,sizex=1.775 sizey=1.325 tx=0.0125 ty=0.6625,sizez
AB::ModulesGothic::2.0,/obj/AnalysisHolder/probe_85/Walls/WallStyle_01/GH_wall_mod_003/CreateUnrealCollisonGeo/box2,box,size,1,4,high,sizex=13.4362 sizey=4.61367 tx=0.00708818 ty=7.30684,sizez
AB::ModulesGothic::2.0,/obj/AnalysisHolder/probe_85/Walls/WallStyle_01/GH_wall_mod_004/CreateUnrealCollisonGeo/box2,box,size,1,4,high,sizex=13.4362 sizey=2.68867 tx=0.00708818 ty=8.26934,sizez
AB::ModulesGothic::2.0,/obj/AnalysisHolder/probe_85/Walls/WallStyle_01/GH_wall_mod_004/CreateUnrealCollisonGeo/box3,box,size,1,4,high,sizex=1.775 sizey=1.37088 tx=2.0125 ty=0.685439,sizez
AB::ModulesGothic::2.0,/obj/AnalysisHolder/probe_85/Walls/WallStyle_02/GT_BS_wall_mod_001/transform3,xform,,1,3,medium,parmgroup_pivotxform=1 px=-5.00001 pz=-0.12125,tz
AB::ModulesGothic::2.0,/obj/AnalysisHolder/probe_85/Walls/WallStyle_02/GT_BS_wall_mod_002/transform3,xform,,1,3,medium,parmgroup_pivotxform=1 px=-5.00042 pz=-0.0934153,tz
AB::ModulesGothic::2.0,/obj/AnalysisHolder/probe_85/Walls/WallStyle_02/GT_BS_wall_mod_003/transform3,xform,,1,3,medium,parmgroup_pivotxform=1 px=-5.00001 pz=-0.0735264,tz
AB::ModulesGothic::2.0,/obj/AnalysisHolder/probe_85/Walls/WallStyle_02/GT_BS_wall_mod_004/transform3,xform,,1,3,medium,parmgroup_pivotxform=1 px=-5.00001 pz=-0.222115,tz
AB::ModulesGothic::2.0,/obj/AnalysisHolder/probe_85/Walls/WallStyle_02/GT_BS_wall_mod_005/transform3,xform,,1,3,medium,parmgroup_pivotxform=1 px=-5 pz=-4.37382,tz
AB::ModulesGothic::2.0,/obj/AnalysisHolder/probe_85/Trim/Trim_01/subnet1/transform3,xform,s,2,3,high,ry=180 sx=0 parmgroup_pivotxform=1,sy sz
AB::ModulesGothic::2.0,/obj/AnalysisHolder/probe_85/PlantOns/rosettes/rosette_001/copy1,copyxform,,1,1,medium,ry=30,ncy
AB::ModulesGothic::2.0,/obj/AnalysisHolder/probe_85/PlantOns/round/CreateRoundPlantOn_01/transform1,xform,s,2,9,high,tx=0 ty=0 tz=0 sx=0 parmgroup_pivotxform=1 px=0 py=0 pz=0 addattrib=1,sy sz
AB::MultiAxisPointScatter::1.0,/obj/AnalysisHolder/probe_88/attribvop1/aaflownoise1,aaflownoise,freq,2,2,high,freq1=0.1 amp=10,freq2 freq3
AB::MultiAxisPointScatter::1.0,/obj/AnalysisHolder/probe_88/attribwrangle3,attribwrangle,,1,1,medium,vex_inplace=1,ratio
AB::MultiAxisPointScatter::1.0,/obj/AnalysisHolder/probe_88/sphere1,sphere,,1,2,medium,type=2 rows=100,cols
AB::NeonRainbows::1.0,/obj/AnalysisHolder/probe_89/resample1,resample,,1,2,medium,dolength=0 dosegs=1,segs
AB::NeonRainbows::1.0,/obj/AnalysisHolder/probe_89/carve3,carve,,2,6,medium,domainu1=0 domainu2=1 secondu=1 domainv1=0 domainv2=1 stdswitcher1=1,divsu divsv
AB::NeonRainbows::1.0,/obj/AnalysisHolder/probe_89/carve1,carve,,2,1,medium,secondu=1,domainu1 domainu2
AB::NeonRainbows::1.0,/obj/AnalysisHolder/probe_89/line5,line,,1,4,medium,type=1 dirx=1 diry=0 order=2,dist
AB::NeonRainbows::1.0,/obj/AnalysisHolder/probe_89/transform9,xform,,1,1,medium,parmgroup_pivotxform=1,ty
AB::NeonRainbows::1.0,/obj/AnalysisHolder/probe_89/line1,line,,1,4,medium,type=1 dirx=1 diry=0 order=2,dist
AB::NeonRainbows::1.0,/obj/AnalysisHolder/probe_89/polywire1,polywire,,3,1,medium,maxscale=100,div radius segs
AB::NoisyGrid::1.0,/obj/AnalysisHolder/probe_90/normal1,normal,,2,1,medium,origifzero=0,cuspangle type
AB::NoisyGrid::1.0,/obj/AnalysisHolder/probe_90/floor_int,groupcreate,size,2,4,high,grouptype=1 groupbase=0 groupbounding=1 sizey=5.64706,sizex sizez
AB::NoisyGrid::1.0,/obj/AnalysisHolder/probe_90/unity_material,attribcreate::2.0,,1,3,medium,class1=1 type1=3 precision1=2,string1
AB::PanelGenerator::2.0,/obj/AnalysisHolder/probe_91/set_clip_pos_and_direction,attribwrangle,,3,1,medium,class=1,seed_x_or_z seedx seedz
AB::PhylotaxisScatter::1.0,/obj/AnalysisHolder/probe_92/attribwrangle1,attribwrangle,,2,1,medium,class=0,count rad_fall
AB::PipeCreator::2.0,/obj/AnalysisHolder/probe_93/circle1,circle,,1,3,medium,type=1 reverse=0 divs=44,scale
AB::PipeCreator::2.0,/obj/AnalysisHolder/probe_93/polybevel1,polybevel::3.0,,2,6,medium,grouptype=1 profileramp1value=0.5 profileramp1interp=2 profileramp2pos=1 profileramp2value=0.5 profileramp2interp=2,divisions offset
AB::PipeCreator::2.0,/obj/AnalysisHolder/probe_93/CreateFlange/circle2,circle,,2,3,medium,type=2 reverse=0 order=2,divs scale
AB::PipeCreator::2.0,/obj/AnalysisHolder/probe_93/CreateFlange/transform1,xform,,1,1,medium,parmgroup_pivotxform=1,tz
AB::PipeCreator::2.0,/obj/AnalysisHolder/probe_93/CreateFlange/transform2,xform,,1,1,medium,parmgroup_pivotxform=1,tz
AB::PipeCreator::2.0,/obj/AnalysisHolder/probe_93/CreateFlange/circle3,circle,,2,3,medium,type=2 reverse=0 order=2,divs scale
AB::PipeCreator::2.0,/obj/AnalysisHolder/probe_93/CreateFlange/transform3,xform,,1,1,medium,parmgroup_pivotxform=1,tz
AB::PipeCreator::2.0,/obj/AnalysisHolder/probe_93/CreateFlange/transform4,xform,,1,1,medium,parmgroup_pivotxform=1,tz
AB::PipeCreator::2.0,/obj/AnalysisHolder/probe_93/ProcessCurveForFlange/polybevel2,polybevel::3.0,,1,8,medium,grouptype=1 filletshape=3 useptfilletedges=1 profileramp1value=0.5 profileramp1interp=2 profileramp2pos=1 profileramp2value=0.5 profileramp2interp=2,offset
AB::PipeCreator::2.0,/obj/AnalysisHolder/probe_93/attribwrangle2,attribwrangle,,11,1,medium,Seed_RampColor=1,Flange_Color Flange_Color1cb Flange_Color1cg Flange_Color1cr Flange_Color1interp Flange_Color1pos Flange_Color2cb Flange_Color2cg Flange_Color2cr Flange_Color2interp Flange_Color2pos
AB::PipeCreator::2.0,/obj/AnalysisHolder/probe_93/attribwrangle4,attribwrangle,,11,1,medium,Seed_RampColor=1,Pipe_Color Pipe_Color1cb Pipe_Color1cg Pipe_Color1cr Pipe_Color1interp Pipe_Color1pos Pipe_Color2cb Pipe_Color2cg Pipe_Color2cr Pipe_Color2interp Pipe_Color2pos
AB::PipeCreator::2.0,/obj/AnalysisHolder/probe_93/mats/Metal_GalvanizedRusty_01/MechanicalsMetal,principledshader::2.0,,5,13,medium,folder7=1 folder4=1 folder12=1 folder13=1 folder8=1 folder11=1 folder9=1 basecolorr=0.2 basecolorg=0.2 basecolorb=0.2 rough=0.4 metallic=1 baseBumpAndNormal_enable=1,baseBump_useTexture baseNormal_useTexture shop_disable_displace_shader specular_tint vm_displacebound
AB::PipeCreator::2.0,/obj/AnalysisHolder/probe_93/mats/Metal_GalvanizedRusty_01/surfaceexports1/bind1,bind,,1,4,medium,overridetype=1 useasparmdefiner=1 useownexportcontext=1 exportparm=1,parmname
AB::PipeCreator::2.0,/obj/AnalysisHolder/probe_93/mats/Metal_GalvanizedRusty_01/surfaceexports1/bind4,bind,,1,4,medium,overridetype=1 useasparmdefiner=1 useownexportcontext=1 exportparm=1,parmname
AB::PipeCreator::2.0,/obj/AnalysisHolder/probe_93/mats/Metal_GalvanizedRusty_01/surfaceexports1/bind5,bind,,1,4,medium,overridetype=1 useasparmdefiner=1 useownexportcontext=1 exportparm=1,parmname
AB::PipeCreator::2.0,/obj/AnalysisHolder/probe_93/mats/Metal_GalvanizedRusty_01/surfaceexports1/bind6,bind,,1,4,medium,overridetype=1 useasparmdefiner=1 useownexportcontext=1 exportparm=1,parmname
AB::PipeCreator::2.0,/obj/AnalysisHolder/probe_93/mats/Metal_GalvanizedRusty_01/surfaceexports1/bind7,bind,,1,4,medium,overridetype=1 useasparmdefiner=1 useownexportcontext=1 exportparm=1,parmname
AB::PipeCreator::2.0,/obj/AnalysisHolder/probe_93/mats/Metal_GalvanizedRusty_01/surfaceexports1/bind8,bind,,1,4,medium,overridetype=1 useasparmdefiner=1 useownexportcontext=1 exportparm=1,parmname
AB::PipeCreator::2.0,/obj/AnalysisHolder/probe_93/mats/Metal_GalvanizedRusty_01/surfaceexports1/bind9,bind,,1,4,medium,overridetype=1 useasparmdefiner=1 useownexportcontext=1 exportparm=1,parmname
AB::PipeCreator::2.0,/obj/AnalysisHolder/probe_93/mats/Metal_GalvanizedRusty_01/surfaceexports1/bind10,bind,,1,4,medium,overridetype=1 useasparmdefiner=1 useownexportcontext=1 exportparm=1,parmname
AB::PipeCreator::2.0,/obj/AnalysisHolder/probe_93/mats/Metal_GalvanizedRusty_01/surfaceexports1/bind11,bind,,1,4,medium,overridetype=1 useasparmdefiner=1 useownexportcontext=1 exportparm=1,parmname
AB::PipeCreator::2.0,/obj/AnalysisHolder/probe_93/mats/Metal_GalvanizedRusty_01/surfaceexports1/bind12,bind,,1,4,medium,overridetype=1 useasparmdefiner=1 useownexportcontext=1 exportparm=1,parmname
AB::PipeCreator::2.0,/obj/AnalysisHolder/probe_93/mats/Metal_GalvanizedRusty_01/surfaceexports1/bind13,bind,,1,4,medium,overridetype=1 useasparmdefiner=1 useownexportcontext=1 exportparm=1,parmname
AB::PipeCreator::2.0,/obj/AnalysisHolder/probe_93/mats/Metal_GalvanizedRusty_01/surfaceexports1/bind14,bind,,1,4,medium,overridetype=1 useasparmdefiner=1 useownexportcontext=1 exportparm=1,parmname
AB::PipeCreator::2.0,/obj/AnalysisHolder/probe_93/mats/Metal_GalvanizedRusty_01/surfaceexports1/bind15,bind,,1,4,medium,overridetype=1 useasparmdefiner=1 useownexportcontext=1 exportparm=1,parmname
AB::PipeCreator::2.0,/obj/AnalysisHolder/probe_93/mats/Metal_GalvanizedRusty_01/surfaceexports1/bind16,bind,,1,4,medium,overridetype=1 useasparmdefiner=1 useownexportcontext=1 exportparm=1,parmname
AB::PipeCreator::2.0,/obj/AnalysisHolder/probe_93/mats/Metal_GalvanizedRusty_01/surfaceexports1/bind17,bind,,1,4,medium,overridetype=1 useasparmdefiner=1 useownexportcontext=1 exportparm=1,parmname
AB::PipeCreator::2.0,/obj/AnalysisHolder/probe_93/mats/Metal_GalvanizedRusty_01/surfaceexports1/bind18,bind,,1,4,medium,overridetype=1 useasparmdefiner=1 useownexportcontext=1 exportparm=1,parmname
AB::PipeCreator::2.0,/obj/AnalysisHolder/probe_93/mats/Metal_GalvanizedRusty_01/surfaceexports1/bind19,bind,,1,4,medium,overridetype=1 useasparmdefiner=1 useownexportcontext=1 exportparm=1,parmname
AB::PipeCreator::2.0,/obj/AnalysisHolder/probe_93/mats/Metal_GalvanizedRusty_01/surfaceexports1/bind20,bind,,1,4,medium,overridetype=1 useasparmdefiner=1 useownexportcontext=1 exportparm=1,parmname
AB::PipeCreator::2.0,/obj/AnalysisHolder/probe_93/mats/Metal_GalvanizedRusty_01/surfaceexports1/bind21,bind,,1,4,medium,overridetype=1 useasparmdefiner=1 useownexportcontext=1 exportparm=1,parmname
AB::PipeCreator::2.0,/obj/AnalysisHolder/probe_93/mats/Metal_GalvanizedRusty_01/surfaceexports1/bind22,bind,,1,4,medium,overridetype=1 useasparmdefiner=1 useownexportcontext=1 exportparm=1,parmname
AB::PipeCreator::2.0,/obj/AnalysisHolder/probe_93/mats/Metal_GalvanizedRusty_01/surfaceexports1/bind23,bind,,1,4,medium,overridetype=1 useasparmdefiner=1 useownexportcontext=1 exportparm=1,parmname
AB::PipeCreator::2.0,/obj/AnalysisHolder/probe_93/mats/Metal_GalvanizedRusty_01/surfaceexports1/bind24,bind,,1,4,medium,overridetype=1 useasparmdefiner=1 useownexportcontext=1 exportparm=1,parmname
AB::PipeCreator::2.0,/obj/AnalysisHolder/probe_93/mats/Metal_GalvanizedRusty_01/surfaceexports1/bind25,bind,,1,4,medium,overridetype=1 useasparmdefiner=1 useownexportcontext=1 exportparm=1,parmname
AB::PipeCreator::2.0,/obj/AnalysisHolder/probe_93/mats/Metal_GalvanizedRusty_01/surfaceexports1/computelighting1/layerexport10/parm1,parameter,,1,3,medium,hasconnector=0 exportparm=2 invisible=1,parmtype
AB::PipeCreator::2.0,/obj/AnalysisHolder/probe_93/mats/Metal_GalvanizedRusty_01/surfaceexports1/computelighting1/layerexport11/parm1,parameter,,1,3,medium,hasconnector=0 exportparm=2 invisible=1,parmtype
AB::PipeCreator::2.0,/obj/AnalysisHolder/probe_93/mats/Metal_GalvanizedRusty_01/surfaceexports1/computelighting1/layerexport12/parm1,parameter,,1,3,medium,hasconnector=0 exportparm=2 invisible=1,parmtype
AB::PipeCreator::2.0,/obj/AnalysisHolder/probe_93/mats/Metal_GalvanizedRusty_01/surfaceexports1/computelighting1/layerexport13/parm1,parameter,,1,3,medium,hasconnector=0 exportparm=2 invisible=1,parmtype
AB::PipeCreator::2.0,/obj/AnalysisHolder/probe_93/mats/Metal_GalvanizedRusty_01/principledshader1,principledshader::2.0,,5,11,medium,folder7=1 folder4=1 folder12=1 folder13=1 folder8=1 folder11=1 folder9=1 basecolorr=1 basecolorg=1 basecolorb=1 rough=0.65,baseBump_useTexture baseNormal_useTexture shop_disable_displace_shader specular_tint vm_displacebound
AB::PipeCreator::2.0,/obj/AnalysisHolder/probe_93/mats/principledshader1,principledshader::2.0,,5,7,medium,folder7=1 folder4=1 folder12=1 folder13=1 folder8=1 folder11=1 folder9=1,baseBump_useTexture baseNormal_useTexture shop_disable_displace_shader specular_tint vm_displacebound
AB::PipesAndEnds::1.0,/obj/AnalysisHolder/probe_94/CreateEndGeo/circle2,circle,,1,2,medium,type=2 reverse=0,scale
AB::PipesAndEnds::1.0,/obj/AnalysisHolder/probe_94/CreateEndGeo/CreateEnd_01/convert2,convert,,17,1,medium,stdswitcher1=1,divtrim divu divv fromtype group interphull lodtrim lodu lodv new offset orderu orderv pasteattrib pastecoord surftype totype
AB::PipesAndEnds::1.0,/obj/AnalysisHolder/probe_94/CreateEndGeo/CreateEnd_02/convert3,convert,,17,1,medium,stdswitcher1=1,divtrim divu divv fromtype group interphull lodtrim lodu lodv new offset orderu orderv pasteattrib pastecoord surftype totype
AB::PipesAndEnds::1.0,/obj/AnalysisHolder/probe_94/CreateEndGeo/CreateEnd_02/convert4,convert,,17,1,medium,stdswitcher1=1,divtrim divu divv fromtype group interphull lodtrim lodu lodv new offset orderu orderv pasteattrib pastecoord surftype totype
AB::PipesAndEnds::1.0,/obj/AnalysisHolder/probe_94/CreateEndGeo/CreateEnd_02/convert5,convert,,17,1,medium,stdswitcher1=1,divtrim divu divv fromtype group interphull lodtrim lodu lodv new offset orderu orderv pasteattrib pastecoord surftype totype
AB::PipesAndEnds::1.0,/obj/AnalysisHolder/probe_94/CreateEndGeo/CreateEnd_02/convert6,convert,,17,1,medium,stdswitcher1=1,divtrim divu divv fromtype group interphull lodtrim lodu lodv new offset orderu orderv pasteattrib pastecoord surftype totype
AB::PipesAndEnds::1.0,/obj/AnalysisHolder/probe_94/CreateEndGeo/CreateEnd_02/polyextrude2,polyextrude::2.0,,1,11,medium,outputback=1 thicknessramp1value=1 thicknessramp1interp=2 thicknessramp2pos=1 thicknessramp2value=1 thicknessramp2interp=2 twistramp1value=0.5 twistramp1interp=2 twistramp2pos=1 twistramp2value=0.5 twistramp2interp=2,dist
AB::PipesAndEnds::1.0,/obj/AnalysisHolder/probe_94/CreateEndGeo/CreateEnd_02/convert7,convert,,17,1,medium,stdswitcher1=1,divtrim divu divv fromtype group interphull lodtrim lodu lodv new offset orderu orderv pasteattrib pastecoord surftype totype
AB::PipesAndEnds::1.0,/obj/AnalysisHolder/probe_94/CreateEndGeo/CreateEnd_02/convert8,convert,,17,1,medium,stdswitcher1=1,divtrim divu divv fromtype group interphull lodtrim lodu lodv new offset orderu orderv pasteattrib pastecoord surftype totype
AB::PlantOnsFuturistic::2.0,/obj/AnalysisHolder/probe_95/Vertical/FUT_VerticalPlantsOns_0001/transform20,xform,s,2,2,high,sy=0 parmgroup_pivotxform=1,sx sz
AB::PlantOnsFuturistic::2.0,/obj/AnalysisHolder/probe_95/Vertical/FUT_VerticalPlantsOns_0002/transform20,xform,s,2,2,high,sy=0 parmgroup_pivotxform=1,sx sz
AB::PlantOnsFuturistic::2.0,/obj/AnalysisHolder/probe_95/Vertical/FUT_VerticalPlantsOns_0003/transform20,xform,s,2,2,high,sy=0 parmgroup_pivotxform=1,sx sz
AB::PlantOnsFuturistic::2.0,/obj/AnalysisHolder/probe_95/Vertical/FUT_VerticalPlantsOns_0004/transform20,xform,s,2,2,high,sy=0 parmgroup_pivotxform=1,sx sz
AB::PlantOnsFuturistic::2.0,/obj/AnalysisHolder/probe_95/Vertical/FUT_VerticalPlantsOns_0005/transform20,xform,s,2,2,high,sy=0 parmgroup_pivotxform=1,sx sz
AB::PlantOnsFuturistic::2.0,/obj/AnalysisHolder/probe_95/Vertical/FUT_VerticalPlantsOns_0006/transform20,xform,s,2,2,high,sy=0 parmgroup_pivotxform=1,sx sz
AB::PlantOnsFuturistic::2.0,/obj/AnalysisHolder/probe_95/Vertical/FUT_VerticalPlantsOns_0007/transform20,xform,s,2,2,high,sy=0 parmgroup_pivotxform=1,sx sz
AB::PlantOnsFuturistic::2.0,/obj/AnalysisHolder/probe_95/Vertical/FUT_VerticalPlantsOns_0008/transform20,xform,s,2,2,high,sy=0 parmgroup_pivotxform=1,sx sz
AB::PlantOnsFuturistic::2.0,/obj/AnalysisHolder/probe_95/Vertical/FUT_VerticalPlantsOns_0009/transform20,xform,s,2,2,high,sy=0 parmgroup_pivotxform=1,sx sz
AB::PlantOnsFuturistic::2.0,/obj/AnalysisHolder/probe_95/Vertical/FUT_VerticalPlantsOns_0010/transform20,xform,s,2,2,high,sy=0 parmgroup_pivotxform=1,sx sz
AB::PlantOnsFuturistic::2.0,/obj/AnalysisHolder/probe_95/Vertical/FUT_VerticalPlantsOns_0011/transform20,xform,s,2,2,high,sy=0 parmgroup_pivotxform=1,sx sz
AB::PlantOnsFuturistic::2.0,/obj/AnalysisHolder/probe_95/Vertical/FUT_VerticalPlantsOns_0012/transform20,xform,s,2,2,high,sy=0 parmgroup_pivotxform=1,sx sz
AB::PlantOnsFuturistic::2.0,/obj/AnalysisHolder/probe_95/Vertical/FUT_VerticalPlantsOns_0013/transform20,xform,s,2,2,high,sy=0 parmgroup_pivotxform=1,sx sz
AB::PlantOnsFuturistic::2.0,/obj/AnalysisHolder/probe_95/Vertical/FUT_VerticalPlantsOns_0014/transform20,xform,s,2,2,high,sy=0 parmgroup_pivotxform=1,sx sz
AB::PlantOnsFuturistic::2.0,/obj/AnalysisHolder/probe_95/Vertical/FUT_VerticalPlantsOns_0015/transform20,xform,s,2,2,high,sy=0 parmgroup_pivotxform=1,sx sz
AB::PlantOnsFuturistic::2.0,/obj/AnalysisHolder/probe_95/Vertical/FUT_VerticalPlantsOns_0016/transform20,xform,s,2,2,high,sy=0 parmgroup_pivotxform=1,sx sz
AB::PlantOnsFuturistic::2.0,/obj/AnalysisHolder/probe_95/Vertical/FUT_VerticalPlantsOns_0017/transform20,xform,s,2,2,high,sy=0 parmgroup_pivotxform=1,sx sz
AB::PlantOnsFuturistic::2.0,/obj/AnalysisHolder/probe_95/Vertical/FUT_VerticalPlantsOns_0018/transform20,xform,s,2,2,high,sy=0 parmgroup_pivotxform=1,sx sz
AB::PointBlends::1.0,/obj/AnalysisHolder/probe_97/attribcreate_blend,attribcreate::2.0,,1,2,medium,createvarmap1=1 precision1=2,value1v1
AB::PointBlends::1.0,/obj/AnalysisHolder/probe_97/attribcreate_noise,attribcreate::2.0,,1,2,medium,createvarmap1=1 precision1=2,value1v1
AB::PointBlends::1.0,/obj/AnalysisHolder/probe_97/object_merge1,object_merge,,1,1,medium,xformtype=1,numobj
AB::PointBlends::1.0,/obj/AnalysisHolder/probe_97/object_merge2,object_merge,,1,1,medium,xformtype=1,numobj
AB::PoleGenerator::1.0,/obj/AnalysisHolder/probe_98/mats/Metal_Galvanized_01,principledshader::2.0,,5,9,medium,diffuse_folder_151=2 folder7=1 folder4=1 folder12=1 folder13=1 folder8=1 folder11=1 folder9=1 basecolor_useTexture=1,baseBump_useTexture baseNormal_useTexture shop_disable_displace_shader specular_tint vm_displacebound
AB::PoleGenerator::1.0,/obj/AnalysisHolder/probe_98/mats/AB_RoadSigns_01,principledshader::2.0,,5,9,medium,diffuse_folder_151=2 folder7=1 folder4=1 folder12=1 folder13=1 folder8=1 folder11=1 folder9=1 basecolor_useTexture=1,baseBump_useTexture baseNormal_useTexture shop_disable_displace_shader specular_tint vm_displacebound
AB::PoleGenerator::1.0,/obj/AnalysisHolder/probe_98/mats/AB_RoadSigns_02,principledshader::2.0,,5,9,medium,diffuse_folder_151=2 folder7=1 folder4=1 folder12=1 folder13=1 folder8=1 folder11=1 folder9=1 basecolor_useTexture=1,baseBump_useTexture baseNormal_useTexture shop_disable_displace_shader specular_tint vm_displacebound
AB::PoleGenerator::1.0,/obj/AnalysisHolder/probe_98/mats/AB_RoadSigns_03,principledshader::2.0,,5,9,medium,diffuse_folder_151=2 folder7=1 folder4=1 folder12=1 folder13=1 folder8=1 folder11=1 folder9=1 basecolor_useTexture=1,baseBump_useTexture baseNormal_useTexture shop_disable_displace_shader specular_tint vm_displacebound
AB::PoleGenerator::1.0,/obj/AnalysisHolder/probe_98/mats/Emit_01,principledshader::2.0,,5,13,medium,folder7=1 folder4=1 folder12=1 folder13=1 folder8=1 folder11=1 folder9=1 basecolorr=0 basecolorg=0 basecolorb=0 albedomult=0 emitint=1 emitcolor_usePointColor=1,baseBump_useTexture baseNormal_useTexture shop_disable_displace_shader specular_tint vm_displacebound
AB::PoleGenerator::1.0,/obj/AnalysisHolder/probe_98/mats/Wood_01,principledshader::2.0,,5,8,medium,folder7=1 folder4=1 folder12=1 folder13=1 folder8=1 folder11=1 folder9=1 basecolor_useTexture=1,baseBump_useTexture baseNormal_useTexture shop_disable_displace_shader specular_tint vm_displacebound
AB::PoleGenerator::1.0,/obj/AnalysisHolder/probe_98/mats/BillboardFront,principledshader::2.0,,5,9,medium,diffuse_folder_151=2 folder7=1 folder4=1 folder12=1 folder13=1 folder8=1 folder11=1 folder9=1 basecolor_useTexture=1,baseBump_useTexture baseNormal_useTexture shop_disable_displace_shader specular_tint vm_displacebound
AB::PoleGenerator::1.0,/obj/AnalysisHolder/probe_98/mats/BillboardBottom,principledshader::2.0,,5,11,medium,folder7=1 folder4=1 folder12=1 folder13=1 folder8=1 folder11=1 folder9=1 basecolorr=0.10817 basecolorg=0.122779 basecolorb=0.145 basecolor_useTexture=1,baseBump_useTexture baseNormal_useTexture shop_disable_displace_shader specular_tint vm_displacebound
AB::PoleGenerator::1.0,/obj/AnalysisHolder/probe_98/mats/AB_RoadSigns_04,principledshader::2.0,,5,9,medium,diffuse_folder_151=2 folder7=1 folder4=1 folder12=1 folder13=1 folder8=1 folder11=1 folder9=1 basecolor_useTexture=1,baseBump_useTexture baseNormal_useTexture shop_disable_displace_shader specular_tint vm_displacebound
AB::PoleGenerator::1.0,/obj/AnalysisHolder/probe_98/mats/AB_RoadSigns_05,principledshader::2.0,,5,9,medium,diffuse_folder_151=2 folder7=1 folder4=1 folder12=1 folder13=1 folder8=1 folder11=1 folder9=1 basecolor_useTexture=1,baseBump_useTexture baseNormal_useTexture shop_disable_displace_shader specular_tint vm_displacebound
AB::PoleGenerator::1.0,/obj/AnalysisHolder/probe_98/mats/AB_RoadSigns_06,principledshader::2.0,,5,9,medium,diffuse_folder_151=2 folder7=1 folder4=1 folder12=1 folder13=1 folder8=1 folder11=1 folder9=1 basecolor_useTexture=1,baseBump_useTexture baseNormal_useTexture shop_disable_displace_shader specular_tint vm_displacebound
AB::PoleGenerator::1.0,/obj/AnalysisHolder/probe_98/mats/AB_RoadSigns_07,principledshader::2.0,,5,9,medium,diffuse_folder_151=2 folder7=1 folder4=1 folder12=1 folder13=1 folder8=1 folder11=1 folder9=1 basecolor_useTexture=1,baseBump_useTexture baseNormal_useTexture shop_disable_displace_shader specular_tint vm_displacebound
AB::PoleGenerator::1.0,/obj/AnalysisHolder/probe_98/mats/AB_RoadSigns_08,principledshader::2.0,,5,9,medium,diffuse_folder_151=2 folder7=1 folder4=1 folder12=1 folder13=1 folder8=1 folder11=1 folder9=1 basecolor_useTexture=1,baseBump_useTexture baseNormal_useTexture shop_disable_displace_shader specular_tint vm_displacebound
AB::PoleGenerator::1.0,/obj/AnalysisHolder/probe_98/mats/AB_RoadSigns_09,principledshader::2.0,,5,9,medium,diffuse_folder_151=2 folder7=1 folder4=1 folder12=1 folder13=1 folder8=1 folder11=1 folder9=1 basecolor_useTexture=1,baseBump_useTexture baseNormal_useTexture shop_disable_displace_shader specular_tint vm_displacebound
AB::PoleGenerator::1.0,/obj/AnalysisHolder/probe_98/mats/AB_RoadSigns_10,principledshader::2.0,,5,9,medium,diffuse_folder_151=2 folder7=1 folder4=1 folder12=1 folder13=1 folder8=1 folder11=1 folder9=1 basecolor_useTexture=1,baseBump_useTexture baseNormal_useTexture shop_disable_displace_shader specular_tint vm_displacebound
AB::PoleGenerator::1.0,/obj/AnalysisHolder/probe_98/mats/Concrete_01,principledshader::2.0,,5,14,medium,diffuse_folder_151=2 folder7=1 folder4=1 folder12=1 folder13=1 folder8=1 folder11=1 folder9=1 basecolorr=1 basecolorg=1 basecolorb=1 basecolor_useTexture=1 rough_useTexture=1 baseBumpAndNormal_enable=1,baseBump_useTexture baseNormal_useTexture shop_disable_displace_shader specular_tint vm_displacebound
AB::PoleGenerator::1.0,/obj/AnalysisHolder/probe_98/CreateRoundPole/circle2,circle,,2,3,medium,type=2 orient=2 reverse=0,radx rady
AB::PoleGenerator::1.0,/obj/AnalysisHolder/probe_98/CreateRoundPole/transform1,xform,,1,4,medium,px=0 py=0 pz=0 updatenmls=1,ty
AB::PoleGenerator::1.0,/obj/AnalysisHolder/probe_98/CreateRoundPole/transform3,xform,,1,4,medium,px=0 py=0 pz=0 updatenmls=1,ty
AB::PoleGenerator::1.0,/obj/AnalysisHolder/probe_98/CreateRoundPole/convert2,convert,,1,2,medium,stdswitcher1=1 divv=0,divu
AB::PoleGenerator::1.0,/obj/AnalysisHolder/probe_98/CreateRoundPole/convert3,convert,,1,2,medium,stdswitcher1=1 divv=0,divu
AB::PoleGenerator::1.0,/obj/AnalysisHolder/probe_98/CreateRoundPole/transform10,xform,,1,5,medium,scale=0.9 parmgroup_pivotxform=1 px=0 py=0 pz=0,ty
AB::PoleGenerator::1.0,/obj/AnalysisHolder/probe_98/CreateRoundPole/transform11,xform,,1,5,medium,scale=0 parmgroup_pivotxform=1 px=0 py=0 pz=0,ty
AB::PoleGenerator::1.0,/obj/AnalysisHolder/probe_98/CreateRoundPole/convert4,convert,,1,2,medium,stdswitcher1=1 divv=12,divu
AB::PoleGenerator::1.0,/obj/AnalysisHolder/probe_98/CreateSquarePole/grid2,grid,,2,2,medium,rows=2 cols=2,sizex sizey
AB::PoleGenerator::1.0,/obj/AnalysisHolder/probe_98/CreateSquarePole/divide1,divide,,2,1,medium,numsides=4,sizey sizez
AB::PoleGenerator::1.0,/obj/AnalysisHolder/probe_98/color1,color,,3,5,medium,class=3 ramp2pos=1 ramp2cr=1 ramp2cg=1 ramp2cb=1,colorb colorg colorr
AB::RadialScatter::1.5,/obj/AnalysisHolder/probe_102/circle1,circle,,2,3,medium,type=1 orient=2 reverse=0,divs scale
AB::RadialScatter::1.5,/obj/AnalysisHolder/probe_102/triangulate2d1,triangulate2d::3.0,,4,1,medium,refine=1,maxnewpts minangle minedgelength randseed
AB::RadialScatter::1.5,/obj/AnalysisHolder/probe_102/scatter2,scatter::2.0,,6,1,medium,usedensityattrib=1,emergencylimit maxradius npts relaxiterations scaleradiiby seed
AB::RadialSmoothNoise::1.0,/obj/AnalysisHolder/probe_104/grid1,grid,size,1,3,high,sizex=1 rows=100 cols=100,sizey
AB::RandomArcs::1.0,/obj/AnalysisHolder/probe_105/attribwrangle1,attribwrangle,,5,1,medium,class=0,num_rings randomness ring_seed rings_end rings_start
AB::ResortGenerator::3.0,/obj/AnalysisHolder/probe_106/mats/principledshader1,principledshader::2.0,,5,4,medium,emitint=1 emitcolorr=0 emitcolorg=0 emitcolorb=0,baseBump_useTexture baseNormal_useTexture shop_disable_displace_shader specular_tint vm_displacebound
AB::ResortGenerator::3.0,/obj/AnalysisHolder/probe_106/CONTROL,null,,9,3,medium,door_orgin_left=1.09 grn_floor_foor_width=3.6 grn_floor_door_height=3.61,bld_footprint_x bld_footprint_z bld_l_inset_1 bld_l_inset_2 bld_mod_size grnd_flr_hght mid_floor_height num_of_floor top_floor_height
AB::ResortGenerator::3.0,/obj/AnalysisHolder/probe_106/CreateFootprint/add3,add,,4,3,medium,points=4 switcher1=1 closedall=1,pt1z pt2x pt2z pt3x
AB::ResortGenerator::3.0,/obj/AnalysisHolder/probe_106/CreateModules/create_access_shafts/polyextrude4,polyextrude::2.0,,1,11,medium,outputfrontgrp=1 thicknessramp1value=1 thicknessramp1interp=2 thicknessramp2pos=1 thicknessramp2value=1 thicknessramp2interp=2 twistramp1value=0.5 twistramp1interp=2 twistramp2pos=1 twistramp2value=0.5 twistramp2interp=2,dist
AB::ResortGenerator::3.0,/obj/AnalysisHolder/probe_106/CreateModules/create_access_shafts/polyextrude5,polyextrude::2.0,,1,11,medium,outputfront=0 thicknessramp1value=1 thicknessramp1interp=2 thicknessramp2pos=1 thicknessramp2value=1 thicknessramp2interp=2 twistramp1value=0.5 twistramp1interp=2 twistramp2pos=1 twistramp2value=0.5 twistramp2interp=2,dist
AB::ResortGenerator::3.0,/obj/AnalysisHolder/probe_106/CreateModules/create_access_shafts/copy2,copyxform,,1,1,medium,ty=6,ncy
AB::ResortGenerator::3.0,/obj/AnalysisHolder/probe_106/CreateModules/Roof/create_roof_pool/color1,color,,3,5,medium,class=3 ramp2pos=1 ramp2cr=1 ramp2cg=1 ramp2cb=1,colorb colorg colorr
AB::ResortGenerator::3.0,/obj/AnalysisHolder/probe_106/CreateModules/Roof/create_roof_pool/color2,color,,3,5,medium,class=3 ramp2pos=1 ramp2cr=1 ramp2cg=1 ramp2cb=1,colorb colorg colorr
AB::ResortGenerator::3.0,/obj/AnalysisHolder/probe_106/CreateModules/Roof/create_roof_pool/knife1,knife,,1,3,medium,knifeop=2 dirx=1 diry=0,originx
AB::ResortGenerator::3.0,/obj/AnalysisHolder/probe_106/CreateModules/Roof/create_roof_pool/knife2,knife,,1,3,medium,knifeop=2 dirx=1 diry=0,originx
AB::ResortGenerator::3.0,/obj/AnalysisHolder/probe_106/CreateModules/Roof/create_roof_pool/knife3,knife,,1,3,medium,knifeop=2 diry=0 dirz=1,originz
AB::ResortGenerator::3.0,/obj/AnalysisHolder/probe_106/CreateModules/Roof/create_roof_pool/knife4,knife,,1,3,medium,knifeop=2 diry=0 dirz=1,originz
AB::ResortGenerator::3.0,/obj/AnalysisHolder/probe_106/CreateModules/Roof/create_roof_pool/poolPlane,groupcreate,size,2,3,high,groupbase=0 groupbounding=1 sizey=100,sizex sizez
AB::ResortGenerator::3.0,/obj/AnalysisHolder/probe_106/CreateModules/Roof/create_roof_pool/polyextrude4,polyextrude::2.0,,1,11,medium,outputback=1 thicknessramp1value=1 thicknessramp1interp=2 thicknessramp2pos=1 thicknessramp2value=1 thicknessramp2interp=2 twistramp1value=0.5 twistramp1interp=2 twistramp2pos=1 twistramp2value=0.5 twistramp2interp=2,dist
AB::ResortGenerator::3.0,/obj/AnalysisHolder/probe_106/CreateModules/Roof/create_clubhouse/color4,color,,3,5,medium,class=3 ramp2pos=1 ramp2cr=1 ramp2cg=1 ramp2cb=1,colorb colorg colorr
AB::ResortGenerator::3.0,/obj/AnalysisHolder/probe_106/CreateModules/Roof/create_clubhouse/color6,color,,3,5,medium,class=3 ramp2pos=1 ramp2cr=1 ramp2cg=1 ramp2cb=1,colorb colorg colorr
AB::ResortGenerator::3.0,/obj/AnalysisHolder/probe_106/CreateModules/Roof/create_clubhouse/color7,color,,3,5,medium,class=3 ramp2pos=1 ramp2cr=1 ramp2cg=1 ramp2cb=1,colorb colorg colorr
AB::ResortGenerator::3.0,/obj/AnalysisHolder/probe_106/CreateModules/Roof/create_clubhouse/color8,color,,3,5,medium,class=3 ramp2pos=1 ramp2cr=1 ramp2cg=1 ramp2cb=1,colorb colorg colorr
AB::ResortGenerator::3.0,/obj/AnalysisHolder/probe_106/CreateModules/Roof/create_clubhouse/color9,color,,3,5,medium,class=3 ramp2pos=1 ramp2cr=1 ramp2cg=1 ramp2cb=1,colorb colorg colorr
AB::ResortGenerator::3.0,/obj/AnalysisHolder/probe_106/CreateModules/Roof/create_clubhouse/color10,color,,3,5,medium,class=3 ramp2pos=1 ramp2cr=1 ramp2cg=1 ramp2cb=1,colorb colorg colorr
AB::ResortGenerator::3.0,/obj/AnalysisHolder/probe_106/CreateModules/Roof/create_clubhouse/polyextrude5,polyextrude::2.0,,1,11,medium,outputback=1 thicknessramp1value=1 thicknessramp1interp=2 thicknessramp2pos=1 thicknessramp2value=1 thicknessramp2interp=2 twistramp1value=0.5 twistramp1interp=2 twistramp2pos=1 twistramp2value=0.5 twistramp2interp=2,dist
AB::ResortGenerator::3.0,/obj/AnalysisHolder/probe_106/CreateModules/Roof/create_clubhouse/RT_windows/polyextrude6,polyextrude::2.0,,1,11,medium,outputfrontgrp=1 thicknessramp1value=1 thicknessramp1interp=2 thicknessramp2pos=1 thicknessramp2value=1 thicknessramp2interp=2 twistramp1value=0.5 twistramp1interp=2 twistramp2pos=1 twistramp2value=0.5 twistramp2interp=2,inset
AB::ResortGenerator::3.0,/obj/AnalysisHolder/probe_106/CreateModules/Roof/create_clubhouse/RT_windows/polyextrude7,polyextrude::2.0,,1,11,medium,outputfrontgrp=1 thicknessramp1value=1 thicknessramp1interp=2 thicknessramp2pos=1 thicknessramp2value=1 thicknessramp2interp=2 twistramp1value=0.5 twistramp1interp=2 twistramp2pos=1 twistramp2value=0.5 twistramp2interp=2,dist
AB::ResortGenerator::3.0,/obj/AnalysisHolder/probe_106/CreateModules/MidFloor/copy1,copyxform,,1,1,medium,ty=6,ncy
AB::ResortGenerator::3.0,/obj/AnalysisHolder/probe_106/CreateModules/MidFloor/MF_MOD_HR/MF_create_windows/polyextrude1,polyextrude::2.0,,1,12,medium,outputfrontgrp=1 outputsidegrp=1 thicknessramp1value=1 thicknessramp1interp=2 thicknessramp2pos=1 thicknessramp2value=1 thicknessramp2interp=2 twistramp1value=0.5 twistramp1interp=2 twistramp2pos=1 twistramp2value=0.5 twistramp2interp=2,inset
AB::ResortGenerator::3.0,/obj/AnalysisHolder/probe_106/CreateModules/MidFloor/MF_MOD_HR/MF_create_windows/polyextrude2,polyextrude::2.0,,1,12,medium,outputfrontgrp=1 outputsidegrp=1 thicknessramp1value=1 thicknessramp1interp=2 thicknessramp2pos=1 thicknessramp2value=1 thicknessramp2interp=2 twistramp1value=0.5 twistramp1interp=2 twistramp2pos=1 twistramp2value=0.5 twistramp2interp=2,dist
AB::ResortGenerator::3.0,/obj/AnalysisHolder/probe_106/CreateModules/MidFloor/MF_MOD_HR/MF_create_windows/color1,color,,3,5,medium,class=3 ramp2pos=1 ramp2cr=1 ramp2cg=1 ramp2cb=1,colorb colorg colorr
AB::ResortGenerator::3.0,/obj/AnalysisHolder/probe_106/CreateModules/MidFloor/MF_MOD_HR/MF_create_windows/color2,color,,3,5,medium,class=3 ramp2pos=1 ramp2cr=1 ramp2cg=1 ramp2cb=1,colorb colorg colorr
AB::ResortGenerator::3.0,/obj/AnalysisHolder/probe_106/CreateModules/MidFloor/MF_MOD_LR/MF_LR/polyextrude2,polyextrude::2.0,,1,15,medium,xformfront=1 xformspace=1 outputfront=0 outputfrontgrp=1 outputsidegrp=1 thicknessramp1value=1 thicknessramp1interp=2 thicknessramp2pos=1 thicknessramp2value=1 thicknessramp2interp=2 twistramp1value=0.5 twistramp1interp=2 twistramp2pos=1 twistramp2value=0.5 twistramp2interp=2,translatey
AB::ResortGenerator::3.0,/obj/AnalysisHolder/probe_106/CreateModules/MidFloor/MF_MOD_LR/MF_LR/polyextrude1,polyextrude::2.0,,1,10,medium,thicknessramp1value=1 thicknessramp1interp=2 thicknessramp2pos=1 thicknessramp2value=1 thicknessramp2interp=2 twistramp1value=0.5 twistramp1interp=2 twistramp2pos=1 twistramp2value=0.5 twistramp2interp=2,dist
AB::ResortGenerator::3.0,/obj/AnalysisHolder/probe_106/CreateModules/GroundFloor/GF_LR/polyextrude1,polyextrude::2.0,,1,14,medium,xformfront=1 xformspace=1 outputfront=0 outputsidegrp=1 thicknessramp1value=1 thicknessramp1interp=2 thicknessramp2pos=1 thicknessramp2value=1 thicknessramp2interp=2 twistramp1value=0.5 twistramp1interp=2 twistramp2pos=1 twistramp2value=0.5 twistramp2interp=2,translatey
AB::ResortGenerator::3.0,/obj/AnalysisHolder/probe_106/CreateModules/GroundFloor/GF_LR/polyextrude2,polyextrude::2.0,,1,10,medium,thicknessramp1value=1 thicknessramp1interp=2 thicknessramp2pos=1 thicknessramp2value=1 thicknessramp2interp=2 twistramp1value=0.5 twistramp1interp=2 twistramp2pos=1 twistramp2value=0.5 twistramp2interp=2,dist
AB::RetailBuildings::3.2,/obj/AnalysisHolder/probe_107/add3,add,,13,4,medium,points=9 remove=1 switcher1=1 pt1z=10,pt2x pt2z pt3x pt3z pt4x pt4z pt5x pt5z pt6x pt6z pt7x pt7z pt8x
AB::RetailBuildings::3.2,/obj/AnalysisHolder/probe_107/CreateFacade/create_entrance/knife_EST_CORE_WIN_HpEIGHT4,knife,,12,1,medium,knifeop=1,above below clippts dirx diry dirz dist group newg originx originy originz
AB::RetailBuildings::3.2,/obj/AnalysisHolder/probe_107/CreateFacade/create_entrance/grid1,grid,,1,7,medium,orient=0 sizex=8 sizey=6 tx=50 ty=3 tz=30 rows=2,cols
AB::RetailBuildings::3.2,/obj/AnalysisHolder/probe_107/CreateFacade/create_entrance/knife1,knife,,1,1,medium,knifeop=1,originy
AB::RetailBuildings::3.2,/obj/AnalysisHolder/probe_107/CreateFacade/create_entrance/transform1,xform,,1,4,medium,parmgroup_pivotxform=1 px=0 py=0 pz=0,tz
AB::RetailBuildings::3.2,/obj/AnalysisHolder/probe_107/CreateFacade/CreateEntrance_HR/entrance_above_door/color1,color,,3,5,medium,class=3 ramp2pos=1 ramp2cr=1 ramp2cg=1 ramp2cb=1,colorb colorg colorr
AB::RetailBuildings::3.2,/obj/AnalysisHolder/probe_107/CreateFacade/CreateEntrance_HR/entrance_above_door/color2,color,,3,5,medium,class=3 ramp2pos=1 ramp2cr=1 ramp2cg=1 ramp2cb=1,colorb colorg colorr
AB::RetailBuildings::3.2,/obj/AnalysisHolder/probe_107/CreateFacade/CreateEntrance_HR/door_spacers/grid1,grid,,1,4,medium,orient=0 sizex=2.66666 sizey=6 cols=2,rows
AB::RetailBuildings::3.2,/obj/AnalysisHolder/probe_107/CreateFacade/CreateEntrance_HR/door_spacers/color1,color,,3,5,medium,class=3 ramp2pos=1 ramp2cr=1 ramp2cg=1 ramp2cb=1,colorb colorg colorr
AB::RetailBuildings::3.2,/obj/AnalysisHolder/probe_107/CreateFacade/CreateEntrance_HR/door_spacers/color2,color,,3,5,medium,class=3 ramp2pos=1 ramp2cr=1 ramp2cg=1 ramp2cb=1,colorb colorg colorr
AB::RetailBuildings::3.2,/obj/AnalysisHolder/probe_107/CreateFacade/CreateEntrance_HR/door_spacers/knife1,knife,,1,1,medium,knifeop=1,originy
AB::RetailBuildings::3.2,/obj/AnalysisHolder/probe_107/CreateFacade/CreateEntrance_HR/door_spacers/color3,color,,3,5,medium,class=3 ramp2pos=1 ramp2cr=1 ramp2cg=1 ramp2cb=1,colorb colorg colorr
AB::RetailBuildings::3.2,/obj/AnalysisHolder/probe_107/CreateFacade/CreateEntrance_HR/doors/color1,color,,3,5,medium,class=3 ramp2pos=1 ramp2cr=1 ramp2cg=1 ramp2cb=1,colorb colorg colorr
AB::RetailBuildings::3.2,/obj/AnalysisHolder/probe_107/CreateFacade/CreateEntrance_HR/doors/color2,color,,3,5,medium,class=3 ramp2pos=1 ramp2cr=1 ramp2cg=1 ramp2cb=1,colorb colorg colorr
AB::RetailBuildings::3.2,/obj/AnalysisHolder/probe_107/CreateFacade/CreateEntrance_HR/doors/color3,color,,3,5,medium,class=3 ramp2pos=1 ramp2cr=1 ramp2cg=1 ramp2cb=1,colorb colorg colorr
AB::RetailBuildings::3.2,/obj/AnalysisHolder/probe_107/CreateFacade/CreateEntrance_HR/windows_above_door/polyextrude2,polyextrude::2.0,,1,12,medium,splittype=0 outputfrontgrp=1 thicknessramp1value=1 thicknessramp1interp=2 thicknessramp2pos=1 thicknessramp2value=1 thicknessramp2interp=2 twistramp1value=0.5 twistramp1interp=2 twistramp2pos=1 twistramp2value=0.5 twistramp2interp=2,inset
AB::RetailBuildings::3.2,/obj/AnalysisHolder/probe_107/CreateFacade/CreateEntrance_HR/windows_above_door/color1,color,,3,5,medium,class=3 ramp2pos=1 ramp2cr=1 ramp2cg=1 ramp2cb=1,colorb colorg colorr
AB::RetailBuildings::3.2,/obj/AnalysisHolder/probe_107/CreateFacade/CreateEntrance_HR/windows_above_door/color2,color,,3,5,medium,class=3 ramp2pos=1 ramp2cr=1 ramp2cg=1 ramp2cb=1,colorb colorg colorr
AB::RetailBuildings::3.2,/obj/AnalysisHolder/probe_107/CreateFacade/CreateEntrance_HR/entrance_sides/color1,color,,3,5,medium,class=3 ramp2pos=1 ramp2cr=1 ramp2cg=1 ramp2cb=1,colorb colorg colorr
AB::RetailBuildings::3.2,/obj/AnalysisHolder/probe_107/CreateFacade/CreateEntrance_HR/entrance_sides/grid1,grid,,1,4,medium,orient=0 sizex=0 sizey=0 cols=2,rows
AB::RetailBuildings::3.2,/obj/AnalysisHolder/probe_107/CreateFacade/CreateEntrance_HR/entrance_sides/transform2,xform,t,1,1,high,tz=0.07,tx
AB::RetailBuildings::3.2,/obj/AnalysisHolder/probe_107/CreateFacade/CreateEntrance_HR/entrance_sides/color2,color,,3,5,medium,class=3 ramp2pos=1 ramp2cr=1 ramp2cg=1 ramp2cb=1,colorb colorg colorr
AB::RetailBuildings::3.2,/obj/AnalysisHolder/probe_107/CreateFacade/CreateEntrance_HR/entrance_sides/color3,color,,3,5,medium,class=3 ramp2pos=1 ramp2cr=1 ramp2cg=1 ramp2cb=1,colorb colorg colorr
AB::RetailBuildings::3.2,/obj/AnalysisHolder/probe_107/CreateFacade/CreateEntrance_HR/entrance_sides/knife1,knife,,1,1,medium,knifeop=1,originy
AB::RetailBuildings::3.2,/obj/AnalysisHolder/probe_107/CreateFacade/subnet2/knife1,knife,,1,3,medium,knifeop=1 dirx=1 diry=0,originx
AB::RetailBuildings::3.2,/obj/AnalysisHolder/probe_107/CreateFacade/subnet2/knife2,knife,,1,2,medium,dirx=1 diry=0,originx
AB::RetailBuildings::3.2,/obj/AnalysisHolder/probe_107/CreateFacade/subnet2/knife3,knife,,1,2,medium,dirx=1 diry=0,originx
AB::RetailBuildings::3.2,/obj/AnalysisHolder/probe_107/CreateFacade/subnet2/knife4,knife,,1,3,medium,knifeop=1 dirx=1 diry=0,originx
AB::RetailBuildings::3.2,/obj/AnalysisHolder/probe_107/CreateFacade/subnet2/subnet1/knife_EST_CORE_WIN_HpEIGHT1,knife,,1,1,medium,knifeop=1,originy
AB::RetailBuildings::3.2,/obj/AnalysisHolder/probe_107/CreateFacade/subnet2/subnet1/knife_EST_CORE_WIN_BASE1,knife,,1,1,medium,knifeop=1,originy
AB::RetailBuildings::3.2,/obj/AnalysisHolder/probe_107/CreateFacade/subnet2/subnet1/color1,color,,3,5,medium,class=3 ramp2pos=1 ramp2cr=1 ramp2cg=1 ramp2cb=1,colorb colorg colorr
AB::RetailBuildings::3.2,/obj/AnalysisHolder/probe_107/CreateFacade/subnet2/subnet1/grid1,grid,,1,4,medium,orient=0 sizex=26 sizey=6 cols=2,rows
AB::RetailBuildings::3.2,/obj/AnalysisHolder/probe_107/CreateFacade/subnet2/subnet1/color2,color,,3,5,medium,class=3 ramp2pos=1 ramp2cr=1 ramp2cg=1 ramp2cb=1,colorb colorg colorr
AB::RetailBuildings::3.2,/obj/AnalysisHolder/probe_107/CreateFacade/subnet2/subnet1/color3,color,,3,5,medium,class=3 ramp2pos=1 ramp2cr=1 ramp2cg=1 ramp2cb=1,colorb colorg colorr
AB::RetailBuildings::3.2,/obj/AnalysisHolder/probe_107/CreateFacade/subnet2/subnet2/knife_EST_CORE_WIN_HpEIGHT5,knife,,12,1,medium,knifeop=1,above below clippts dirx diry dirz dist group newg originx originy originz
AB::RetailBuildings::3.2,/obj/AnalysisHolder/probe_107/CreateFacade/subnet2/subnet2/knife_EST_CORE_WIN_BASE3,knife,,12,1,medium,knifeop=1,above below clippts dirx diry dirz dist group newg originx originy originz
AB::RetailBuildings::3.2,/obj/AnalysisHolder/probe_107/CreateFacade/subnet2/subnet2/color3,color,,3,5,medium,class=3 ramp2pos=1 ramp2cr=1 ramp2cg=1 ramp2cb=1,colorb colorg colorr
AB::RetailBuildings::3.2,/obj/AnalysisHolder/probe_107/CreateFacade/subnet2/subnet2/color4,color,,3,5,medium,class=3 ramp2pos=1 ramp2cr=1 ramp2cg=1 ramp2cb=1,colorb colorg colorr
AB::RetailBuildings::3.2,/obj/AnalysisHolder/probe_107/CreateFacade/subnet2/subnet2/grid2,grid,,1,4,medium,orient=0 sizex=20 sizey=6 cols=2,rows
AB::RetailBuildings::3.2,/obj/AnalysisHolder/probe_107/CreateFacade/subnet2/subnet2/polyextrude3,polyextrude::2.0,,1,12,medium,splittype=0 outputfrontgrp=1 thicknessramp1value=1 thicknessramp1interp=2 thicknessramp2pos=1 thicknessramp2value=1 thicknessramp2interp=2 twistramp1value=0.5 twistramp1interp=2 twistramp2pos=1 twistramp2value=0.5 twistramp2interp=2,inset
AB::RetailBuildings::3.2,/obj/AnalysisHolder/probe_107/CreateFacade/subnet2/subnet2/color6,color,,3,4,medium,ramp2pos=1 ramp2cr=1 ramp2cg=1 ramp2cb=1,colorb colorg colorr
AB::RetailBuildings::3.2,/obj/AnalysisHolder/probe_107/CreateFacade/subnet2/subnet2/color7,color,,3,4,medium,ramp2pos=1 ramp2cr=1 ramp2cg=1 ramp2cb=1,colorb colorg colorr
AB::RetailBuildings::3.2,/obj/AnalysisHolder/probe_107/CreateFacade/subnet2/subnet2/color1,color,,3,5,medium,class=3 ramp2pos=1 ramp2cr=1 ramp2cg=1 ramp2cb=1,colorb colorg colorr
AB::RetailBuildings::3.2,/obj/AnalysisHolder/probe_107/CreateFacade/subnet2/create_side_walls/knife_EST_CORE_WIN_HpEIGHT4,knife,,12,1,medium,knifeop=1,above below clippts dirx diry dirz dist group newg originx originy originz
AB::RetailBuildings::3.2,/obj/AnalysisHolder/probe_107/CreateFacade/subnet2/create_side_walls/grid_slats,grid,,1,4,medium,orient=0 sizex=10 sizey=6 cols=2,rows
AB::RetailBuildings::3.2,/obj/AnalysisHolder/probe_107/CreateFacade/subnet2/create_side_walls/color1,color,,3,5,medium,class=3 ramp2pos=1 ramp2cr=1 ramp2cg=1 ramp2cb=1,colorb colorg colorr
AB::RetailBuildings::3.2,/obj/AnalysisHolder/probe_107/CreateFacade/subnet2/create_side_walls/color3,color,,3,5,medium,class=3 ramp2pos=1 ramp2cr=1 ramp2cg=1 ramp2cb=1,colorb colorg colorr
AB::RetailBuildings::3.2,/obj/AnalysisHolder/probe_107/CreateFacade/subnet2/create_side_walls/knife2,knife,,1,1,medium,knifeop=1,originy
AB::RetailBuildings::3.2,/obj/AnalysisHolder/probe_107/CreateFacade/subnet2/create_side_walls/color4,color,,3,5,medium,class=3 ramp2pos=1 ramp2cr=1 ramp2cg=1 ramp2cb=1,colorb colorg colorr
AB::RetailBuildings::3.2,/obj/AnalysisHolder/probe_107/CreateBuildingBase/add2,add,,4,2,medium,points=4 switcher1=1,pt1z pt2x pt2z pt3x
AB::RetailBuildings::3.2,/obj/AnalysisHolder/probe_107/CreateBuildingBase/polyextrude2,polyextrude::2.0,,1,12,medium,xformfront=1 xformspace=1 thicknessramp1value=1 thicknessramp1interp=2 thicknessramp2pos=1 thicknessramp2value=1 thicknessramp2interp=2 twistramp1value=0.5 twistramp1interp=2 twistramp2pos=1 twistramp2value=0.5 twistramp2interp=2,translatey
AB::RetailBuildings::3.2,/obj/AnalysisHolder/probe_107/CreateBuildingBase/polyextrude7,polyextrude::2.0,,1,12,medium,xformfront=1 xformspace=1 thicknessramp1value=1 thicknessramp1interp=2 thicknessramp2pos=1 thicknessramp2value=1 thicknessramp2interp=2 twistramp1value=0.5 twistramp1interp=2 twistramp2pos=1 twistramp2value=0.5 twistramp2interp=2,translatey
AB::RetailBuildings::3.2,/obj/AnalysisHolder/probe_107/CeateBuildingFacadeTop/polyextrude3,polyextrude::2.0,,1,12,medium,xformfront=1 xformspace=1 thicknessramp1value=1 thicknessramp1interp=2 thicknessramp2pos=1 thicknessramp2value=1 thicknessramp2interp=2 twistramp1value=0.5 twistramp1interp=2 twistramp2pos=1 twistramp2value=0.5 twistramp2interp=2,translatey
AB::RetailBuildings::3.2,/obj/AnalysisHolder/probe_107/CreateBackWalls/knife1,knife,,1,1,medium,knifeop=2,originy
AB::RetailBuildings::3.2,/obj/AnalysisHolder/probe_107/CreateBackWalls/color1,color,,3,5,medium,class=3 ramp2pos=1 ramp2cr=1 ramp2cg=1 ramp2cb=1,colorb colorg colorr
AB::RetailBuildings::3.2,/obj/AnalysisHolder/probe_107/CreateBackWalls/knife2,knife,,1,1,medium,knifeop=1,originy
AB::RetailBuildings::3.2,/obj/AnalysisHolder/probe_107/CreateBackWalls/color2,color,,3,5,medium,class=3 ramp2pos=1 ramp2cr=1 ramp2cg=1 ramp2cb=1,colorb colorg colorr
AB::RetailBuildings::3.2,/obj/AnalysisHolder/probe_107/CreateRoof/polyextrude5,polyextrude::2.0,,1,11,medium,outputfrontgrp=1 thicknessramp1value=1 thicknessramp1interp=2 thicknessramp2pos=1 thicknessramp2value=1 thicknessramp2interp=2 twistramp1value=0.5 twistramp1interp=2 twistramp2pos=1 twistramp2value=0.5 twistramp2interp=2,inset
AB::RetailBuildings::3.2,/obj/AnalysisHolder/probe_107/create_base/knife1,knife,,1,2,medium,dirx=1 diry=0,originx
AB::RetailBuildings::3.2,/obj/AnalysisHolder/probe_107/create_base/knife2,knife,,1,2,medium,dirx=1 diry=0,originx
AB::RetailBuildings::3.2,/obj/AnalysisHolder/probe_107/create_base/knife3,knife,,1,3,medium,knifeop=1 dirx=1 diry=0,originx
AB::RetailBuildings::3.2,/obj/AnalysisHolder/probe_107/create_base/knife4,knife,,1,3,medium,knifeop=1 dirx=1 diry=0,originx
AB::RetailBuildings::3.2,/obj/AnalysisHolder/probe_107/CreateUpperDetail/color1,color,,3,5,medium,class=3 ramp2pos=1 ramp2cr=1 ramp2cg=1 ramp2cb=1,colorb colorg colorr
AB::RoadSimpleGenerator::3.4,/obj/AnalysisHolder/probe_108/CreateFreeway/CreateFreewayProfile_01/add1,add,,1,2,medium,points=2 switcher1=1,pt1y
AB::RoadSimpleGenerator::3.4,/obj/AnalysisHolder/probe_108/CreateFreeway/CreateFreewayProfile_01/add2,add,,3,2,medium,points=2 switcher1=1,pt0y pt1x pt1y
AB::RoadSimpleGenerator::3.4,/obj/AnalysisHolder/probe_108/CreateFreeway/CreateFreewayProfile_01/add3,add,,4,2,medium,points=2 switcher1=1,pt0x pt0y pt1x pt1y
AB::RoadSimpleGenerator::3.4,/obj/AnalysisHolder/probe_108/CreateFreeway/CreateFreewayProfile_01/add5,add,,4,2,medium,points=2 switcher1=1,pt0x pt0y pt1x pt1y
AB::RoadSimpleGenerator::3.4,/obj/AnalysisHolder/probe_108/CreateFreeway/CreateFreewayProfile_01/add6,add,,4,2,medium,points=2 switcher1=1,pt0x pt0y pt1x pt1y
AB::RoadSimpleGenerator::3.4,/obj/AnalysisHolder/probe_108/CreateFreeway/CreateFreewayProfile_01/add7,add,,4,2,medium,points=2 switcher1=1,pt0x pt0y pt1x pt1y
AB::RoadSimpleGenerator::3.4,/obj/AnalysisHolder/probe_108/CreateFreeway/CreateFreewayProfile_01/add8,add,,5,2,medium,points=2 switcher1=1,pt0x pt0y pt0z pt1x pt1z
AB::RoadSimpleGenerator::3.4,/obj/AnalysisHolder/probe_108/CreateFreeway/CreateFreewayProfile_01/add9,add,,7,2,medium,points=4 switcher1=1,pt0x pt0y pt0z pt1x pt1y pt2x pt2y
AB::RoadSimpleGenerator::3.4,/obj/AnalysisHolder/probe_108/CreateFreeway/CreateFreewayProfile_01/transform5,xform,,1,5,medium,grouptype=3 parmgroup_pivotxform=1 px=0 py=0 invertxform=1,ty
AB::RoadSimpleGenerator::3.4,/obj/AnalysisHolder/probe_108/CreateFreeway/CreateFreewayProfile_01/carve2,carve,domainu,1,2,high,domainu2=1 secondu=1,domainu1
AB::RoadSimpleGenerator::3.4,/obj/AnalysisHolder/probe_108/CreateFreeway/CreateFreewayProfile_01/carve3,carve,,2,1,medium,secondu=1,domainu1 domainu2
AB::RoadSimpleGenerator::3.4,/obj/AnalysisHolder/probe_108/CreateFreeway/CreateFreewayProfile_01/transform1,xform,,1,1,medium,parmgroup_pivotxform=1,tx
AB::RoadSimpleGenerator::3.4,/obj/AnalysisHolder/probe_108/CreateFreeway/CreateSideSupports/sweep3,sweep::2.0,,3,7,medium,surface_folder1=2 surfaceshape=1 computeuvs=1 overrideexistinguvs=1 scaleramp1value=1 scaleramp2pos=1 scaleramp2value=1,cols endcaptype radius
AB::RoadSimpleGenerator::3.4,/obj/AnalysisHolder/probe_108/CreateFreeway/CreateUnderSupports/add1,add,,8,3,medium,points=6 switcher1=1 closedall=1,pt1x pt2x pt2y pt3x pt3y pt4x pt4y pt5y
AB::RoadSimpleGenerator::3.4,/obj/AnalysisHolder/probe_108/CreateFreeway/CreateUnderSupports/sweep1,sweep::2.0,,1,9,medium,surface_folder1=2 surfaceshape=1 cols=24 computeuvs=1 overrideexistinguvs=1 normalizeu=0 scaleramp1value=1 scaleramp2pos=1 scaleramp2value=1,radius
AB::RoadSimpleGenerator::3.4,/obj/AnalysisHolder/probe_108/CreateFreeway/CreateUnderSupports/carve3,carve,,1,4,medium,domainu1=0.05 domainu2=0.95 secondu=1 stdswitcher1=1,divsu
AB::RoadSimpleGenerator::3.4,/obj/AnalysisHolder/probe_108/CreateFreeway/CreateUnderSupports/grid1,grid,,1,6,medium,sizex=41.618 sizey=5.868 tx=9.53674e-07 ty=4 tz=4 rows=2,cols
AB::RoadSimpleGenerator::3.4,/obj/AnalysisHolder/probe_108/CreateFreeway/mats/Road_Concrete,principledshader::2.0,,5,4,medium,emitint=1 emitcolorr=0 emitcolorg=0 emitcolorb=0,baseBump_useTexture baseNormal_useTexture shop_disable_displace_shader specular_tint vm_displacebound
AB::RoadSimpleGenerator::3.4,/obj/AnalysisHolder/probe_108/CreateFreeway/mats/Road_Asphalt,principledshader::2.0,,5,4,medium,emitint=1 emitcolorr=0 emitcolorg=0 emitcolorb=0,baseBump_useTexture baseNormal_useTexture shop_disable_displace_shader specular_tint vm_displacebound
AB::RoadSimpleGenerator::3.4,/obj/AnalysisHolder/probe_108/CreateFreeway/UE_MAT_RoadMain,attribcreate::2.0,,1,2,medium,class1=1 type1=3,string1
AB::RoadSimpleGenerator::3.4,/obj/AnalysisHolder/probe_108/CreateFreeway/UE_MAT_Concrete,attribcreate::2.0,,1,2,medium,class1=1 type1=3,string1
AB::RoadSimpleGenerator::3.4,/obj/AnalysisHolder/probe_108/CreateFreeway/UE_MAT_RoadSides,attribcreate::2.0,,1,2,medium,class1=1 type1=3,string1
AB::RoadSimpleGenerator::3.4,/obj/AnalysisHolder/probe_108/CreateFreeway/UE_MAT_Ibeams,attribcreate::2.0,,1,2,medium,class1=1 type1=3,string1
AB::RoadSimpleGenerator::3.4,/obj/AnalysisHolder/probe_108/CreateFreeway/UE_MAT_Rails,attribcreate::2.0,,1,2,medium,class1=1 type1=3,string1
AB::RoadSimpleGenerator::3.4,/obj/AnalysisHolder/probe_108/CreateFreeway/UE_MAT_Median,attribcreate::2.0,,1,2,medium,class1=1 type1=3,string1
AB::RoadSimpleGenerator::3.4,/obj/AnalysisHolder/probe_108/CreateFreeway/CreateLanes/foreach_end3,block_end,,1,3,medium,itermethod=1 method=1 class=0,attrib
AB::RoadSimpleGenerator::3.4,/obj/AnalysisHolder/probe_108/CreateFreeway/UE_MAT_Lanes,attribcreate::2.0,,1,2,medium,class1=1 type1=3,string1
AB::RoadSimpleGenerator::3.4,/obj/AnalysisHolder/probe_108/CreateRoad/SideRailsCurves/sweep1,sweep::2.0,,1,5,medium,surfaceshape=3 cols=1 scaleramp1value=1 scaleramp2pos=1 scaleramp2value=1,width
AB::RoadSimpleGenerator::3.4,/obj/AnalysisHolder/probe_108/CreateRoad/CreateUtilityPoles/CreateUtilityPoles/transform3,xform,,1,1,medium,parmgroup_pivotxform=1,ty
AB::RoadSimpleGenerator::3.4,/obj/AnalysisHolder/probe_108/CreateRoad/CreateUtilityPoles/CreateUtilityPoles/PrincipleMaterials/mats/Road_Concrete,principledshader::2.0,,5,4,medium,emitint=1 emitcolorr=0 emitcolorg=0 emitcolorb=0,baseBump_useTexture baseNormal_useTexture shop_disable_displace_shader specular_tint vm_displacebound
AB::RoadSimpleGenerator::3.4,/obj/AnalysisHolder/probe_108/CreateRoad/CreateUtilityPoles/CreateUtilityPoles/PrincipleMaterials/mats/Road_Asphalt,principledshader::2.0,,5,4,medium,emitint=1 emitcolorr=0 emitcolorg=0 emitcolorb=0,baseBump_useTexture baseNormal_useTexture shop_disable_displace_shader specular_tint vm_displacebound
AB::RoadSimpleGenerator::3.4,/obj/AnalysisHolder/probe_108/CreateRoad/CreateUtilityPoles/CreateWires/polywire1,polywire,,2,1,medium,maxscale=100,div radius
AB::RoadSimpleGenerator::3.4,/obj/AnalysisHolder/probe_108/CreateRoad/CreateUtilityPoles/CreateWires/resample1,resample,,1,2,medium,dolength=0 dosegs=1,segs
AB::RoadSimpleGenerator::3.4,/obj/AnalysisHolder/probe_108/CreateRoad/CreateUtilityPoles/CreateWires/resample3,resample,,1,2,medium,dolength=0 dosegs=1,segs
AB::RoadSimpleGenerator::3.4,/obj/AnalysisHolder/probe_108/CreateRoad/CreateUtilityPoles/CreateWires/polywire2,polywire,,2,1,medium,maxscale=100,div radius
AB::RoadSimpleGenerator::3.4,/obj/AnalysisHolder/probe_108/CreateRoad/CreateUtilityPoles/CreateWires/foreach_end1,block_end,,1,3,medium,itermethod=1 method=1 class=0,attrib
AB::RoadSimpleGenerator::3.4,/obj/AnalysisHolder/probe_108/CreateRoad/CreateUtilityPoles/AssemblePolesAndWires/mats/UtilityPole_Wood,principledshader::2.0,,5,4,medium,emitint=1 emitcolorr=0 emitcolorg=0 emitcolorb=0,baseBump_useTexture baseNormal_useTexture shop_disable_displace_shader specular_tint vm_displacebound
AB::RoadSimpleGenerator::3.4,/obj/AnalysisHolder/probe_108/CreateRoad/CreateUtilityPoles/AssemblePolesAndWires/mats/UtilityPole_HorizWood,principledshader::2.0,,5,4,medium,emitint=1 emitcolorr=0 emitcolorg=0 emitcolorb=0,baseBump_useTexture baseNormal_useTexture shop_disable_displace_shader specular_tint vm_displacebound
AB::RoadSimpleGenerator::3.4,/obj/AnalysisHolder/probe_108/CreateRoad/CreateUtilityPoles/AssemblePolesAndWires/mats/UtilityPole_Metal,principledshader::2.0,,5,4,medium,emitint=1 emitcolorr=0 emitcolorg=0 emitcolorb=0,baseBump_useTexture baseNormal_useTexture shop_disable_displace_shader specular_tint vm_displacebound
AB::RoadSimpleGenerator::3.4,/obj/AnalysisHolder/probe_108/CreateRoad/CreateUtilityPoles/AssemblePolesAndWires/mats/UtilityPole_Porclain,principledshader::2.0,,5,4,medium,emitint=1 emitcolorr=0 emitcolorg=0 emitcolorb=0,baseBump_useTexture baseNormal_useTexture shop_disable_displace_shader specular_tint vm_displacebound
AB::RoadSimpleGenerator::3.4,/obj/AnalysisHolder/probe_108/CreateRoad/CreateUtilityPoles/AssemblePolesAndWires/mats/UtilityPole_Wires,principledshader::2.0,,5,4,medium,emitint=1 emitcolorr=0 emitcolorg=0 emitcolorb=0,baseBump_useTexture baseNormal_useTexture shop_disable_displace_shader specular_tint vm_displacebound
AB::RoadSimpleGenerator::3.4,/obj/AnalysisHolder/probe_108/CreateRoad/CreateUtilityPoles/AssemblePolesAndWires/mats/UtilityPole_Emits,principledshader::2.0,,5,4,medium,emitint=1 emitcolorr=0 emitcolorg=0 emitcolorb=0,baseBump_useTexture baseNormal_useTexture shop_disable_displace_shader specular_tint vm_displacebound
AB::RoadSimpleGenerator::3.4,/obj/AnalysisHolder/probe_108/CreateRoad/CreateUtilityPoles/AssemblePolesAndWires/mats/UtilityPole_Plastic,principledshader::2.0,,5,4,medium,emitint=1 emitcolorr=0 emitcolorg=0 emitcolorb=0,baseBump_useTexture baseNormal_useTexture shop_disable_displace_shader specular_tint vm_displacebound
AB::RoadSimpleGenerator::3.4,/obj/AnalysisHolder/probe_108/CreateRoad/CreateSideRails/subnet8/skin4,skin,,1,2,medium,skinops=1 polys=0,inc
AB::RoadSimpleGenerator::3.4,/obj/AnalysisHolder/probe_108/CreateRoad/CreateSideRails/foreach_end1,block_end,,1,3,medium,itermethod=1 method=1 class=0,attrib
AB::RoadSimpleGenerator::3.4,/obj/AnalysisHolder/probe_108/CreateRoad/CreateSideRails/foreach_end2,block_end,,1,3,medium,itermethod=1 method=1 class=0,attrib
AB::RoadSimpleGenerator::3.4,/obj/AnalysisHolder/probe_108/CreateRoad/CreateSideRails/foreach_end3,block_end,,1,3,medium,itermethod=1 method=1 class=0,attrib
AB::RoadSimpleGenerator::3.4,/obj/AnalysisHolder/probe_108/CreateRoad/CreateSideRails/PrincipledMaterial/mats/GuardRails_Metal,principledshader::2.0,,5,4,medium,emitint=1 emitcolorr=0 emitcolorg=0 emitcolorb=0,baseBump_useTexture baseNormal_useTexture shop_disable_displace_shader specular_tint vm_displacebound
AB::RoadSimpleGenerator::3.4,/obj/AnalysisHolder/probe_108/CreateRoad/CreateSidePosts/foreach_end1,block_end,,1,3,medium,itermethod=1 method=1 class=0,attrib
AB::RoadSimpleGenerator::3.4,/obj/AnalysisHolder/probe_108/CreateRoad/CreateMainRoad/line1,line,,1,4,medium,type=1 dirx=1 diry=0 order=2,dist
AB::RoadSimpleGenerator::3.4,/obj/AnalysisHolder/probe_108/CreateRoad/CreateMainRoad/line2,line,,1,4,medium,type=1 dirx=1 diry=0 order=2,dist
AB::RoadSimpleGenerator::3.4,/obj/AnalysisHolder/probe_108/CreateRoad/CreateMainRoad/line3,line,,1,4,medium,type=1 dirx=1 diry=0 order=2,dist
AB::RoadSimpleGenerator::3.4,/obj/AnalysisHolder/probe_108/CreateRoad/CreateMainRoad/CreateFreewayProfile_01/add1,add,,1,2,medium,points=2 switcher1=1,pt1y
AB::RoadSimpleGenerator::3.4,/obj/AnalysisHolder/probe_108/CreateRoad/CreateMainRoad/CreateFreewayProfile_01/add2,add,,3,2,medium,points=2 switcher1=1,pt0y pt1x pt1y
AB::RoadSimpleGenerator::3.4,/obj/AnalysisHolder/probe_108/CreateRoad/CreateMainRoad/CreateFreewayProfile_01/add3,add,,4,3,medium,stdswitcher1=1 points=2 switcher1=1,pt0x pt0y pt1x pt1y
AB::RoadSimpleGenerator::3.4,/obj/AnalysisHolder/probe_108/CreateRoad/CreateMainRoad/CreateFreewayProfile_01/add5,add,,4,4,medium,stdswitcher1=1 points=2 switcher1=1 weight0=0.585385,pt0x pt0y pt1x pt1y
AB::RoadSimpleGenerator::3.4,/obj/AnalysisHolder/probe_108/CreateRoad/CreateMainRoad/CreateFreewayProfile_01/add6,add,,4,3,medium,stdswitcher1=1 points=2 switcher1=1,pt0x pt0y pt1x pt1y
AB::RoadSimpleGenerator::3.4,/obj/AnalysisHolder/probe_108/CreateRoad/CreateMainRoad/CreateFreewayProfile_01/add7,add,,4,2,medium,points=2 switcher1=1,pt0x pt0y pt1x pt1y
AB::RoadSimpleGenerator::3.4,/obj/AnalysisHolder/probe_108/CreateRoad/CreateMainRoad/CreateFreewayProfile_01/add8,add,,5,2,medium,points=2 switcher1=1,pt0x pt0y pt0z pt1x pt1z
AB::RoadSimpleGenerator::3.4,/obj/AnalysisHolder/probe_108/CreateRoad/CreateMainRoad/CreateFreewayProfile_01/add9,add,pt1,6,3,high,points=4 switcher1=1 pt1y=-1,pt0x pt0y pt0z pt1x pt2x pt2y
AB::RoadSimpleGenerator::3.4,/obj/AnalysisHolder/probe_108/CreateRoad/CreateMainRoad/PrincipleMaterials/mats/Road_Concrete,principledshader::2.0,,5,4,medium,emitint=1 emitcolorr=0 emitcolorg=0 emitcolorb=0,baseBump_useTexture baseNormal_useTexture shop_disable_displace_shader specular_tint vm_displacebound
AB::RoadSimpleGenerator::3.4,/obj/AnalysisHolder/probe_108/CreateRoad/CreateMainRoad/PrincipleMaterials/mats/Road_Asphalt,principledshader::2.0,,5,4,medium,emitint=1 emitcolorr=0 emitcolorg=0 emitcolorb=0,baseBump_useTexture baseNormal_useTexture shop_disable_displace_shader specular_tint vm_displacebound
AB::RoadSimpleGenerator::3.4,/obj/AnalysisHolder/probe_108/CreateRoad/CreateRoadDetails/knife2,clip::2.0,,1,3,medium,clipop=1 dirx=0 diry=1,originy
AB::RoadSimpleGenerator::3.4,/obj/AnalysisHolder/probe_108/CreateRoad/CreateRoadDetails/knife4,clip::2.0,,1,2,medium,dirx=0 diry=1,originy
AB::RoadSimpleGenerator::3.4,/obj/AnalysisHolder/probe_108/CreateRoad/CreateRoadDetails/polyextrude4,polyextrude::2.0,,1,11,medium,outputback=1 thicknessramp1value=1 thicknessramp1interp=2 thicknessramp2pos=1 thicknessramp2value=1 thicknessramp2interp=2 twistramp1value=0.5 twistramp1interp=2 twistramp2pos=1 twistramp2value=0.5 twistramp2interp=2,dist
AB::RoadSimpleGenerator::3.4,/obj/AnalysisHolder/probe_108/CreateRoad/CreateRoadDetails/transform10,xform,,1,1,medium,parmgroup_pivotxform=1,ty
AB::RoadSimpleGenerator::3.4,/obj/AnalysisHolder/probe_108/CreateRoad/CreateRoadDetails/carve3,carve,,3,2,medium,secondu=1 stdswitcher1=1,divsu domainu1 domainu2
AB::RoadSimpleGenerator::3.4,/obj/AnalysisHolder/probe_108/CreateRoad/CreateRoadDetails/transform11,xform,,1,1,medium,parmgroup_pivotxform=1,tx
AB::RoadSimpleGenerator::3.4,/obj/AnalysisHolder/probe_108/CreateRoad/CreateRoadDetails/polyextrude8,polyextrude::2.0,,1,13,medium,dist=0.00112 outputfrontgrp=1 outputsidegrp=1 thicknessramp1value=1 thicknessramp1interp=2 thicknessramp2pos=1 thicknessramp2value=1 thicknessramp2interp=2 twistramp1value=0.5 twistramp1interp=2 twistramp2pos=1 twistramp2value=0.5 twistramp2interp=2,inset
AB::RoadSimpleGenerator::3.4,/obj/AnalysisHolder/probe_108/CreateRoad/CreateRoadDetails/transform16,xform,,1,1,medium,parmgroup_pivotxform=1,tx
AB::RoadSimpleGenerator::3.4,/obj/AnalysisHolder/probe_108/CreateRoad/CreateRoadDetails/polyextrude12,polyextrude::2.0,,1,13,medium,dist=0.00112 outputfrontgrp=1 outputsidegrp=1 thicknessramp1value=1 thicknessramp1interp=2 thicknessramp2pos=1 thicknessramp2value=1 thicknessramp2interp=2 twistramp1value=0.5 twistramp1interp=2 twistramp2pos=1 twistramp2value=0.5 twistramp2interp=2,inset
AB::RoadSimpleGenerator::3.4,/obj/AnalysisHolder/probe_108/CreateRoad/CreateRoadDetails/mats/Lines,principledshader::2.0,,5,4,medium,emitint=1 emitcolorr=0 emitcolorg=0 emitcolorb=0,baseBump_useTexture baseNormal_useTexture shop_disable_displace_shader specular_tint vm_displacebound
AB::RoadSimpleGenerator::3.4,/obj/AnalysisHolder/probe_108/CreateRoad/CreateRoadDetails/mats/Reflectors,principledshader::2.0,,5,4,medium,emitint=1 emitcolorr=0 emitcolorg=0 emitcolorb=0,baseBump_useTexture baseNormal_useTexture shop_disable_displace_shader specular_tint vm_displacebound
AB::RoadSimpleGenerator::3.4,/obj/AnalysisHolder/probe_108/CreateRoad/CreateRoadDetails/mats/Metal,principledshader::2.0,,5,4,medium,emitint=1 emitcolorr=0 emitcolorg=0 emitcolorb=0,baseBump_useTexture baseNormal_useTexture shop_disable_displace_shader specular_tint vm_displacebound
AB::RoadSimpleGenerator::3.4,/obj/AnalysisHolder/probe_108/CreateRoad/CreateMainRoad_02/mats/Road_Concrete,principledshader::2.0,,5,4,medium,emitint=1 emitcolorr=0 emitcolorg=0 emitcolorb=0,baseBump_useTexture baseNormal_useTexture shop_disable_displace_shader specular_tint vm_displacebound
AB::RoadSimpleGenerator::3.4,/obj/AnalysisHolder/probe_108/CreateRoad/CreateMainRoad_02/mats/Road_Asphalt,principledshader::2.0,,5,4,medium,emitint=1 emitcolorr=0 emitcolorg=0 emitcolorb=0,baseBump_useTexture baseNormal_useTexture shop_disable_displace_shader specular_tint vm_displacebound
AB::RoadSimpleGenerator::3.4,/obj/AnalysisHolder/probe_108/CreateRoad/UE_MAT_Reflectors,attribcreate::2.0,,1,2,medium,class1=1 type1=3,string1
AB::RoadSimpleGenerator::3.4,/obj/AnalysisHolder/probe_108/CreateRoad/UE_MAT_UtilityPoleWood,attribcreate::2.0,,1,2,medium,class1=1 type1=3,string1
AB::RoadSimpleGenerator::3.4,/obj/AnalysisHolder/probe_108/CreateRoad/UE_MAT_Metal_01,attribcreate::2.0,,1,2,medium,class1=1 type1=3,string1
AB::RoadSimpleGenerator::3.4,/obj/AnalysisHolder/probe_108/CreateRoad/UE_MAT_Road,attribcreate::2.0,,1,2,medium,class1=1 type1=3,string1
AB::RoadSimpleGenerator::3.4,/obj/AnalysisHolder/probe_108/CreateRoad/UE_MAT_Concrete,attribcreate::2.0,,1,2,medium,class1=1 type1=3,string1
AB::RoadSimpleGenerator::3.4,/obj/AnalysisHolder/probe_108/CreateRoad/UE_MAT_Lines,attribcreate::2.0,,1,2,medium,class1=1 type1=3,string1
AB::RoadSimpleGenerator::3.4,/obj/AnalysisHolder/probe_108/CreateRoad/UE_MAT_Emit,attribcreate::2.0,,1,2,medium,class1=1 type1=3,string1
AB::RoadSimpleGenerator::3.4,/obj/AnalysisHolder/probe_108/CreateRoad/UE_MAT_Wires,attribcreate::2.0,,1,2,medium,class1=1 type1=3,string1
AB::RoadSimpleGenerator::3.4,/obj/AnalysisHolder/probe_108/CreateRoad/UE_MAT_Porclain,attribcreate::2.0,,1,2,medium,class1=1 type1=3,string1
AB::RoadSimpleGenerator::3.4,/obj/AnalysisHolder/probe_108/CreateHighway/SideRailsCurves/sweep1,sweep::2.0,,1,5,medium,surfaceshape=3 cols=1 scaleramp1value=1 scaleramp2pos=1 scaleramp2value=1,width
AB::RoadSimpleGenerator::3.4,/obj/AnalysisHolder/probe_108/CreateHighway/CreateUtilityPoles/CreateUtilityPoles/transform3,xform,,1,1,medium,parmgroup_pivotxform=1,ty
AB::RoadSimpleGenerator::3.4,/obj/AnalysisHolder/probe_108/CreateHighway/CreateUtilityPoles/CreateWires/polywire1,polywire,,2,1,medium,maxscale=100,div radius
AB::RoadSimpleGenerator::3.4,/obj/AnalysisHolder/probe_108/CreateHighway/CreateUtilityPoles/CreateWires/resample1,resample,,1,2,medium,dolength=0 dosegs=1,segs
AB::RoadSimpleGenerator::3.4,/obj/AnalysisHolder/probe_108/CreateHighway/CreateUtilityPoles/CreateWires/resample3,resample,,1,2,medium,dolength=0 dosegs=1,segs
AB::RoadSimpleGenerator::3.4,/obj/AnalysisHolder/probe_108/CreateHighway/CreateUtilityPoles/CreateWires/polywire2,polywire,,2,1,medium,maxscale=100,div radius
AB::RoadSimpleGenerator::3.4,/obj/AnalysisHolder/probe_108/CreateHighway/CreateUtilityPoles/AssemblePolesAndWires/mats/UtilityPole_Wood,principledshader::2.0,,5,4,medium,emitint=1 emitcolorr=0 emitcolorg=0 emitcolorb=0,baseBump_useTexture baseNormal_useTexture shop_disable_displace_shader specular_tint vm_displacebound
AB::RoadSimpleGenerator::3.4,/obj/AnalysisHolder/probe_108/CreateHighway/CreateUtilityPoles/AssemblePolesAndWires/mats/UtilityPole_HorizWood,principledshader::2.0,,5,4,medium,emitint=1 emitcolorr=0 emitcolorg=0 emitcolorb=0,baseBump_useTexture baseNormal_useTexture shop_disable_displace_shader specular_tint vm_displacebound
AB::RoadSimpleGenerator::3.4,/obj/AnalysisHolder/probe_108/CreateHighway/CreateUtilityPoles/AssemblePolesAndWires/mats/UtilityPole_Metal,principledshader::2.0,,5,4,medium,emitint=1 emitcolorr=0 emitcolorg=0 emitcolorb=0,baseBump_useTexture baseNormal_useTexture shop_disable_displace_shader specular_tint vm_displacebound
AB::RoadSimpleGenerator::3.4,/obj/AnalysisHolder/probe_108/CreateHighway/CreateUtilityPoles/AssemblePolesAndWires/mats/UtilityPole_Porclain,principledshader::2.0,,5,4,medium,emitint=1 emitcolorr=0 emitcolorg=0 emitcolorb=0,baseBump_useTexture baseNormal_useTexture shop_disable_displace_shader specular_tint vm_displacebound
AB::RoadSimpleGenerator::3.4,/obj/AnalysisHolder/probe_108/CreateHighway/CreateUtilityPoles/AssemblePolesAndWires/mats/UtilityPole_Wires,principledshader::2.0,,5,4,medium,emitint=1 emitcolorr=0 emitcolorg=0 emitcolorb=0,baseBump_useTexture baseNormal_useTexture shop_disable_displace_shader specular_tint vm_displacebound
AB::RoadSimpleGenerator::3.4,/obj/AnalysisHolder/probe_108/CreateHighway/CreateUtilityPoles/AssemblePolesAndWires/mats/UtilityPole_Emits,principledshader::2.0,,5,4,medium,emitint=1 emitcolorr=0 emitcolorg=0 emitcolorb=0,baseBump_useTexture baseNormal_useTexture shop_disable_displace_shader specular_tint vm_displacebound
AB::RoadSimpleGenerator::3.4,/obj/AnalysisHolder/probe_108/CreateHighway/CreateUtilityPoles/AssemblePolesAndWires/mats/UtilityPole_Plastic,principledshader::2.0,,5,4,medium,emitint=1 emitcolorr=0 emitcolorg=0 emitcolorb=0,baseBump_useTexture baseNormal_useTexture shop_disable_displace_shader specular_tint vm_displacebound
AB::RoadSimpleGenerator::3.4,/obj/AnalysisHolder/probe_108/CreateHighway/CreateSideRails/subnet8/skin4,skin,,1,2,medium,skinops=1 polys=0,inc
AB::RoadSimpleGenerator::3.4,/obj/AnalysisHolder/probe_108/CreateHighway/CreateSideRails/foreach_end1,block_end,,1,3,medium,itermethod=1 method=1 class=0,attrib
AB::RoadSimpleGenerator::3.4,/obj/AnalysisHolder/probe_108/CreateHighway/CreateSideRails/foreach_end2,block_end,,1,3,medium,itermethod=1 method=1 class=0,attrib
AB::RoadSimpleGenerator::3.4,/obj/AnalysisHolder/probe_108/CreateHighway/CreateSideRails/foreach_end3,block_end,,1,3,medium,itermethod=1 method=1 class=0,attrib
AB::RoadSimpleGenerator::3.4,/obj/AnalysisHolder/probe_108/CreateHighway/CreateSideRails/mats/GuardRails_Metal,principledshader::2.0,,5,4,medium,emitint=1 emitcolorr=0 emitcolorg=0 emitcolorb=0,baseBump_useTexture baseNormal_useTexture shop_disable_displace_shader specular_tint vm_displacebound
AB::RoadSimpleGenerator::3.4,/obj/AnalysisHolder/probe_108/CreateHighway/CreateSidePosts/foreach_end1,block_end,,1,3,medium,itermethod=1 method=1 class=0,attrib
AB::RoadSimpleGenerator::3.4,/obj/AnalysisHolder/probe_108/CreateHighway/CreateSidePosts/mats/SideSupports_Wood,principledshader::2.0,,5,4,medium,emitint=1 emitcolorr=0 emitcolorg=0 emitcolorb=0,baseBump_useTexture baseNormal_useTexture shop_disable_displace_shader specular_tint vm_displacebound
AB::RoadSimpleGenerator::3.4,/obj/AnalysisHolder/probe_108/CreateHighway/CreateMainRoad/line1,line,,1,4,medium,type=1 dirx=1 diry=0 order=2,dist
AB::RoadSimpleGenerator::3.4,/obj/AnalysisHolder/probe_108/CreateHighway/CreateMainRoad/line2,line,,1,4,medium,type=1 dirx=1 diry=0 order=2,dist
AB::RoadSimpleGenerator::3.4,/obj/AnalysisHolder/probe_108/CreateHighway/CreateMainRoad/line3,line,,1,4,medium,type=1 dirx=1 diry=0 order=2,dist
AB::RoadSimpleGenerator::3.4,/obj/AnalysisHolder/probe_108/CreateHighway/CreateMainRoad/mats/Road_Concrete,principledshader::2.0,,5,4,medium,emitint=1 emitcolorr=0 emitcolorg=0 emitcolorb=0,baseBump_useTexture baseNormal_useTexture shop_disable_displace_shader specular_tint vm_displacebound
AB::RoadSimpleGenerator::3.4,/obj/AnalysisHolder/probe_108/CreateHighway/CreateMainRoad/mats/Road_Asphalt,principledshader::2.0,,5,4,medium,emitint=1 emitcolorr=0 emitcolorg=0 emitcolorb=0,baseBump_useTexture baseNormal_useTexture shop_disable_displace_shader specular_tint vm_displacebound
AB::RoadSimpleGenerator::3.4,/obj/AnalysisHolder/probe_108/CreateHighway/CreateMainRoad/CreateFreewayProfile_01/add1,add,,1,2,medium,points=2 switcher1=1,pt1y
AB::RoadSimpleGenerator::3.4,/obj/AnalysisHolder/probe_108/CreateHighway/CreateMainRoad/CreateFreewayProfile_01/add2,add,,3,2,medium,points=2 switcher1=1,pt0y pt1x pt1y
AB::RoadSimpleGenerator::3.4,/obj/AnalysisHolder/probe_108/CreateHighway/CreateMainRoad/CreateFreewayProfile_01/add3,add,,4,3,medium,stdswitcher1=1 points=2 switcher1=1,pt0x pt0y pt1x pt1y
AB::RoadSimpleGenerator::3.4,/obj/AnalysisHolder/probe_108/CreateHighway/CreateMainRoad/CreateFreewayProfile_01/add5,add,,4,4,medium,stdswitcher1=1 points=2 switcher1=1 weight0=0.585385,pt0x pt0y pt1x pt1y
AB::RoadSimpleGenerator::3.4,/obj/AnalysisHolder/probe_108/CreateHighway/CreateMainRoad/CreateFreewayProfile_01/add6,add,,4,3,medium,stdswitcher1=1 points=2 switcher1=1,pt0x pt0y pt1x pt1y
AB::RoadSimpleGenerator::3.4,/obj/AnalysisHolder/probe_108/CreateHighway/CreateMainRoad/CreateFreewayProfile_01/add7,add,,4,2,medium,points=2 switcher1=1,pt0x pt0y pt1x pt1y
AB::RoadSimpleGenerator::3.4,/obj/AnalysisHolder/probe_108/CreateHighway/CreateMainRoad/CreateFreewayProfile_01/add8,add,,5,2,medium,points=2 switcher1=1,pt0x pt0y pt0z pt1x pt1z
AB::RoadSimpleGenerator::3.4,/obj/AnalysisHolder/probe_108/CreateHighway/CreateMainRoad/CreateFreewayProfile_01/add9,add,pt1,6,3,high,points=4 switcher1=1 pt1y=-1,pt0x pt0y pt0z pt1x pt2x pt2y
AB::RoadSimpleGenerator::3.4,/obj/AnalysisHolder/probe_108/CreateHighway/CreateFreewayDetails/knife2,clip::2.0,,1,3,medium,clipop=1 dirx=0 diry=1,originy
AB::RoadSimpleGenerator::3.4,/obj/AnalysisHolder/probe_108/CreateHighway/CreateFreewayDetails/knife4,clip::2.0,,1,2,medium,dirx=0 diry=1,originy
AB::RoadSimpleGenerator::3.4,/obj/AnalysisHolder/probe_108/CreateHighway/CreateFreewayDetails/polyextrude4,polyextrude::2.0,,1,11,medium,outputback=1 thicknessramp1value=1 thicknessramp1interp=2 thicknessramp2pos=1 thicknessramp2value=1 thicknessramp2interp=2 twistramp1value=0.5 twistramp1interp=2 twistramp2pos=1 twistramp2value=0.5 twistramp2interp=2,dist
AB::RoadSimpleGenerator::3.4,/obj/AnalysisHolder/probe_108/CreateHighway/CreateFreewayDetails/transform10,xform,,1,1,medium,parmgroup_pivotxform=1,ty
AB::RoadSimpleGenerator::3.4,/obj/AnalysisHolder/probe_108/CreateHighway/CreateFreewayDetails/carve3,carve,,1,4,medium,domainu1=0.6 domainu2=0.95 secondu=1 stdswitcher1=1,divsu
AB::RoadSimpleGenerator::3.4,/obj/AnalysisHolder/probe_108/CreateHighway/CreateFreewayDetails/transform11,xform,,1,1,medium,parmgroup_pivotxform=1,tx
AB::RoadSimpleGenerator::3.4,/obj/AnalysisHolder/probe_108/CreateHighway/CreateFreewayDetails/polyextrude8,polyextrude::2.0,,1,13,medium,dist=0.00112 outputfrontgrp=1 outputsidegrp=1 thicknessramp1value=1 thicknessramp1interp=2 thicknessramp2pos=1 thicknessramp2value=1 thicknessramp2interp=2 twistramp1value=0.5 twistramp1interp=2 twistramp2pos=1 twistramp2value=0.5 twistramp2interp=2,inset
AB::RoadSimpleGenerator::3.4,/obj/AnalysisHolder/probe_108/CreateHighway/CreateFreewayDetails/transform16,xform,,1,1,medium,parmgroup_pivotxform=1,tx
AB::RoadSimpleGenerator::3.4,/obj/AnalysisHolder/probe_108/CreateHighway/CreateFreewayDetails/polyextrude12,polyextrude::2.0,,1,13,medium,dist=0.00112 outputfrontgrp=1 outputsidegrp=1 thicknessramp1value=1 thicknessramp1interp=2 thicknessramp2pos=1 thicknessramp2value=1 thicknessramp2interp=2 twistramp1value=0.5 twistramp1interp=2 twistramp2pos=1 twistramp2value=0.5 twistramp2interp=2,inset
AB::RoadSimpleGenerator::3.4,/obj/AnalysisHolder/probe_108/CreateHighway/CreateFreewayDetails/subnet1/mats/RoadDetails_Reflectors,principledshader::2.0,,5,4,medium,emitint=1 emitcolorr=0 emitcolorg=0 emitcolorb=0,baseBump_useTexture baseNormal_useTexture shop_disable_displace_shader specular_tint vm_displacebound
AB::RoadSimpleGenerator::3.4,/obj/AnalysisHolder/probe_108/CreateHighway/CreateFreewayDetails/subnet1/mats/RoadDetails_Metal,principledshader::2.0,,5,4,medium,emitint=1 emitcolorr=0 emitcolorg=0 emitcolorb=0,baseBump_useTexture baseNormal_useTexture shop_disable_displace_shader specular_tint vm_displacebound
AB::RoadSimpleGenerator::3.4,/obj/AnalysisHolder/probe_108/CreateHighway/CreateFreewayDetails/subnet1/mats/RoadDetails_Lines,principledshader::2.0,,5,4,medium,emitint=1 emitcolorr=0 emitcolorg=0 emitcolorb=0,baseBump_useTexture baseNormal_useTexture shop_disable_displace_shader specular_tint vm_displacebound
AB::RoadSimpleGenerator::3.4,/obj/AnalysisHolder/probe_108/CreateHighway/CreateMainRoad_02/mats/Road_Concrete,principledshader::2.0,,5,4,medium,emitint=1 emitcolorr=0 emitcolorg=0 emitcolorb=0,baseBump_useTexture baseNormal_useTexture shop_disable_displace_shader specular_tint vm_displacebound
AB::RoadSimpleGenerator::3.4,/obj/AnalysisHolder/probe_108/CreateHighway/CreateMainRoad_02/mats/Road_Asphalt,principledshader::2.0,,5,4,medium,emitint=1 emitcolorr=0 emitcolorg=0 emitcolorb=0,baseBump_useTexture baseNormal_useTexture shop_disable_displace_shader specular_tint vm_displacebound
AB::RoadSimpleGenerator::3.4,/obj/AnalysisHolder/probe_108/CreateCityRail/material_assignments/mats/Road_Concrete,principledshader::2.0,,5,4,medium,emitint=1 emitcolorr=0 emitcolorg=0 emitcolorb=0,baseBump_useTexture baseNormal_useTexture shop_disable_displace_shader specular_tint vm_displacebound
AB::RoadSimpleGenerator::3.4,/obj/AnalysisHolder/probe_108/CreateCityRail/material_assignments/mats/Road_Asphalt,principledshader::2.0,,5,4,medium,emitint=1 emitcolorr=0 emitcolorg=0 emitcolorb=0,baseBump_useTexture baseNormal_useTexture shop_disable_displace_shader specular_tint vm_displacebound
AB::RoadSimpleGenerator::3.4,/obj/AnalysisHolder/probe_108/CreateCityRail/CreateFreewayProfile_01/add1,add,,1,2,medium,points=2 switcher1=1,pt1y
AB::RoadSimpleGenerator::3.4,/obj/AnalysisHolder/probe_108/CreateCityRail/CreateFreewayProfile_01/add2,add,,3,2,medium,points=2 switcher1=1,pt0y pt1x pt1y
AB::RoadSimpleGenerator::3.4,/obj/AnalysisHolder/probe_108/CreateCityRail/CreateFreewayProfile_01/add3,add,,4,2,medium,points=2 switcher1=1,pt0x pt0y pt1x pt1y
AB::RoadSimpleGenerator::3.4,/obj/AnalysisHolder/probe_108/CreateCityRail/CreateFreewayProfile_01/add5,add,,4,2,medium,points=2 switcher1=1,pt0x pt0y pt1x pt1y
AB::RoadSimpleGenerator::3.4,/obj/AnalysisHolder/probe_108/CreateCityRail/CreateFreewayProfile_01/add6,add,,4,2,medium,points=2 switcher1=1,pt0x pt0y pt1x pt1y
AB::RoadSimpleGenerator::3.4,/obj/AnalysisHolder/probe_108/CreateCityRail/CreateFreewayProfile_01/add7,add,,4,2,medium,points=2 switcher1=1,pt0x pt0y pt1x pt1y
AB::RoadSimpleGenerator::3.4,/obj/AnalysisHolder/probe_108/CreateCityRail/CreateFreewayProfile_01/add8,add,,5,2,medium,points=2 switcher1=1,pt0x pt0y pt0z pt1x pt1z
AB::RoadSimpleGenerator::3.4,/obj/AnalysisHolder/probe_108/CreateCityRail/CreateFreewayProfile_01/add9,add,,7,2,medium,points=4 switcher1=1,pt0x pt0y pt0z pt1x pt1y pt2x pt2y
AB::RoadSimpleGenerator::3.4,/obj/AnalysisHolder/probe_108/CreateCityRail/CreateFreewayProfile_01/transform5,xform,,1,5,medium,grouptype=3 parmgroup_pivotxform=1 px=0 py=0 invertxform=1,ty
AB::RoadSimpleGenerator::3.4,/obj/AnalysisHolder/probe_108/CreateCityRail/CreateFreewayProfile_01/carve2,carve,domainu,1,2,high,domainu2=1 secondu=1,domainu1
AB::RoadSimpleGenerator::3.4,/obj/AnalysisHolder/probe_108/CreateCityRail/CreateFreewayProfile_01/carve3,carve,,2,1,medium,secondu=1,domainu1 domainu2
AB::RoadSimpleGenerator::3.4,/obj/AnalysisHolder/probe_108/CreateCityRail/CreateFreewayProfile_01/transform1,xform,,1,1,medium,parmgroup_pivotxform=1,tx
AB::RoadSimpleGenerator::3.4,/obj/AnalysisHolder/probe_108/CreateCityRail/CreateSideSupports/sweep3,sweep::2.0,,3,7,medium,surface_folder1=2 surfaceshape=1 computeuvs=1 overrideexistinguvs=1 scaleramp1value=1 scaleramp2pos=1 scaleramp2value=1,cols endcaptype radius
AB::RoadSimpleGenerator::3.4,/obj/AnalysisHolder/probe_108/CreateCityRail/CreateUnderSupports/add1,add,,8,3,medium,points=6 switcher1=1 closedall=1,pt1x pt2x pt2y pt3x pt3y pt4x pt4y pt5y
AB::RoadSimpleGenerator::3.4,/obj/AnalysisHolder/probe_108/CreateCityRail/CreateUnderSupports/sweep1,sweep::2.0,,1,6,medium,surfaceshape=1 cols=24 computeuvs=1 scaleramp1value=1 scaleramp2pos=1 scaleramp2value=1,radius
AB::RoadSimpleGenerator::3.4,/obj/AnalysisHolder/probe_108/CreateCityRail/CreateTunnel/circle1,circle,,1,2,medium,type=2 ty=1,scale
AB::RoadSimpleGenerator::3.4,/obj/AnalysisHolder/probe_108/CreateCityRail/CreateTunnel/transform7,xform,,1,6,medium,tx=0 ty=0 tz=0 px=0 py=0 pz=0,rz
AB::RoadSimpleGenerator::3.4,/obj/AnalysisHolder/probe_108/TrainTracks/material_assignments/mats/Road_Concrete,principledshader::2.0,,5,4,medium,emitint=1 emitcolorr=0 emitcolorg=0 emitcolorb=0,baseBump_useTexture baseNormal_useTexture shop_disable_displace_shader specular_tint vm_displacebound
AB::RoadSimpleGenerator::3.4,/obj/AnalysisHolder/probe_108/TrainTracks/material_assignments/mats/Road_Asphalt,principledshader::2.0,,5,4,medium,emitint=1 emitcolorr=0 emitcolorg=0 emitcolorb=0,baseBump_useTexture baseNormal_useTexture shop_disable_displace_shader specular_tint vm_displacebound
AB::RoadSimpleGenerator::3.4,/obj/AnalysisHolder/probe_108/TrainTracks/TrackTerrain/sweep2,sweep::2.0,,1,10,medium,surfaceshape=3 cols=2 applyroll=0 upvectortype=2 useendupvector=1 computeuvs=1 attributes_folder=1 scaleramp1value=1 scaleramp2pos=1 scaleramp2value=1,width
AB::RoadSimpleGenerator::3.4,/obj/AnalysisHolder/probe_108/TrainTracks/UE_MAT_Terrain,attribcreate::2.0,,1,2,medium,class1=1 type1=3,string1
AB::RoadSimpleGenerator::3.4,/obj/AnalysisHolder/probe_108/TrainTracks/UE_MAT_Track,attribcreate::2.0,,1,2,medium,class1=1 type1=3,string1
AB::RoadSimpleGenerator::3.4,/obj/AnalysisHolder/probe_108/TrainTracks/UE_MAT_Ties,attribcreate::2.0,,1,2,medium,class1=1 type1=3,string1
AB::RoadTerrainGenerator::2.9,/obj/AnalysisHolder/probe_109/CreateSidePosts/transform6,xform,,1,1,medium,ry=180,tx
AB::RoadTerrainGenerator::2.9,/obj/AnalysisHolder/probe_109/CreateSidePosts/transform9,xform,,1,1,medium,ry=180,tx
AB::RoadTerrainGenerator::2.9,/obj/AnalysisHolder/probe_109/CreateRoad/mats/RoadTop/parm_metallic,parameter,,1,1,medium,rangeint2=1,parmprefix
AB::RoadTerrainGenerator::2.9,/obj/AnalysisHolder/probe_109/CreateRoad/mats/RoadTop/parm_reflecttint,parameter,,1,1,medium,rangeint2=1,parmprefix
AB::RoadTerrainGenerator::2.9,/obj/AnalysisHolder/probe_109/CreateRoad/mats/RoadTop/parm_coat,parameter,,1,1,medium,rangeint2=1,parmprefix
AB::RoadTerrainGenerator::2.9,/obj/AnalysisHolder/probe_109/CreateRoad/mats/RoadTop/parm_basecolor,parameter,,1,5,medium,parmtype=19 colordefr=0.2 colordefg=0.2 colordefb=0.2 rangeint2=1,parmprefix
AB::RoadTerrainGenerator::2.9,/obj/AnalysisHolder/probe_109/CreateRoad/mats/RoadSides/parm_metallic,parameter,,1,1,medium,rangeint2=1,parmprefix
AB::RoadTerrainGenerator::2.9,/obj/AnalysisHolder/probe_109/CreateRoad/mats/RoadSides/parm_reflecttint,parameter,,1,1,medium,rangeint2=1,parmprefix
AB::RoadTerrainGenerator::2.9,/obj/AnalysisHolder/probe_109/CreateRoad/mats/RoadSides/parm_coat,parameter,,1,1,medium,rangeint2=1,parmprefix
AB::RoadTerrainGenerator::2.9,/obj/AnalysisHolder/probe_109/CreateRoad/mats/RoadSides/parm_basecolor,parameter,,1,5,medium,parmtype=19 colordefr=0.2 colordefg=0.2 colordefb=0.2 rangeint2=1,parmprefix
AB::RoadTerrainGenerator::2.9,/obj/AnalysisHolder/probe_109/CreateRoad/line2,line,,1,4,medium,type=1 dirx=1 diry=0 order=2,dist
AB::RoadTerrainGenerator::2.9,/obj/AnalysisHolder/probe_109/CreateRoad/create_bridge1/subnet1/resample4,resample,,1,2,medium,dolength=0 dosegs=1,segs
AB::RoadTerrainGenerator::2.9,/obj/AnalysisHolder/probe_109/CreateRoad/create_bridge1/subnet1/carve13,carve,,1,4,medium,domainu1=0 domainu2=1 secondu=1 stdswitcher1=1,divsu
AB::RoadTerrainGenerator::2.9,/obj/AnalysisHolder/probe_109/CreateRoad/create_bridge1/create_vert_supports/to_poly,convert,,1,4,medium,stdswitcher1=1 lodu=0.001 lodv=0.001 divu=40,divv
AB::RoadTerrainGenerator::2.9,/obj/AnalysisHolder/probe_109/CreateRoad/create_bridge1/create_vert_supports/resample3,resample,,1,2,medium,dolength=0 dosegs=1,segs
AB::RoadTerrainGenerator::2.9,/obj/AnalysisHolder/probe_109/CreateRoad/create_bridge1/create_vert_supports/carve6,carve,,1,4,medium,domainu1=0 domainu2=1 secondu=1 stdswitcher1=1,divsu
AB::RoadTerrainGenerator::2.9,/obj/AnalysisHolder/probe_109/curveAnalysis/attribremap1,attribremap,,1,3,medium,inputmax=0 remap2pos=1 remap2value=1,descriptiveparm
AB::RoadTerrainGenerator::2.9,/obj/AnalysisHolder/probe_109/curveAnalysis/slope_blur,attribblur,,1,1,medium,pinborder=0,iterations
AB::RoadTerrainGenerator::2.9,/obj/AnalysisHolder/probe_109/curveAnalysis/position_blur,attribblur,,1,1,medium,pinborder=0,iterations
AB::RoadTerrainGenerator::2.9,/obj/AnalysisHolder/probe_109/curveAnalysis/resample1,resample,,1,4,medium,dolength=0 dosegs=1 dotangentattr=1 docurveuattr=1,segs
AB::RoadTerrainGenerator::2.9,/obj/AnalysisHolder/probe_109/CreateUtilityPoles/create_wires/polywire1,polywire,,2,1,medium,maxscale=100,div radius
AB::RoadTerrainGenerator::2.9,/obj/AnalysisHolder/probe_109/CreateUtilityPoles/create_wires/resample1,resample,,1,2,medium,dolength=0 dosegs=1,segs
AB::RoadTerrainGenerator::2.9,/obj/AnalysisHolder/probe_109/CreateUtilityPoles/final_geo/attribwrangle4,attribwrangle,,26,1,medium,seed_UT_Wood=1,Wood Wood1cb Wood1cg Wood1cr Wood1interp Wood1pos Wood2cb Wood2cg Wood2cr Wood2interp Wood2pos Wood3cb Wood3cg Wood3cr Wood3interp Wood3pos Wood4cb Wood4cg Wood4cr Wood4interp Wood4pos Wood5cb Wood5cg Wood5cr Wood5interp Wood5pos
AB::RoadTerrainGenerator::2.9,/obj/AnalysisHolder/probe_109/CreateUtilityPoles/final_geo/mats/util_pole_wood,principledshader::2.0,,5,4,medium,emitint=1 emitcolorr=0 emitcolorg=0 emitcolorb=0,baseBump_useTexture baseNormal_useTexture shop_disable_displace_shader specular_tint vm_displacebound
AB::RoadTerrainGenerator::2.9,/obj/AnalysisHolder/probe_109/CreateUtilityPoles/final_geo/mats/util_pole_horiz_wood,principledshader::2.0,,5,4,medium,emitint=1 emitcolorr=0 emitcolorg=0 emitcolorb=0,baseBump_useTexture baseNormal_useTexture shop_disable_displace_shader specular_tint vm_displacebound
AB::RoadTerrainGenerator::2.9,/obj/AnalysisHolder/probe_109/CreateUtilityPoles/final_geo/mats/util_pole_metal,principledshader::2.0,,5,4,medium,emitint=1 emitcolorr=0 emitcolorg=0 emitcolorb=0,baseBump_useTexture baseNormal_useTexture shop_disable_displace_shader specular_tint vm_displacebound
AB::RoadTerrainGenerator::2.9,/obj/AnalysisHolder/probe_109/CreateUtilityPoles/final_geo/mats/util_pole_porclain_ins,principledshader::2.0,,5,4,medium,emitint=1 emitcolorr=0 emitcolorg=0 emitcolorb=0,baseBump_useTexture baseNormal_useTexture shop_disable_displace_shader specular_tint vm_displacebound
AB::RoadTerrainGenerator::2.9,/obj/AnalysisHolder/probe_109/CreateUtilityPoles/final_geo/mats/RD_utilityWire,principledshader::2.0,,5,4,medium,emitint=1 emitcolorr=0 emitcolorg=0 emitcolorb=0,baseBump_useTexture baseNormal_useTexture shop_disable_displace_shader specular_tint vm_displacebound
AB::RockClumps::2.0,/obj/AnalysisHolder/probe_110/circle1,circle,,1,4,medium,type=1 orient=2 reverse=0 divs=100,scale
AB::RockClumps::2.0,/obj/AnalysisHolder/probe_110/scatteralign1,scatteralign,,3,20,medium,pointcountmethod=1 usedensityattrib=1 minradius=0.01 maxradius=0.03 orientation1=2 alignmentfolder=1 initup=1 relaxiterations=4 removeoverlapping=1 outputorientattrib=0 perprotramp1interp=5 perprotramp2pos=0.0474138 perprotramp2value=0.533333 perprotramp2interp=5 perprotramp3pos=0.961207 perprotramp3value=0.533333 perprotramp3interp=5 perprotramp4pos=1 perprotramp4value=1 perprotramp4interp=5,coverage densityscale seed
AB::RockMaker::2.0,/obj/AnalysisHolder/probe_111/LargeRock_02/remesh2,remesh::2.0,,4,3,medium,sizing=1 usemaxsize=1 useminsize=1,density gradation maxsize minsize
AB::RocksArched::2.0,/obj/AnalysisHolder/probe_112/attribrandomize1,attribrandomize,,2,5,medium,seed=7769 ramp2pos=0.5 ramp2value=0.5 ramp3pos=1 ramp3value=1,maxx minx
AB::RocksArched::2.0,/obj/AnalysisHolder/probe_112/transform3,xform,s,2,2,high,sx=0 parmgroup_prexform=1,sy sz
AB::RoofTopSignGenerator::4.8,/obj/AnalysisHolder/probe_113/CurveTypes/add1,add,pt10 pt7,13,6,high,points=12 pt5y=1 pt6x=1 pt6y=1 pt7x=1 pt10x=1,pt10y pt11x pt1y pt2x pt2y pt3x pt3y pt4y pt7y pt8x pt8y pt9x pt9y
AB::RoofTopSignGenerator::4.8,/obj/AnalysisHolder/probe_113/CurveTypes/add3,add,pt2 pt6,8,5,high,points=8 pt1y=1 pt2x=1 pt6x=1 pt7x=1,pt2y pt3x pt3y pt4x pt4y pt5x pt5y pt6y
AB::RoofTopSignGenerator::4.8,/obj/AnalysisHolder/probe_113/CurveTypes/add5,add,pt2,2,3,high,points=4 pt1y=1 pt2x=1,pt2y pt3x
AB::RoofTopSignGenerator::4.8,/obj/AnalysisHolder/probe_113/CurveTypes/add7,add,pt2 pt3 pt4 pt5,8,5,high,points=8 pt2y=1 pt3y=1 pt4x=1 pt5x=1,pt0y pt1y pt2x pt3x pt4y pt5y pt6x pt7x
AB::RoofTopSignGenerator::4.8,/obj/AnalysisHolder/probe_113/Parts/LightSign_001/polybevel2,polybevel::3.0,,1,6,medium,grouptype=2 profileramp1value=0.5 profileramp1interp=2 profileramp2pos=1 profileramp2value=0.5 profileramp2interp=2,offset
AB::RoofTopSignGenerator::4.8,/obj/AnalysisHolder/probe_113/Parts/LightSign_001/transform3,xform,t,1,2,high,ty=0 parmgroup_pivotxform=1,tz
AB::RoofTopSignGenerator::4.8,/obj/AnalysisHolder/probe_113/Parts/LightSign_001/polyextrude6,polyextrude::2.0,,1,11,medium,outputfrontgrp=1 thicknessramp1value=1 thicknessramp1interp=2 thicknessramp2pos=1 thicknessramp2value=1 thicknessramp2interp=2 twistramp1value=0.5 twistramp1interp=2 twistramp2pos=1 twistramp2value=0.5 twistramp2interp=2,dist
AB::RoofTopSignGenerator::4.8,/obj/AnalysisHolder/probe_113/SignShapes/CreateArrows/add1,add,,16,3,medium,points=9 switcher1=1 closedall=1,pt1x pt1y pt2x pt2y pt3x pt3y pt4x pt4y pt5x pt5y pt6x pt6y pt7x pt7y pt8x pt8y
AB::RoofTopSignGenerator::4.8,/obj/AnalysisHolder/probe_113/SignShapes/CreateArrows/polybevel1,polybevel::3.0,,1,7,medium,grouptype=1 divisions=12 profileramp1value=0.5 profileramp1interp=2 profileramp2pos=1 profileramp2value=0.5 profileramp2interp=2,offset
AB::RoofTopSignGenerator::4.8,/obj/AnalysisHolder/probe_113/SignShapes/CreateArrows/polybevel2,polybevel::3.0,,2,6,medium,grouptype=1 profileramp1value=0.5 profileramp1interp=2 profileramp2pos=1 profileramp2value=0.5 profileramp2interp=2,divisions offset
AB::RoofTopSignGenerator::4.8,/obj/AnalysisHolder/probe_113/SignShapes/CreateArrows/polyextrude3,polyextrude::2.0,,1,10,medium,thicknessramp1value=1 thicknessramp1interp=2 thicknessramp2pos=1 thicknessramp2value=1 thicknessramp2interp=2 twistramp1value=0.5 twistramp1interp=2 twistramp2pos=1 twistramp2value=0.5 twistramp2interp=2,dist
AB::RoofTopSignGenerator::4.8,/obj/AnalysisHolder/probe_113/SignShapes/CreateArrows/transform1,xform,,1,4,medium,parmgroup_pivotxform=1 px=0 py=0 pz=0,tz
AB::RoofTopSignGenerator::4.8,/obj/AnalysisHolder/probe_113/SignShapes/CreateArrows/transform2,xform,,1,4,medium,parmgroup_pivotxform=1 px=0 py=0 pz=0,tz
AB::RoofTopSignGenerator::4.8,/obj/AnalysisHolder/probe_113/SignShapes/CreateArrows/transform3,xform,t,1,3,high,ty=0 tz=0 parmgroup_pivotxform=1,tx
AB::RoofTopSignGenerator::4.8,/obj/AnalysisHolder/probe_113/SignShapes/Shape_001/color3,color,,3,5,medium,class=3 ramp2pos=1 ramp2cr=1 ramp2cg=1 ramp2cb=1,colorb colorg colorr
AB::RoofTopSignGenerator::4.8,/obj/AnalysisHolder/probe_113/SignShapes/Shape_001/circle2,circle,,1,4,medium,type=1 reverse=0 ry=180 divs=100,rady
AB::RoofTopSignGenerator::4.8,/obj/AnalysisHolder/probe_113/SignShapes/Shape_001/grid1,grid,,2,4,medium,orient=0 ry=180 rows=2 cols=2,sizex sizey
AB::RoofTopSignGenerator::4.8,/obj/AnalysisHolder/probe_113/SignShapes/Shape_001/transform4,xform,,1,1,medium,parmgroup_pivotxform=1,tz
AB::RoofTopSignGenerator::4.8,/obj/AnalysisHolder/probe_113/SignShapes/Shape_001/color4,color,,3,5,medium,class=3 ramp2pos=1 ramp2cr=1 ramp2cg=1 ramp2cb=1,colorb colorg colorr
AB::RoofTopSignGenerator::4.8,/obj/AnalysisHolder/probe_113/SignShapes/Shape_001/carve3,carve,,1,4,medium,firstu=0 domainu1=0 firstv=1 stdswitcher1=1,domainv1
AB::RoofTopSignGenerator::4.8,/obj/AnalysisHolder/probe_113/SignShapes/Shape_001/transform11,xform,,1,2,medium,rx=90 parmgroup_pivotxform=1,scale
AB::RoofTopSignGenerator::4.8,/obj/AnalysisHolder/probe_113/SignShapes/Shape_001/color1,color,,3,5,medium,class=3 ramp2pos=1 ramp2cr=1 ramp2cg=1 ramp2cb=1,colorb colorg colorr
AB::RoofTopSignGenerator::4.8,/obj/AnalysisHolder/probe_113/SignShapes/Circular_01/transform2,xform,,1,1,medium,parmgroup_pivotxform=1,tx
AB::RoofTopSignGenerator::4.8,/obj/AnalysisHolder/probe_113/SignShapes/InsetTopBottom/transform2,xform,,1,1,medium,parmgroup_pivotxform=1,tx
AB::RoofTopSignGenerator::4.8,/obj/AnalysisHolder/probe_113/SignShapes/transform1,xform,s,2,2,high,sx=0 parmgroup_pivotxform=1,sy sz
AB::RoofTopSignGenerator::4.8,/obj/AnalysisHolder/probe_113/SignShapes/transform2,xform,,1,1,medium,parmgroup_pivotxform=1,scale
AB::RoofTopSignGenerator::4.8,/obj/AnalysisHolder/probe_113/mats/Metal_Galvanized_01,principledshader::2.0,,5,9,medium,diffuse_folder_151=2 folder7=1 folder4=1 folder12=1 folder13=1 folder8=1 folder11=1 folder9=1 basecolor_useTexture=1,baseBump_useTexture baseNormal_useTexture shop_disable_displace_shader specular_tint vm_displacebound
AB::RoofTopSignGenerator::4.8,/obj/AnalysisHolder/probe_113/mats/AB_RoadSigns_01,principledshader::2.0,,5,9,medium,diffuse_folder_151=2 folder7=1 folder4=1 folder12=1 folder13=1 folder8=1 folder11=1 folder9=1 basecolor_useTexture=1,baseBump_useTexture baseNormal_useTexture shop_disable_displace_shader specular_tint vm_displacebound
AB::RoofTopSignGenerator::4.8,/obj/AnalysisHolder/probe_113/mats/AB_RoadSigns_02,principledshader::2.0,,5,9,medium,diffuse_folder_151=2 folder7=1 folder4=1 folder12=1 folder13=1 folder8=1 folder11=1 folder9=1 basecolor_useTexture=1,baseBump_useTexture baseNormal_useTexture shop_disable_displace_shader specular_tint vm_displacebound
AB::RoofTopSignGenerator::4.8,/obj/AnalysisHolder/probe_113/mats/AB_RoadSigns_03,principledshader::2.0,,5,9,medium,diffuse_folder_151=2 folder7=1 folder4=1 folder12=1 folder13=1 folder8=1 folder11=1 folder9=1 basecolor_useTexture=1,baseBump_useTexture baseNormal_useTexture shop_disable_displace_shader specular_tint vm_displacebound
AB::RoofTopSignGenerator::4.8,/obj/AnalysisHolder/probe_113/mats/Emit_01,principledshader::2.0,,5,13,medium,folder7=1 folder4=1 folder12=1 folder13=1 folder8=1 folder11=1 folder9=1 basecolorr=0 basecolorg=0 basecolorb=0 albedomult=0 emitint=1 emitcolor_usePointColor=1,baseBump_useTexture baseNormal_useTexture shop_disable_displace_shader specular_tint vm_displacebound
AB::RoofTopSignGenerator::4.8,/obj/AnalysisHolder/probe_113/mats/Wood_01,principledshader::2.0,,5,8,medium,folder7=1 folder4=1 folder12=1 folder13=1 folder8=1 folder11=1 folder9=1 basecolor_useTexture=1,baseBump_useTexture baseNormal_useTexture shop_disable_displace_shader specular_tint vm_displacebound
AB::RoofTopSignGenerator::4.8,/obj/AnalysisHolder/probe_113/mats/BillboardFront,principledshader::2.0,,5,9,medium,diffuse_folder_151=2 folder7=1 folder4=1 folder12=1 folder13=1 folder8=1 folder11=1 folder9=1 basecolor_useTexture=1,baseBump_useTexture baseNormal_useTexture shop_disable_displace_shader specular_tint vm_displacebound
AB::RoofTopSignGenerator::4.8,/obj/AnalysisHolder/probe_113/mats/BillboardBottom,principledshader::2.0,,5,11,medium,folder7=1 folder4=1 folder12=1 folder13=1 folder8=1 folder11=1 folder9=1 basecolorr=0.10817 basecolorg=0.122779 basecolorb=0.145 basecolor_useTexture=1,baseBump_useTexture baseNormal_useTexture shop_disable_displace_shader specular_tint vm_displacebound
AB::RoofTopSignGenerator::4.8,/obj/AnalysisHolder/probe_113/mats/AB_RoadSigns_04,principledshader::2.0,,5,9,medium,diffuse_folder_151=2 folder7=1 folder4=1 folder12=1 folder13=1 folder8=1 folder11=1 folder9=1 basecolor_useTexture=1,baseBump_useTexture baseNormal_useTexture shop_disable_displace_shader specular_tint vm_displacebound
AB::RoofTopSignGenerator::4.8,/obj/AnalysisHolder/probe_113/mats/AB_RoadSigns_05,principledshader::2.0,,5,9,medium,diffuse_folder_151=2 folder7=1 folder4=1 folder12=1 folder13=1 folder8=1 folder11=1 folder9=1 basecolor_useTexture=1,baseBump_useTexture baseNormal_useTexture shop_disable_displace_shader specular_tint vm_displacebound
AB::RoofTopSignGenerator::4.8,/obj/AnalysisHolder/probe_113/mats/AB_RoadSigns_06,principledshader::2.0,,5,9,medium,diffuse_folder_151=2 folder7=1 folder4=1 folder12=1 folder13=1 folder8=1 folder11=1 folder9=1 basecolor_useTexture=1,baseBump_useTexture baseNormal_useTexture shop_disable_displace_shader specular_tint vm_displacebound
AB::RoofTopSignGenerator::4.8,/obj/AnalysisHolder/probe_113/mats/AB_RoadSigns_07,principledshader::2.0,,5,9,medium,diffuse_folder_151=2 folder7=1 folder4=1 folder12=1 folder13=1 folder8=1 folder11=1 folder9=1 basecolor_useTexture=1,baseBump_useTexture baseNormal_useTexture shop_disable_displace_shader specular_tint vm_displacebound
AB::RoofTopSignGenerator::4.8,/obj/AnalysisHolder/probe_113/mats/AB_RoadSigns_08,principledshader::2.0,,5,9,medium,diffuse_folder_151=2 folder7=1 folder4=1 folder12=1 folder13=1 folder8=1 folder11=1 folder9=1 basecolor_useTexture=1,baseBump_useTexture baseNormal_useTexture shop_disable_displace_shader specular_tint vm_displacebound
AB::RoofTopSignGenerator::4.8,/obj/AnalysisHolder/probe_113/mats/AB_RoadSigns_09,principledshader::2.0,,5,9,medium,diffuse_folder_151=2 folder7=1 folder4=1 folder12=1 folder13=1 folder8=1 folder11=1 folder9=1 basecolor_useTexture=1,baseBump_useTexture baseNormal_useTexture shop_disable_displace_shader specular_tint vm_displacebound
AB::RoofTopSignGenerator::4.8,/obj/AnalysisHolder/probe_113/mats/AB_RoadSigns_10,principledshader::2.0,,5,9,medium,diffuse_folder_151=2 folder7=1 folder4=1 folder12=1 folder13=1 folder8=1 folder11=1 folder9=1 basecolor_useTexture=1,baseBump_useTexture baseNormal_useTexture shop_disable_displace_shader specular_tint vm_displacebound
AB::RoofTopSignGenerator::4.8,/obj/AnalysisHolder/probe_113/mats/Concrete_01,principledshader::2.0,,5,14,medium,diffuse_folder_151=2 folder7=1 folder4=1 folder12=1 folder13=1 folder8=1 folder11=1 folder9=1 basecolorr=1 basecolorg=1 basecolorb=1 basecolor_useTexture=1 rough_useTexture=1 baseBumpAndNormal_enable=1,baseBump_useTexture baseNormal_useTexture shop_disable_displace_shader specular_tint vm_displacebound
AB::RoofTopSignGenerator::4.8,/obj/AnalysisHolder/probe_113/CreateFonts/xform1,xform,t,1,1,high,tz=0.25,ty
AB::RoofTopSignGenerator::4.8,/obj/AnalysisHolder/probe_113/CreateFonts/top_line_transform,xform,,3,4,medium,px=0 py=0 pz=0 updateaffectednmls=0,tx ty tz
AB::RoofTopSignGenerator::4.8,/obj/AnalysisHolder/probe_113/CreateFonts/xform2,xform,t,1,2,high,tz=0.25 updateaffectednmls=0,ty
AB::RoofTopSignGenerator::4.8,/obj/AnalysisHolder/probe_113/CreateFonts/middle_line_transform,xform,,3,4,medium,px=0 py=0 pz=0 updateaffectednmls=0,tx ty tz
AB::RoofTopSignGenerator::4.8,/obj/AnalysisHolder/probe_113/CreateFonts/xform3,xform,t,1,2,high,tz=0.25 updateaffectednmls=0,ty
AB::RoofTopSignGenerator::4.8,/obj/AnalysisHolder/probe_113/CreateFonts/top_line_transform2,xform,,3,4,medium,px=0 py=0 pz=0 updateaffectednmls=0,tx ty tz
AB::RoofTopSignGenerator::4.8,/obj/AnalysisHolder/probe_113/CreateFonts/polyextrude1,polyextrude::2.0,,1,14,medium,outputfrontgrp=1 outputback=1 outputbackgrp=1 outputsidegrp=1 thicknessramp1value=1 thicknessramp1interp=2 thicknessramp2pos=1 thicknessramp2value=1 thicknessramp2interp=2 twistramp1value=0.5 twistramp1interp=2 twistramp2pos=1 twistramp2value=0.5 twistramp2interp=2,dist
AB::RoofTopSignGenerator::4.8,/obj/AnalysisHolder/probe_113/CreateFonts/uvtransform4,uvtransform::2.0,s,1,5,high,tx=0 ty=0 sx=0 px=0 py=0,sy
AB::RoofTopSignGenerator::4.8,/obj/AnalysisHolder/probe_113/CreateFonts/polyextrude2,polyextrude::2.0,,1,14,medium,outputfrontgrp=1 outputback=1 outputbackgrp=1 outputsidegrp=1 thicknessramp1value=1 thicknessramp1interp=2 thicknessramp2pos=1 thicknessramp2value=1 thicknessramp2interp=2 twistramp1value=0.5 twistramp1interp=2 twistramp2pos=1 twistramp2value=0.5 twistramp2interp=2,dist
AB::RoofTopSignGenerator::4.8,/obj/AnalysisHolder/probe_113/CreateFonts/uvtransform5,uvtransform::2.0,s,1,5,high,tx=0 ty=0 sx=0 px=0 py=0,sy
AB::RoofTopSignGenerator::4.8,/obj/AnalysisHolder/probe_113/CreateFonts/polyextrude3,polyextrude::2.0,,1,14,medium,outputfrontgrp=1 outputback=1 outputbackgrp=1 outputsidegrp=1 thicknessramp1value=1 thicknessramp1interp=2 thicknessramp2pos=1 thicknessramp2value=1 thicknessramp2interp=2 twistramp1value=0.5 twistramp1interp=2 twistramp2pos=1 twistramp2value=0.5 twistramp2interp=2,dist
AB::RoofTopSignGenerator::4.8,/obj/AnalysisHolder/probe_113/CreateFonts/uvtransform6,uvtransform::2.0,s,1,5,high,tx=0 ty=0 sx=0 px=0 py=0,sy
AB::RoofTopSignGenerator::4.8,/obj/AnalysisHolder/probe_113/RoofSign/CreateHorizontalSupports/resample1,resample,,1,5,medium,dolength=0 length=0.1 dosegs=1 useattribs=0 allequal=0,segs
AB::RoofTopSignGenerator::4.8,/obj/AnalysisHolder/probe_113/RoofSign/CreateHorizontalSupports/horizontal_line1,line,,1,4,medium,type=1 dirx=1 diry=0 order=2,dist
AB::RoofTopSignGenerator::4.8,/obj/AnalysisHolder/probe_113/RoofSign/CreateHorizontalSupports/xform20,xform,,1,6,medium,parmgroup_pivotxform=1 px=0 py=0 pz=0 updatenmls=1 updateaffectednmls=0,sy
AB::RoofTopSignGenerator::4.8,/obj/AnalysisHolder/probe_113/RoofSign/CreateHorizontalSupports/xform_final_tweak,xform,,3,4,medium,px=0 py=0 pz=0 updatenmls=1,tx ty tz
AB::RoofTopSignGenerator::4.8,/obj/AnalysisHolder/probe_113/RoofSign/CreateVerticalPosts/CreateVerticalPosts/polyextrude1,polyextrude::2.0,,1,10,medium,thicknessramp1value=1 thicknessramp1interp=2 thicknessramp2pos=1 thicknessramp2value=1 thicknessramp2interp=2 twistramp1value=0.5 twistramp1interp=2 twistramp2pos=1 twistramp2value=0.5 twistramp2interp=2,dist
AB::RoofTopSignGenerator::4.8,/obj/AnalysisHolder/probe_113/RoofSign/CreateVerticalPosts/CreateVerticalPosts/xform31,xform,t,1,5,high,tz=-0.6 rx=90 scale=0.95 updatenmls=1 updateaffectednmls=0,ty
AB::RoofTopSignGenerator::4.8,/obj/AnalysisHolder/probe_113/RoofSign/CreateVerticalPosts/CreateVerticalPosts/polyextrude2,polyextrude::2.0,,1,10,medium,thicknessramp1value=1 thicknessramp1interp=2 thicknessramp2pos=1 thicknessramp2value=1 thicknessramp2interp=2 twistramp1value=0.5 twistramp1interp=2 twistramp2pos=1 twistramp2value=0.5 twistramp2interp=2,dist
AB::RoofTopSignGenerator::4.8,/obj/AnalysisHolder/probe_113/RoofSign/CreateVerticalPosts/CreateVerticalPosts/transform4,xform,,1,1,medium,py=8.625,rx
AB::RoofTopSignGenerator::4.8,/obj/AnalysisHolder/probe_113/RoofSign/CreateVerticalPosts/CreateVerticalPosts/polyextrude3,polyextrude::2.0,,1,10,medium,thicknessramp1value=1 thicknessramp1interp=2 thicknessramp2pos=1 thicknessramp2value=1 thicknessramp2interp=2 twistramp1value=0.5 twistramp1interp=2 twistramp2pos=1 twistramp2value=0.5 twistramp2interp=2,dist
AB::RoofTopSignGenerator::4.8,/obj/AnalysisHolder/probe_113/RoofSign/CreateVerticalPosts/CreateVerticalPosts/transform6,xform,t,1,2,high,ty=8.4825 updateaffectednmls=0,tz
AB::RoofTopSignGenerator::4.8,/obj/AnalysisHolder/probe_113/RoofSign/CreateVerticalPosts/CreateVerticalPosts/MetalExtrusionMaker1,AB::MetalExtrusionMaker::2.0,,4,1,medium,axis=1,ext_type height thick width
AB::RoofTopSignGenerator::4.8,/obj/AnalysisHolder/probe_113/RoofSign/CreateVerticalPosts/CreateVerticalPosts/MetalExtrusionMaker2,AB::MetalExtrusionMaker::2.0,,3,1,medium,axis=1,height thick width
AB::RoofTopSignGenerator::4.8,/obj/AnalysisHolder/probe_113/RoofSign/CreateVerticalPosts/CreateVerticalPosts/MetalExtrusionMaker3,AB::MetalExtrusionMaker::2.0,,3,1,medium,axis=1,height thick width
AB::RoofTopSignGenerator::4.8,/obj/AnalysisHolder/probe_113/RoofSign/CreateVerticalPosts/CreateFooters/grid2,grid,t,1,5,high,sizex=0.6 sizey=0.6 tx=0 rows=2 cols=2,tz
AB::RoofTopSignGenerator::4.8,/obj/AnalysisHolder/probe_113/RoofSign/CreateVerticalPosts/CreateFooters/polyextrude4,polyextrude::2.0,,1,11,medium,outputback=1 thicknessramp1value=1 thicknessramp1interp=2 thicknessramp2pos=1 thicknessramp2value=1 thicknessramp2interp=2 twistramp1value=0.5 twistramp1interp=2 twistramp2pos=1 twistramp2value=0.5 twistramp2interp=2,dist
AB::RoofTopSignGenerator::4.8,/obj/AnalysisHolder/probe_113/RoofSign/CreateVerticalPosts/CreateFooters/grid3,grid,,2,4,medium,tx=0 tz=9.225 rows=2 cols=2,sizex sizey
AB::RoofTopSignGenerator::4.8,/obj/AnalysisHolder/probe_113/RoofSign/CreateVerticalPosts/CreateFooters/transform9,xform,,1,4,medium,parmgroup_pivotxform=1 px=0 py=0 pz=0,scale
AB::RoofVentGenerator::3.0,/obj/AnalysisHolder/probe_114/CreateVents/mats/RP_1/parm_metallic,parameter,,1,1,medium,rangeint2=1,parmprefix
AB::RoofVentGenerator::3.0,/obj/AnalysisHolder/probe_114/CreateVents/mats/RP_1/parm_reflecttint,parameter,,1,1,medium,rangeint2=1,parmprefix
AB::RoofVentGenerator::3.0,/obj/AnalysisHolder/probe_114/CreateVents/mats/RP_1/parm_coat,parameter,,1,1,medium,rangeint2=1,parmprefix
AB::RoofVentGenerator::3.0,/obj/AnalysisHolder/probe_114/CreateVents/mats/RP_1/parm_basecolor,parameter,,1,5,medium,parmtype=19 colordefr=0.2 colordefg=0.2 colordefb=0.2 rangeint2=1,parmprefix
AB::RoofVentGenerator::3.0,/obj/AnalysisHolder/probe_114/CreateVents/mats/RP_2/parm_metallic,parameter,,1,1,medium,rangeint2=1,parmprefix
AB::RoofVentGenerator::3.0,/obj/AnalysisHolder/probe_114/CreateVents/mats/RP_2/parm_reflecttint,parameter,,1,1,medium,rangeint2=1,parmprefix
AB::RoofVentGenerator::3.0,/obj/AnalysisHolder/probe_114/CreateVents/mats/RP_2/parm_coat,parameter,,1,1,medium,rangeint2=1,parmprefix
AB::RoofVentGenerator::3.0,/obj/AnalysisHolder/probe_114/CreateVents/mats/RP_2/parm_basecolor,parameter,,1,5,medium,parmtype=19 colordefr=0.2 colordefg=0.2 colordefb=0.2 rangeint2=1,parmprefix
AB::RoofVentGenerator::3.0,/obj/AnalysisHolder/probe_114/CreateVents/mats/RP_3/parm_metallic,parameter,,1,1,medium,rangeint2=1,parmprefix
AB::RoofVentGenerator::3.0,/obj/AnalysisHolder/probe_114/CreateVents/mats/RP_3/parm_reflecttint,parameter,,1,1,medium,rangeint2=1,parmprefix
AB::RoofVentGenerator::3.0,/obj/AnalysisHolder/probe_114/CreateVents/mats/RP_3/parm_coat,parameter,,1,1,medium,rangeint2=1,parmprefix
AB::RoofVentGenerator::3.0,/obj/AnalysisHolder/probe_114/CreateVents/mats/RP_3/parm_basecolor,parameter,,1,5,medium,parmtype=19 colordefr=0.2 colordefg=0.2 colordefb=0.2 rangeint2=1,parmprefix
AB::RoofVentGenerator::3.0,/obj/AnalysisHolder/probe_114/CreateVents/mats/RP_4/parm_metallic,parameter,,1,1,medium,rangeint2=1,parmprefix
AB::RoofVentGenerator::3.0,/obj/AnalysisHolder/probe_114/CreateVents/mats/RP_4/parm_reflecttint,parameter,,1,1,medium,rangeint2=1,parmprefix
AB::RoofVentGenerator::3.0,/obj/AnalysisHolder/probe_114/CreateVents/mats/RP_4/parm_coat,parameter,,1,1,medium,rangeint2=1,parmprefix
AB::RoofVentGenerator::3.0,/obj/AnalysisHolder/probe_114/CreateVents/mats/RP_4/parm_basecolor,parameter,,1,5,medium,parmtype=19 colordefr=0.2 colordefg=0.2 colordefb=0.2 rangeint2=1,parmprefix
AB::RoofVentGenerator::3.0,/obj/AnalysisHolder/probe_114/CreateVents/mats/RP_5/parm_metallic,parameter,,1,1,medium,rangeint2=1,parmprefix
AB::RoofVentGenerator::3.0,/obj/AnalysisHolder/probe_114/CreateVents/mats/RP_5/parm_reflecttint,parameter,,1,1,medium,rangeint2=1,parmprefix
AB::RoofVentGenerator::3.0,/obj/AnalysisHolder/probe_114/CreateVents/mats/RP_5/parm_coat,parameter,,1,1,medium,rangeint2=1,parmprefix
AB::RoofVentGenerator::3.0,/obj/AnalysisHolder/probe_114/CreateVents/mats/RP_5/parm_basecolor,parameter,,1,5,medium,parmtype=19 colordefr=0.2 colordefg=0.2 colordefb=0.2 rangeint2=1,parmprefix
AB::RoofVentGenerator::3.0,/obj/AnalysisHolder/probe_114/CreateVents/mats/RP_6/parm_metallic,parameter,,1,1,medium,rangeint2=1,parmprefix
AB::RoofVentGenerator::3.0,/obj/AnalysisHolder/probe_114/CreateVents/mats/RP_6/parm_reflecttint,parameter,,1,1,medium,rangeint2=1,parmprefix
AB::RoofVentGenerator::3.0,/obj/AnalysisHolder/probe_114/CreateVents/mats/RP_6/parm_coat,parameter,,1,1,medium,rangeint2=1,parmprefix
AB::RoofVentGenerator::3.0,/obj/AnalysisHolder/probe_114/CreateVents/mats/RP_6/parm_basecolor,parameter,,1,5,medium,parmtype=19 colordefr=0.2 colordefg=0.2 colordefb=0.2 rangeint2=1,parmprefix
AB::RoofVentGenerator::3.0,/obj/AnalysisHolder/probe_114/CreateVents/VentStyle_01/box1,box,,3,4,medium,type=1 divrate1=2 divrate2=3 divrate3=2,sizex sizey sizez
AB::RoofVentGenerator::3.0,/obj/AnalysisHolder/probe_114/CreateVents/VentStyle_01/polyextrude1,polyextrude::2.0,,1,11,medium,outputfrontgrp=1 thicknessramp1value=1 thicknessramp1interp=2 thicknessramp2pos=1 thicknessramp2value=1 thicknessramp2interp=2 twistramp1value=0.5 twistramp1interp=2 twistramp2pos=1 twistramp2value=0.5 twistramp2interp=2,dist
AB::RoofVentGenerator::3.0,/obj/AnalysisHolder/probe_114/CreateVents/VentStyle_01/polyextrude2,polyextrude::2.0,,1,11,medium,outputfrontgrp=1 thicknessramp1value=1 thicknessramp1interp=2 thicknessramp2pos=1 thicknessramp2value=1 thicknessramp2interp=2 twistramp1value=0.5 twistramp1interp=2 twistramp2pos=1 twistramp2value=0.5 twistramp2interp=2,inset
AB::RoofVentGenerator::3.0,/obj/AnalysisHolder/probe_114/CreateVents/VentStyle_01/polyextrude3,polyextrude::2.0,,1,11,medium,outputfrontgrp=1 thicknessramp1value=1 thicknessramp1interp=2 thicknessramp2pos=1 thicknessramp2value=1 thicknessramp2interp=2 twistramp1value=0.5 twistramp1interp=2 twistramp2pos=1 twistramp2value=0.5 twistramp2interp=2,dist
AB::RoofVentGenerator::3.0,/obj/AnalysisHolder/probe_114/CreateVents/VentStyle_01/create_grill/convert2,convert,,1,2,medium,stdswitcher1=1 divv=0,divu
AB::RoofVentGenerator::3.0,/obj/AnalysisHolder/probe_114/CreateVents/VentStyle_02/tube1,tube,,3,2,medium,type=1 cap=1,cols height radscale
AB::RoofVentGenerator::3.0,/obj/AnalysisHolder/probe_114/CreateVents/VentStyle_02/polybevel1,polybevel::3.0,,4,6,medium,grouptype=0 profileramp1value=0.5 profileramp1interp=2 profileramp2pos=1 profileramp2value=0.5 profileramp2interp=2,convexity divisions filletshape offset
AB::RoofVentGenerator::3.0,/obj/AnalysisHolder/probe_114/CreateVents/VentStyle_02/polyextrude1,polyextrude::2.0,,1,12,medium,outputfrontgrp=1 outputsidegrp=1 thicknessramp1value=1 thicknessramp1interp=2 thicknessramp2pos=1 thicknessramp2value=1 thicknessramp2interp=2 twistramp1value=0.5 twistramp1interp=2 twistramp2pos=1 twistramp2value=0.5 twistramp2interp=2,inset
AB::RoofVentGenerator::3.0,/obj/AnalysisHolder/probe_114/CreateVents/VentStyle_02/polyextrude2,polyextrude::2.0,,1,10,medium,thicknessramp1value=1 thicknessramp1interp=2 thicknessramp2pos=1 thicknessramp2value=1 thicknessramp2interp=2 twistramp1value=0.5 twistramp1interp=2 twistramp2pos=1 twistramp2value=0.5 twistramp2interp=2,dist
AB::RoofVentGenerator::3.0,/obj/AnalysisHolder/probe_114/CreateVents/VentStyle_02/color3,color,,1,7,medium,class=3 colorg=0.1 colorb=0.1 ramp2pos=1 ramp2cr=1 ramp2cg=1 ramp2cb=1,colorr
AB::RoofVentGenerator::3.0,/obj/AnalysisHolder/probe_114/CreateVents/VentStyle_02/color4,color,,1,7,medium,class=3 colorg=0.5 colorb=0.5 ramp2pos=1 ramp2cr=1 ramp2cg=1 ramp2cb=1,colorr
AB::RoofVentGenerator::3.0,/obj/AnalysisHolder/probe_114/CreateVents/VentStyle_02/color5,color,,1,7,medium,class=3 colorg=0.5 colorb=0.5 ramp2pos=1 ramp2cr=1 ramp2cg=1 ramp2cb=1,colorr
AB::RoofVentGenerator::3.0,/obj/AnalysisHolder/probe_114/CreateVents/VentStyle_03/color1,color,,3,5,medium,class=3 ramp2pos=1 ramp2cr=1 ramp2cg=1 ramp2cb=1,colorb colorg colorr
AB::RoofVentGenerator::3.0,/obj/AnalysisHolder/probe_114/CreateVents/VentStyle_03/tube1,tube,,3,2,medium,type=1 cap=1,cols height radscale
AB::RoofVentGenerator::3.0,/obj/AnalysisHolder/probe_114/CreateVents/VentStyle_03/polyextrude1,polyextrude::2.0,,1,12,medium,outputfrontgrp=1 outputsidegrp=1 thicknessramp1value=1 thicknessramp1interp=2 thicknessramp2pos=1 thicknessramp2value=1 thicknessramp2interp=2 twistramp1value=0.5 twistramp1interp=2 twistramp2pos=1 twistramp2value=0.5 twistramp2interp=2,dist
AB::RoofVentGenerator::3.0,/obj/AnalysisHolder/probe_114/CreateVents/VentStyle_03/polyextrude2,polyextrude::2.0,,1,13,medium,outputfrontgrp=1 outputsidegrp=1 outputfrontseamgrp=1 thicknessramp1value=1 thicknessramp1interp=2 thicknessramp2pos=1 thicknessramp2value=1 thicknessramp2interp=2 twistramp1value=0.5 twistramp1interp=2 twistramp2pos=1 twistramp2value=0.5 twistramp2interp=2,dist
AB::RoofVentGenerator::3.0,/obj/AnalysisHolder/probe_114/CreateVents/VentStyle_03/polybevel1,polybevel::3.0,,3,6,medium,grouptype=3 profileramp1value=0.5 profileramp1interp=2 profileramp2pos=1 profileramp2value=0.5 profileramp2interp=2,divisions filletshape offset
AB::RooftopMechanicals::3.0,/obj/AnalysisHolder/probe_115/CreateMainBody/SideEdgeBev1,groupcreate,,3,4,medium,grouptype=2 groupbase=0 groupbounding=1 includenotwhollycontained=1,sizex sizey sizez
AB::RooftopMechanicals::3.0,/obj/AnalysisHolder/probe_115/CreateMainBody/ProcessFanBase/ProcessTop/knife9,knife,,12,1,medium,knifeop=1,above below clippts dirx diry dirz dist group newg originx originy originz
AB::RooftopMechanicals::3.0,/obj/AnalysisHolder/probe_115/CreateMainBody/CreateMainBody/PrimExtrude1,groupcreate,size t,4,4,high,groupbase=0 groupbounding=1 sizez=0.201079 tx=0.00820726,sizex sizey ty tz
AB::RooftopMechanicals::3.0,/obj/AnalysisHolder/probe_115/CreateMainBody/CreateMainBody/PrimExtrude2,groupcreate,size t,4,4,high,groupbase=0 groupbounding=1 sizez=0.201079 tx=0.00820726,sizex sizey ty tz
AB::RooftopMechanicals::3.0,/obj/AnalysisHolder/probe_115/CreateMainBody/CreateMainBody/PrimExtrude3,groupcreate,size,4,3,high,groupbase=0 groupbounding=1 sizex=0.2,sizey sizez tx ty
AB::RooftopMechanicals::3.0,/obj/AnalysisHolder/probe_115/CreateMainBody/CreateMainBody/PrimExtrude4,groupcreate,size,4,3,high,groupbase=0 groupbounding=1 sizex=0.2,sizey sizez tx ty
AB::RooftopMechanicals::3.0,/obj/AnalysisHolder/probe_115/CreateMainBody/transform2,xform,,1,1,medium,parmgroup_pivotxform=1,ty
AB::RooftopMechanicals::3.0,/obj/AnalysisHolder/probe_115/CreateMainBody/color2,color,,3,5,medium,class=3 ramp2pos=1 ramp2cr=1 ramp2cg=1 ramp2cb=1,colorb colorg colorr
AB::RooftopMechanicals::3.0,/obj/AnalysisHolder/probe_115/CreatePipes/CreatePipePoints/divide3,divide,size,2,3,high,convex=0 brick=1 sizex=0.5,sizey sizez
AB::RooftopMechanicals::3.0,/obj/AnalysisHolder/probe_115/CreatePipes/CreatePipePoints/sort1,sort,,1,1,medium,primsort=5,primseed
AB::RooftopMechanicals::3.0,/obj/AnalysisHolder/probe_115/CreatePipes/CreatePipePoints/attribrandomize3,attribrandomize,,2,6,medium,dimensions=1 seed=9145 ramp2pos=0.5 ramp2value=0.5 ramp3pos=1 ramp3value=1,maxx minx
AB::RooftopMechanicals::3.0,/obj/AnalysisHolder/probe_115/CreatePipes/CreatePipePoints/attribrandomize4,attribrandomize,,2,6,medium,dimensions=1 seed=4702 ramp2pos=0.5 ramp2value=0.5 ramp3pos=1 ramp3value=1,maxx minx
AB::RooftopMechanicals::3.0,/obj/AnalysisHolder/probe_115/CreatePipes/attribwrangle2,attribwrangle,,31,1,medium,Seed_RampColor=1,Ramp_Color Ramp_Color1cb Ramp_Color1cg Ramp_Color1cr Ramp_Color1interp Ramp_Color1pos Ramp_Color2cb Ramp_Color2cg Ramp_Color2cr Ramp_Color2interp Ramp_Color2pos Ramp_Color3cb Ramp_Color3cg Ramp_Color3cr Ramp_Color3interp Ramp_Color3pos Ramp_Color4cb Ramp_Color4cg Ramp_Color4cr Ramp_Color4interp Ramp_Color4pos Ramp_Color5cb Ramp_Color5cg Ramp_Color5cr Ramp_Color5interp Ramp_Color5pos Ramp_Color6cb Ramp_Color6cg Ramp_Color6cr Ramp_Color6interp Ramp_Color6pos
AB::RooftopMechanicals::3.0,/obj/AnalysisHolder/probe_115/CreatePipes/attribwrangle3,attribwrangle,,11,1,medium,Seed_RampColor=1,Pipe_Ends_Color Pipe_Ends_Color1cb Pipe_Ends_Color1cg Pipe_Ends_Color1cr Pipe_Ends_Color1interp Pipe_Ends_Color1pos Pipe_Ends_Color2cb Pipe_Ends_Color2cg Pipe_Ends_Color2cr Pipe_Ends_Color2interp Pipe_Ends_Color2pos
AB::RooftopMechanicals::3.0,/obj/AnalysisHolder/probe_115/CreatePipes/attribwrangle4,attribwrangle,,11,1,medium,Seed_RampColor=1,Nuts_Bolts_Color Nuts_Bolts_Color1cb Nuts_Bolts_Color1cg Nuts_Bolts_Color1cr Nuts_Bolts_Color1interp Nuts_Bolts_Color1pos Nuts_Bolts_Color2cb Nuts_Bolts_Color2cg Nuts_Bolts_Color2cr Nuts_Bolts_Color2interp Nuts_Bolts_Color2pos
AB::RooftopMechanicals::3.0,/obj/AnalysisHolder/probe_115/CreateFanBezel/color1,color,,3,5,medium,class=3 ramp2pos=1 ramp2cr=1 ramp2cg=1 ramp2cb=1,colorb colorg colorr
AB::RooftopMechanicals::3.0,/obj/AnalysisHolder/probe_115/CreateFanGrate/copy1,copyxform,,1,2,medium,ncy=12 parmgroup_pivotxform=1,ry
AB::RooftopMechanicals::3.0,/obj/AnalysisHolder/probe_115/CreateFanGrate/transform2,xform,,1,1,medium,parmgroup_pivotxform=1,ty
AB::RooftopMechanicals::3.0,/obj/AnalysisHolder/probe_115/CreateFanGrate/color1,color,,3,5,medium,class=3 ramp2pos=1 ramp2cr=1 ramp2cg=1 ramp2cb=1,colorb colorg colorr
AB::RooftopMechanicals::3.0,/obj/AnalysisHolder/probe_115/mats/Metal_GalvanizedRusty_01/MechanicalsMetal,principledshader::2.0,,5,13,medium,diffuse_folder_151=3 folder7=1 folder4=1 folder12=1 folder13=1 folder8=1 folder11=1 folder9=1 basecolorr=1 basecolorg=1 basecolorb=1 basecolor_useTexture=1 baseBumpAndNormal_enable=1,baseBump_useTexture baseNormal_useTexture shop_disable_displace_shader specular_tint vm_displacebound
AB::RooftopMechanicals::3.0,/obj/AnalysisHolder/probe_115/mats/Metal_GalvanizedRusty_01/surfaceexports1/bind1,bind,,1,4,medium,overridetype=1 useasparmdefiner=1 useownexportcontext=1 exportparm=1,parmname
AB::RooftopMechanicals::3.0,/obj/AnalysisHolder/probe_115/mats/Metal_GalvanizedRusty_01/surfaceexports1/bind4,bind,,1,4,medium,overridetype=1 useasparmdefiner=1 useownexportcontext=1 exportparm=1,parmname
AB::RooftopMechanicals::3.0,/obj/AnalysisHolder/probe_115/mats/Metal_GalvanizedRusty_01/surfaceexports1/bind5,bind,,1,4,medium,overridetype=1 useasparmdefiner=1 useownexportcontext=1 exportparm=1,parmname
AB::RooftopMechanicals::3.0,/obj/AnalysisHolder/probe_115/mats/Metal_GalvanizedRusty_01/surfaceexports1/bind6,bind,,1,4,medium,overridetype=1 useasparmdefiner=1 useownexportcontext=1 exportparm=1,parmname
AB::RooftopMechanicals::3.0,/obj/AnalysisHolder/probe_115/mats/Metal_GalvanizedRusty_01/surfaceexports1/bind7,bind,,1,4,medium,overridetype=1 useasparmdefiner=1 useownexportcontext=1 exportparm=1,parmname
AB::RooftopMechanicals::3.0,/obj/AnalysisHolder/probe_115/mats/Metal_GalvanizedRusty_01/surfaceexports1/bind8,bind,,1,4,medium,overridetype=1 useasparmdefiner=1 useownexportcontext=1 exportparm=1,parmname
AB::RooftopMechanicals::3.0,/obj/AnalysisHolder/probe_115/mats/Metal_GalvanizedRusty_01/surfaceexports1/bind9,bind,,1,4,medium,overridetype=1 useasparmdefiner=1 useownexportcontext=1 exportparm=1,parmname
AB::RooftopMechanicals::3.0,/obj/AnalysisHolder/probe_115/mats/Metal_GalvanizedRusty_01/surfaceexports1/bind10,bind,,1,4,medium,overridetype=1 useasparmdefiner=1 useownexportcontext=1 exportparm=1,parmname
AB::RooftopMechanicals::3.0,/obj/AnalysisHolder/probe_115/mats/Metal_GalvanizedRusty_01/surfaceexports1/bind11,bind,,1,4,medium,overridetype=1 useasparmdefiner=1 useownexportcontext=1 exportparm=1,parmname
AB::RooftopMechanicals::3.0,/obj/AnalysisHolder/probe_115/mats/Metal_GalvanizedRusty_01/surfaceexports1/bind12,bind,,1,4,medium,overridetype=1 useasparmdefiner=1 useownexportcontext=1 exportparm=1,parmname
AB::RooftopMechanicals::3.0,/obj/AnalysisHolder/probe_115/mats/Metal_GalvanizedRusty_01/surfaceexports1/bind13,bind,,1,4,medium,overridetype=1 useasparmdefiner=1 useownexportcontext=1 exportparm=1,parmname
AB::RooftopMechanicals::3.0,/obj/AnalysisHolder/probe_115/mats/Metal_GalvanizedRusty_01/surfaceexports1/bind14,bind,,1,4,medium,overridetype=1 useasparmdefiner=1 useownexportcontext=1 exportparm=1,parmname
AB::RooftopMechanicals::3.0,/obj/AnalysisHolder/probe_115/mats/Metal_GalvanizedRusty_01/surfaceexports1/bind15,bind,,1,4,medium,overridetype=1 useasparmdefiner=1 useownexportcontext=1 exportparm=1,parmname
AB::RooftopMechanicals::3.0,/obj/AnalysisHolder/probe_115/mats/Metal_GalvanizedRusty_01/surfaceexports1/bind16,bind,,1,4,medium,overridetype=1 useasparmdefiner=1 useownexportcontext=1 exportparm=1,parmname
AB::RooftopMechanicals::3.0,/obj/AnalysisHolder/probe_115/mats/Metal_GalvanizedRusty_01/surfaceexports1/bind17,bind,,1,4,medium,overridetype=1 useasparmdefiner=1 useownexportcontext=1 exportparm=1,parmname
AB::RooftopMechanicals::3.0,/obj/AnalysisHolder/probe_115/mats/Metal_GalvanizedRusty_01/surfaceexports1/bind18,bind,,1,4,medium,overridetype=1 useasparmdefiner=1 useownexportcontext=1 exportparm=1,parmname
AB::RooftopMechanicals::3.0,/obj/AnalysisHolder/probe_115/mats/Metal_GalvanizedRusty_01/surfaceexports1/bind19,bind,,1,4,medium,overridetype=1 useasparmdefiner=1 useownexportcontext=1 exportparm=1,parmname
AB::RooftopMechanicals::3.0,/obj/AnalysisHolder/probe_115/mats/Metal_GalvanizedRusty_01/surfaceexports1/bind20,bind,,1,4,medium,overridetype=1 useasparmdefiner=1 useownexportcontext=1 exportparm=1,parmname
AB::RooftopMechanicals::3.0,/obj/AnalysisHolder/probe_115/mats/Metal_GalvanizedRusty_01/surfaceexports1/bind21,bind,,1,4,medium,overridetype=1 useasparmdefiner=1 useownexportcontext=1 exportparm=1,parmname
AB::RooftopMechanicals::3.0,/obj/AnalysisHolder/probe_115/mats/Metal_GalvanizedRusty_01/surfaceexports1/bind22,bind,,1,4,medium,overridetype=1 useasparmdefiner=1 useownexportcontext=1 exportparm=1,parmname
AB::RooftopMechanicals::3.0,/obj/AnalysisHolder/probe_115/mats/Metal_GalvanizedRusty_01/surfaceexports1/bind23,bind,,1,4,medium,overridetype=1 useasparmdefiner=1 useownexportcontext=1 exportparm=1,parmname
AB::RooftopMechanicals::3.0,/obj/AnalysisHolder/probe_115/mats/Metal_GalvanizedRusty_01/surfaceexports1/bind24,bind,,1,4,medium,overridetype=1 useasparmdefiner=1 useownexportcontext=1 exportparm=1,parmname
AB::RooftopMechanicals::3.0,/obj/AnalysisHolder/probe_115/mats/Metal_GalvanizedRusty_01/surfaceexports1/bind25,bind,,1,4,medium,overridetype=1 useasparmdefiner=1 useownexportcontext=1 exportparm=1,parmname
AB::RooftopMechanicals::3.0,/obj/AnalysisHolder/probe_115/mats/Metal_GalvanizedRusty_01/surfaceexports1/computelighting1/layerexport10/parm1,parameter,,1,3,medium,hasconnector=0 exportparm=2 invisible=1,parmtype
AB::RooftopMechanicals::3.0,/obj/AnalysisHolder/probe_115/mats/Metal_GalvanizedRusty_01/surfaceexports1/computelighting1/layerexport11/parm1,parameter,,1,3,medium,hasconnector=0 exportparm=2 invisible=1,parmtype
AB::RooftopMechanicals::3.0,/obj/AnalysisHolder/probe_115/mats/Metal_GalvanizedRusty_01/surfaceexports1/computelighting1/layerexport12/parm1,parameter,,1,3,medium,hasconnector=0 exportparm=2 invisible=1,parmtype
AB::RooftopMechanicals::3.0,/obj/AnalysisHolder/probe_115/mats/Metal_GalvanizedRusty_01/surfaceexports1/computelighting1/layerexport13/parm1,parameter,,1,3,medium,hasconnector=0 exportparm=2 invisible=1,parmtype
AB::RooftopMechanicals::3.0,/obj/AnalysisHolder/probe_115/mats/Metal_GalvanizedRusty_01/principledshader1,principledshader::2.0,,5,13,medium,folder7=1 folder4=1 folder12=1 folder13=1 folder8=1 folder11=1 folder9=1 basecolorr=1 basecolorg=1 basecolorb=1 rough=0.65 basecolor_useTexture=1 baseBumpAndNormal_enable=1,baseBump_useTexture baseNormal_useTexture shop_disable_displace_shader specular_tint vm_displacebound
AB::RooftopProcessor::1.0,/obj/AnalysisHolder/probe_116/divide1,divide,size,1,4,high,convex=0 brick=1 sizex=3 sizey=5,sizez
AB::RooftopProcessor::1.0,/obj/AnalysisHolder/probe_116/divide2,divide,,2,3,medium,convex=0 fixsharededges=0 removesh=1,sizey sizez
AB::RooftopProcessor::1.0,/obj/AnalysisHolder/probe_116/divide_DefineLargeSize,divide,size,2,3,high,convex=0 brick=1 sizex=10,sizey sizez
AB::SateliteDishGenerator::3.0,/obj/AnalysisHolder/probe_117/CreateSateliteDish/line1,line,,1,1,medium,points=3,originy
AB::SateliteDishGenerator::3.0,/obj/AnalysisHolder/probe_117/CreateSateliteDish/carve5,carve,,1,4,medium,firstu=0 domainu1=0 firstv=1 stdswitcher1=1,domainv1
AB::SateliteDishGenerator::3.0,/obj/AnalysisHolder/probe_117/CreateSateliteDish/carve7,carve,,1,4,medium,firstu=0 domainu1=0 firstv=1 stdswitcher1=1,domainv1
AB::SateliteDishGenerator::3.0,/obj/AnalysisHolder/probe_117/CreateSateliteDish/grid1,grid,size,1,9,high,type=2 orient=0 sizex=0.0990539 tz=0.043428 ry=180 rows=2 cols=2 orderu=2 orderv=2,sizey
AB::ShippingContainers::4.0,/obj/AnalysisHolder/probe_118/polyextrude2,polyextrude::2.0,,1,11,medium,outputfrontgrp=1 thicknessramp1value=1 thicknessramp1interp=2 thicknessramp2pos=1 thicknessramp2value=1 thicknessramp2interp=2 twistramp1value=0.5 twistramp1interp=2 twistramp2pos=1 twistramp2value=0.5 twistramp2interp=2,dist
AB::ShippingContainers::4.0,/obj/AnalysisHolder/probe_118/polyextrude4,polyextrude::2.0,,1,11,medium,outputfrontgrp=1 thicknessramp1value=1 thicknessramp1interp=2 thicknessramp2pos=1 thicknessramp2value=1 thicknessramp2interp=2 twistramp1value=0.5 twistramp1interp=2 twistramp2pos=1 twistramp2value=0.5 twistramp2interp=2,inset
AB::ShippingContainers::4.0,/obj/AnalysisHolder/probe_118/polyextrude5,polyextrude::2.0,,1,11,medium,outputfrontgrp=1 thicknessramp1value=1 thicknessramp1interp=2 thicknessramp2pos=1 thicknessramp2value=1 thicknessramp2interp=2 twistramp1value=0.5 twistramp1interp=2 twistramp2pos=1 twistramp2value=0.5 twistramp2interp=2,dist
AB::ShippingContainers::4.0,/obj/AnalysisHolder/probe_118/subnet1/polyextrude7,polyextrude::2.0,,1,11,medium,outputfrontgrp=1 thicknessramp1value=1 thicknessramp1interp=2 thicknessramp2pos=1 thicknessramp2value=1 thicknessramp2interp=2 twistramp1value=0.5 twistramp1interp=2 twistramp2pos=1 twistramp2value=0.5 twistramp2interp=2,inset
AB::ShippingContainers::4.0,/obj/AnalysisHolder/probe_118/subnet1/polyextrude8,polyextrude::2.0,,1,13,medium,outputfrontgrp=1 outputfrontseamgrp=1 outputbackseamgrp=1 thicknessramp1value=1 thicknessramp1interp=2 thicknessramp2pos=1 thicknessramp2value=1 thicknessramp2interp=2 twistramp1value=0.5 twistramp1interp=2 twistramp2pos=1 twistramp2value=0.5 twistramp2interp=2,dist
AB::ShippingContainers::4.0,/obj/AnalysisHolder/probe_118/polyextrude10,polyextrude::2.0,,1,11,medium,outputfrontgrp=1 thicknessramp1value=1 thicknessramp1interp=2 thicknessramp2pos=1 thicknessramp2value=1 thicknessramp2interp=2 twistramp1value=0.5 twistramp1interp=2 twistramp2pos=1 twistramp2value=0.5 twistramp2interp=2,inset
AB::ShippingContainers::4.0,/obj/AnalysisHolder/probe_118/ConstructTop/grid2,grid,,1,6,medium,sizex=2.2884 sizey=12.042 tx=0 ty=1.23564 tz=0 cols=2,rows
AB::ShippingContainers::4.0,/obj/AnalysisHolder/probe_118/ConstructTop/polyextrude6,polyextrude::2.0,,1,12,medium,xformfront=1 scaley=0.75 thicknessramp1value=1 thicknessramp1interp=2 thicknessramp2pos=1 thicknessramp2value=1 thicknessramp2interp=2 twistramp1value=0.5 twistramp1interp=2 twistramp2pos=1 twistramp2value=0.5 twistramp2interp=2,dist
AB::ShippingContainers::4.0,/obj/AnalysisHolder/probe_118/ConstructBack/grid4,grid,,1,7,medium,orient=0 sizex=2.2884 sizey=2.47128 tx=0 ty=0 tz=-6.096 cols=2,rows
AB::ShippingContainers::4.0,/obj/AnalysisHolder/probe_118/ConstructBack/polyextrude9,polyextrude::2.0,,1,12,medium,xformfront=1 scalex=0.8 thicknessramp1value=1 thicknessramp1interp=2 thicknessramp2pos=1 thicknessramp2value=1 thicknessramp2interp=2 twistramp1value=0.5 twistramp1interp=2 twistramp2pos=1 twistramp2value=0.5 twistramp2interp=2,dist
AB::ShippingContainers::4.0,/obj/AnalysisHolder/probe_118/color1,color,,3,5,medium,class=3 ramp2pos=1 ramp2cr=1 ramp2cg=1 ramp2cb=1,colorb colorg colorr
AB::SignHighway::2.0,/obj/AnalysisHolder/probe_120/Parts/LightSign_001/polyextrude2,polyextrude::2.0,,1,12,medium,outputfrontgrp=1 outputsidegrp=1 thicknessramp1value=1 thicknessramp1interp=2 thicknessramp2pos=1 thicknessramp2value=1 thicknessramp2interp=2 twistramp1value=0.5 twistramp1interp=2 twistramp2pos=1 twistramp2value=0.5 twistramp2interp=2,dist
AB::SignHighway::2.0,/obj/AnalysisHolder/probe_120/Parts/LightSign_001/polybevel2,polybevel::3.0,,1,6,medium,grouptype=2 profileramp1value=0.5 profileramp1interp=2 profileramp2pos=1 profileramp2value=0.5 profileramp2interp=2,offset
AB::SignHighway::2.0,/obj/AnalysisHolder/probe_120/Parts/LightSign_001/transform3,xform,t,1,2,high,ty=0 parmgroup_pivotxform=1,tz
AB::SignHighway::2.0,/obj/AnalysisHolder/probe_120/Parts/LightSign_001/polyextrude6,polyextrude::2.0,,1,11,medium,outputfrontgrp=1 thicknessramp1value=1 thicknessramp1interp=2 thicknessramp2pos=1 thicknessramp2value=1 thicknessramp2interp=2 twistramp1value=0.5 twistramp1interp=2 twistramp2pos=1 twistramp2value=0.5 twistramp2interp=2,dist
AB::SignHighway::2.0,/obj/AnalysisHolder/probe_120/grid1,grid,,2,4,medium,orient=0 ry=180 rows=2 cols=2,sizex sizey
AB::SignHighway::2.0,/obj/AnalysisHolder/probe_120/polyextrude1,polyextrude::2.0,,1,11,medium,outputback=1 thicknessramp1value=1 thicknessramp1interp=2 thicknessramp2pos=1 thicknessramp2value=1 thicknessramp2interp=2 twistramp1value=0.5 twistramp1interp=2 twistramp2pos=1 twistramp2value=0.5 twistramp2interp=2,dist
AB::SignHighway::2.0,/obj/AnalysisHolder/probe_120/transform7,xform,,1,1,medium,parmgroup_pivotxform=1,tx
AB::SignHighway::2.0,/obj/AnalysisHolder/probe_120/polyextrude3,polyextrude::2.0,,1,11,medium,outputback=1 thicknessramp1value=1 thicknessramp1interp=2 thicknessramp2pos=1 thicknessramp2value=1 thicknessramp2interp=2 twistramp1value=0.5 twistramp1interp=2 twistramp2pos=1 twistramp2value=0.5 twistramp2interp=2,dist
AB::SignHighway::2.0,/obj/AnalysisHolder/probe_120/color1,color,,3,5,medium,class=3 ramp2pos=1 ramp2cr=1 ramp2cg=1 ramp2cb=1,colorb colorg colorr
AB::SignHighway::2.0,/obj/AnalysisHolder/probe_120/color2,color,,3,5,medium,class=3 ramp2pos=1 ramp2cr=1 ramp2cg=1 ramp2cb=1,colorb colorg colorr
AB::SignHighway::2.0,/obj/AnalysisHolder/probe_120/color3,color,,3,5,medium,class=3 ramp2pos=1 ramp2cr=1 ramp2cg=1 ramp2cb=1,colorb colorg colorr
AB::SignHighway::2.0,/obj/AnalysisHolder/probe_120/color4,color,,3,5,medium,class=3 ramp2pos=1 ramp2cr=1 ramp2cg=1 ramp2cb=1,colorb colorg colorr
AB::SignHighway::2.0,/obj/AnalysisHolder/probe_120/color5,color,,3,5,medium,class=3 ramp2pos=1 ramp2cr=1 ramp2cg=1 ramp2cb=1,colorb colorg colorr
AB::SignHighway::2.0,/obj/AnalysisHolder/probe_120/transform10,xform,,1,3,medium,parmgroup_pivotxform=1 px=0 pz=0,ty
AB::SignHighway::2.0,/obj/AnalysisHolder/probe_120/grid2,grid,,2,3,medium,ry=180 rows=2 cols=2,sizex sizey
AB::SignHighway::2.0,/obj/AnalysisHolder/probe_120/bound1,bound,maxpad,2,3,high,minpadx=1 minpady=1 maxpadx=1,maxpady minsizez
AB::SignHighway::2.0,/obj/AnalysisHolder/probe_120/transform12,xform,,1,1,medium,parmgroup_pivotxform=1,ty
AB::SignHighway::2.0,/obj/AnalysisHolder/probe_120/polyextrude8,polyextrude::2.0,,1,12,medium,outputfrontgrp=1 outputsidegrp=1 thicknessramp1value=1 thicknessramp1interp=2 thicknessramp2pos=1 thicknessramp2value=1 thicknessramp2interp=2 twistramp1value=0.5 twistramp1interp=2 twistramp2pos=1 twistramp2value=0.5 twistramp2interp=2,inset
AB::SignHighway::2.0,/obj/AnalysisHolder/probe_120/polyextrude9,polyextrude::2.0,,1,11,medium,outputback=1 thicknessramp1value=1 thicknessramp1interp=2 thicknessramp2pos=1 thicknessramp2value=1 thicknessramp2interp=2 twistramp1value=0.5 twistramp1interp=2 twistramp2pos=1 twistramp2value=0.5 twistramp2interp=2,dist
AB::SignHighway::2.0,/obj/AnalysisHolder/probe_120/transform14,xform,,1,1,medium,parmgroup_pivotxform=1,ty
AB::SignHighway::2.0,/obj/AnalysisHolder/probe_120/grid3,grid,,2,6,medium,sizex=3.94 sizey=0.54 tx=0 ty=-1.05 tz=0.3 ry=180,cols rows
AB::SignHighway::2.0,/obj/AnalysisHolder/probe_120/polyextrude11,polyextrude::2.0,,1,11,medium,outputback=1 thicknessramp1value=1 thicknessramp1interp=2 thicknessramp2pos=1 thicknessramp2value=1 thicknessramp2interp=2 twistramp1value=0.5 twistramp1interp=2 twistramp2pos=1 twistramp2value=0.5 twistramp2interp=2,dist
AB::SignHighway::2.0,/obj/AnalysisHolder/probe_120/polywire1,polywire,,1,1,medium,div=44,radius
AB::SignHighway::2.0,/obj/AnalysisHolder/probe_120/color6,color,,3,5,medium,class=3 ramp2pos=1 ramp2cr=1 ramp2cg=1 ramp2cb=1,colorb colorg colorr
AB::SignHighway::2.0,/obj/AnalysisHolder/probe_120/color7,color,,3,5,medium,class=3 ramp2pos=1 ramp2cr=1 ramp2cg=1 ramp2cb=1,colorb colorg colorr
AB::SignHighway::2.0,/obj/AnalysisHolder/probe_120/color8,color,,3,5,medium,class=3 ramp2pos=1 ramp2cr=1 ramp2cg=1 ramp2cb=1,colorb colorg colorr
AB::SignHighway::2.0,/obj/AnalysisHolder/probe_120/color9,color,,3,5,medium,class=3 ramp2pos=1 ramp2cr=1 ramp2cg=1 ramp2cb=1,colorb colorg colorr
AB::SignHighway::2.0,/obj/AnalysisHolder/probe_120/color10,color,,3,5,medium,class=3 ramp2pos=1 ramp2cr=1 ramp2cg=1 ramp2cb=1,colorb colorg colorr
AB::SignLibrary::1.0,/obj/AnalysisHolder/probe_121/matnet/SignBackMat,principledshader::2.0,,5,10,medium,folder7=1 folder4=1 folder12=1 folder13=1 folder8=1 folder11=1 folder9=1 metallic=1 basecolor_useTexture=1 rough_useTexture=1,baseBump_useTexture baseNormal_useTexture shop_disable_displace_shader specular_tint vm_displacebound
AB::SignLibrary::1.0,/obj/AnalysisHolder/probe_121/matnet/SignFrontMat_Retro/Sheeting,principledshader::2.0,,5,10,medium,folder7=1 folder4=1 folder12=1 folder13=1 folder8=1 folder11=1 folder9=1 rough=0.25 basecolor_useTexture=1 emitcolor_useTexture=1,baseBump_useTexture baseNormal_useTexture shop_disable_displace_shader specular_tint vm_displacebound
AB::SignLibrary::1.0,/obj/AnalysisHolder/probe_121/matnet/SignFrontMat,principledshader::2.0,,5,9,medium,folder7=1 folder4=1 folder12=1 folder13=1 folder8=1 folder11=1 folder9=1 rough=0.35 basecolor_useTexture=1,baseBump_useTexture baseNormal_useTexture shop_disable_displace_shader specular_tint vm_displacebound
AB::SignLibrary::1.0,/obj/AnalysisHolder/probe_121/Plate,AB::SignPlate::1.0,,9,6,medium,Shape=0 Aspect=1 UMin=0 VMin=0 UMax=1 VMax=1,ChamferSize CornerRadius MatBack MatFront ProfileBranch ShapeDivs ShapeRotate Thickness Width
AB::SignPlate::1.0,/obj/AnalysisHolder/probe_122/NGonProfile,circle,,2,1,medium,type=1,divs rz
AB::SignPlate::1.0,/obj/AnalysisHolder/probe_122/TracedProfile,file,,2,1,medium,missingframe=1,file index
AB::SignPlate::1.0,/obj/AnalysisHolder/probe_122/RoundCorners,polybevel::3.0,,2,6,medium,grouptype=1 profileramp1value=0.5 profileramp1interp=2 profileramp2pos=1 profileramp2value=0.5 profileramp2interp=2,divisions offset
AB::SignPlate::1.0,/obj/AnalysisHolder/probe_122/ExtrudePlate,polyextrude::2.0,,1,14,medium,outputfrontgrp=1 outputback=1 outputbackgrp=1 outputsidegrp=1 thicknessramp1value=1 thicknessramp1interp=2 thicknessramp2pos=1 thicknessramp2value=1 thicknessramp2interp=2 twistramp1value=0.5 twistramp1interp=2 twistramp2pos=1 twistramp2value=0.5 twistramp2interp=2,dist
AB::SignPlate::1.0,/obj/AnalysisHolder/probe_122/ChamferEdges,polybevel::3.0,,1,7,medium,grouptype=2 filletshape=3 profileramp1value=0.5 profileramp1interp=2 profileramp2pos=1 profileramp2value=0.5 profileramp2interp=2,offset
AB::SimplePipe::2.0,/obj/AnalysisHolder/probe_123/line1,line,,1,4,medium,type=1 diry=0 dirz=-1 order=2,dist
AB::SimplePipe::2.0,/obj/AnalysisHolder/probe_123/circle1,circle,,2,6,medium,type=2 reverse=0 order=2 divs=19 arc=1 endangle=90,radx rady
AB::SimplePipe::2.0,/obj/AnalysisHolder/probe_123/line2,line,,1,2,medium,type=1 order=2,dist
AB::SimplePipe::2.0,/obj/AnalysisHolder/probe_123/circle2,circle,,3,5,medium,type=2 reverse=0 order=2 arc=1 endangle=90,divs radx rady
AB::SimplePipe::2.0,/obj/AnalysisHolder/probe_123/line3,line,,1,4,medium,type=1 diry=0 dirz=1 order=2,dist
AB::SimplePipe::2.0,/obj/AnalysisHolder/probe_123/circle3,circle,,2,5,medium,type=2 reverse=0 order=2 divs=30 arc=1,radx rady
AB::SimplePipe::2.0,/obj/AnalysisHolder/probe_123/xform8,xform,,2,5,medium,px=0 py=0 pz=0 updatenmls=1 updateaffectednmls=0,scale tz
AB::SimplePipe::2.0,/obj/AnalysisHolder/probe_123/xform9,xform,,2,5,medium,px=0 py=0 pz=0 updatenmls=1 updateaffectednmls=0,scale tz
AB::SimplePipe::2.0,/obj/AnalysisHolder/probe_123/xform10,xform,,2,5,medium,px=0 py=0 pz=0 updatenmls=1 updateaffectednmls=0,scale tz
AB::SimplePipe::2.0,/obj/AnalysisHolder/probe_123/xform11,xform,,2,5,medium,px=0 py=0 pz=0 updatenmls=1 updateaffectednmls=0,scale tz
AB::SimplePipe::2.0,/obj/AnalysisHolder/probe_123/circle4,circle,,2,5,medium,type=2 reverse=0 order=2 divs=4 arc=1,radx rady
AB::SingleBlockGenerator::2.0,/obj/AnalysisHolder/probe_124/circle1,circle,,1,8,medium,type=2 orient=2 reverse=0 ry=180 order=2 divs=60 arc=1 endangle=90,scale
AB::SingleBlockGenerator::2.0,/obj/AnalysisHolder/probe_124/sphere1,sphere,,1,4,medium,type=2 radx=0.5 rady=0.5 radz=0.5,scale
AB::SingleBlockGenerator::2.0,/obj/AnalysisHolder/probe_124/softtransform1,softxform,,2,1,medium,type=3,rad ty
AB::SingleBlockGenerator::2.0,/obj/AnalysisHolder/probe_124/CreateCurves/transform3,xform,,1,4,medium,parmgroup_pivotxform=1 px=0 py=0 pz=0,tx
AB::SingleBlockGenerator::2.0,/obj/AnalysisHolder/probe_124/CreateCurves/transform4,xform,,1,4,medium,parmgroup_pivotxform=1 px=0 py=0 pz=0,tz
AB::SingleBlockGenerator::2.0,/obj/AnalysisHolder/probe_124/CreateCurves/transform5,xform,,1,2,medium,ry=90 parmgroup_pivotxform=1,tx
AB::SingleBlockGenerator::2.0,/obj/AnalysisHolder/probe_124/CreateCurves/transform6,xform,,1,4,medium,parmgroup_pivotxform=1 px=0 py=0 pz=0,tz
AB::SingleBlockGenerator::2.0,/obj/AnalysisHolder/probe_124/CreateCurves/transform7,xform,,2,2,medium,ry=180 parmgroup_pivotxform=1,tx tz
AB::SingleBlockGenerator::2.0,/obj/AnalysisHolder/probe_124/CreateCurves/transform8,xform,,1,2,medium,ry=180 parmgroup_pivotxform=1,tz
AB::SingleBlockGenerator::2.0,/obj/AnalysisHolder/probe_124/CreateCurves/transform9,xform,,1,4,medium,parmgroup_pivotxform=1 px=0 py=0 pz=0,tx
AB::SingleBlockGenerator::2.0,/obj/AnalysisHolder/probe_124/grid1,grid,,4,2,medium,orient=0 ry=180,cols rows sizex sizey
AB::SingleBlockGenerator::2.0,/obj/AnalysisHolder/probe_124/grid2,grid,,2,4,medium,orient=0 ry=180 rows=2 cols=2,sizex sizey
AB::SingleBlockGenerator::2.0,/obj/AnalysisHolder/probe_124/carve19,carve,,1,6,medium,domainu1=0 domainu2=1 secondu=1 domainv1=0 domainv2=1 stdswitcher1=1,divsu
AB::SingleBlockGenerator::2.0,/obj/AnalysisHolder/probe_124/carve21,carve,,1,6,medium,domainu1=0 domainu2=1 secondu=1 domainv1=0 domainv2=1 stdswitcher1=1,divsu
AB::SingleBlockGenerator::2.0,/obj/AnalysisHolder/probe_124/carve23,carve,,1,6,medium,domainu1=0 domainu2=1 secondu=1 domainv1=0 domainv2=1 stdswitcher1=1,divsu
AB::SingleBlockGenerator::2.0,/obj/AnalysisHolder/probe_124/divide2,divide,,2,1,medium,numsides=4,sizey sizez
AB::SingleBlockGenerator::2.0,/obj/AnalysisHolder/probe_124/divide3,divide,size,2,3,high,convex=0 brick=1 sizex=0.756802,sizey sizez
AB::SingleBlockGenerator::2.0,/obj/AnalysisHolder/probe_124/uvtransform1,uvtransform::2.0,s,1,1,high,sy=0,sx
AB::SingleBlockGenerator::2.0,/obj/AnalysisHolder/probe_124/uvtransform4,uvtransform::2.0,s,1,1,high,sy=0,sx
AB::SingleBlockGenerator::2.0,/obj/AnalysisHolder/probe_124/divide4,divide,size,2,3,high,convex=0 brick=1 sizex=0.756802,sizey sizez
AB::SingleBlockGenerator::2.0,/obj/AnalysisHolder/probe_124/uvtransform5,uvtransform::2.0,s,1,1,high,sy=0,sx
AB::SingleBlockGenerator::2.0,/obj/AnalysisHolder/probe_124/divide5,divide,size,2,3,high,convex=0 brick=1 sizex=0.7568,sizey sizez
AB::SingleBlockGenerator::2.0,/obj/AnalysisHolder/probe_124/divide6,divide,size,2,3,high,convex=0 brick=1 sizex=0.7568,sizey sizez
AB::SingleBlockGenerator::2.0,/obj/AnalysisHolder/probe_124/bound1,bound,maxpad,1,5,high,minpadx=0.1 minpady=0.1 minpadz=0.1 maxpadx=0.1 maxpadz=0.1,maxpady
AB::SingleBlockGenerator::2.0,/obj/AnalysisHolder/probe_124/bound2,bound,maxpad,1,5,high,minpadx=0.1 minpady=0.1 minpadz=0.1 maxpadx=0.1 maxpadz=0.1,maxpady
AB::SingleBlockGenerator::2.0,/obj/AnalysisHolder/probe_124/bound3,bound,maxpad,1,5,high,minpadx=0.1 minpady=0.1 minpadz=0.1 maxpadx=0.1 maxpadz=0.1,maxpady
AB::SingleBlockGenerator::2.0,/obj/AnalysisHolder/probe_124/bound4,bound,maxpad,1,5,high,minpadx=0.1 minpady=0.1 minpadz=0.1 maxpadx=0.1 maxpadz=0.1,maxpady
AB::SingleBlockGenerator::2.0,/obj/AnalysisHolder/probe_124/subnet1/uvtransform2,uvtransform::2.0,s,1,1,high,sx=0,sy
AB::SingleBlockGenerator::2.0,/obj/AnalysisHolder/probe_124/divide1,divide,size,2,3,high,convex=0 brick=1 sizex=2,sizey sizez
AB::SingleBlockGenerator::2.0,/obj/AnalysisHolder/probe_124/divide7,divide,,2,1,medium,numsides=4,sizey sizez
AB::SingleBlockGenerator::2.0,/obj/AnalysisHolder/probe_124/rbdbulletsolver1,rbdbulletsolver,,4,35,medium,folder1=2 folder3=1 folder35=1 folder6=1 folder4=1 folder34=1 folder21=1 folder38=1 folder5=1 folder13=1 folder7=1 folder44=1 folder47=1 folder24=1 folder10=1 folder26=1 folder9=1 folder42=1 folder45=1 folder27=1 collision_initialstate=2 setupfolder_2=1 useground=1 folder26_1=1 folder26_2=1 useconetwist=0 conetwist_max_twist=0 conetwist_max_out_rotation=180 conetwist_max_up_rotation=180 conetwist_cfm=0 conetwist_bias_factor=0.3 conetwist_positioncfm=0 conetwist_positionerp=0.3 conetwist_motor_erp=0.2 conetwist_motor_cfm=0.01,collision_solvefirstframe emission_cachemaxsize guide_startframe guidecaptureframe
AB::SingleBlockGenerator::2.0,/obj/AnalysisHolder/probe_124/rbdbulletsolver1/dopnet,dopnet,,10,1,medium,stdswitcher1=2,cacheenabled cachemaxsize explicitcache explicitcachecheckpointspacing explicitcachensteps resimulate startframe substep timeoffset timestep
AB::SingleBlockGenerator::2.0,/obj/AnalysisHolder/probe_124/rbdbulletsolver1/dopnet/gravity,gravity,,4,1,medium,parmop_force=1,activation forcex forcey forcez
AB::SingleBlockGenerator::2.0,/obj/AnalysisHolder/probe_124/rbdbulletsolver1/dopnet/rbd_object,rbdpackedobject,,14,4,medium,geosource=1 initial_state1=1 inheritvelocity=1 bullet_groupconnected=1,bounce bullet_add_impact bullet_angular_sleep_threshold bullet_collision_margin bullet_linear_sleep_threshold bullet_shrink_amount createframe density friction inertialtensorstiffness overwriteattributes overwritefromsop showguide solvefirstframe
AB::SingleBlockGenerator::2.0,/obj/AnalysisHolder/probe_124/rbdbulletsolver1/dopnet/collision_object,rbdpackedobject,,16,5,medium,geosource=3 initial_state1=1 inheritvelocity=1 bullet_groupconnected=1 bullet_want_deactivate=0,bounce bullet_add_impact bullet_adjust_geometry bullet_collision_margin bullet_georep bullet_shrink_amount createframe density display friction inertialtensorstiffness initialstate overwriteattributes overwritefromsop showguide solvefirstframe
AB::SingleBlockGenerator::2.0,/obj/AnalysisHolder/probe_124/rbdbulletsolver1/dopnet/constraintnetwork,constraintnetwork,,2,2,medium,geosource=2 attachinternalconstraints=1,enablematchbyattrib reloadfromsops
AB::SingleBlockGenerator::2.0,/obj/AnalysisHolder/probe_124/rbdbulletsolver1/dopnet/constraints/Glue,glueconrel,,6,1,medium,guideswitcher1=1,dataname defaultparmop impulse_halflife propagate_rate propagationiterations strength
AB::SingleBlockGenerator::2.0,/obj/AnalysisHolder/probe_124/rbdbulletsolver1/dopnet/constraints/Soft,bulletsoftconrel,,21,4,medium,guideswitcher1=1 plasticity=1 colorr=0 colorb=0,angulardampingratio angularplastichardening angularplasticrate angularplasticthreshold angularstiffness dampingratio dataname defaultparmop disablecollisions enableangular enableangularplasticity enableplasticity numiterations plastichardening plasticrate plasticthreshold plasticthresholdratio rad restlength showobjectlink stiffness
AB::SingleBlockGenerator::2.0,/obj/AnalysisHolder/probe_124/rbdbulletsolver1/dopnet/constraints/Hard,hardconrel,,22,2,medium,guideswitcher1=1 angularmotor=1,axis1x axis1y axis1z axis2x axis2y axis2z cfm dataname defaultparmop disablecollisions erp maxangularimpulse1 maxangularimpulse2 maxangularimpulse3 numangularmotors numiterations rad restlength showobjectlink targetw1 targetw2 targetw3
AB::SingleBlockGenerator::2.0,/obj/AnalysisHolder/probe_124/rbdbulletsolver1/dopnet/constraints/Pin,hardconrel,,2,5,medium,guideswitcher1=1 restlength=0 colorr=0.025 colorg=0.025 colorb=0.025,rad showobjectlink
AB::SingleBlockGenerator::2.0,/obj/AnalysisHolder/probe_124/rbdbulletsolver1/dopnet/constraints/ConeTwist,conetwistconrel,,63,5,medium,guideswitcher1=1 folder_rotationlimits=1 folder_translationlimits=1 folder_anchors=1 folder_motor=1,angularlimitdampingratio angularlimitstiffness bias_factor cfm computeinitialerror constrained_twist_axisx constrained_twist_axisy constrained_twist_axisz constrained_up_axisx constrained_up_axisy constrained_up_axisz dataname defaultparmop disablecollisions enablesoft goal_twist_axisx goal_twist_axisy goal_twist_axisz goal_up_axisx goal_up_axisy goal_up_axisz guide_size max_out_rotation max_twist max_up_rotation motor_cfm motor_enabled motor_erp motor_hastargetprev motor_maximpulse motor_normalizemaximpulse motor_targetangulardampingratio motor_targetangularstiffness motor_targetcurrentpose motor_targetpositiondampingratio motor_targetpositionstiffness motor_targetprevpx motor_targetprevpy motor_targetprevpz motor_targetprevrx motor_targetprevry motor_targetprevrz motor_targetpx motor_targetpy motor_targetpz motor_targetrx motor_targetry motor_targetrz numiterations outtranslationrangemax outtranslationrangemin positioncfm positionerp positionlimitdampingratio positionlimitstiffness relaxation_factor restlength showobjectlink softness twisttranslationrangemax twisttranslationrangemin uptranslationrangemax uptranslationrangemin
AB::SingleBlockGenerator::2.0,/obj/AnalysisHolder/probe_124/rbdbulletsolver1/dopnet/constraints/Spring,springconrel,,8,1,medium,guideswitcher1=1,damping dataname defaultparmop disablecollisions numiterations rad restlength strength
AB::SingleBlockGenerator::2.0,/obj/AnalysisHolder/probe_124/rbdbulletsolver1/dopnet/constraints/Slider,sliderconrel,,31,1,medium,guideswitcher1=1,constrained_hinge_axisx constrained_hinge_axisy constrained_hinge_axisz constrained_up_axisx constrained_up_axisy constrained_up_axisz dataname defaultparmop disablecollisions goal_hinge_axisx goal_hinge_axisy goal_hinge_axisz goal_up_axisx goal_up_axisy goal_up_axisz guide_size hinge_angle_cfm hinge_angle_damping hinge_angle_softness hinge_position_cfm hinge_position_damping hinge_position_softness max_rotation numiterations ortho_angle_cfm ortho_angle_softness ortho_position_cfm ortho_position_softness showobjectlink slide_range1 slide_range2
AB::SingleBlockGenerator::2.0,/obj/AnalysisHolder/probe_124/rbdbulletsolver1/dopnet/impactanalysis,impactanalysis,,3,1,medium,uniquedataname=1,distance_threshold impact_threshold time_threshold
AB::SingleBlockGenerator::2.0,/obj/AnalysisHolder/probe_124/rbdbulletsolver1/dopnet/guide_geometry,geometrywrangle,,9,3,medium,bindgrouptype=3 bindinputmenu1=3 bindinputmenu2=1,airresist bias drag method minneighbours posblend rotblend timescale useneighbours
AB::SingleBlockGenerator::2.0,/obj/AnalysisHolder/probe_124/rbdbulletsolver1/dopnet/unguide,geometrywrangle,,12,4,medium,bindgrouptype=3 bindinputmenu1=3 bindinputmenu2=1 bindinputmenu3=1,accumulatedangularthreshold accumulateddistancethreshold accumulatedlinearthreshold angularthreshold distancethreshold linearthreshold useaccumulatedangularthreshold useaccumulateddistancethreshold useaccumulatedlinearthreshold useangularthreshold usedistancethreshold uselinearthreshold
AB::SingleBlockGenerator::2.0,/obj/AnalysisHolder/probe_124/rbdbulletsolver1/dopnet/Constraint_Solver/dop_geometry,dopimport,,2,4,medium,importstyle=1 adddopobjectname=0 addtoexistingvel=0 donotsim=1,doposxform doxform
AB::SingleBlockGenerator::2.0,/obj/AnalysisHolder/probe_124/rbdbulletsolver1/dopnet/Constraint_Solver/break_constraints,attribwrangle,,35,2,medium,grouptype=4 class=1,anglethreshold anglevar angularplasticflowvar angularplastiflowthreshold atframe distancethreshold distancevar forcethreshold forcevar fromframe impactthreshold impactvar mode plasticflowthreshold plasticflowvar scale substep torquethreshold torquevar useangle useanglevar useangularplasticflow useangularplasticflowvar useatframe usedistance usedistancevar useforce useforcevar usefromframe useimpact useimpactvar useplasticflow useplasticflowvar usetorque usetorquevar
AB::SingleBlockGenerator::2.0,/obj/AnalysisHolder/probe_124/rbdbulletsolver1/dopnet/Constraint_Solver/repeat_end1,block_end,,1,2,medium,itermethod=2 multithread=1,iterations
AB::SingleBlockGenerator::2.0,/obj/AnalysisHolder/probe_124/rbdbulletsolver1/dopnet/emission/dop_geometry,dopimport,,2,4,medium,importstyle=1 adddopobjectname=0 pointvels=0 donotsim=1,doposxform doxform
AB::SingleBlockGenerator::2.0,/obj/AnalysisHolder/probe_124/rbdbulletsolver1/dopnet/emission/relationship_geometry,dopimport,,2,5,medium,importstyle=1 adddopobjectname=0 addtoexistingvel=0 pointvels=0 donotsim=1,doposxform doxform
AB::SingleBlockGenerator::2.0,/obj/AnalysisHolder/probe_124/rbdbulletsolver1/dopnet/heighfield,staticobject,,7,4,medium,std_switcher_0_2_11=1 rbd_solver1=1 collisiondetection=1 mode=7,animategeo bounce bullet_collision_margin bullet_shrink_amount createframe dynamicfriction friction
AB::SingleBlockGenerator::2.0,/obj/AnalysisHolder/probe_124/rbdbulletsolver1/dopnet/popdrag,popdrag,,8,1,medium,folder01=1,airresist ignoremass partgroup usegroup uselocaldrag windvelocity1 windvelocity2 windvelocity3
AB::SingleBlockGenerator::2.0,/obj/AnalysisHolder/probe_124/rbdbulletsolver1/dopnet/popdragspin,popdragspin,,9,1,medium,folder01=1,goalaxis1 goalaxis2 goalaxis3 goalspinspeed localdrag partgroup spinresist usegroup uselocaldrag
AB::SingleBlockGenerator::2.0,/obj/AnalysisHolder/probe_124/rbdbulletsolver1/dopnet/pin/dop_geometry,dopimport,,2,4,medium,importstyle=1 adddopobjectname=0 pointvels=0 donotsim=1,doposxform doxform
AB::SingleBlockGenerator::2.0,/obj/AnalysisHolder/probe_124/rbdbulletsolver1/dopnet/guide_wrangle,popwrangle,,1,4,medium,usegroup=1 bindinputmenu1=3 bindinputmenu2=1 bindinputmenu3=1,partgroup
AB::SingleBlockGenerator::2.0,/obj/AnalysisHolder/probe_124/rbdbulletsolver1/dopnet/add_active_age,geometrywrangle,,1,2,medium,bindgrouptype=3 bindinputmenu1=3,type
AB::SingleBlockGenerator::2.0,/obj/AnalysisHolder/probe_124/rbdbulletsolver1/dopnet/Constraint_Update_Solver/attribcopy1,attribcopy,,2,4,medium,srcgrouptype=2 destgrouptype=2 matchbyattribute=1 copyvariable=0,attribname destgroup
AB::SingleBlockGenerator::2.0,/obj/AnalysisHolder/probe_124/rbdbulletsolver1/dopnet/pin1/dop_geometry,dopimport,,2,4,medium,importstyle=1 adddopobjectname=0 pointvels=0 donotsim=1,doposxform doxform
AB::SingleBlockGenerator::2.0,/obj/AnalysisHolder/probe_124/rbdbulletsolver1/color_distance,attribwrangle,,1,7,medium,class=1 distanceramp1cb=1 distanceramp2pos=0.5 distanceramp2cg=1 distanceramp3pos=1 distanceramp3cr=1 distanceramp3cg=1,resx
AB::SingleBlockGenerator::2.0,/obj/AnalysisHolder/probe_124/rbdbulletsolver1/color_angle,attribwrangle,,1,7,medium,class=1 distanceramp1cb=0.1 distanceramp2pos=0.5 distanceramp2cg=1 distanceramp3pos=1 distanceramp3cr=0.9 distanceramp3cg=0.9,resx
AB::SingleBlockGenerator::2.0,/obj/AnalysisHolder/probe_124/rbdbulletsolver1/color_force,attribwrangle,,1,7,medium,class=1 distanceramp1cb=0.1 distanceramp2pos=0.5 distanceramp2cr=1 distanceramp3pos=1 distanceramp3cr=1 distanceramp3cg=1,resx
AB::SingleBlockGenerator::2.0,/obj/AnalysisHolder/probe_124/rbdbulletsolver1/color_torque,attribwrangle,,1,8,medium,class=1 distanceramp1cb=1 distanceramp2pos=0.5 distanceramp2cr=1 distanceramp2cg=1 distanceramp2cb=1 distanceramp3pos=1 distanceramp3cr=1,resx
AB::SingleBlockGenerator::2.0,/obj/AnalysisHolder/probe_124/rbdbulletsolver1/scale_strength,attribwrangle,,1,1,medium,class=1,scale
AB::SingleBlockGenerator::2.0,/obj/AnalysisHolder/probe_124/rbdbulletsolver1/guide/near_point,attribwrangle,,1,1,medium,strength=1,maxdist
AB::SingleBlockGenerator::2.0,/obj/AnalysisHolder/probe_124/rbdbulletsolver1/guide/near_surface,attribwrangle,,1,1,medium,strength=1,maxdist
AB::SingleBlockGenerator::2.0,/obj/AnalysisHolder/probe_124/rbdbulletsolver1/guide/primitivewrangle2,attribwrangle,,2,1,medium,class=1,showblend useblend
AB::SingleBlockGenerator::2.0,/obj/AnalysisHolder/probe_124/rbdbulletsolver1/guide/vdbfrompolygons,vdbfrompolygons,,1,1,medium,fillinterior=1,voxelsize
AB::SingleBlockGenerator::2.0,/obj/AnalysisHolder/probe_124/rbdbulletsolver1/guide/split2,split,,1,1,medium,grouptype=3,group
AB::SingleBlockGenerator::2.0,/obj/AnalysisHolder/probe_124/rbdbulletsolver1/guide/vexpression/snippet1,snippet,,1,1,medium,namenum=3,code
AB::SingleBlockGenerator::2.0,/obj/AnalysisHolder/probe_124/rbdbulletsolver1/guide/clamp_start,timeshift,,2,3,medium,frame=1 integerframe=0 rangeclamp=3,frange1 frange2
AB::SingleBlockGenerator::2.0,/obj/AnalysisHolder/probe_124/rbdbulletsolver1/guide/store_guided_neighbours/connectadjacentpieces1,connectadjacentpieces,,4,1,medium,connecttype=1,maxconnections maxsearchpoints nptsperarea searchradius
AB::SingleBlockGenerator::2.0,/obj/AnalysisHolder/probe_124/rbdbulletsolver1/guide/transform1,xform,,1,2,medium,updateaffectednmls=0 vlength=0,scale
AB::SingleBlockGenerator::2.0,/obj/AnalysisHolder/probe_124/rbdbulletsolver1/guide/transform2,xform,,1,2,medium,updateaffectednmls=0 vlength=0,scale
AB::SingleBlockGenerator::2.0,/obj/AnalysisHolder/probe_124/rbdbulletsolver1/color1,color,,3,5,medium,class=1 ramp2pos=1 ramp2cr=1 ramp2cg=1 ramp2cb=1,colorb colorg colorr
AB::SingleBlockGenerator::2.0,/obj/AnalysisHolder/probe_124/rbdbulletsolver1/set_colors,attribwrangle,,3,1,medium,class=1,showactive showguided showsleeping
AB::SingleBlockGenerator::2.0,/obj/AnalysisHolder/probe_124/rbdbulletsolver1/create_breaking_groups/foreach_end1,block_end,,1,2,medium,itermethod=2 multithread=1,iterations
AB::SingleBlockGenerator::2.0,/obj/AnalysisHolder/probe_124/rbdbulletsolver1/attribwrangle2,attribwrangle,,2,26,medium,class=1 angle1cb=1 distance1cb=1 force1cb=0.1 torque1cb=1 angle2pos=0.5 angle2cg=1 distance2pos=0.5 distance2cg=1 force2pos=0.5 force2cr=1 torque2pos=0.5 torque2cr=1 torque2cg=1 torque2cb=1 angle3pos=1 angle3cr=0.9 angle3cg=0.9 distance3pos=1 distance3cr=1 distance3cg=1 force3pos=1 force3cr=1 force3cg=1 torque3pos=1 torque3cr=1,mode resx
AB::SingleBlockGenerator::2.0,/obj/AnalysisHolder/probe_124/rbdbulletsolver1/cull_cross_piece_constraints,attribwrangle,,1,1,medium,class=1,group
AB::SingleBlockGenerator::2.0,/obj/AnalysisHolder/probe_124/rbdbulletsolver1/color_impact,attribwrangle,,1,8,medium,class=1 distanceramp1cb=1 distanceramp2pos=0.5 distanceramp2cr=1 distanceramp2cg=1 distanceramp2cb=1 distanceramp3pos=1 distanceramp3cr=1,resx
AB::SingleBlockGenerator::2.0,/obj/AnalysisHolder/probe_124/rbdbulletsolver1/color_plasticflow,attribwrangle,,1,8,medium,class=1 distanceramp1cb=1 distanceramp2pos=0.5 distanceramp2cr=1 distanceramp2cg=1 distanceramp2cb=1 distanceramp3pos=1 distanceramp3cr=1,resx
AB::SingleBlockGenerator::2.0,/obj/AnalysisHolder/probe_124/rbdbulletsolver1/color_angularplasticflow,attribwrangle,,1,8,medium,class=1 distanceramp1cb=1 distanceramp2pos=0.5 distanceramp2cr=1 distanceramp2cg=1 distanceramp2cb=1 distanceramp3pos=1 distanceramp3cr=1,resx
AB::SingleBlockGenerator::2.0,/obj/AnalysisHolder/probe_124/rbdbulletsolver1/timeshift3,timeshift,,1,1,medium,integerframe=0,frame
AB::SingleBlockGenerator::2.0,/obj/AnalysisHolder/probe_124/rbdbulletsolver1/scale_attribs,attribwrangle,,1,1,medium,class=1,scale
AB::SingleBlockGenerator::2.0,/obj/AnalysisHolder/probe_124/rbdbulletsolver1/color_custom,attribwrangle,,1,8,medium,class=1 distanceramp1cb=1 distanceramp2pos=0.5 distanceramp2cr=1 distanceramp2cg=1 distanceramp2cb=1 distanceramp3pos=1 distanceramp3cr=1,resx
AB::SingleBlockGenerator::2.0,/obj/AnalysisHolder/probe_124/rbdbulletsolver1/solver_deforming_geo/d,dopnet,,8,2,medium,stdswitcher1=1 compresssims=0,cacheenabled cachemaxsize cachetodisk resimulate startframe substep timeoffset timestep
AB::SingleBlockGenerator::2.0,/obj/AnalysisHolder/probe_124/rbdbulletsolver1/solver_deforming_geo/d/s/Prev_Frame,dopimport,,2,6,medium,singleobject=1 importstyle=1 centeratpivot=0 adddopobjectname=0 pointvels=0 donotsim=1,doposxform doxform
AB::SingleBlockGenerator::2.0,/obj/AnalysisHolder/probe_124/rbdbulletsolver1/solver_deforming_proxy/d,dopnet,,8,2,medium,stdswitcher1=1 compresssims=0,cacheenabled cachemaxsize cachetodisk resimulate startframe substep timeoffset timestep
AB::SingleBlockGenerator::2.0,/obj/AnalysisHolder/probe_124/rbdbulletsolver1/solver_deforming_proxy/d/s/Prev_Frame,dopimport,,2,6,medium,singleobject=1 importstyle=1 centeratpivot=0 adddopobjectname=0 pointvels=0 donotsim=1,doposxform doxform
AB::SingleBlockGenerator::2.0,/obj/AnalysisHolder/probe_124/rbdbulletsolver1/attribcreate_rbdbullet_emit1,attribcreate::2.0,,1,3,medium,type1=1 precision1=0 writevalues1=0,default1v1
AB::SingleBlockGenerator::2.0,/obj/AnalysisHolder/probe_124/rbdbulletsolver1/attribcreate_age,attribcreate::2.0,,1,1,medium,writevalues1=0,enable1
AB::SingleBlockGenerator::2.0,/obj/AnalysisHolder/probe_124/rbdbulletsolver1/attribcreate_age1,attribcreate::2.0,,1,2,medium,class1=1 writevalues1=0,enable1
AB::SingleBlockGenerator::2.0,/obj/AnalysisHolder/probe_124/rbdbulletsolver1/timeshift5,timeshift,,1,1,medium,integerframe=0,frame
AB::SingleBlockGenerator::2.0,/obj/AnalysisHolder/probe_124/rbdbulletsolver1/timeshift6,timeshift,,1,1,medium,integerframe=0,frame
AB::SingleBlockGenerator::2.0,/obj/AnalysisHolder/probe_124/rbdbulletsolver1/ceil,timeshift,,1,1,medium,integerframe=0,frame
AB::SingleBlockGenerator::2.0,/obj/AnalysisHolder/probe_124/rbdbulletsolver1/floor,timeshift,,1,1,medium,integerframe=0,frame
AB::SingleBlockGenerator::2.0,/obj/AnalysisHolder/probe_124/group16,groupcreate,size,2,3,high,groupbase=0 groupbounding=1 sizex=96.1,sizez tz
AB::SkylightGenerator::2.0,/obj/AnalysisHolder/probe_125/mats/SkylightMetal,principledshader::2.0,,5,13,medium,folder7=1 folder4=1 folder12=1 folder13=1 folder8=1 folder11=1 folder9=1 basecolorr=1 basecolorg=1 basecolorb=1 rough=0.2 metallic=1 basecolor_useTexture=1,baseBump_useTexture baseNormal_useTexture shop_disable_displace_shader specular_tint vm_displacebound
AB::SkylightGenerator::2.0,/obj/AnalysisHolder/probe_125/mats/SkylightGlass,principledshader::2.0,,6,16,medium,folder7=1 folder4=1 folder12=1 folder13=1 folder8=1 folder11=1 folder9=1 basecolorr=1 basecolorg=1 basecolorb=1 emitcolorg=0.599273 emitcolorb=0.446 basecolor_useTexture=1 rough_useTexture=1 transparency_useTexture=1 baseBumpAndNormal_enable=1,baseBump_useTexture baseNormal_useTexture emitint shop_disable_displace_shader specular_tint vm_displacebound
AB::SkylightGenerator::2.0,/obj/AnalysisHolder/probe_125/mats/colormix1,colormix,,3,3,medium,primaryr=0 primaryg=0 primaryb=0,secondaryb secondaryg secondaryr
AB::SkylightGenerator::2.0,/obj/AnalysisHolder/probe_125/add1,add,,7,3,medium,points=5 switcher1=1 closedall=1,pt0x pt1x pt1y pt2y pt3x pt3y pt4x
AB::SkylightGenerator::2.0,/obj/AnalysisHolder/probe_125/polyextrude1,polyextrude::2.0,,2,11,medium,outputback=1 thicknessramp1value=1 thicknessramp1interp=2 thicknessramp2pos=1 thicknessramp2value=1 thicknessramp2interp=2 twistramp1value=0.5 twistramp1interp=2 twistramp2pos=1 twistramp2value=0.5 twistramp2interp=2,dist divs
AB::SkylightGenerator::2.0,/obj/AnalysisHolder/probe_125/polyextrude2,polyextrude::2.0,,1,12,medium,splittype=0 outputfrontgrp=1 thicknessramp1value=1 thicknessramp1interp=2 thicknessramp2pos=1 thicknessramp2value=1 thicknessramp2interp=2 twistramp1value=0.5 twistramp1interp=2 twistramp2pos=1 twistramp2value=0.5 twistramp2interp=2,inset
AB::SkylightGenerator::2.0,/obj/AnalysisHolder/probe_125/polyextrude3,polyextrude::2.0,,2,11,medium,outputfrontgrp=1 thicknessramp1value=1 thicknessramp1interp=2 thicknessramp2pos=1 thicknessramp2value=1 thicknessramp2interp=2 twistramp1value=0.5 twistramp1interp=2 twistramp2pos=1 twistramp2value=0.5 twistramp2interp=2,dist inset
AB::SkylightGenerator::2.0,/obj/AnalysisHolder/probe_125/polyextrude4,polyextrude::2.0,,1,12,medium,outputfrontgrp=1 outputsidegrp=1 thicknessramp1value=1 thicknessramp1interp=2 thicknessramp2pos=1 thicknessramp2value=1 thicknessramp2interp=2 twistramp1value=0.5 twistramp1interp=2 twistramp2pos=1 twistramp2value=0.5 twistramp2interp=2,inset
AB::SkylightGenerator::2.0,/obj/AnalysisHolder/probe_125/polyextrude5,polyextrude::2.0,,1,11,medium,outputfrontgrp=1 thicknessramp1value=1 thicknessramp1interp=2 thicknessramp2pos=1 thicknessramp2value=1 thicknessramp2interp=2 twistramp1value=0.5 twistramp1interp=2 twistramp2pos=1 twistramp2value=0.5 twistramp2interp=2,dist
AB::SkylightGenerator::2.0,/obj/AnalysisHolder/probe_125/polybevel1,polybevel::2.0,,3,6,medium,allowvertexsplits=0 profileramp1value=0.5 profileramp1interp=2 profileramp2pos=1 profileramp2value=0.5 profileramp2interp=2,divisions filletshape offset
AB::SkylightGenerator::2.0,/obj/AnalysisHolder/probe_125/color1,color,,3,5,medium,class=3 ramp2pos=1 ramp2cr=1 ramp2cg=1 ramp2cb=1,colorb colorg colorr
AB::SkylightGenerator::2.0,/obj/AnalysisHolder/probe_125/color2,color,,3,5,medium,class=3 ramp2pos=1 ramp2cr=1 ramp2cg=1 ramp2cb=1,colorb colorg colorr
AB::SkylightGenerator::2.0,/obj/AnalysisHolder/probe_125/uvtransform1,uvtransform::2.0,s,2,1,high,sx=8,sy sz
AB::SkyscraperGenerator::2.1,/obj/AnalysisHolder/probe_126/Skyscraper_01/ProcessBuilding/twist1,bend,,3,7,medium,enablebend=0 enabletwist=1 enabletaper=1 diry=1 dirz=0 length=300 taperprofile1value=1,taper tapermode twist
AB::SkyscraperGenerator::2.1,/obj/AnalysisHolder/probe_126/Skyscraper_01/ProcessBuilding/ProcessFloors/Process_MF/color1,color,,3,5,medium,class=3 ramp2pos=1 ramp2cr=1 ramp2cg=1 ramp2cb=1,colorb colorg colorr
AB::SkyscraperGenerator::2.1,/obj/AnalysisHolder/probe_126/Skyscraper_01/ProcessBuilding/ProcessFloors/Process_MF/color_MF_Corners,color,,3,5,medium,class=3 ramp2pos=1 ramp2cr=1 ramp2cg=1 ramp2cb=1,colorb colorg colorr
AB::SkyscraperGenerator::2.1,/obj/AnalysisHolder/probe_126/Skyscraper_01/ProcessBuilding/ProcessFloors/Process_MF/color_WindowGlass,color,,3,4,medium,ramp2pos=1 ramp2cr=1 ramp2cg=1 ramp2cb=1,colorb colorg colorr
AB::SkyscraperGenerator::2.1,/obj/AnalysisHolder/probe_126/Skyscraper_01/ProcessBuilding/ProcessFloors/Process_MF/color_WindowGlassLit,color,,3,4,medium,ramp2pos=1 ramp2cr=1 ramp2cg=1 ramp2cb=1,colorb colorg colorr
AB::SkyscraperGenerator::2.1,/obj/AnalysisHolder/probe_126/Skyscraper_01/ProcessBuilding/ProcessFloors/Process_TF/color1,color,,3,5,medium,class=3 ramp2pos=1 ramp2cr=1 ramp2cg=1 ramp2cb=1,colorb colorg colorr
AB::SkyscraperGenerator::2.1,/obj/AnalysisHolder/probe_126/Skyscraper_01/ProcessBuilding/ProcessFloors/Process_TF/color_TF_Corners,color,,3,5,medium,class=3 ramp2pos=1 ramp2cr=1 ramp2cg=1 ramp2cb=1,colorb colorg colorr
AB::SkyscraperGenerator::2.1,/obj/AnalysisHolder/probe_126/Skyscraper_01/ProcessBuilding/ProcessFloors/Process_TF/color_WindowGlass,color,,3,4,medium,ramp2pos=1 ramp2cr=1 ramp2cg=1 ramp2cb=1,colorb colorg colorr
AB::SkyscraperGenerator::2.1,/obj/AnalysisHolder/probe_126/Skyscraper_01/ProcessBuilding/ProcessFloors/Process_TF/color_WindowGlassLit,color,,3,4,medium,ramp2pos=1 ramp2cr=1 ramp2cg=1 ramp2cb=1,colorb colorg colorr
AB::SkyscraperGenerator::2.1,/obj/AnalysisHolder/probe_126/Skyscraper_01/ProcessBuilding/ProcessFloors/Process_TP/color_TP_Walls,color,,3,5,medium,class=3 ramp2pos=1 ramp2cr=1 ramp2cg=1 ramp2cb=1,colorb colorg colorr
AB::SkyscraperGenerator::2.1,/obj/AnalysisHolder/probe_126/Skyscraper_01/ProcessBuilding/ProcessFloors/ProcessBuildingBase/color1,color,,3,5,medium,class=3 ramp2pos=1 ramp2cr=1 ramp2cg=1 ramp2cb=1,colorb colorg colorr
AB::SkyscraperGenerator::2.1,/obj/AnalysisHolder/probe_126/Skyscraper_01/ProcessBuilding/ProcessFloors/ProcessBuildingBase/color2,color,,3,5,medium,class=3 ramp2pos=1 ramp2cr=1 ramp2cg=1 ramp2cb=1,colorb colorg colorr
AB::SkyscraperGenerator::2.1,/obj/AnalysisHolder/probe_126/Skyscraper_01/ProcessBuilding/ProcessFloors/Process_GF/color1,color,,3,5,medium,class=3 ramp2pos=1 ramp2cr=1 ramp2cg=1 ramp2cb=1,colorb colorg colorr
AB::SkyscraperGenerator::2.1,/obj/AnalysisHolder/probe_126/Skyscraper_01/ProcessBuilding/ProcessFloors/Process_GF/color_MF_Corners,color,,3,5,medium,class=3 ramp2pos=1 ramp2cr=1 ramp2cg=1 ramp2cb=1,colorb colorg colorr
AB::SkyscraperGenerator::2.1,/obj/AnalysisHolder/probe_126/Skyscraper_01/ProcessBuilding/ProcessFloors/Process_GF/color_WindowGlass,color,,3,4,medium,ramp2pos=1 ramp2cr=1 ramp2cg=1 ramp2cb=1,colorb colorg colorr
AB::SkyscraperGenerator::2.1,/obj/AnalysisHolder/probe_126/Skyscraper_01/ProcessBuilding/ProcessFloors/Process_GF/color_WindowGlassLit,color,,3,4,medium,ramp2pos=1 ramp2cr=1 ramp2cg=1 ramp2cb=1,colorb colorg colorr
AB::SkyscraperGenerator::2.1,/obj/AnalysisHolder/probe_126/Skyscraper_01/ProcessBuilding/ProcessFloors/Process_Roof/CreateGuardRail/color_GuardRail,color,,3,5,medium,class=3 ramp2pos=1 ramp2cr=1 ramp2cg=1 ramp2cb=1,colorb colorg colorr
AB::SkyscraperGenerator::2.1,/obj/AnalysisHolder/probe_126/Skyscraper_01/ProcessBuilding/ProcessFloors/Process_Roof/CreateGuardRail/line1,line,,1,2,medium,diry=0 dirz=-1,dist
AB::SkyscraperGenerator::2.1,/obj/AnalysisHolder/probe_126/Skyscraper_01/ProcessBuilding/ProcessFloors/Process_Roof/CreateGuardRail/polywire1,polywire,,2,1,medium,maxscale=100,div radius
AB::SkyscraperGenerator::2.1,/obj/AnalysisHolder/probe_126/Skyscraper_01/ProcessBuilding/ProcessFloors/Process_Roof/CreateGuardRail/polywire2,polywire,,2,1,medium,maxscale=100,div radius
AB::SkyscraperGenerator::2.1,/obj/AnalysisHolder/probe_126/Skyscraper_01/ProcessBuilding/ProcessFloors/Process_Roof/ProcessRoof/color_Roof,color,,3,5,medium,class=3 ramp2pos=1 ramp2cr=1 ramp2cg=1 ramp2cb=1,colorb colorg colorr
AB::SkyscraperGenerator::2.1,/obj/AnalysisHolder/probe_126/Skyscraper_01/ProcessBuilding/ProcessFloors/Process_Roof/CreateRoofExtrudes/polyext_Inset1,polyextrude::2.0,,1,11,medium,outputfrontgrp=1 thicknessramp1value=1 thicknessramp1interp=2 thicknessramp2pos=1 thicknessramp2value=1 thicknessramp2interp=2 twistramp1value=0.5 twistramp1interp=2 twistramp2pos=1 twistramp2value=0.5 twistramp2interp=2,inset
AB::SkyscraperGenerator::2.1,/obj/AnalysisHolder/probe_126/Skyscraper_01/ProcessBuilding/ProcessFloors/Process_Roof/CreateRoofExtrudes/polyext_Height1,polyextrude::2.0,,1,11,medium,outputfrontgrp=1 thicknessramp1value=1 thicknessramp1interp=2 thicknessramp2pos=1 thicknessramp2value=1 thicknessramp2interp=2 twistramp1value=0.5 twistramp1interp=2 twistramp2pos=1 twistramp2value=0.5 twistramp2interp=2,dist
AB::SkyscraperGenerator::2.1,/obj/AnalysisHolder/probe_126/Skyscraper_01/ProcessBuilding/ProcessFloors/Process_Roof/CreateRoofExtrudes/polyext_Inset2,polyextrude::2.0,,1,11,medium,outputfrontgrp=1 thicknessramp1value=1 thicknessramp1interp=2 thicknessramp2pos=1 thicknessramp2value=1 thicknessramp2interp=2 twistramp1value=0.5 twistramp1interp=2 twistramp2pos=1 twistramp2value=0.5 twistramp2interp=2,inset
AB::SkyscraperGenerator::2.1,/obj/AnalysisHolder/probe_126/Skyscraper_01/ProcessBuilding/ProcessFloors/Process_Roof/CreateRoofExtrudes/polyextrude4,polyextrude::2.0,,1,11,medium,outputfrontgrp=1 thicknessramp1value=1 thicknessramp1interp=2 thicknessramp2pos=1 thicknessramp2value=1 thicknessramp2interp=2 twistramp1value=0.5 twistramp1interp=2 twistramp2pos=1 twistramp2value=0.5 twistramp2interp=2,dist
AB::SkyscraperGenerator::2.1,/obj/AnalysisHolder/probe_126/Skyscraper_01/ProcessBuilding/ProcessFloors/Process_Roof/CreateBarrelVault/transform2,xform,,1,2,medium,grouptype=3 sx=2.9,ty
AB::SkyscraperGenerator::2.1,/obj/AnalysisHolder/probe_126/Skyscraper_01/ProcessBuilding/ProcessFloors/Process_Roof/CreateBarrelVault/transform3,xform,,2,1,medium,grouptype=3,sz ty
AB::SkyscraperGenerator::2.1,/obj/AnalysisHolder/probe_126/Skyscraper_01/ProcessBuilding/ProcessFloors/Process_Roof/CreateBarrelVault/convert1,convert,,1,2,medium,stdswitcher1=1 divv=0,divu
AB::SkyscraperGenerator::2.1,/obj/AnalysisHolder/probe_126/Skyscraper_01/ProcessBuilding/ProcessFloors/Process_Roof/CreateBarrelVault/convert2,convert,,17,1,medium,stdswitcher1=1,divtrim divu divv fromtype group interphull lodtrim lodu lodv new offset orderu orderv pasteattrib pastecoord surftype totype
AB::SkyscraperGenerator::2.1,/obj/AnalysisHolder/probe_126/Skyscraper_01/ProcessBuilding/ProcessFloors/Process_Roof/CreateBarrelVault/tube1,tube,rad,1,4,high,orient=2 vertexnormals=1 rad1=50 height=100,rad2
AB::SkyscraperGenerator::2.1,/obj/AnalysisHolder/probe_126/Skyscraper_01/ProcessBuilding/ProcessBuildingMass/polyextrude1,polyextrude::2.0,,1,14,medium,outputfrontgrp=1 outputback=1 outputbackgrp=1 outputsidegrp=1 thicknessramp1value=1 thicknessramp1interp=2 thicknessramp2pos=1 thicknessramp2value=1 thicknessramp2interp=2 twistramp1value=0.5 twistramp1interp=2 twistramp2pos=1 twistramp2value=0.5 twistramp2interp=2,dist
AB::SkyscraperGenerator::2.1,/obj/AnalysisHolder/probe_126/Skyscraper_01/ProcessBuilding/ProcessBuildingMass/polyextrude2,polyextrude::2.0,,2,11,medium,outputsidegrp=1 thicknessramp1value=1 thicknessramp1interp=2 thicknessramp2pos=1 thicknessramp2value=1 thicknessramp2interp=2 twistramp1value=0.5 twistramp1interp=2 twistramp2pos=1 twistramp2value=0.5 twistramp2interp=2,dist divs
AB::SkyscraperGenerator::2.1,/obj/AnalysisHolder/probe_126/Skyscraper_01/ProcessBuilding/ProcessBuildingMass/polyextrude3,polyextrude::2.0,,1,11,medium,outputsidegrp=1 thicknessramp1value=1 thicknessramp1interp=2 thicknessramp2pos=1 thicknessramp2value=1 thicknessramp2interp=2 twistramp1value=0.5 twistramp1interp=2 twistramp2pos=1 twistramp2value=0.5 twistramp2interp=2,dist
AB::SkyscraperGenerator::2.1,/obj/AnalysisHolder/probe_126/Skyscraper_01/ProcessBuilding/ProcessBuildingMass/polyextrude4,polyextrude::2.0,,1,11,medium,outputsidegrp=1 thicknessramp1value=1 thicknessramp1interp=2 thicknessramp2pos=1 thicknessramp2value=1 thicknessramp2interp=2 twistramp1value=0.5 twistramp1interp=2 twistramp2pos=1 twistramp2value=0.5 twistramp2interp=2,dist
AB::SkyscraperGenerator::2.1,/obj/AnalysisHolder/probe_126/Skyscraper_01/CreateFootprint/transform1,xform,,2,7,medium,tx=0 ty=0 tz=0 parmgroup_pivotxform=1 px=0 py=0 pz=0,sx sz
AB::SkyscraperGenerator::2.1,/obj/AnalysisHolder/probe_126/Skyscraper_01/CreateFootprint/resample1,resample,,1,1,medium,edge=1,length
AB::SkyscraperGenerator::2.1,/obj/AnalysisHolder/probe_126/Skyscraper_01/CreateBuilding_LR/CreateSideSupports/circle1,circle,,2,2,medium,type=2 reverse=0,divs scale
AB::SkyscraperGenerator::2.1,/obj/AnalysisHolder/probe_126/Skyscraper_01/CreateBuilding_LR/CreateSideSupports/line1,line,,1,4,medium,type=1 diry=0 dirz=1 order=2,dist
AB::SkyscraperGenerator::2.1,/obj/AnalysisHolder/probe_126/Skyscraper_01/CreateBuilding_LR/CreateSideSupports/attribvop1,attribvop,,3,5,medium,ramp1interp=2 ramp2pos=0.5 ramp2interp=2 ramp3pos=1 ramp3interp=2,ramp1value ramp2value ramp3value
AB::SkyscraperGenerator::2.1,/obj/AnalysisHolder/probe_126/Skyscraper_01/CreateBuilding_LR/CreateSideSupports/resample1,resample,,1,2,medium,dolength=0 dosegs=1,segs
AB::SkyscraperGenerator::2.1,/obj/AnalysisHolder/probe_126/Skyscraper_01/CreateBuilding_LR/CreateSideSupports/polywire1,polywire,,2,1,medium,maxscale=100,div radius
AB::SkyscraperGenerator::2.1,/obj/AnalysisHolder/probe_126/Skyscraper_01/CreateBuilding_LR/CreateSideSupports/resample2,resample,,1,2,medium,dolength=0 dosegs=1,segs
AB::SkyscraperGenerator::2.1,/obj/AnalysisHolder/probe_126/Skyscraper_01/CreateBuilding_MR/Process_GF/FrontDoorPlanes,groupcreate,size,1,8,high,groupbase=0 groupbounding=1 sizey=100 sizez=100 tx=-1.90735e-06 ty=10 tz=50 includenotwhollycontained=1,sizex
AB::SkyscraperGenerator::2.1,/obj/AnalysisHolder/probe_126/Skyscraper_03/ProcessBuilding/twist1,bend,,3,7,medium,enablebend=0 enabletwist=1 enabletaper=1 diry=1 dirz=0 length=380 taperprofile1value=1,taper tapermode twist
AB::SkyscraperGenerator::2.1,/obj/AnalysisHolder/probe_126/Skyscraper_03/ProcessBuilding/ProcessFloors/ProcessMF/polyextrude2,polyextrude::2.0,,1,12,medium,outputfrontgrp=1 outputsidegrp=1 thicknessramp1value=1 thicknessramp1interp=2 thicknessramp2pos=1 thicknessramp2value=1 thicknessramp2interp=2 twistramp1value=0.5 twistramp1interp=2 twistramp2pos=1 twistramp2value=0.5 twistramp2interp=2,inset
AB::SkyscraperGenerator::2.1,/obj/AnalysisHolder/probe_126/Skyscraper_03/ProcessBuilding/ProcessFloors/ProcessTF/polyextrude2,polyextrude::2.0,,1,12,medium,outputfrontgrp=1 outputsidegrp=1 thicknessramp1value=1 thicknessramp1interp=2 thicknessramp2pos=1 thicknessramp2value=1 thicknessramp2interp=2 twistramp1value=0.5 twistramp1interp=2 twistramp2pos=1 twistramp2value=0.5 twistramp2interp=2,inset
AB::SkyscraperGenerator::2.1,/obj/AnalysisHolder/probe_126/Skyscraper_03/ProcessBuilding/ProcessFloors/ProcessTP/color_TP_Walls,color,,3,5,medium,class=3 ramp2pos=1 ramp2cr=1 ramp2cg=1 ramp2cb=1,colorb colorg colorr
AB::SkyscraperGenerator::2.1,/obj/AnalysisHolder/probe_126/Skyscraper_03/ProcessBuilding/ProcessFloors/ProcessBuildingBase/color1,color,,3,5,medium,class=3 ramp2pos=1 ramp2cr=1 ramp2cg=1 ramp2cb=1,colorb colorg colorr
AB::SkyscraperGenerator::2.1,/obj/AnalysisHolder/probe_126/Skyscraper_03/ProcessBuilding/ProcessFloors/ProcessBuildingBase/color2,color,,3,5,medium,class=3 ramp2pos=1 ramp2cr=1 ramp2cg=1 ramp2cb=1,colorb colorg colorr
AB::SkyscraperGenerator::2.1,/obj/AnalysisHolder/probe_126/Skyscraper_03/ProcessBuilding/ProcessFloors/ProcessGF/polyextrude2,polyextrude::2.0,,1,12,medium,outputfrontgrp=1 outputsidegrp=1 thicknessramp1value=1 thicknessramp1interp=2 thicknessramp2pos=1 thicknessramp2value=1 thicknessramp2interp=2 twistramp1value=0.5 twistramp1interp=2 twistramp2pos=1 twistramp2value=0.5 twistramp2interp=2,inset
AB::SkyscraperGenerator::2.1,/obj/AnalysisHolder/probe_126/Skyscraper_03/ProcessBuilding/ProcessFloors/ProcessRoof/CreateGuardRail/color_GuardRail,color,,3,5,medium,class=3 ramp2pos=1 ramp2cr=1 ramp2cg=1 ramp2cb=1,colorb colorg colorr
AB::SkyscraperGenerator::2.1,/obj/AnalysisHolder/probe_126/Skyscraper_03/ProcessBuilding/ProcessFloors/ProcessRoof/CreateGuardRail/line1,line,,1,2,medium,diry=0 dirz=-1,dist
AB::SkyscraperGenerator::2.1,/obj/AnalysisHolder/probe_126/Skyscraper_03/ProcessBuilding/ProcessFloors/ProcessRoof/CreateGuardRail/polywire1,polywire,,2,1,medium,maxscale=100,div radius
AB::SkyscraperGenerator::2.1,/obj/AnalysisHolder/probe_126/Skyscraper_03/ProcessBuilding/ProcessFloors/ProcessRoof/CreateGuardRail/polywire2,polywire,,2,1,medium,maxscale=100,div radius
AB::SkyscraperGenerator::2.1,/obj/AnalysisHolder/probe_126/Skyscraper_03/ProcessBuilding/ProcessFloors/ProcessRoof/ProcessRoof/color_Roof,color,,3,5,medium,class=3 ramp2pos=1 ramp2cr=1 ramp2cg=1 ramp2cb=1,colorb colorg colorr
AB::SkyscraperGenerator::2.1,/obj/AnalysisHolder/probe_126/Skyscraper_03/ProcessBuilding/ProcessFloors/ProcessRoof/CreateRoofExtrudes/polyext_Inset1,polyextrude::2.0,,1,11,medium,outputfrontgrp=1 thicknessramp1value=1 thicknessramp1interp=2 thicknessramp2pos=1 thicknessramp2value=1 thicknessramp2interp=2 twistramp1value=0.5 twistramp1interp=2 twistramp2pos=1 twistramp2value=0.5 twistramp2interp=2,inset
AB::SkyscraperGenerator::2.1,/obj/AnalysisHolder/probe_126/Skyscraper_03/ProcessBuilding/ProcessFloors/ProcessRoof/CreateRoofExtrudes/polyext_Height1,polyextrude::2.0,,1,11,medium,outputfrontgrp=1 thicknessramp1value=1 thicknessramp1interp=2 thicknessramp2pos=1 thicknessramp2value=1 thicknessramp2interp=2 twistramp1value=0.5 twistramp1interp=2 twistramp2pos=1 twistramp2value=0.5 twistramp2interp=2,dist
AB::SkyscraperGenerator::2.1,/obj/AnalysisHolder/probe_126/Skyscraper_03/ProcessBuilding/ProcessFloors/ProcessRoof/CreateRoofExtrudes/polyext_Inset2,polyextrude::2.0,,1,11,medium,outputfrontgrp=1 thicknessramp1value=1 thicknessramp1interp=2 thicknessramp2pos=1 thicknessramp2value=1 thicknessramp2interp=2 twistramp1value=0.5 twistramp1interp=2 twistramp2pos=1 twistramp2value=0.5 twistramp2interp=2,inset
AB::SkyscraperGenerator::2.1,/obj/AnalysisHolder/probe_126/Skyscraper_03/ProcessBuilding/ProcessFloors/ProcessRoof/CreateRoofExtrudes/polyextrude4,polyextrude::2.0,,1,11,medium,outputfrontgrp=1 thicknessramp1value=1 thicknessramp1interp=2 thicknessramp2pos=1 thicknessramp2value=1 thicknessramp2interp=2 twistramp1value=0.5 twistramp1interp=2 twistramp2pos=1 twistramp2value=0.5 twistramp2interp=2,dist
AB::SkyscraperGenerator::2.1,/obj/AnalysisHolder/probe_126/Skyscraper_03/ProcessBuilding/ProcessFloors/ProcessRoof/CreateBarrelVault/transform2,xform,,1,2,medium,grouptype=3 sx=2.9,ty
AB::SkyscraperGenerator::2.1,/obj/AnalysisHolder/probe_126/Skyscraper_03/ProcessBuilding/ProcessFloors/ProcessRoof/CreateBarrelVault/transform3,xform,,2,1,medium,grouptype=3,sz ty
AB::SkyscraperGenerator::2.1,/obj/AnalysisHolder/probe_126/Skyscraper_03/ProcessBuilding/ProcessFloors/ProcessRoof/CreateBarrelVault/convert1,convert,,1,2,medium,stdswitcher1=1 divv=0,divu
AB::SkyscraperGenerator::2.1,/obj/AnalysisHolder/probe_126/Skyscraper_03/ProcessBuilding/ProcessFloors/ProcessRoof/CreateBarrelVault/convert2,convert,,17,1,medium,stdswitcher1=1,divtrim divu divv fromtype group interphull lodtrim lodu lodv new offset orderu orderv pasteattrib pastecoord surftype totype
AB::SkyscraperGenerator::2.1,/obj/AnalysisHolder/probe_126/Skyscraper_03/ProcessBuilding/ProcessFloors/ProcessRoof/CreateBarrelVault/tube1,tube,rad,1,4,high,orient=2 vertexnormals=1 rad1=59.7678 height=119.536,rad2
AB::SkyscraperGenerator::2.1,/obj/AnalysisHolder/probe_126/Skyscraper_03/ProcessBuilding/ProcessFloors/color1,color,,3,5,medium,class=3 ramp2pos=1 ramp2cr=1 ramp2cg=1 ramp2cb=1,colorb colorg colorr
AB::SkyscraperGenerator::2.1,/obj/AnalysisHolder/probe_126/Skyscraper_03/ProcessBuilding/ProcessFloors/color2,color,,3,5,medium,class=3 ramp2pos=1 ramp2cr=1 ramp2cg=1 ramp2cb=1,colorb colorg colorr
AB::SkyscraperGenerator::2.1,/obj/AnalysisHolder/probe_126/Skyscraper_03/ProcessBuilding/ProcessFloors/color3,color,,3,5,medium,class=3 ramp2pos=1 ramp2cr=1 ramp2cg=1 ramp2cb=1,colorb colorg colorr
AB::SkyscraperGenerator::2.1,/obj/AnalysisHolder/probe_126/Skyscraper_03/ProcessBuilding/ProcessFloors/color4,color,,3,5,medium,class=3 ramp2pos=1 ramp2cr=1 ramp2cg=1 ramp2cb=1,colorb colorg colorr
AB::SkyscraperGenerator::2.1,/obj/AnalysisHolder/probe_126/Skyscraper_03/ProcessBuilding/ProcessBuildingMass/polyextrude1,polyextrude::2.0,,1,16,medium,xformfront=1 xformspace=1 outputfrontgrp=1 outputback=1 outputbackgrp=1 outputsidegrp=1 thicknessramp1value=1 thicknessramp1interp=2 thicknessramp2pos=1 thicknessramp2value=1 thicknessramp2interp=2 twistramp1value=0.5 twistramp1interp=2 twistramp2pos=1 twistramp2value=0.5 twistramp2interp=2,translatey
AB::SkyscraperGenerator::2.1,/obj/AnalysisHolder/probe_126/Skyscraper_03/ProcessBuilding/ProcessBuildingMass/polyextrude2,polyextrude::2.0,,2,11,medium,outputsidegrp=1 thicknessramp1value=1 thicknessramp1interp=2 thicknessramp2pos=1 thicknessramp2value=1 thicknessramp2interp=2 twistramp1value=0.5 twistramp1interp=2 twistramp2pos=1 twistramp2value=0.5 twistramp2interp=2,dist divs
AB::SkyscraperGenerator::2.1,/obj/AnalysisHolder/probe_126/Skyscraper_03/ProcessBuilding/ProcessBuildingMass/polyextrude3,polyextrude::2.0,,1,11,medium,outputsidegrp=1 thicknessramp1value=1 thicknessramp1interp=2 thicknessramp2pos=1 thicknessramp2value=1 thicknessramp2interp=2 twistramp1value=0.5 twistramp1interp=2 twistramp2pos=1 twistramp2value=0.5 twistramp2interp=2,dist
AB::SkyscraperGenerator::2.1,/obj/AnalysisHolder/probe_126/Skyscraper_03/ProcessBuilding/ProcessBuildingMass/polyextrude4,polyextrude::2.0,,1,11,medium,outputsidegrp=1 thicknessramp1value=1 thicknessramp1interp=2 thicknessramp2pos=1 thicknessramp2value=1 thicknessramp2interp=2 twistramp1value=0.5 twistramp1interp=2 twistramp2pos=1 twistramp2value=0.5 twistramp2interp=2,dist
AB::SkyscraperGenerator::2.1,/obj/AnalysisHolder/probe_126/Skyscraper_03/CreateFootprint/add1,add,,2,2,medium,points=3 switcher1=1,pt0x pt2z
AB::SkyscraperGenerator::2.1,/obj/AnalysisHolder/probe_126/Skyscraper_03/CreateFootprint/transform1,xform,,1,2,medium,ry=-90 parmgroup_pivotxform=1,tz
AB::SkyscraperGenerator::2.1,/obj/AnalysisHolder/probe_126/Skyscraper_03/CreateFootprint/transform2,xform,,2,2,medium,ry=-180 parmgroup_pivotxform=1,tx tz
AB::SkyscraperGenerator::2.1,/obj/AnalysisHolder/probe_126/Skyscraper_03/CreateFootprint/transform3,xform,,1,2,medium,ry=-270 parmgroup_pivotxform=1,tx
AB::SkyscraperGenerator::2.1,/obj/AnalysisHolder/probe_126/Skyscraper_03/CreateFootprint/transform4,xform,,1,1,medium,grouptype=3,tx
AB::SkyscraperGenerator::2.1,/obj/AnalysisHolder/probe_126/Skyscraper_03/CreateFootprint/transform5,xform,,1,1,medium,grouptype=3,tz
AB::SkyscraperGenerator::2.1,/obj/AnalysisHolder/probe_126/Skyscraper_03/CreateFootprint/transform6,xform,,1,1,medium,grouptype=3,tz
AB::SkyscraperGenerator::2.1,/obj/AnalysisHolder/probe_126/Skyscraper_03/CreateFootprint/transform7,xform,,1,1,medium,grouptype=3,tx
AB::SkyscraperGenerator::2.1,/obj/AnalysisHolder/probe_126/Skyscraper_03/CreateSideSupports/circle1,circle,,2,2,medium,type=2 reverse=0,divs scale
AB::SkyscraperGenerator::2.1,/obj/AnalysisHolder/probe_126/Skyscraper_03/CreateSideSupports/line1,line,,1,4,medium,type=1 diry=0 dirz=1 order=2,dist
AB::SkyscraperGenerator::2.1,/obj/AnalysisHolder/probe_126/Skyscraper_03/CreateSideSupports/attribvop1,attribvop,,3,5,medium,ramp1interp=2 ramp2pos=0.5 ramp2interp=2 ramp3pos=1 ramp3interp=2,ramp1value ramp2value ramp3value
AB::SkyscraperGenerator::2.1,/obj/AnalysisHolder/probe_126/Skyscraper_03/CreateSideSupports/resample1,resample,,1,2,medium,dolength=0 dosegs=1,segs
AB::SkyscraperGenerator::2.1,/obj/AnalysisHolder/probe_126/Skyscraper_03/CreateSideSupports/polywire1,polywire,,2,1,medium,maxscale=100,div radius
AB::SkyscraperGenerator::2.1,/obj/AnalysisHolder/probe_126/Skyscraper_03/CreateSideSupports/resample2,resample,,1,2,medium,dolength=0 dosegs=1,segs
AB::SkyscraperGenerator::2.1,/obj/AnalysisHolder/probe_126/Skyscraper_04/ProcessBuilding/twist1,bend,,3,7,medium,enablebend=0 enabletwist=1 enabletaper=1 diry=1 dirz=0 length=380 taperprofile1value=1,taper tapermode twist
AB::SkyscraperGenerator::2.1,/obj/AnalysisHolder/probe_126/Skyscraper_04/ProcessBuilding/ProcessFloors/ProcessMF/polyextrude2,polyextrude::2.0,,1,12,medium,outputfrontgrp=1 outputsidegrp=1 thicknessramp1value=1 thicknessramp1interp=2 thicknessramp2pos=1 thicknessramp2value=1 thicknessramp2interp=2 twistramp1value=0.5 twistramp1interp=2 twistramp2pos=1 twistramp2value=0.5 twistramp2interp=2,inset
AB::SkyscraperGenerator::2.1,/obj/AnalysisHolder/probe_126/Skyscraper_04/ProcessBuilding/ProcessFloors/ProcessTF/polyextrude2,polyextrude::2.0,,1,12,medium,outputfrontgrp=1 outputsidegrp=1 thicknessramp1value=1 thicknessramp1interp=2 thicknessramp2pos=1 thicknessramp2value=1 thicknessramp2interp=2 twistramp1value=0.5 twistramp1interp=2 twistramp2pos=1 twistramp2value=0.5 twistramp2interp=2,inset
AB::SkyscraperGenerator::2.1,/obj/AnalysisHolder/probe_126/Skyscraper_04/ProcessBuilding/ProcessFloors/ProcessTP/color_TP_Walls,color,,3,5,medium,class=3 ramp2pos=1 ramp2cr=1 ramp2cg=1 ramp2cb=1,colorb colorg colorr
AB::SkyscraperGenerator::2.1,/obj/AnalysisHolder/probe_126/Skyscraper_04/ProcessBuilding/ProcessFloors/ProcessBuildingBase/color1,color,,3,5,medium,class=3 ramp2pos=1 ramp2cr=1 ramp2cg=1 ramp2cb=1,colorb colorg colorr
AB::SkyscraperGenerator::2.1,/obj/AnalysisHolder/probe_126/Skyscraper_04/ProcessBuilding/ProcessFloors/ProcessBuildingBase/color2,color,,3,5,medium,class=3 ramp2pos=1 ramp2cr=1 ramp2cg=1 ramp2cb=1,colorb colorg colorr
AB::SkyscraperGenerator::2.1,/obj/AnalysisHolder/probe_126/Skyscraper_04/ProcessBuilding/ProcessFloors/ProcessGF/polyextrude2,polyextrude::2.0,,1,12,medium,outputfrontgrp=1 outputsidegrp=1 thicknessramp1value=1 thicknessramp1interp=2 thicknessramp2pos=1 thicknessramp2value=1 thicknessramp2interp=2 twistramp1value=0.5 twistramp1interp=2 twistramp2pos=1 twistramp2value=0.5 twistramp2interp=2,inset
AB::SkyscraperGenerator::2.1,/obj/AnalysisHolder/probe_126/Skyscraper_04/ProcessBuilding/ProcessFloors/ProcessRoof/CreateGuardRail/color_GuardRail,color,,3,5,medium,class=3 ramp2pos=1 ramp2cr=1 ramp2cg=1 ramp2cb=1,colorb colorg colorr
AB::SkyscraperGenerator::2.1,/obj/AnalysisHolder/probe_126/Skyscraper_04/ProcessBuilding/ProcessFloors/ProcessRoof/CreateGuardRail/line1,line,,1,2,medium,diry=0 dirz=-1,dist
AB::SkyscraperGenerator::2.1,/obj/AnalysisHolder/probe_126/Skyscraper_04/ProcessBuilding/ProcessFloors/ProcessRoof/CreateGuardRail/polywire1,polywire,,2,1,medium,maxscale=100,div radius
AB::SkyscraperGenerator::2.1,/obj/AnalysisHolder/probe_126/Skyscraper_04/ProcessBuilding/ProcessFloors/ProcessRoof/CreateGuardRail/polywire2,polywire,,2,1,medium,maxscale=100,div radius
AB::SkyscraperGenerator::2.1,/obj/AnalysisHolder/probe_126/Skyscraper_04/ProcessBuilding/ProcessFloors/ProcessRoof/ProcessRoof/color_Roof,color,,3,5,medium,class=3 ramp2pos=1 ramp2cr=1 ramp2cg=1 ramp2cb=1,colorb colorg colorr
AB::SkyscraperGenerator::2.1,/obj/AnalysisHolder/probe_126/Skyscraper_04/ProcessBuilding/ProcessFloors/ProcessRoof/CreateRoofExtrudes/polyext_Inset1,polyextrude::2.0,,1,11,medium,outputfrontgrp=1 thicknessramp1value=1 thicknessramp1interp=2 thicknessramp2pos=1 thicknessramp2value=1 thicknessramp2interp=2 twistramp1value=0.5 twistramp1interp=2 twistramp2pos=1 twistramp2value=0.5 twistramp2interp=2,inset
AB::SkyscraperGenerator::2.1,/obj/AnalysisHolder/probe_126/Skyscraper_04/ProcessBuilding/ProcessFloors/ProcessRoof/CreateRoofExtrudes/polyext_Height1,polyextrude::2.0,,1,11,medium,outputfrontgrp=1 thicknessramp1value=1 thicknessramp1interp=2 thicknessramp2pos=1 thicknessramp2value=1 thicknessramp2interp=2 twistramp1value=0.5 twistramp1interp=2 twistramp2pos=1 twistramp2value=0.5 twistramp2interp=2,dist
AB::SkyscraperGenerator::2.1,/obj/AnalysisHolder/probe_126/Skyscraper_04/ProcessBuilding/ProcessFloors/ProcessRoof/CreateRoofExtrudes/polyext_Inset2,polyextrude::2.0,,1,11,medium,outputfrontgrp=1 thicknessramp1value=1 thicknessramp1interp=2 thicknessramp2pos=1 thicknessramp2value=1 thicknessramp2interp=2 twistramp1value=0.5 twistramp1interp=2 twistramp2pos=1 twistramp2value=0.5 twistramp2interp=2,inset
AB::SkyscraperGenerator::2.1,/obj/AnalysisHolder/probe_126/Skyscraper_04/ProcessBuilding/ProcessFloors/ProcessRoof/CreateRoofExtrudes/polyextrude4,polyextrude::2.0,,1,11,medium,outputfrontgrp=1 thicknessramp1value=1 thicknessramp1interp=2 thicknessramp2pos=1 thicknessramp2value=1 thicknessramp2interp=2 twistramp1value=0.5 twistramp1interp=2 twistramp2pos=1 twistramp2value=0.5 twistramp2interp=2,dist
AB::SkyscraperGenerator::2.1,/obj/AnalysisHolder/probe_126/Skyscraper_04/ProcessBuilding/ProcessFloors/ProcessRoof/CreateBarrelVault/transform2,xform,,1,2,medium,grouptype=3 sx=2.9,ty
AB::SkyscraperGenerator::2.1,/obj/AnalysisHolder/probe_126/Skyscraper_04/ProcessBuilding/ProcessFloors/ProcessRoof/CreateBarrelVault/transform3,xform,,2,1,medium,grouptype=3,sz ty
AB::SkyscraperGenerator::2.1,/obj/AnalysisHolder/probe_126/Skyscraper_04/ProcessBuilding/ProcessFloors/ProcessRoof/CreateBarrelVault/convert1,convert,,1,2,medium,stdswitcher1=1 divv=0,divu
AB::SkyscraperGenerator::2.1,/obj/AnalysisHolder/probe_126/Skyscraper_04/ProcessBuilding/ProcessFloors/ProcessRoof/CreateBarrelVault/convert2,convert,,17,1,medium,stdswitcher1=1,divtrim divu divv fromtype group interphull lodtrim lodu lodv new offset orderu orderv pasteattrib pastecoord surftype totype
AB::SkyscraperGenerator::2.1,/obj/AnalysisHolder/probe_126/Skyscraper_04/ProcessBuilding/ProcessFloors/ProcessRoof/CreateBarrelVault/tube1,tube,rad,1,4,high,orient=2 vertexnormals=1 rad1=0 height=0,rad2
AB::SkyscraperGenerator::2.1,/obj/AnalysisHolder/probe_126/Skyscraper_04/ProcessBuilding/ProcessFloors/color1,color,,3,5,medium,class=3 ramp2pos=1 ramp2cr=1 ramp2cg=1 ramp2cb=1,colorb colorg colorr
AB::SkyscraperGenerator::2.1,/obj/AnalysisHolder/probe_126/Skyscraper_04/ProcessBuilding/ProcessFloors/color2,color,,3,5,medium,class=3 ramp2pos=1 ramp2cr=1 ramp2cg=1 ramp2cb=1,colorb colorg colorr
AB::SkyscraperGenerator::2.1,/obj/AnalysisHolder/probe_126/Skyscraper_04/ProcessBuilding/ProcessFloors/color3,color,,3,5,medium,class=3 ramp2pos=1 ramp2cr=1 ramp2cg=1 ramp2cb=1,colorb colorg colorr
AB::SkyscraperGenerator::2.1,/obj/AnalysisHolder/probe_126/Skyscraper_04/ProcessBuilding/ProcessFloors/color4,color,,3,5,medium,class=3 ramp2pos=1 ramp2cr=1 ramp2cg=1 ramp2cb=1,colorb colorg colorr
AB::SkyscraperGenerator::2.1,/obj/AnalysisHolder/probe_126/Skyscraper_04/ProcessBuilding/ProcessBuildingMass/polyextrude1,polyextrude::2.0,,1,16,medium,xformfront=1 xformspace=1 outputfrontgrp=1 outputback=1 outputbackgrp=1 outputsidegrp=1 thicknessramp1value=1 thicknessramp1interp=2 thicknessramp2pos=1 thicknessramp2value=1 thicknessramp2interp=2 twistramp1value=0.5 twistramp1interp=2 twistramp2pos=1 twistramp2value=0.5 twistramp2interp=2,translatey
AB::SkyscraperGenerator::2.1,/obj/AnalysisHolder/probe_126/Skyscraper_04/ProcessBuilding/ProcessBuildingMass/polyextrude2,polyextrude::2.0,,2,11,medium,outputsidegrp=1 thicknessramp1value=1 thicknessramp1interp=2 thicknessramp2pos=1 thicknessramp2value=1 thicknessramp2interp=2 twistramp1value=0.5 twistramp1interp=2 twistramp2pos=1 twistramp2value=0.5 twistramp2interp=2,dist divs
AB::SkyscraperGenerator::2.1,/obj/AnalysisHolder/probe_126/Skyscraper_04/ProcessBuilding/ProcessBuildingMass/polyextrude3,polyextrude::2.0,,1,11,medium,outputsidegrp=1 thicknessramp1value=1 thicknessramp1interp=2 thicknessramp2pos=1 thicknessramp2value=1 thicknessramp2interp=2 twistramp1value=0.5 twistramp1interp=2 twistramp2pos=1 twistramp2value=0.5 twistramp2interp=2,dist
AB::SkyscraperGenerator::2.1,/obj/AnalysisHolder/probe_126/Skyscraper_04/ProcessBuilding/ProcessBuildingMass/polyextrude4,polyextrude::2.0,,1,11,medium,outputsidegrp=1 thicknessramp1value=1 thicknessramp1interp=2 thicknessramp2pos=1 thicknessramp2value=1 thicknessramp2interp=2 twistramp1value=0.5 twistramp1interp=2 twistramp2pos=1 twistramp2value=0.5 twistramp2interp=2,dist
AB::SkyscraperGenerator::2.1,/obj/AnalysisHolder/probe_126/Skyscraper_04/CreateFootprint/add1,add,,2,2,medium,points=3 switcher1=1,pt0x pt2z
AB::SkyscraperGenerator::2.1,/obj/AnalysisHolder/probe_126/Skyscraper_04/CreateFootprint/transform1,xform,,1,2,medium,ry=-90 parmgroup_pivotxform=1,tz
AB::SkyscraperGenerator::2.1,/obj/AnalysisHolder/probe_126/Skyscraper_04/CreateFootprint/transform2,xform,,2,2,medium,ry=-180 parmgroup_pivotxform=1,tx tz
AB::SkyscraperGenerator::2.1,/obj/AnalysisHolder/probe_126/Skyscraper_04/CreateFootprint/transform3,xform,,1,2,medium,ry=-270 parmgroup_pivotxform=1,tx
AB::SkyscraperGenerator::2.1,/obj/AnalysisHolder/probe_126/Skyscraper_04/CreateFootprint/transform4,xform,,1,1,medium,grouptype=3,tx
AB::SkyscraperGenerator::2.1,/obj/AnalysisHolder/probe_126/Skyscraper_04/CreateFootprint/transform5,xform,,1,1,medium,grouptype=3,tz
AB::SkyscraperGenerator::2.1,/obj/AnalysisHolder/probe_126/Skyscraper_04/CreateFootprint/transform6,xform,,1,1,medium,grouptype=3,tz
AB::SkyscraperGenerator::2.1,/obj/AnalysisHolder/probe_126/Skyscraper_04/CreateFootprint/transform7,xform,,1,1,medium,grouptype=3,tx
AB::SkyscraperGenerator::2.1,/obj/AnalysisHolder/probe_126/Skyscraper_04/CreateFootprint/circle1,circle,,2,3,medium,type=1 orient=2 reverse=0,radx rady
AB::SkyscraperGenerator::2.1,/obj/AnalysisHolder/probe_126/Skyscraper_04/CreateSideSupports/circle1,circle,,2,2,medium,type=2 reverse=0,divs scale
AB::SkyscraperGenerator::2.1,/obj/AnalysisHolder/probe_126/Skyscraper_04/CreateSideSupports/line1,line,,1,4,medium,type=1 diry=0 dirz=1 order=2,dist
AB::SkyscraperGenerator::2.1,/obj/AnalysisHolder/probe_126/Skyscraper_04/CreateSideSupports/attribvop1,attribvop,,3,5,medium,ramp1interp=2 ramp2pos=0.5 ramp2interp=2 ramp3pos=1 ramp3interp=2,ramp1value ramp2value ramp3value
AB::SkyscraperGenerator::2.1,/obj/AnalysisHolder/probe_126/Skyscraper_04/CreateSideSupports/resample1,resample,,1,2,medium,dolength=0 dosegs=1,segs
AB::SkyscraperGenerator::2.1,/obj/AnalysisHolder/probe_126/Skyscraper_04/CreateSideSupports/polywire1,polywire,,2,1,medium,maxscale=100,div radius
AB::SkyscraperGenerator::2.1,/obj/AnalysisHolder/probe_126/Skyscraper_04/CreateSideSupports/resample2,resample,,1,2,medium,dolength=0 dosegs=1,segs
AB::SkyscraperGenerator::2.1,/obj/AnalysisHolder/probe_126/Skyscraper_02/CreateFootprint/circle1,circle,,1,6,medium,type=2 orient=2 reverse=0 order=2 arc=1 endangle=270,scale
AB::SkyscraperGenerator::2.1,/obj/AnalysisHolder/probe_126/Skyscraper_02/CreateFootprint/resample2,resample,,1,1,medium,edge=1,length
AB::SkyscraperGenerator::2.1,/obj/AnalysisHolder/probe_126/Skyscraper_02/CreateFootprint/resample3,resample,,1,1,medium,edge=1,length
AB::SkyscraperGenerator::2.1,/obj/AnalysisHolder/probe_126/Skyscraper_02/CreateFootprint/resample4,resample,,1,1,medium,edge=1,length
AB::SkyscraperGenerator::2.1,/obj/AnalysisHolder/probe_126/Skyscraper_02/CreateFootprint/resample5,resample,,1,1,medium,edge=1,length
AB::SkyscraperGenerator::2.1,/obj/AnalysisHolder/probe_126/Skyscraper_02/ProcessBuilding/twist1,bend,,3,7,medium,enablebend=0 enabletwist=1 enabletaper=1 diry=1 dirz=0 length=380 taperprofile1value=1,taper tapermode twist
AB::SkyscraperGenerator::2.1,/obj/AnalysisHolder/probe_126/Skyscraper_02/ProcessBuilding/ProcessFloors/ProcessMF/color1,color,,3,5,medium,class=3 ramp2pos=1 ramp2cr=1 ramp2cg=1 ramp2cb=1,colorb colorg colorr
AB::SkyscraperGenerator::2.1,/obj/AnalysisHolder/probe_126/Skyscraper_02/ProcessBuilding/ProcessFloors/ProcessMF/color_MF_Corners,color,,3,6,medium,deleteallcolorattribs=1 class=3 ramp2pos=1 ramp2cr=1 ramp2cg=1 ramp2cb=1,colorb colorg colorr
AB::SkyscraperGenerator::2.1,/obj/AnalysisHolder/probe_126/Skyscraper_02/ProcessBuilding/ProcessFloors/ProcessMF/color_WindowGlass,color,,3,5,medium,class=3 ramp2pos=1 ramp2cr=1 ramp2cg=1 ramp2cb=1,colorb colorg colorr
AB::SkyscraperGenerator::2.1,/obj/AnalysisHolder/probe_126/Skyscraper_02/ProcessBuilding/ProcessFloors/ProcessMF/color_WindowGlassLit,color,,3,5,medium,class=3 ramp2pos=1 ramp2cr=1 ramp2cg=1 ramp2cb=1,colorb colorg colorr
AB::SkyscraperGenerator::2.1,/obj/AnalysisHolder/probe_126/Skyscraper_02/ProcessBuilding/ProcessFloors/ProcessTF/color1,color,,3,5,medium,class=3 ramp2pos=1 ramp2cr=1 ramp2cg=1 ramp2cb=1,colorb colorg colorr
AB::SkyscraperGenerator::2.1,/obj/AnalysisHolder/probe_126/Skyscraper_02/ProcessBuilding/ProcessFloors/ProcessTF/color_TF_Corners,color,,3,6,medium,deleteallcolorattribs=1 class=3 ramp2pos=1 ramp2cr=1 ramp2cg=1 ramp2cb=1,colorb colorg colorr
AB::SkyscraperGenerator::2.1,/obj/AnalysisHolder/probe_126/Skyscraper_02/ProcessBuilding/ProcessFloors/ProcessTF/color_WindowGlass,color,,3,5,medium,class=3 ramp2pos=1 ramp2cr=1 ramp2cg=1 ramp2cb=1,colorb colorg colorr
AB::SkyscraperGenerator::2.1,/obj/AnalysisHolder/probe_126/Skyscraper_02/ProcessBuilding/ProcessFloors/ProcessTF/color_WindowGlassLit,color,,3,5,medium,class=3 ramp2pos=1 ramp2cr=1 ramp2cg=1 ramp2cb=1,colorb colorg colorr
AB::SkyscraperGenerator::2.1,/obj/AnalysisHolder/probe_126/Skyscraper_02/ProcessBuilding/ProcessFloors/ProcessTP/color_TP_Walls,color,,3,5,medium,class=3 ramp2pos=1 ramp2cr=1 ramp2cg=1 ramp2cb=1,colorb colorg colorr
AB::SkyscraperGenerator::2.1,/obj/AnalysisHolder/probe_126/Skyscraper_02/ProcessBuilding/ProcessFloors/ProcessBuildingBase/color1,color,,3,6,medium,deleteallcolorattribs=1 class=3 ramp2pos=1 ramp2cr=1 ramp2cg=1 ramp2cb=1,colorb colorg colorr
AB::SkyscraperGenerator::2.1,/obj/AnalysisHolder/probe_126/Skyscraper_02/ProcessBuilding/ProcessFloors/ProcessGF/color1,color,,3,5,medium,class=3 ramp2pos=1 ramp2cr=1 ramp2cg=1 ramp2cb=1,colorb colorg colorr
AB::SkyscraperGenerator::2.1,/obj/AnalysisHolder/probe_126/Skyscraper_02/ProcessBuilding/ProcessFloors/ProcessGF/color_MF_Corners,color,,3,5,medium,class=3 ramp2pos=1 ramp2cr=1 ramp2cg=1 ramp2cb=1,colorb colorg colorr
AB::SkyscraperGenerator::2.1,/obj/AnalysisHolder/probe_126/Skyscraper_02/ProcessBuilding/ProcessFloors/ProcessGF/color_WindowGlass,color,,3,4,medium,ramp2pos=1 ramp2cr=1 ramp2cg=1 ramp2cb=1,colorb colorg colorr
AB::SkyscraperGenerator::2.1,/obj/AnalysisHolder/probe_126/Skyscraper_02/ProcessBuilding/ProcessFloors/ProcessGF/color_WindowGlassLit,color,,3,5,medium,class=3 ramp2pos=1 ramp2cr=1 ramp2cg=1 ramp2cb=1,colorb colorg colorr
AB::SkyscraperGenerator::2.1,/obj/AnalysisHolder/probe_126/Skyscraper_02/ProcessBuilding/ProcessFloors/ProcessRoof/CreateGuardRail/color_GuardRail,color,,3,6,medium,deleteallcolorattribs=1 class=3 ramp2pos=1 ramp2cr=1 ramp2cg=1 ramp2cb=1,colorb colorg colorr
AB::SkyscraperGenerator::2.1,/obj/AnalysisHolder/probe_126/Skyscraper_02/ProcessBuilding/ProcessFloors/ProcessRoof/CreateGuardRail/line1,line,,1,2,medium,diry=0 dirz=-1,dist
AB::SkyscraperGenerator::2.1,/obj/AnalysisHolder/probe_126/Skyscraper_02/ProcessBuilding/ProcessFloors/ProcessRoof/CreateGuardRail/polywire1,polywire,,2,1,medium,maxscale=100,div radius
AB::SkyscraperGenerator::2.1,/obj/AnalysisHolder/probe_126/Skyscraper_02/ProcessBuilding/ProcessFloors/ProcessRoof/CreateGuardRail/polywire2,polywire,,2,1,medium,maxscale=100,div radius
AB::SkyscraperGenerator::2.1,/obj/AnalysisHolder/probe_126/Skyscraper_02/ProcessBuilding/ProcessFloors/ProcessRoof/ProcessRoof/color_Roof,color,,3,6,medium,deleteallcolorattribs=1 class=3 ramp2pos=1 ramp2cr=1 ramp2cg=1 ramp2cb=1,colorb colorg colorr
AB::SkyscraperGenerator::2.1,/obj/AnalysisHolder/probe_126/Skyscraper_02/ProcessBuilding/ProcessFloors/ProcessRoof/CreateRoofExtrudes/polyext_Inset1,polyextrude::2.0,,1,11,medium,outputfrontgrp=1 thicknessramp1value=1 thicknessramp1interp=2 thicknessramp2pos=1 thicknessramp2value=1 thicknessramp2interp=2 twistramp1value=0.5 twistramp1interp=2 twistramp2pos=1 twistramp2value=0.5 twistramp2interp=2,inset
AB::SkyscraperGenerator::2.1,/obj/AnalysisHolder/probe_126/Skyscraper_02/ProcessBuilding/ProcessFloors/ProcessRoof/CreateRoofExtrudes/polyext_Height1,polyextrude::2.0,,1,11,medium,outputfrontgrp=1 thicknessramp1value=1 thicknessramp1interp=2 thicknessramp2pos=1 thicknessramp2value=1 thicknessramp2interp=2 twistramp1value=0.5 twistramp1interp=2 twistramp2pos=1 twistramp2value=0.5 twistramp2interp=2,dist
AB::SkyscraperGenerator::2.1,/obj/AnalysisHolder/probe_126/Skyscraper_02/ProcessBuilding/ProcessFloors/ProcessRoof/CreateRoofExtrudes/polyext_Inset2,polyextrude::2.0,,1,11,medium,outputfrontgrp=1 thicknessramp1value=1 thicknessramp1interp=2 thicknessramp2pos=1 thicknessramp2value=1 thicknessramp2interp=2 twistramp1value=0.5 twistramp1interp=2 twistramp2pos=1 twistramp2value=0.5 twistramp2interp=2,inset
AB::SkyscraperGenerator::2.1,/obj/AnalysisHolder/probe_126/Skyscraper_02/ProcessBuilding/ProcessFloors/ProcessRoof/CreateRoofExtrudes/polyextrude4,polyextrude::2.0,,1,11,medium,outputfrontgrp=1 thicknessramp1value=1 thicknessramp1interp=2 thicknessramp2pos=1 thicknessramp2value=1 thicknessramp2interp=2 twistramp1value=0.5 twistramp1interp=2 twistramp2pos=1 twistramp2value=0.5 twistramp2interp=2,dist
AB::SkyscraperGenerator::2.1,/obj/AnalysisHolder/probe_126/Skyscraper_02/ProcessBuilding/ProcessFloors/ProcessRoof/CreateBarrelVault/transform2,xform,,1,2,medium,grouptype=3 sx=2.9,ty
AB::SkyscraperGenerator::2.1,/obj/AnalysisHolder/probe_126/Skyscraper_02/ProcessBuilding/ProcessFloors/ProcessRoof/CreateBarrelVault/transform3,xform,,2,1,medium,grouptype=3,sz ty
AB::SkyscraperGenerator::2.1,/obj/AnalysisHolder/probe_126/Skyscraper_02/ProcessBuilding/ProcessFloors/ProcessRoof/CreateBarrelVault/convert1,convert,,1,2,medium,stdswitcher1=1 divv=0,divu
AB::SkyscraperGenerator::2.1,/obj/AnalysisHolder/probe_126/Skyscraper_02/ProcessBuilding/ProcessFloors/ProcessRoof/CreateBarrelVault/convert2,convert,,17,1,medium,stdswitcher1=1,divtrim divu divv fromtype group interphull lodtrim lodu lodv new offset orderu orderv pasteattrib pastecoord surftype totype
AB::SkyscraperGenerator::2.1,/obj/AnalysisHolder/probe_126/Skyscraper_02/ProcessBuilding/ProcessFloors/ProcessRoof/CreateBarrelVault/tube1,tube,rad,1,4,high,orient=2 vertexnormals=1 rad1=50 height=100,rad2
AB::SkyscraperGenerator::2.1,/obj/AnalysisHolder/probe_126/Skyscraper_02/ProcessBuilding/ProcessBuildingMass/polyextrude1,polyextrude::2.0,,1,16,medium,xformfront=1 xformspace=1 outputfrontgrp=1 outputback=1 outputbackgrp=1 outputsidegrp=1 thicknessramp1value=1 thicknessramp1interp=2 thicknessramp2pos=1 thicknessramp2value=1 thicknessramp2interp=2 twistramp1value=0.5 twistramp1interp=2 twistramp2pos=1 twistramp2value=0.5 twistramp2interp=2,translatey
AB::SkyscraperGenerator::2.1,/obj/AnalysisHolder/probe_126/Skyscraper_02/ProcessBuilding/ProcessBuildingMass/polyextrude2,polyextrude::2.0,,2,11,medium,outputsidegrp=1 thicknessramp1value=1 thicknessramp1interp=2 thicknessramp2pos=1 thicknessramp2value=1 thicknessramp2interp=2 twistramp1value=0.5 twistramp1interp=2 twistramp2pos=1 twistramp2value=0.5 twistramp2interp=2,dist divs
AB::SkyscraperGenerator::2.1,/obj/AnalysisHolder/probe_126/Skyscraper_02/ProcessBuilding/ProcessBuildingMass/polyextrude3,polyextrude::2.0,,1,11,medium,outputsidegrp=1 thicknessramp1value=1 thicknessramp1interp=2 thicknessramp2pos=1 thicknessramp2value=1 thicknessramp2interp=2 twistramp1value=0.5 twistramp1interp=2 twistramp2pos=1 twistramp2value=0.5 twistramp2interp=2,dist
AB::SkyscraperGenerator::2.1,/obj/AnalysisHolder/probe_126/Skyscraper_02/ProcessBuilding/ProcessBuildingMass/polyextrude4,polyextrude::2.0,,1,11,medium,outputsidegrp=1 thicknessramp1value=1 thicknessramp1interp=2 thicknessramp2pos=1 thicknessramp2value=1 thicknessramp2interp=2 twistramp1value=0.5 twistramp1interp=2 twistramp2pos=1 twistramp2value=0.5 twistramp2interp=2,dist
AB::SkyscraperGenerator::2.1,/obj/AnalysisHolder/probe_126/RN_bld_001/circle1,circle,rad,1,5,high,type=1 orient=2 reverse=0 radx=100 divs=60,rady
AB::SkyscraperGenerator::2.1,/obj/AnalysisHolder/probe_126/RN_bld_001/copy1,copyxform,,1,1,medium,ty=5,ncy
AB::SkyscraperGenerator::2.1,/obj/AnalysisHolder/probe_126/RN_bld_001/polyextrude2,polyextrude::2.0,,1,12,medium,inset=0.2 outputfrontgrp=1 thicknessramp1value=1 thicknessramp1interp=2 thicknessramp2pos=1 thicknessramp2value=1 thicknessramp2interp=2 twistramp1value=0.5 twistramp1interp=2 twistramp2pos=1 twistramp2value=0.5 twistramp2interp=2,dist
AB::SkyscraperGenerator::2.1,/obj/AnalysisHolder/probe_126/RN_bld_001/polyextrude7,polyextrude::2.0,,1,12,medium,outputfront=0 outputsidegrp=1 thicknessramp1value=1 thicknessramp1interp=2 thicknessramp2pos=1 thicknessramp2value=1 thicknessramp2interp=2 twistramp1value=0.5 twistramp1interp=2 twistramp2pos=1 twistramp2value=0.5 twistramp2interp=2,dist
AB::SmallBridgeGenerator::1.0,/obj/AnalysisHolder/probe_127/line1,line,,1,3,medium,diry=0 dirz=1 points=3,dist
AB::SmallBridgeGenerator::1.0,/obj/AnalysisHolder/probe_127/transform1,xform,,1,2,medium,grouptype=3 pz=0.5,ty
AB::SmallBridgeGenerator::1.0,/obj/AnalysisHolder/probe_127/resample1,resample,,1,2,medium,dolength=0 dosegs=1,segs
AB::SmallBridgeGenerator::1.0,/obj/AnalysisHolder/probe_127/polyextrude1,polyextrude::2.0,,1,12,medium,xformfront=1 xformspace=1 thicknessramp1value=1 thicknessramp1interp=2 thicknessramp2pos=1 thicknessramp2value=1 thicknessramp2interp=2 twistramp1value=0.5 twistramp1interp=2 twistramp2pos=1 twistramp2value=0.5 twistramp2interp=2,translatex
AB::SmallBridgeGenerator::1.0,/obj/AnalysisHolder/probe_127/polyextrude2,polyextrude::2.0,,1,14,medium,outputfrontgrp=1 outputback=1 outputfrontseamgrp=1 outputbackseamgrp=1 thicknessramp1value=1 thicknessramp1interp=2 thicknessramp2pos=1 thicknessramp2value=1 thicknessramp2interp=2 twistramp1value=0.5 twistramp1interp=2 twistramp2pos=1 twistramp2value=0.5 twistramp2interp=2,dist
AB::SmallBridgeGenerator::1.0,/obj/AnalysisHolder/probe_127/polybevel1,polybevel::2.0,,1,6,medium,offset=0.001 profileramp1value=0.5 profileramp1interp=2 profileramp2pos=1 profileramp2value=0.5 profileramp2interp=2,offsetmode
AB::SolarPanelGenerator::3.0,/obj/AnalysisHolder/probe_128/create_solar_panels/grid1,grid,,3,1,medium,rows=2,cols sizex sizey
AB::SolarPanelGenerator::3.0,/obj/AnalysisHolder/probe_128/create_solar_panels/grid2,grid,,1,4,medium,orient=0 sizex=0.632 sizey=0.882 cols=2,rows
AB::SolarPanelGenerator::3.0,/obj/AnalysisHolder/probe_128/create_solar_panels/grid3,grid,,2,3,medium,orient=0 sizex=0.7584 sizey=0.21168,cols rows
AB::SolarPanelGenerator::3.0,/obj/AnalysisHolder/probe_128/create_solar_panels/transform4,xform,,1,4,medium,parmgroup_pivotxform=1 px=0 py=0 pz=0,tz
AB::SolarPanelGenerator::3.0,/obj/AnalysisHolder/probe_128/create_solar_panels/polyextrude4,polyextrude::2.0,,1,11,medium,outputback=1 thicknessramp1value=1 thicknessramp1interp=2 thicknessramp2pos=1 thicknessramp2value=1 thicknessramp2interp=2 twistramp1value=0.5 twistramp1interp=2 twistramp2pos=1 twistramp2value=0.5 twistramp2interp=2,dist
AB::SolarPanelGenerator::3.0,/obj/AnalysisHolder/probe_128/create_solar_panels/create_legs/line1,line,,1,2,medium,dirx=1 diry=0,dist
AB::SolarPanelGenerator::3.0,/obj/AnalysisHolder/probe_128/create_solar_panels/create_legs/resample1,resample,,1,2,medium,dolength=0 dosegs=1,segs
AB::SolarPanelGenerator::3.0,/obj/AnalysisHolder/probe_128/create_solar_panels/mats/RP_1/parm_metallic,parameter,,1,1,medium,rangeint2=1,parmprefix
AB::SolarPanelGenerator::3.0,/obj/AnalysisHolder/probe_128/create_solar_panels/mats/RP_1/parm_reflecttint,parameter,,1,1,medium,rangeint2=1,parmprefix
AB::SolarPanelGenerator::3.0,/obj/AnalysisHolder/probe_128/create_solar_panels/mats/RP_1/parm_coat,parameter,,1,1,medium,rangeint2=1,parmprefix
AB::SolarPanelGenerator::3.0,/obj/AnalysisHolder/probe_128/create_solar_panels/mats/RP_1/parm_basecolor,parameter,,1,5,medium,parmtype=19 colordefr=0.2 colordefg=0.2 colordefb=0.2 rangeint2=1,parmprefix
AB::SolarPanelGenerator::3.0,/obj/AnalysisHolder/probe_128/create_solar_panels/mats/RP_2/parm_metallic,parameter,,1,1,medium,rangeint2=1,parmprefix
AB::SolarPanelGenerator::3.0,/obj/AnalysisHolder/probe_128/create_solar_panels/mats/RP_2/parm_reflecttint,parameter,,1,1,medium,rangeint2=1,parmprefix
AB::SolarPanelGenerator::3.0,/obj/AnalysisHolder/probe_128/create_solar_panels/mats/RP_2/parm_coat,parameter,,1,1,medium,rangeint2=1,parmprefix
AB::SolarPanelGenerator::3.0,/obj/AnalysisHolder/probe_128/create_solar_panels/mats/RP_2/parm_basecolor,parameter,,1,5,medium,parmtype=19 colordefr=0.2 colordefg=0.2 colordefb=0.2 rangeint2=1,parmprefix
AB::SolarPanelGenerator::3.0,/obj/AnalysisHolder/probe_128/create_solar_panels/mats/RP_3/parm_metallic,parameter,,1,1,medium,rangeint2=1,parmprefix
AB::SolarPanelGenerator::3.0,/obj/AnalysisHolder/probe_128/create_solar_panels/mats/RP_3/parm_reflecttint,parameter,,1,1,medium,rangeint2=1,parmprefix
AB::SolarPanelGenerator::3.0,/obj/AnalysisHolder/probe_128/create_solar_panels/mats/RP_3/parm_coat,parameter,,1,1,medium,rangeint2=1,parmprefix
AB::SolarPanelGenerator::3.0,/obj/AnalysisHolder/probe_128/create_solar_panels/mats/RP_3/parm_basecolor,parameter,,1,5,medium,parmtype=19 colordefr=0.2 colordefg=0.2 colordefb=0.2 rangeint2=1,parmprefix
AB::SolarPanelGenerator::3.0,/obj/AnalysisHolder/probe_128/create_solar_panels/mats/RP_4/parm_metallic,parameter,,1,1,medium,rangeint2=1,parmprefix
AB::SolarPanelGenerator::3.0,/obj/AnalysisHolder/probe_128/create_solar_panels/mats/RP_4/parm_reflecttint,parameter,,1,1,medium,rangeint2=1,parmprefix
AB::SolarPanelGenerator::3.0,/obj/AnalysisHolder/probe_128/create_solar_panels/mats/RP_4/parm_coat,parameter,,1,1,medium,rangeint2=1,parmprefix
AB::SolarPanelGenerator::3.0,/obj/AnalysisHolder/probe_128/create_solar_panels/mats/RP_4/parm_basecolor,parameter,,1,5,medium,parmtype=19 colordefr=0.2 colordefg=0.2 colordefb=0.2 rangeint2=1,parmprefix
AB::SolarPanelGenerator::3.0,/obj/AnalysisHolder/probe_128/create_solar_panels/mats/RP_5/parm_metallic,parameter,,1,1,medium,rangeint2=1,parmprefix
AB::SolarPanelGenerator::3.0,/obj/AnalysisHolder/probe_128/create_solar_panels/mats/RP_5/parm_reflecttint,parameter,,1,1,medium,rangeint2=1,parmprefix
AB::SolarPanelGenerator::3.0,/obj/AnalysisHolder/probe_128/create_solar_panels/mats/RP_5/parm_coat,parameter,,1,1,medium,rangeint2=1,parmprefix
AB::SolarPanelGenerator::3.0,/obj/AnalysisHolder/probe_128/create_solar_panels/mats/RP_5/parm_basecolor,parameter,,1,5,medium,parmtype=19 colordefr=0.2 colordefg=0.2 colordefb=0.2 rangeint2=1,parmprefix
AB::SolarPanelGenerator::3.0,/obj/AnalysisHolder/probe_128/create_solar_panels/mats/RP_6/parm_metallic,parameter,,1,1,medium,rangeint2=1,parmprefix
AB::SolarPanelGenerator::3.0,/obj/AnalysisHolder/probe_128/create_solar_panels/mats/RP_6/parm_reflecttint,parameter,,1,1,medium,rangeint2=1,parmprefix
AB::SolarPanelGenerator::3.0,/obj/AnalysisHolder/probe_128/create_solar_panels/mats/RP_6/parm_coat,parameter,,1,1,medium,rangeint2=1,parmprefix
AB::SolarPanelGenerator::3.0,/obj/AnalysisHolder/probe_128/create_solar_panels/mats/RP_6/parm_basecolor,parameter,,1,5,medium,parmtype=19 colordefr=0.2 colordefg=0.2 colordefb=0.2 rangeint2=1,parmprefix
AB::SpaceFillingCircuit::1.0,/obj/AnalysisHolder/probe_129/solver1/d,dopnet,,8,2,medium,stdswitcher1=1 compresssims=0,cacheenabled cachemaxsize cachetodisk resimulate startframe substep timeoffset timestep
AB::SpaceFillingCircuit::1.0,/obj/AnalysisHolder/probe_129/solver1/d/s/Prev_Frame,dopimport,,2,6,medium,singleobject=1 importstyle=1 centeratpivot=0 adddopobjectname=0 pointvels=0 donotsim=1,doposxform doxform
AB::SpaceFillingCircuit::1.0,/obj/AnalysisHolder/probe_129/solver1/d/s/branching,attribwrangle,,3,1,medium,split_chance=0.02,seed speed steps_between_branches
AB::SpaceFillingCircuit::1.0,/obj/AnalysisHolder/probe_129/findshortestpath1,findshortestpath,,1,1,medium,multiplicity=2,startpts
AB::SpaceFillingCircuit::1.0,/obj/AnalysisHolder/probe_129/attribwrangle2,attribwrangle,,11,1,medium,Seed_RampColor=1,Ramp_Color Ramp_Color1cb Ramp_Color1cg Ramp_Color1cr Ramp_Color1interp Ramp_Color1pos Ramp_Color2cb Ramp_Color2cg Ramp_Color2cr Ramp_Color2interp Ramp_Color2pos
AB::SplashTool::1.0,/obj/AnalysisHolder/probe_130/dopnet1/flipsolver1,flipsolver::2.0,,2,12,medium,folder11=5 reseed=0 partsep=1 partsepscale=1.1 limit_sizex=20 limit_sizey=20 limit_sizez=20 limit_ty=10 stickscale=0.5 viscosity=1 usepreconditioner=1 usemgpreconditioner=0,minimumsubsteps substeps
AB::SplashTool::1.0,/obj/AnalysisHolder/probe_130/dopnet1/flipobject1,flipobject,,8,12,medium,initialdata1=3 addviscosity=1 visprim=3 viscosity=10 guidevisramp1cb=0.9 guidevisramp2pos=0.5 guidevisramp2cg=0.9 guidevisramp2cb=0.9 guidevisramp3pos=1 guidevisramp3cr=1 guidevisramp3cg=1 guidevisramp3cb=1,createframe gridscale initvel particlesep radiusscale velocityx velocityy velocityz
AB::SplashTool::1.0,/obj/AnalysisHolder/probe_130/dopnet1/fill_holes/dop_geometry,dopimport,,2,4,medium,importstyle=1 adddopobjectname=0 pointvels=0 donotsim=1,doposxform doxform
AB::SplashTool::1.0,/obj/AnalysisHolder/probe_130/dopnet1/staticobject1,staticobject,,2,5,medium,animategeo=1 display=0 std_switcher_0_2_11=1 collisiondetection=1 uniformdiv=20,bullet_shrink_amount createframe
AB::SplashTool::1.0,/obj/AnalysisHolder/probe_130/particlefluidsurface2,particlefluidsurface::2.0,,4,34,medium,voxelsize=0.5 adaptivity=0.5 dodilate=1 dosmooth=1 dofinalsmooth=1 velvisramp1cb=0.9 velvisramp2pos=0.505791 velvisramp2cg=0.9 velvisramp2cb=0.9 velvisramp3pos=1 velvisramp3cr=1 velvisramp3cg=1 velvisramp3cb=1 vorticityvisramp1cb=0.9 vorticityvisramp2pos=0.5 vorticityvisramp2cg=0.9 vorticityvisramp2cb=0.9 vorticityvisramp3pos=1 vorticityvisramp3cr=1 vorticityvisramp3cg=1 vorticityvisramp3cb=1 maskvisramp1cr=0.2 maskvisramp1cb=1 maskvisramp2pos=0.25 maskvisramp2cg=0.85 maskvisramp2cb=1 maskvisramp3pos=0.5 maskvisramp3cg=1 maskvisramp3cb=0.1 maskvisramp4pos=0.75 maskvisramp4cr=0.95 maskvisramp4cg=1 maskvisramp5pos=1 maskvisramp5cr=1,doerode erodemask erodeoffset particlesep
AB::StairGenerator::1.0,/obj/AnalysisHolder/probe_131/assemble_circular_stair/copy2,copyxform,,3,1,medium,newgroups=1,ncy ry ty
AB::StairGenerator::1.0,/obj/AnalysisHolder/probe_131/assemble_circular_stair/copy3,copyxform,,1,2,medium,ty=0.2 ry=7.7,ncy
AB::StairGenerator::1.0,/obj/AnalysisHolder/probe_131/assemble_circular_stair/polyextrude1,polyextrude::2.0,,1,11,medium,outputfront=0 thicknessramp1value=1 thicknessramp1interp=2 thicknessramp2pos=1 thicknessramp2value=1 thicknessramp2interp=2 twistramp1value=0.5 twistramp1interp=2 twistramp2pos=1 twistramp2value=0.5 twistramp2interp=2,inset
AB::StairGenerator::1.0,/obj/AnalysisHolder/probe_131/create_landing_top/box1,box,size,2,1,high,sizey=0.2,sizex sizez
AB::StairGenerator::1.0,/obj/AnalysisHolder/probe_131/create_landing_base/box2,box,size t,3,3,high,consolidatepts=0 sizex=2.85319 tz=-1,sizey sizez ty
AB::StairGenerator::1.0,/obj/AnalysisHolder/probe_131/create_colliders/box1,box,size t,2,3,high,sizey=0.2 sizez=0.4 ty=0.1,sizex tz
AB::StairGenerator::1.0,/obj/AnalysisHolder/probe_131/create_colliders/copy1,copyxform,,1,3,medium,ty=0.2 tz=-0.4 newgroups=1,ncy
AB::StairGenerator::1.0,/obj/AnalysisHolder/probe_131/create_stair_tread/copy2,copyxform,,1,4,medium,pack=1 ty=0.2 tz=-0.4 newgroups=1,ncy
AB::StairGenerator::1.0,/obj/AnalysisHolder/probe_131/create_stair_tread/stair_tread_001/polyextrude1,polyextrude::2.0,,1,13,medium,xformfront=1 xformspace=1 outputfront=0 thicknessramp1value=1 thicknessramp1interp=2 thicknessramp2pos=1 thicknessramp2value=1 thicknessramp2interp=2 twistramp1value=0.5 twistramp1interp=2 twistramp2pos=1 twistramp2value=0.5 twistramp2interp=2,translatez
AB::StairGenerator::1.0,/obj/AnalysisHolder/probe_131/create_bannister/copy5,copyxform,,1,2,medium,parmgroup_pivotxform=1 newgroups=1,tx
AB::StairGenerator::1.0,/obj/AnalysisHolder/probe_131/create_bannister/bannister_base_create/copy3,copyxform,,1,2,medium,ty=0.2 tz=-0.4,ncy
AB::StairGenerator::1.0,/obj/AnalysisHolder/probe_131/create_bannister/transform3,xform,t,1,3,high,ty=-0.4 tz=0 parmgroup_pivotxform=1,tx
AB::StairGenerator::1.0,/obj/AnalysisHolder/probe_131/assemble_multi_stair/transform2,xform,t,1,1,high,tx=0,ty
AB::StairwayTops::3.0,/obj/AnalysisHolder/probe_132/knife1,knife,,1,1,medium,knifeop=2,originy
AB::StairwayTops::3.0,/obj/AnalysisHolder/probe_132/polyextrude1,polyextrude::2.0,,1,12,medium,outputfrontgrp=1 outputsidegrp=1 thicknessramp1value=1 thicknessramp1interp=2 thicknessramp2pos=1 thicknessramp2value=1 thicknessramp2interp=2 twistramp1value=0.5 twistramp1interp=2 twistramp2pos=1 twistramp2value=0.5 twistramp2interp=2,inset
AB::StairwayTops::3.0,/obj/AnalysisHolder/probe_132/polyextrude2,polyextrude::2.0,,1,12,medium,outputfrontgrp=1 outputsidegrp=1 thicknessramp1value=1 thicknessramp1interp=2 thicknessramp2pos=1 thicknessramp2value=1 thicknessramp2interp=2 twistramp1value=0.5 twistramp1interp=2 twistramp2pos=1 twistramp2value=0.5 twistramp2interp=2,dist
AB::StairwayTops::3.0,/obj/AnalysisHolder/probe_132/knife2,knife,,1,3,medium,knifeop=2 dirx=1 diry=0,originx
AB::StairwayTops::3.0,/obj/AnalysisHolder/probe_132/knife3,knife,,1,3,medium,knifeop=2 dirx=1 diry=0,originx
AB::StairwayTops::3.0,/obj/AnalysisHolder/probe_132/door_plane,groupcreate,size,3,3,high,groupbase=0 groupbounding=1 sizez=10000,sizex sizey ty
AB::StairwayTops::3.0,/obj/AnalysisHolder/probe_132/WallFinalCleanUp/knife1,knife,,1,1,medium,knifeop=2,originy
AB::StairwayTops::3.0,/obj/AnalysisHolder/probe_132/WallFinalCleanUp/polyextrude2,polyextrude::2.0,,1,14,medium,xformfront=1 xformspace=1 outputfront=0 outputsidegrp=1 thicknessramp1value=1 thicknessramp1interp=2 thicknessramp2pos=1 thicknessramp2value=1 thicknessramp2interp=2 twistramp1value=0.5 twistramp1interp=2 twistramp2pos=1 twistramp2value=0.5 twistramp2interp=2,translatey
AB::StairwayTops::3.0,/obj/AnalysisHolder/probe_132/WindowsAndDoorCleanUp/transform1,xform,,1,1,medium,parmgroup_pivotxform=1,ty
AB::StairwayTops::3.0,/obj/AnalysisHolder/probe_132/WindowsAndDoorCleanUp/polyextrude2,polyextrude::2.0,,1,12,medium,outputfrontgrp=1 outputsidegrp=1 thicknessramp1value=1 thicknessramp1interp=2 thicknessramp2pos=1 thicknessramp2value=1 thicknessramp2interp=2 twistramp1value=0.5 twistramp1interp=2 twistramp2pos=1 twistramp2value=0.5 twistramp2interp=2,dist
AB::StairwayTops::3.0,/obj/AnalysisHolder/probe_132/WindowsAndDoorCleanUp/CreateDoor/transform2,xform,,1,1,medium,parmgroup_pivotxform=1,tz
AB::StairwayTops::3.0,/obj/AnalysisHolder/probe_132/WindowsAndDoorCleanUp/CreateDoor/DoorGenerator1,AB::DoorGenerator::4.0,,5,3,medium,MasterDoorStyle=1 CM_DoorWidth=1 CM_DoorHeight=1.8,CM_DoorBottomRail CM_DoorDepth CM_DoorTopRail CM_doorStileWidth handle_side
AB::StairwayTops::3.0,/obj/AnalysisHolder/probe_132/create_final_colors/color1,color,,3,5,medium,class=3 ramp2pos=1 ramp2cr=1 ramp2cg=1 ramp2cb=1,colorb colorg colorr
AB::StairwayTops::3.0,/obj/AnalysisHolder/probe_132/create_final_colors/color2,color,,3,5,medium,class=3 ramp2pos=1 ramp2cr=1 ramp2cg=1 ramp2cb=1,colorb colorg colorr
AB::StairwayTops::3.0,/obj/AnalysisHolder/probe_132/create_final_colors/color3,color,,3,5,medium,class=3 ramp2pos=1 ramp2cr=1 ramp2cg=1 ramp2cb=1,colorb colorg colorr
AB::StairwayTops::3.0,/obj/AnalysisHolder/probe_132/create_final_colors/color4,color,,3,5,medium,class=3 ramp2pos=1 ramp2cr=1 ramp2cg=1 ramp2cb=1,colorb colorg colorr
AB::StairwayTops::3.0,/obj/AnalysisHolder/probe_132/create_final_colors/color5,color,,3,5,medium,class=3 ramp2pos=1 ramp2cr=1 ramp2cg=1 ramp2cb=1,colorb colorg colorr
AB::StairwayTops::3.0,/obj/AnalysisHolder/probe_132/create_final_colors/color6,color,,3,5,medium,class=3 ramp2pos=1 ramp2cr=1 ramp2cg=1 ramp2cb=1,colorb colorg colorr
AB::StairwayTops::3.0,/obj/AnalysisHolder/probe_132/create_final_colors/color7,color,,3,5,medium,class=3 ramp2pos=1 ramp2cr=1 ramp2cg=1 ramp2cb=1,colorb colorg colorr
AB::StairwayTops::3.0,/obj/AnalysisHolder/probe_132/create_final_colors/color8,color,,3,5,medium,class=3 ramp2pos=1 ramp2cr=1 ramp2cg=1 ramp2cb=1,colorb colorg colorr
AB::StairwayTops::3.0,/obj/AnalysisHolder/probe_132/create_final_colors/color9,color,,3,5,medium,class=3 ramp2pos=1 ramp2cr=1 ramp2cg=1 ramp2cb=1,colorb colorg colorr
AB::StairwayTops::3.0,/obj/AnalysisHolder/probe_132/CreateWindowWall/knife4,knife,,1,1,medium,knifeop=2,originy
AB::StairwayTops::3.0,/obj/AnalysisHolder/probe_132/CreateWindowWall/knife6,knife,,1,3,medium,knifeop=2 diry=0 dirz=1,originz
AB::StairwayTops::3.0,/obj/AnalysisHolder/probe_132/CreateWindowWall/knife7,knife,,1,3,medium,knifeop=2 diry=0 dirz=1,originz
AB::StairwayTops::3.0,/obj/AnalysisHolder/probe_132/CreateWindowWall/knife8,knife,,1,1,medium,knifeop=2,originy
AB::StairwayTops::3.0,/obj/AnalysisHolder/probe_132/CreateWindowWall/knife9,knife,,1,1,medium,knifeop=2,originy
AB::StairwayTops::3.0,/obj/AnalysisHolder/probe_132/CreateWindowWall/knife10,knife,,1,3,medium,knifeop=2 dirx=1 diry=0,originx
AB::StairwayTops::3.0,/obj/AnalysisHolder/probe_132/CreateWindowWall/knife11,knife,,1,3,medium,knifeop=2 dirx=1 diry=0,originx
AB::StairwayTops::3.0,/obj/AnalysisHolder/probe_132/CreateWindowWall/winwall1,groupcreate,size,3,3,high,groupbase=0 groupbounding=1 sizex=10000,sizey sizez ty
AB::StairwayTops::3.0,/obj/AnalysisHolder/probe_132/CreateWindowWall/winwall2,groupcreate,size,3,3,high,groupbase=0 groupbounding=1 sizez=10000,sizex sizey ty
AB::StairwayTops::3.0,/obj/AnalysisHolder/probe_132/CreateWindowWall/polyextrude4,polyextrude::2.0,,1,12,medium,outputfrontgrp=1 outputsidegrp=1 thicknessramp1value=1 thicknessramp1interp=2 thicknessramp2pos=1 thicknessramp2value=1 thicknessramp2interp=2 twistramp1value=0.5 twistramp1interp=2 twistramp2pos=1 twistramp2value=0.5 twistramp2interp=2,dist
AB::StairwayTops::3.0,/obj/AnalysisHolder/probe_132/CreateWindowWall/knife12,knife,,1,1,medium,knifeop=2,originy
AB::StairwayTops::3.0,/obj/AnalysisHolder/probe_132/CreateWindowWall/CreateVentedWindows/grid1,grid,,3,2,medium,orient=0 cols=2,rows sizex sizey
AB::StairwayTops::3.0,/obj/AnalysisHolder/probe_132/CreateWindowWall/CreateVentedWindows/polyextrude5,polyextrude::2.0,,1,11,medium,outputfrontgrp=1 thicknessramp1value=1 thicknessramp1interp=2 thicknessramp2pos=1 thicknessramp2value=1 thicknessramp2interp=2 twistramp1value=0.5 twistramp1interp=2 twistramp2pos=1 twistramp2value=0.5 twistramp2interp=2,inset
AB::StairwayTops::3.0,/obj/AnalysisHolder/probe_132/CreateWindowWall/CreateVentedWindows/grid2,grid,,2,3,medium,orient=0 rows=2 cols=2,sizex sizey
AB::StairwayTops::3.0,/obj/AnalysisHolder/probe_132/WallCleanUp1/knife5,knife,,1,1,medium,knifeop=2,originy
AB::StairwayTops::3.0,/obj/AnalysisHolder/probe_132/transform2,xform,,1,1,medium,parmgroup_pivotxform=1,ty
AB::StairwayTops::3.0,/obj/AnalysisHolder/probe_132/mats/StairtopWalls/MechanicalsMetal,principledshader::2.0,,5,14,medium,diffuse_folder_151=2 folder7=1 folder4=1 folder12=1 folder13=1 folder8=1 folder11=1 folder9=1 folder227=1 basecolorr=1 basecolorg=1 basecolorb=1 rough_useTexture=1 baseBumpAndNormal_enable=1,baseBump_useTexture baseNormal_useTexture shop_disable_displace_shader specular_tint vm_displacebound
AB::StairwayTops::3.0,/obj/AnalysisHolder/probe_132/mats/StairtopWalls/surfaceexports1/bind1,bind,,1,4,medium,overridetype=1 useasparmdefiner=1 useownexportcontext=1 exportparm=1,parmname
AB::StairwayTops::3.0,/obj/AnalysisHolder/probe_132/mats/StairtopWalls/surfaceexports1/bind4,bind,,1,4,medium,overridetype=1 useasparmdefiner=1 useownexportcontext=1 exportparm=1,parmname
AB::StairwayTops::3.0,/obj/AnalysisHolder/probe_132/mats/StairtopWalls/surfaceexports1/bind5,bind,,1,4,medium,overridetype=1 useasparmdefiner=1 useownexportcontext=1 exportparm=1,parmname
AB::StairwayTops::3.0,/obj/AnalysisHolder/probe_132/mats/StairtopWalls/surfaceexports1/bind6,bind,,1,4,medium,overridetype=1 useasparmdefiner=1 useownexportcontext=1 exportparm=1,parmname
AB::StairwayTops::3.0,/obj/AnalysisHolder/probe_132/mats/StairtopWalls/surfaceexports1/bind7,bind,,1,4,medium,overridetype=1 useasparmdefiner=1 useownexportcontext=1 exportparm=1,parmname
AB::StairwayTops::3.0,/obj/AnalysisHolder/probe_132/mats/StairtopWalls/surfaceexports1/bind8,bind,,1,4,medium,overridetype=1 useasparmdefiner=1 useownexportcontext=1 exportparm=1,parmname
AB::StairwayTops::3.0,/obj/AnalysisHolder/probe_132/mats/StairtopWalls/surfaceexports1/bind9,bind,,1,4,medium,overridetype=1 useasparmdefiner=1 useownexportcontext=1 exportparm=1,parmname
AB::StairwayTops::3.0,/obj/AnalysisHolder/probe_132/mats/StairtopWalls/surfaceexports1/bind10,bind,,1,4,medium,overridetype=1 useasparmdefiner=1 useownexportcontext=1 exportparm=1,parmname
AB::StairwayTops::3.0,/obj/AnalysisHolder/probe_132/mats/StairtopWalls/surfaceexports1/bind11,bind,,1,4,medium,overridetype=1 useasparmdefiner=1 useownexportcontext=1 exportparm=1,parmname
AB::StairwayTops::3.0,/obj/AnalysisHolder/probe_132/mats/StairtopWalls/surfaceexports1/bind12,bind,,1,4,medium,overridetype=1 useasparmdefiner=1 useownexportcontext=1 exportparm=1,parmname
AB::StairwayTops::3.0,/obj/AnalysisHolder/probe_132/mats/StairtopWalls/surfaceexports1/bind13,bind,,1,4,medium,overridetype=1 useasparmdefiner=1 useownexportcontext=1 exportparm=1,parmname
AB::StairwayTops::3.0,/obj/AnalysisHolder/probe_132/mats/StairtopWalls/surfaceexports1/bind14,bind,,1,4,medium,overridetype=1 useasparmdefiner=1 useownexportcontext=1 exportparm=1,parmname
AB::StairwayTops::3.0,/obj/AnalysisHolder/probe_132/mats/StairtopWalls/surfaceexports1/bind15,bind,,1,4,medium,overridetype=1 useasparmdefiner=1 useownexportcontext=1 exportparm=1,parmname
AB::StairwayTops::3.0,/obj/AnalysisHolder/probe_132/mats/StairtopWalls/surfaceexports1/bind16,bind,,1,4,medium,overridetype=1 useasparmdefiner=1 useownexportcontext=1 exportparm=1,parmname
AB::StairwayTops::3.0,/obj/AnalysisHolder/probe_132/mats/StairtopWalls/surfaceexports1/bind17,bind,,1,4,medium,overridetype=1 useasparmdefiner=1 useownexportcontext=1 exportparm=1,parmname
AB::StairwayTops::3.0,/obj/AnalysisHolder/probe_132/mats/StairtopWalls/surfaceexports1/bind18,bind,,1,4,medium,overridetype=1 useasparmdefiner=1 useownexportcontext=1 exportparm=1,parmname
AB::StairwayTops::3.0,/obj/AnalysisHolder/probe_132/mats/StairtopWalls/surfaceexports1/bind19,bind,,1,4,medium,overridetype=1 useasparmdefiner=1 useownexportcontext=1 exportparm=1,parmname
AB::StairwayTops::3.0,/obj/AnalysisHolder/probe_132/mats/StairtopWalls/surfaceexports1/bind20,bind,,1,4,medium,overridetype=1 useasparmdefiner=1 useownexportcontext=1 exportparm=1,parmname
AB::StairwayTops::3.0,/obj/AnalysisHolder/probe_132/mats/StairtopWalls/surfaceexports1/bind21,bind,,1,4,medium,overridetype=1 useasparmdefiner=1 useownexportcontext=1 exportparm=1,parmname
AB::StairwayTops::3.0,/obj/AnalysisHolder/probe_132/mats/StairtopWalls/surfaceexports1/bind22,bind,,1,4,medium,overridetype=1 useasparmdefiner=1 useownexportcontext=1 exportparm=1,parmname
AB::StairwayTops::3.0,/obj/AnalysisHolder/probe_132/mats/StairtopWalls/surfaceexports1/bind23,bind,,1,4,medium,overridetype=1 useasparmdefiner=1 useownexportcontext=1 exportparm=1,parmname
AB::StairwayTops::3.0,/obj/AnalysisHolder/probe_132/mats/StairtopWalls/surfaceexports1/bind24,bind,,1,4,medium,overridetype=1 useasparmdefiner=1 useownexportcontext=1 exportparm=1,parmname
AB::StairwayTops::3.0,/obj/AnalysisHolder/probe_132/mats/StairtopWalls/surfaceexports1/bind25,bind,,1,4,medium,overridetype=1 useasparmdefiner=1 useownexportcontext=1 exportparm=1,parmname
AB::StairwayTops::3.0,/obj/AnalysisHolder/probe_132/mats/StairtopWalls/surfaceexports1/computelighting1/layerexport10/parm1,parameter,,1,3,medium,hasconnector=0 exportparm=2 invisible=1,parmtype
AB::StairwayTops::3.0,/obj/AnalysisHolder/probe_132/mats/StairtopWalls/surfaceexports1/computelighting1/layerexport11/parm1,parameter,,1,3,medium,hasconnector=0 exportparm=2 invisible=1,parmtype
AB::StairwayTops::3.0,/obj/AnalysisHolder/probe_132/mats/StairtopWalls/surfaceexports1/computelighting1/layerexport12/parm1,parameter,,1,3,medium,hasconnector=0 exportparm=2 invisible=1,parmtype
AB::StairwayTops::3.0,/obj/AnalysisHolder/probe_132/mats/StairtopWalls/surfaceexports1/computelighting1/layerexport13/parm1,parameter,,1,3,medium,hasconnector=0 exportparm=2 invisible=1,parmtype
AB::StairwayTops::3.0,/obj/AnalysisHolder/probe_132/mats/StairtopWalls/principledshader1,principledshader::2.0,,5,13,medium,folder7=1 folder4=1 folder12=1 folder13=1 folder8=1 folder11=1 folder9=1 basecolorr=1 basecolorg=1 basecolorb=1 rough=0.65 basecolor_useTexture=1 baseBumpAndNormal_enable=1,baseBump_useTexture baseNormal_useTexture shop_disable_displace_shader specular_tint vm_displacebound
AB::StairwayTops::3.0,/obj/AnalysisHolder/probe_132/mats/Metal_GalvanizedRusty_01/MechanicalsMetal,principledshader::2.0,,5,13,medium,diffuse_folder_151=3 folder7=1 folder4=1 folder12=1 folder13=1 folder8=1 folder11=1 folder9=1 basecolorr=1 basecolorg=1 basecolorb=1 basecolor_useTexture=1 baseBumpAndNormal_enable=1,baseBump_useTexture baseNormal_useTexture shop_disable_displace_shader specular_tint vm_displacebound
AB::StairwayTops::3.0,/obj/AnalysisHolder/probe_132/mats/Metal_GalvanizedRusty_01/surfaceexports1/bind1,bind,,1,4,medium,overridetype=1 useasparmdefiner=1 useownexportcontext=1 exportparm=1,parmname
AB::StairwayTops::3.0,/obj/AnalysisHolder/probe_132/mats/Metal_GalvanizedRusty_01/surfaceexports1/bind4,bind,,1,4,medium,overridetype=1 useasparmdefiner=1 useownexportcontext=1 exportparm=1,parmname
AB::StairwayTops::3.0,/obj/AnalysisHolder/probe_132/mats/Metal_GalvanizedRusty_01/surfaceexports1/bind5,bind,,1,4,medium,overridetype=1 useasparmdefiner=1 useownexportcontext=1 exportparm=1,parmname
AB::StairwayTops::3.0,/obj/AnalysisHolder/probe_132/mats/Metal_GalvanizedRusty_01/surfaceexports1/bind6,bind,,1,4,medium,overridetype=1 useasparmdefiner=1 useownexportcontext=1 exportparm=1,parmname
AB::StairwayTops::3.0,/obj/AnalysisHolder/probe_132/mats/Metal_GalvanizedRusty_01/surfaceexports1/bind7,bind,,1,4,medium,overridetype=1 useasparmdefiner=1 useownexportcontext=1 exportparm=1,parmname
AB::StairwayTops::3.0,/obj/AnalysisHolder/probe_132/mats/Metal_GalvanizedRusty_01/surfaceexports1/bind8,bind,,1,4,medium,overridetype=1 useasparmdefiner=1 useownexportcontext=1 exportparm=1,parmname
AB::StairwayTops::3.0,/obj/AnalysisHolder/probe_132/mats/Metal_GalvanizedRusty_01/surfaceexports1/bind9,bind,,1,4,medium,overridetype=1 useasparmdefiner=1 useownexportcontext=1 exportparm=1,parmname
AB::StairwayTops::3.0,/obj/AnalysisHolder/probe_132/mats/Metal_GalvanizedRusty_01/surfaceexports1/bind10,bind,,1,4,medium,overridetype=1 useasparmdefiner=1 useownexportcontext=1 exportparm=1,parmname
AB::StairwayTops::3.0,/obj/AnalysisHolder/probe_132/mats/Metal_GalvanizedRusty_01/surfaceexports1/bind11,bind,,1,4,medium,overridetype=1 useasparmdefiner=1 useownexportcontext=1 exportparm=1,parmname
AB::StairwayTops::3.0,/obj/AnalysisHolder/probe_132/mats/Metal_GalvanizedRusty_01/surfaceexports1/bind12,bind,,1,4,medium,overridetype=1 useasparmdefiner=1 useownexportcontext=1 exportparm=1,parmname
AB::StairwayTops::3.0,/obj/AnalysisHolder/probe_132/mats/Metal_GalvanizedRusty_01/surfaceexports1/bind13,bind,,1,4,medium,overridetype=1 useasparmdefiner=1 useownexportcontext=1 exportparm=1,parmname
AB::StairwayTops::3.0,/obj/AnalysisHolder/probe_132/mats/Metal_GalvanizedRusty_01/surfaceexports1/bind14,bind,,1,4,medium,overridetype=1 useasparmdefiner=1 useownexportcontext=1 exportparm=1,parmname
AB::StairwayTops::3.0,/obj/AnalysisHolder/probe_132/mats/Metal_GalvanizedRusty_01/surfaceexports1/bind15,bind,,1,4,medium,overridetype=1 useasparmdefiner=1 useownexportcontext=1 exportparm=1,parmname
AB::StairwayTops::3.0,/obj/AnalysisHolder/probe_132/mats/Metal_GalvanizedRusty_01/surfaceexports1/bind16,bind,,1,4,medium,overridetype=1 useasparmdefiner=1 useownexportcontext=1 exportparm=1,parmname
AB::StairwayTops::3.0,/obj/AnalysisHolder/probe_132/mats/Metal_GalvanizedRusty_01/surfaceexports1/bind17,bind,,1,4,medium,overridetype=1 useasparmdefiner=1 useownexportcontext=1 exportparm=1,parmname
AB::StairwayTops::3.0,/obj/AnalysisHolder/probe_132/mats/Metal_GalvanizedRusty_01/surfaceexports1/bind18,bind,,1,4,medium,overridetype=1 useasparmdefiner=1 useownexportcontext=1 exportparm=1,parmname
AB::StairwayTops::3.0,/obj/AnalysisHolder/probe_132/mats/Metal_GalvanizedRusty_01/surfaceexports1/bind19,bind,,1,4,medium,overridetype=1 useasparmdefiner=1 useownexportcontext=1 exportparm=1,parmname
AB::StairwayTops::3.0,/obj/AnalysisHolder/probe_132/mats/Metal_GalvanizedRusty_01/surfaceexports1/bind20,bind,,1,4,medium,overridetype=1 useasparmdefiner=1 useownexportcontext=1 exportparm=1,parmname
AB::StairwayTops::3.0,/obj/AnalysisHolder/probe_132/mats/Metal_GalvanizedRusty_01/surfaceexports1/bind21,bind,,1,4,medium,overridetype=1 useasparmdefiner=1 useownexportcontext=1 exportparm=1,parmname
AB::StairwayTops::3.0,/obj/AnalysisHolder/probe_132/mats/Metal_GalvanizedRusty_01/surfaceexports1/bind22,bind,,1,4,medium,overridetype=1 useasparmdefiner=1 useownexportcontext=1 exportparm=1,parmname
AB::StairwayTops::3.0,/obj/AnalysisHolder/probe_132/mats/Metal_GalvanizedRusty_01/surfaceexports1/bind23,bind,,1,4,medium,overridetype=1 useasparmdefiner=1 useownexportcontext=1 exportparm=1,parmname
AB::StairwayTops::3.0,/obj/AnalysisHolder/probe_132/mats/Metal_GalvanizedRusty_01/surfaceexports1/bind24,bind,,1,4,medium,overridetype=1 useasparmdefiner=1 useownexportcontext=1 exportparm=1,parmname
AB::StairwayTops::3.0,/obj/AnalysisHolder/probe_132/mats/Metal_GalvanizedRusty_01/surfaceexports1/bind25,bind,,1,4,medium,overridetype=1 useasparmdefiner=1 useownexportcontext=1 exportparm=1,parmname
AB::StairwayTops::3.0,/obj/AnalysisHolder/probe_132/mats/Metal_GalvanizedRusty_01/surfaceexports1/computelighting1/layerexport10/parm1,parameter,,1,3,medium,hasconnector=0 exportparm=2 invisible=1,parmtype
AB::StairwayTops::3.0,/obj/AnalysisHolder/probe_132/mats/Metal_GalvanizedRusty_01/surfaceexports1/computelighting1/layerexport11/parm1,parameter,,1,3,medium,hasconnector=0 exportparm=2 invisible=1,parmtype
AB::StairwayTops::3.0,/obj/AnalysisHolder/probe_132/mats/Metal_GalvanizedRusty_01/surfaceexports1/computelighting1/layerexport12/parm1,parameter,,1,3,medium,hasconnector=0 exportparm=2 invisible=1,parmtype
AB::StairwayTops::3.0,/obj/AnalysisHolder/probe_132/mats/Metal_GalvanizedRusty_01/surfaceexports1/computelighting1/layerexport13/parm1,parameter,,1,3,medium,hasconnector=0 exportparm=2 invisible=1,parmtype
AB::StairwayTops::3.0,/obj/AnalysisHolder/probe_132/mats/Metal_GalvanizedRusty_01/principledshader1,principledshader::2.0,,5,13,medium,folder7=1 folder4=1 folder12=1 folder13=1 folder8=1 folder11=1 folder9=1 basecolorr=1 basecolorg=1 basecolorb=1 rough=0.65 basecolor_useTexture=1 baseBumpAndNormal_enable=1,baseBump_useTexture baseNormal_useTexture shop_disable_displace_shader specular_tint vm_displacebound
AB::StairwayTops::3.0,/obj/AnalysisHolder/probe_132/mats/Concrete_01/surfaceexports1/bind1,bind,,1,4,medium,overridetype=1 useasparmdefiner=1 useownexportcontext=1 exportparm=1,parmname
AB::StairwayTops::3.0,/obj/AnalysisHolder/probe_132/mats/Concrete_01/surfaceexports1/bind4,bind,,1,4,medium,overridetype=1 useasparmdefiner=1 useownexportcontext=1 exportparm=1,parmname
AB::StairwayTops::3.0,/obj/AnalysisHolder/probe_132/mats/Concrete_01/surfaceexports1/bind5,bind,,1,4,medium,overridetype=1 useasparmdefiner=1 useownexportcontext=1 exportparm=1,parmname
AB::StairwayTops::3.0,/obj/AnalysisHolder/probe_132/mats/Concrete_01/surfaceexports1/bind6,bind,,1,4,medium,overridetype=1 useasparmdefiner=1 useownexportcontext=1 exportparm=1,parmname
AB::StairwayTops::3.0,/obj/AnalysisHolder/probe_132/mats/Concrete_01/surfaceexports1/bind7,bind,,1,4,medium,overridetype=1 useasparmdefiner=1 useownexportcontext=1 exportparm=1,parmname
AB::StairwayTops::3.0,/obj/AnalysisHolder/probe_132/mats/Concrete_01/surfaceexports1/bind8,bind,,1,4,medium,overridetype=1 useasparmdefiner=1 useownexportcontext=1 exportparm=1,parmname
AB::StairwayTops::3.0,/obj/AnalysisHolder/probe_132/mats/Concrete_01/surfaceexports1/bind9,bind,,1,4,medium,overridetype=1 useasparmdefiner=1 useownexportcontext=1 exportparm=1,parmname
AB::StairwayTops::3.0,/obj/AnalysisHolder/probe_132/mats/Concrete_01/surfaceexports1/bind10,bind,,1,4,medium,overridetype=1 useasparmdefiner=1 useownexportcontext=1 exportparm=1,parmname
AB::StairwayTops::3.0,/obj/AnalysisHolder/probe_132/mats/Concrete_01/surfaceexports1/bind11,bind,,1,4,medium,overridetype=1 useasparmdefiner=1 useownexportcontext=1 exportparm=1,parmname
AB::StairwayTops::3.0,/obj/AnalysisHolder/probe_132/mats/Concrete_01/surfaceexports1/bind12,bind,,1,4,medium,overridetype=1 useasparmdefiner=1 useownexportcontext=1 exportparm=1,parmname
AB::StairwayTops::3.0,/obj/AnalysisHolder/probe_132/mats/Concrete_01/surfaceexports1/bind13,bind,,1,4,medium,overridetype=1 useasparmdefiner=1 useownexportcontext=1 exportparm=1,parmname
AB::StairwayTops::3.0,/obj/AnalysisHolder/probe_132/mats/Concrete_01/surfaceexports1/bind14,bind,,1,4,medium,overridetype=1 useasparmdefiner=1 useownexportcontext=1 exportparm=1,parmname
AB::StairwayTops::3.0,/obj/AnalysisHolder/probe_132/mats/Concrete_01/surfaceexports1/bind15,bind,,1,4,medium,overridetype=1 useasparmdefiner=1 useownexportcontext=1 exportparm=1,parmname
AB::StairwayTops::3.0,/obj/AnalysisHolder/probe_132/mats/Concrete_01/surfaceexports1/bind16,bind,,1,4,medium,overridetype=1 useasparmdefiner=1 useownexportcontext=1 exportparm=1,parmname
AB::StairwayTops::3.0,/obj/AnalysisHolder/probe_132/mats/Concrete_01/surfaceexports1/bind17,bind,,1,4,medium,overridetype=1 useasparmdefiner=1 useownexportcontext=1 exportparm=1,parmname
AB::StairwayTops::3.0,/obj/AnalysisHolder/probe_132/mats/Concrete_01/surfaceexports1/bind18,bind,,1,4,medium,overridetype=1 useasparmdefiner=1 useownexportcontext=1 exportparm=1,parmname
AB::StairwayTops::3.0,/obj/AnalysisHolder/probe_132/mats/Concrete_01/surfaceexports1/bind19,bind,,1,4,medium,overridetype=1 useasparmdefiner=1 useownexportcontext=1 exportparm=1,parmname
AB::StairwayTops::3.0,/obj/AnalysisHolder/probe_132/mats/Concrete_01/surfaceexports1/bind20,bind,,1,4,medium,overridetype=1 useasparmdefiner=1 useownexportcontext=1 exportparm=1,parmname
AB::StairwayTops::3.0,/obj/AnalysisHolder/probe_132/mats/Concrete_01/surfaceexports1/bind21,bind,,1,4,medium,overridetype=1 useasparmdefiner=1 useownexportcontext=1 exportparm=1,parmname
AB::StairwayTops::3.0,/obj/AnalysisHolder/probe_132/mats/Concrete_01/surfaceexports1/bind22,bind,,1,4,medium,overridetype=1 useasparmdefiner=1 useownexportcontext=1 exportparm=1,parmname
AB::StairwayTops::3.0,/obj/AnalysisHolder/probe_132/mats/Concrete_01/surfaceexports1/bind23,bind,,1,4,medium,overridetype=1 useasparmdefiner=1 useownexportcontext=1 exportparm=1,parmname
AB::StairwayTops::3.0,/obj/AnalysisHolder/probe_132/mats/Concrete_01/surfaceexports1/bind24,bind,,1,4,medium,overridetype=1 useasparmdefiner=1 useownexportcontext=1 exportparm=1,parmname
AB::StairwayTops::3.0,/obj/AnalysisHolder/probe_132/mats/Concrete_01/surfaceexports1/bind25,bind,,1,4,medium,overridetype=1 useasparmdefiner=1 useownexportcontext=1 exportparm=1,parmname
AB::StairwayTops::3.0,/obj/AnalysisHolder/probe_132/mats/Concrete_01/surfaceexports1/computelighting1/layerexport10/parm1,parameter,,1,3,medium,hasconnector=0 exportparm=2 invisible=1,parmtype
AB::StairwayTops::3.0,/obj/AnalysisHolder/probe_132/mats/Concrete_01/surfaceexports1/computelighting1/layerexport11/parm1,parameter,,1,3,medium,hasconnector=0 exportparm=2 invisible=1,parmtype
AB::StairwayTops::3.0,/obj/AnalysisHolder/probe_132/mats/Concrete_01/surfaceexports1/computelighting1/layerexport12/parm1,parameter,,1,3,medium,hasconnector=0 exportparm=2 invisible=1,parmtype
AB::StairwayTops::3.0,/obj/AnalysisHolder/probe_132/mats/Concrete_01/surfaceexports1/computelighting1/layerexport13/parm1,parameter,,1,3,medium,hasconnector=0 exportparm=2 invisible=1,parmtype
AB::StairwayTops::3.0,/obj/AnalysisHolder/probe_132/mats/Concrete_01/principledshader1,principledshader::2.0,,5,11,medium,folder7=1 folder4=1 folder12=1 folder13=1 folder8=1 folder11=1 folder9=1 basecolorr=0.2 basecolorg=0.2 basecolorb=0.2 rough=0.35,baseBump_useTexture baseNormal_useTexture shop_disable_displace_shader specular_tint vm_displacebound
AB::StreetLightGenerator::2.2,/obj/AnalysisHolder/probe_133/Streetlight_001/convert4,convert,,17,1,medium,stdswitcher1=1,divtrim divu divv fromtype group interphull lodtrim lodu lodv new offset orderu orderv pasteattrib pastecoord surftype totype
AB::StreetLightGenerator::2.2,/obj/AnalysisHolder/probe_133/Streetlight_001/convert5,convert,,16,2,medium,stdswitcher1=1 divv=10,divtrim divu fromtype group interphull lodtrim lodu lodv new offset orderu orderv pasteattrib pastecoord surftype totype
AB::StreetLightGenerator::2.2,/obj/AnalysisHolder/probe_133/Streetlight_001/circle3,circle,,17,1,medium,reverse=0,arc beginangle divs endangle imperfect order orient radx rady rx ry rz scale tx ty type tz
AB::StreetLightGenerator::2.2,/obj/AnalysisHolder/probe_133/Streetlight_001/bound1,bound,minpad,3,2,high,minpadx=0.05 minpady=0.02,maxpadx maxpadz minpadz
AB::StreetLightGenerator::2.2,/obj/AnalysisHolder/probe_133/Streetlight_001/add1,add,pt4 pt5 pt6,3,8,high,points=7 switcher1=1 pt1y=0.25 pt2y=0.5 pt3y=0.6 pt4y=0.7 pt5y=1.4 pt6y=1.4,pt4x pt5x pt6x
AB::StreetLightGenerator::2.2,/obj/AnalysisHolder/probe_133/Streetlight_001/PrincipledMaterials/mats/StreetLightMetal,principledshader::2.0,,5,7,medium,folder7=1 folder4=1 folder12=1 folder13=1 folder8=1 folder11=1 folder9=1,baseBump_useTexture baseNormal_useTexture shop_disable_displace_shader specular_tint vm_displacebound
AB::StreetLightGenerator::2.2,/obj/AnalysisHolder/probe_133/Streetlight_001/PrincipledMaterials/mats/StreetLightEmit,principledshader::2.0,,5,7,medium,folder7=1 folder4=1 folder12=1 folder13=1 folder8=1 folder11=1 folder9=1,baseBump_useTexture baseNormal_useTexture shop_disable_displace_shader specular_tint vm_displacebound
AB::StreetLightGenerator::2.2,/obj/AnalysisHolder/probe_133/Streetlight_001/PrincipledMaterials/mats/StreetLightMetalTop,principledshader::2.0,,5,7,medium,folder7=1 folder4=1 folder12=1 folder13=1 folder8=1 folder11=1 folder9=1,baseBump_useTexture baseNormal_useTexture shop_disable_displace_shader specular_tint vm_displacebound
AB::StreetLightGenerator::2.2,/obj/AnalysisHolder/probe_133/StopLight_01/color1,color,,3,5,medium,class=3 ramp2pos=1 ramp2cr=1 ramp2cg=1 ramp2cb=1,colorb colorg colorr
AB::StreetLightGenerator::2.2,/obj/AnalysisHolder/probe_133/StopLight_02/bound1,bound,minpad,3,1,high,minpadx=0.1,maxpadx maxpady minpady
AB::StreetLightGenerator::2.2,/obj/AnalysisHolder/probe_133/StopLight_02/color1,color,,3,5,medium,class=3 ramp2pos=1 ramp2cr=1 ramp2cg=1 ramp2cb=1,colorb colorg colorr
AB::StreetLightGenerator::2.2,/obj/AnalysisHolder/probe_133/subnet3/transform1,xform,,2,4,medium,parmgroup_pivotxform=1 px=0 py=0 pz=0,ty tz
AB::StreetLightGenerator::2.2,/obj/AnalysisHolder/probe_133/subnet3/transform3,xform,,2,4,medium,parmgroup_pivotxform=1 px=0 py=0 pz=0,ty tz
AB::StreetLightGenerator::2.2,/obj/AnalysisHolder/probe_133/subnet3/transform4,xform,,2,4,medium,parmgroup_pivotxform=1 px=0 py=0 pz=0,ty tz
AB::StreetLightGenerator::2.2,/obj/AnalysisHolder/probe_133/subnet3/transform5,xform,,2,4,medium,parmgroup_pivotxform=1 px=0 py=0 pz=0,ty tz
AB::StreetLightGenerator::2.2,/obj/AnalysisHolder/probe_133/CreateSign_01/grid1,grid,,2,3,medium,orient=0 rows=2 cols=2,sizex sizey
AB::StreetLightGenerator::2.2,/obj/AnalysisHolder/probe_133/CreateSign_01/polyextrude1,polyextrude::2.0,,1,14,medium,outputfrontgrp=1 outputback=1 outputbackgrp=1 outputsidegrp=1 thicknessramp1value=1 thicknessramp1interp=2 thicknessramp2pos=1 thicknessramp2value=1 thicknessramp2interp=2 twistramp1value=0.5 twistramp1interp=2 twistramp2pos=1 twistramp2value=0.5 twistramp2interp=2,dist
AB::StreetLightGenerator::2.2,/obj/AnalysisHolder/probe_133/CreateSign_01/polybevel1,polybevel::3.0,,2,7,medium,grouptype=1 divisions=6 profileramp1value=0.5 profileramp1interp=2 profileramp2pos=1 profileramp2value=0.5 profileramp2interp=2,filletshape offset
AB::StreetLightGenerator::2.2,/obj/AnalysisHolder/probe_133/CreateSign_01/polyextrude2,polyextrude::2.0,,1,12,medium,outputfrontgrp=1 outputsidegrp=1 thicknessramp1value=1 thicknessramp1interp=2 thicknessramp2pos=1 thicknessramp2value=1 thicknessramp2interp=2 twistramp1value=0.5 twistramp1interp=2 twistramp2pos=1 twistramp2value=0.5 twistramp2interp=2,inset
AB::StreetLightGenerator::2.2,/obj/AnalysisHolder/probe_133/CreateSign_01/color1,color,,3,5,medium,class=3 ramp2pos=1 ramp2cr=1 ramp2cg=1 ramp2cb=1,colorb colorg colorr
AB::StreetLightGenerator::2.2,/obj/AnalysisHolder/probe_133/CreateSign_01/color2,color,,3,5,medium,class=3 ramp2pos=1 ramp2cr=1 ramp2cg=1 ramp2cb=1,colorb colorg colorr
AB::StreetLightGenerator::2.2,/obj/AnalysisHolder/probe_133/CreateSign_01/color3,color,,3,5,medium,class=3 ramp2pos=1 ramp2cr=1 ramp2cg=1 ramp2cb=1,colorb colorg colorr
AB::StreetLightGenerator::2.2,/obj/AnalysisHolder/probe_133/sign_create_02/grid1,grid,,2,3,medium,orient=0 rows=2 cols=2,sizex sizey
AB::StreetLightGenerator::2.2,/obj/AnalysisHolder/probe_133/sign_create_02/polyextrude1,polyextrude::2.0,,1,14,medium,outputfrontgrp=1 outputback=1 outputbackgrp=1 outputsidegrp=1 thicknessramp1value=1 thicknessramp1interp=2 thicknessramp2pos=1 thicknessramp2value=1 thicknessramp2interp=2 twistramp1value=0.5 twistramp1interp=2 twistramp2pos=1 twistramp2value=0.5 twistramp2interp=2,dist
AB::StreetLightGenerator::2.2,/obj/AnalysisHolder/probe_133/sign_create_02/polybevel1,polybevel::3.0,,2,7,medium,grouptype=1 divisions=6 profileramp1value=0.5 profileramp1interp=2 profileramp2pos=1 profileramp2value=0.5 profileramp2interp=2,filletshape offset
AB::StreetLightGenerator::2.2,/obj/AnalysisHolder/probe_133/sign_create_02/polyextrude2,polyextrude::2.0,,1,12,medium,outputfrontgrp=1 outputsidegrp=1 thicknessramp1value=1 thicknessramp1interp=2 thicknessramp2pos=1 thicknessramp2value=1 thicknessramp2interp=2 twistramp1value=0.5 twistramp1interp=2 twistramp2pos=1 twistramp2value=0.5 twistramp2interp=2,inset
AB::StreetLightGenerator::2.2,/obj/AnalysisHolder/probe_133/sign_create_02/color1,color,,3,5,medium,class=3 ramp2pos=1 ramp2cr=1 ramp2cg=1 ramp2cb=1,colorb colorg colorr
AB::StreetLightGenerator::2.2,/obj/AnalysisHolder/probe_133/sign_create_02/color2,color,,3,5,medium,class=3 ramp2pos=1 ramp2cr=1 ramp2cg=1 ramp2cb=1,colorb colorg colorr
AB::StreetLightGenerator::2.2,/obj/AnalysisHolder/probe_133/sign_create_02/color3,color,,3,5,medium,class=3 ramp2pos=1 ramp2cr=1 ramp2cg=1 ramp2cb=1,colorb colorg colorr
AB::StreetLightGenerator::2.2,/obj/AnalysisHolder/probe_133/sign_create_03/grid1,grid,,2,3,medium,orient=0 rows=2 cols=2,sizex sizey
AB::StreetLightGenerator::2.2,/obj/AnalysisHolder/probe_133/sign_create_03/polyextrude1,polyextrude::2.0,,1,14,medium,outputfrontgrp=1 outputback=1 outputbackgrp=1 outputsidegrp=1 thicknessramp1value=1 thicknessramp1interp=2 thicknessramp2pos=1 thicknessramp2value=1 thicknessramp2interp=2 twistramp1value=0.5 twistramp1interp=2 twistramp2pos=1 twistramp2value=0.5 twistramp2interp=2,dist
AB::StreetLightGenerator::2.2,/obj/AnalysisHolder/probe_133/sign_create_03/polybevel1,polybevel::3.0,,2,7,medium,grouptype=1 divisions=6 profileramp1value=0.5 profileramp1interp=2 profileramp2pos=1 profileramp2value=0.5 profileramp2interp=2,filletshape offset
AB::StreetLightGenerator::2.2,/obj/AnalysisHolder/probe_133/sign_create_03/polyextrude2,polyextrude::2.0,,1,12,medium,outputfrontgrp=1 outputsidegrp=1 thicknessramp1value=1 thicknessramp1interp=2 thicknessramp2pos=1 thicknessramp2value=1 thicknessramp2interp=2 twistramp1value=0.5 twistramp1interp=2 twistramp2pos=1 twistramp2value=0.5 twistramp2interp=2,inset
AB::StreetLightGenerator::2.2,/obj/AnalysisHolder/probe_133/sign_create_03/color1,color,,3,5,medium,class=3 ramp2pos=1 ramp2cr=1 ramp2cg=1 ramp2cb=1,colorb colorg colorr
AB::StreetLightGenerator::2.2,/obj/AnalysisHolder/probe_133/sign_create_03/color2,color,,3,5,medium,class=3 ramp2pos=1 ramp2cr=1 ramp2cg=1 ramp2cb=1,colorb colorg colorr
AB::StreetLightGenerator::2.2,/obj/AnalysisHolder/probe_133/sign_create_03/color3,color,,3,5,medium,class=3 ramp2pos=1 ramp2cr=1 ramp2cg=1 ramp2cb=1,colorb colorg colorr
AB::StreetLightGenerator::2.2,/obj/AnalysisHolder/probe_133/Streetlight_002/create_street_light_revolved/create_extrudes/color1,color,,3,5,medium,class=3 ramp2pos=1 ramp2cr=1 ramp2cg=1 ramp2cb=1,colorb colorg colorr
AB::StreetLightGenerator::2.2,/obj/AnalysisHolder/probe_133/Streetlight_002/create_street_light_revolved/tube3,tube,,4,2,medium,type=1 cap=1,height rad1 rad2 radscale
AB::StreetLightGenerator::2.2,/obj/AnalysisHolder/probe_133/Streetlight_003/add1,add,,5,2,medium,points=4 switcher1=1,pt1z pt2x pt2z pt3x pt3z
AB::StreetLightGenerator::2.2,/obj/AnalysisHolder/probe_133/Streetlight_003/polybevel1,polybevel::3.0,,2,6,medium,grouptype=1 profileramp1value=0.5 profileramp1interp=2 profileramp2pos=1 profileramp2value=0.5 profileramp2interp=2,divisions offset
AB::StreetLightGenerator::2.2,/obj/AnalysisHolder/probe_133/Streetlight_003/sphere1,sphere,,1,1,medium,type=4,scale
AB::StreetLightGenerator::2.2,/obj/AnalysisHolder/probe_133/Streetlight_003/polywire1,polywire,,1,2,medium,maxscale=100 div=12,radius
AB::StreetLightGenerator::2.2,/obj/AnalysisHolder/probe_133/Streetlight_003/color1,color,,3,5,medium,class=3 ramp2pos=1 ramp2cr=1 ramp2cg=1 ramp2cb=1,colorb colorg colorr
AB::StreetLightGenerator::2.2,/obj/AnalysisHolder/probe_133/Streetlight_003/color2,color,,3,5,medium,class=3 ramp2pos=1 ramp2cr=1 ramp2cg=1 ramp2cb=1,colorb colorg colorr
AB::StreetLightGenerator::2.2,/obj/AnalysisHolder/probe_133/CreateStopLightBase/bound19,bound,minpad,3,1,high,minpadx=0.02,maxpadx maxpady minpady
AB::StreetLightGenerator::2.2,/obj/AnalysisHolder/probe_133/CreateStopLightBase/convert4,convert,,1,2,medium,stdswitcher1=1 divv=5,divu
AB::StreetLightGenerator::2.2,/obj/AnalysisHolder/probe_133/light_a_assembly/mats/RP_1/parm_metallic,parameter,,1,1,medium,rangeint2=1,parmprefix
AB::StreetLightGenerator::2.2,/obj/AnalysisHolder/probe_133/light_a_assembly/mats/RP_1/parm_reflecttint,parameter,,1,1,medium,rangeint2=1,parmprefix
AB::StreetLightGenerator::2.2,/obj/AnalysisHolder/probe_133/light_a_assembly/mats/RP_1/parm_coat,parameter,,1,1,medium,rangeint2=1,parmprefix
AB::StreetLightGenerator::2.2,/obj/AnalysisHolder/probe_133/light_a_assembly/mats/RP_1/parm_basecolor,parameter,,1,5,medium,parmtype=19 colordefr=0.2 colordefg=0.2 colordefb=0.2 rangeint2=1,parmprefix
AB::StreetLightGenerator::2.2,/obj/AnalysisHolder/probe_133/light_a_assembly/mats/RP_2/parm_metallic,parameter,,1,1,medium,rangeint2=1,parmprefix
AB::StreetLightGenerator::2.2,/obj/AnalysisHolder/probe_133/light_a_assembly/mats/RP_2/parm_reflecttint,parameter,,1,1,medium,rangeint2=1,parmprefix
AB::StreetLightGenerator::2.2,/obj/AnalysisHolder/probe_133/light_a_assembly/mats/RP_2/parm_coat,parameter,,1,1,medium,rangeint2=1,parmprefix
AB::StreetLightGenerator::2.2,/obj/AnalysisHolder/probe_133/light_a_assembly/mats/RP_2/parm_basecolor,parameter,,1,5,medium,parmtype=19 colordefr=0.2 colordefg=0.2 colordefb=0.2 rangeint2=1,parmprefix
AB::StreetLightGenerator::2.2,/obj/AnalysisHolder/probe_133/light_a_assembly/mats/RP_3/parm_metallic,parameter,,1,1,medium,rangeint2=1,parmprefix
AB::StreetLightGenerator::2.2,/obj/AnalysisHolder/probe_133/light_a_assembly/mats/RP_3/parm_reflecttint,parameter,,1,1,medium,rangeint2=1,parmprefix
AB::StreetLightGenerator::2.2,/obj/AnalysisHolder/probe_133/light_a_assembly/mats/RP_3/parm_coat,parameter,,1,1,medium,rangeint2=1,parmprefix
AB::StreetLightGenerator::2.2,/obj/AnalysisHolder/probe_133/light_a_assembly/mats/RP_3/parm_basecolor,parameter,,1,5,medium,parmtype=19 colordefr=0.2 colordefg=0.2 colordefb=0.2 rangeint2=1,parmprefix
AB::StreetLightGenerator::2.2,/obj/AnalysisHolder/probe_133/light_a_assembly/mats/RP_4/parm_metallic,parameter,,1,1,medium,rangeint2=1,parmprefix
AB::StreetLightGenerator::2.2,/obj/AnalysisHolder/probe_133/light_a_assembly/mats/RP_4/parm_reflecttint,parameter,,1,1,medium,rangeint2=1,parmprefix
AB::StreetLightGenerator::2.2,/obj/AnalysisHolder/probe_133/light_a_assembly/mats/RP_4/parm_coat,parameter,,1,1,medium,rangeint2=1,parmprefix
AB::StreetLightGenerator::2.2,/obj/AnalysisHolder/probe_133/light_a_assembly/mats/RP_4/parm_basecolor,parameter,,1,5,medium,parmtype=19 colordefr=0.2 colordefg=0.2 colordefb=0.2 rangeint2=1,parmprefix
AB::StreetLightGenerator::2.2,/obj/AnalysisHolder/probe_133/light_a_assembly/mats/RP_5/parm_metallic,parameter,,1,1,medium,rangeint2=1,parmprefix
AB::StreetLightGenerator::2.2,/obj/AnalysisHolder/probe_133/light_a_assembly/mats/RP_5/parm_reflecttint,parameter,,1,1,medium,rangeint2=1,parmprefix
AB::StreetLightGenerator::2.2,/obj/AnalysisHolder/probe_133/light_a_assembly/mats/RP_5/parm_coat,parameter,,1,1,medium,rangeint2=1,parmprefix
AB::StreetLightGenerator::2.2,/obj/AnalysisHolder/probe_133/light_a_assembly/mats/RP_5/parm_basecolor,parameter,,1,5,medium,parmtype=19 colordefr=0.2 colordefg=0.2 colordefb=0.2 rangeint2=1,parmprefix
AB::StreetLightGenerator::2.2,/obj/AnalysisHolder/probe_133/light_a_assembly/mats/RP_6/parm_metallic,parameter,,1,1,medium,rangeint2=1,parmprefix
AB::StreetLightGenerator::2.2,/obj/AnalysisHolder/probe_133/light_a_assembly/mats/RP_6/parm_reflecttint,parameter,,1,1,medium,rangeint2=1,parmprefix
AB::StreetLightGenerator::2.2,/obj/AnalysisHolder/probe_133/light_a_assembly/mats/RP_6/parm_coat,parameter,,1,1,medium,rangeint2=1,parmprefix
AB::StreetLightGenerator::2.2,/obj/AnalysisHolder/probe_133/light_a_assembly/mats/RP_6/parm_basecolor,parameter,,1,5,medium,parmtype=19 colordefr=0.2 colordefg=0.2 colordefb=0.2 rangeint2=1,parmprefix
AB::StreetLightGenerator::2.2,/obj/AnalysisHolder/probe_133/light_c_assembly/circle1,circle,,1,3,medium,type=1 orient=2 reverse=0,scale
AB::StreetLightGenerator::2.2,/obj/AnalysisHolder/probe_133/light_c_assembly/circle2,circle,,1,4,medium,type=1 orient=2 reverse=0 divs=4,scale
AB::StreetLightGenerator::2.2,/obj/AnalysisHolder/probe_133/light_c_assembly/polyextrude1,polyextrude::2.0,,1,10,medium,thicknessramp1value=1 thicknessramp1interp=2 thicknessramp2pos=1 thicknessramp2value=1 thicknessramp2interp=2 twistramp1value=0.5 twistramp1interp=2 twistramp2pos=1 twistramp2value=0.5 twistramp2interp=2,dist
AB::StreetLightGenerator::2.2,/obj/AnalysisHolder/probe_133/light_c_assembly/mats/RP_1/parm_metallic,parameter,,1,1,medium,rangeint2=1,parmprefix
AB::StreetLightGenerator::2.2,/obj/AnalysisHolder/probe_133/light_c_assembly/mats/RP_1/parm_reflecttint,parameter,,1,1,medium,rangeint2=1,parmprefix
AB::StreetLightGenerator::2.2,/obj/AnalysisHolder/probe_133/light_c_assembly/mats/RP_1/parm_coat,parameter,,1,1,medium,rangeint2=1,parmprefix
AB::StreetLightGenerator::2.2,/obj/AnalysisHolder/probe_133/light_c_assembly/mats/RP_1/parm_basecolor,parameter,,1,5,medium,parmtype=19 colordefr=0.2 colordefg=0.2 colordefb=0.2 rangeint2=1,parmprefix
AB::StreetLightGenerator::2.2,/obj/AnalysisHolder/probe_133/light_c_assembly/mats/RP_2/parm_metallic,parameter,,1,1,medium,rangeint2=1,parmprefix
AB::StreetLightGenerator::2.2,/obj/AnalysisHolder/probe_133/light_c_assembly/mats/RP_2/parm_reflecttint,parameter,,1,1,medium,rangeint2=1,parmprefix
AB::StreetLightGenerator::2.2,/obj/AnalysisHolder/probe_133/light_c_assembly/mats/RP_2/parm_coat,parameter,,1,1,medium,rangeint2=1,parmprefix
AB::StreetLightGenerator::2.2,/obj/AnalysisHolder/probe_133/light_c_assembly/mats/RP_2/parm_basecolor,parameter,,1,5,medium,parmtype=19 colordefr=0.2 colordefg=0.2 colordefb=0.2 rangeint2=1,parmprefix
AB::StreetLightGenerator::2.2,/obj/AnalysisHolder/probe_133/light_c_assembly/mats/RP_3/parm_metallic,parameter,,1,1,medium,rangeint2=1,parmprefix
AB::StreetLightGenerator::2.2,/obj/AnalysisHolder/probe_133/light_c_assembly/mats/RP_3/parm_reflecttint,parameter,,1,1,medium,rangeint2=1,parmprefix
AB::StreetLightGenerator::2.2,/obj/AnalysisHolder/probe_133/light_c_assembly/mats/RP_3/parm_coat,parameter,,1,1,medium,rangeint2=1,parmprefix
AB::StreetLightGenerator::2.2,/obj/AnalysisHolder/probe_133/light_c_assembly/mats/RP_3/parm_basecolor,parameter,,1,5,medium,parmtype=19 colordefr=0.2 colordefg=0.2 colordefb=0.2 rangeint2=1,parmprefix
AB::StreetLightGenerator::2.2,/obj/AnalysisHolder/probe_133/light_c_assembly/mats/RP_4/parm_metallic,parameter,,1,1,medium,rangeint2=1,parmprefix
AB::StreetLightGenerator::2.2,/obj/AnalysisHolder/probe_133/light_c_assembly/mats/RP_4/parm_reflecttint,parameter,,1,1,medium,rangeint2=1,parmprefix
AB::StreetLightGenerator::2.2,/obj/AnalysisHolder/probe_133/light_c_assembly/mats/RP_4/parm_coat,parameter,,1,1,medium,rangeint2=1,parmprefix
AB::StreetLightGenerator::2.2,/obj/AnalysisHolder/probe_133/light_c_assembly/mats/RP_4/parm_basecolor,parameter,,1,5,medium,parmtype=19 colordefr=0.2 colordefg=0.2 colordefb=0.2 rangeint2=1,parmprefix
AB::StreetLightGenerator::2.2,/obj/AnalysisHolder/probe_133/light_c_assembly/mats/RP_5/parm_metallic,parameter,,1,1,medium,rangeint2=1,parmprefix
AB::StreetLightGenerator::2.2,/obj/AnalysisHolder/probe_133/light_c_assembly/mats/RP_5/parm_reflecttint,parameter,,1,1,medium,rangeint2=1,parmprefix
AB::StreetLightGenerator::2.2,/obj/AnalysisHolder/probe_133/light_c_assembly/mats/RP_5/parm_coat,parameter,,1,1,medium,rangeint2=1,parmprefix
AB::StreetLightGenerator::2.2,/obj/AnalysisHolder/probe_133/light_c_assembly/mats/RP_5/parm_basecolor,parameter,,1,5,medium,parmtype=19 colordefr=0.2 colordefg=0.2 colordefb=0.2 rangeint2=1,parmprefix
AB::StreetLightGenerator::2.2,/obj/AnalysisHolder/probe_133/light_c_assembly/mats/RP_6/parm_metallic,parameter,,1,1,medium,rangeint2=1,parmprefix
AB::StreetLightGenerator::2.2,/obj/AnalysisHolder/probe_133/light_c_assembly/mats/RP_6/parm_reflecttint,parameter,,1,1,medium,rangeint2=1,parmprefix
AB::StreetLightGenerator::2.2,/obj/AnalysisHolder/probe_133/light_c_assembly/mats/RP_6/parm_coat,parameter,,1,1,medium,rangeint2=1,parmprefix
AB::StreetLightGenerator::2.2,/obj/AnalysisHolder/probe_133/light_c_assembly/mats/RP_6/parm_basecolor,parameter,,1,5,medium,parmtype=19 colordefr=0.2 colordefg=0.2 colordefb=0.2 rangeint2=1,parmprefix
AB::StreetLightGenerator::2.2,/obj/AnalysisHolder/probe_133/light_b_assembly/circle1,circle,,1,3,medium,type=1 orient=2 reverse=0,scale
AB::StreetLightGenerator::2.2,/obj/AnalysisHolder/probe_133/light_b_assembly/circle2,circle,,1,4,medium,type=1 orient=2 reverse=0 divs=4,scale
AB::StreetLightGenerator::2.2,/obj/AnalysisHolder/probe_133/light_b_assembly/polyextrude1,polyextrude::2.0,,1,10,medium,thicknessramp1value=1 thicknessramp1interp=2 thicknessramp2pos=1 thicknessramp2value=1 thicknessramp2interp=2 twistramp1value=0.5 twistramp1interp=2 twistramp2pos=1 twistramp2value=0.5 twistramp2interp=2,dist
AB::StreetLightGenerator::2.2,/obj/AnalysisHolder/probe_133/light_b_assembly/transform3,xform,,1,1,medium,scale=0.8,ty
AB::StreetLightGenerator::2.2,/obj/AnalysisHolder/probe_133/light_b_assembly/mats/RP_1/parm_metallic,parameter,,1,1,medium,rangeint2=1,parmprefix
AB::StreetLightGenerator::2.2,/obj/AnalysisHolder/probe_133/light_b_assembly/mats/RP_1/parm_reflecttint,parameter,,1,1,medium,rangeint2=1,parmprefix
AB::StreetLightGenerator::2.2,/obj/AnalysisHolder/probe_133/light_b_assembly/mats/RP_1/parm_coat,parameter,,1,1,medium,rangeint2=1,parmprefix
AB::StreetLightGenerator::2.2,/obj/AnalysisHolder/probe_133/light_b_assembly/mats/RP_1/parm_basecolor,parameter,,1,5,medium,parmtype=19 colordefr=0.2 colordefg=0.2 colordefb=0.2 rangeint2=1,parmprefix
AB::StreetLightGenerator::2.2,/obj/AnalysisHolder/probe_133/light_b_assembly/mats/RP_2/parm_metallic,parameter,,1,1,medium,rangeint2=1,parmprefix
AB::StreetLightGenerator::2.2,/obj/AnalysisHolder/probe_133/light_b_assembly/mats/RP_2/parm_reflecttint,parameter,,1,1,medium,rangeint2=1,parmprefix
AB::StreetLightGenerator::2.2,/obj/AnalysisHolder/probe_133/light_b_assembly/mats/RP_2/parm_coat,parameter,,1,1,medium,rangeint2=1,parmprefix
AB::StreetLightGenerator::2.2,/obj/AnalysisHolder/probe_133/light_b_assembly/mats/RP_2/parm_basecolor,parameter,,1,5,medium,parmtype=19 colordefr=0.2 colordefg=0.2 colordefb=0.2 rangeint2=1,parmprefix
AB::StreetLightGenerator::2.2,/obj/AnalysisHolder/probe_133/light_b_assembly/mats/RP_3/parm_metallic,parameter,,1,1,medium,rangeint2=1,parmprefix
AB::StreetLightGenerator::2.2,/obj/AnalysisHolder/probe_133/light_b_assembly/mats/RP_3/parm_reflecttint,parameter,,1,1,medium,rangeint2=1,parmprefix
AB::StreetLightGenerator::2.2,/obj/AnalysisHolder/probe_133/light_b_assembly/mats/RP_3/parm_coat,parameter,,1,1,medium,rangeint2=1,parmprefix
AB::StreetLightGenerator::2.2,/obj/AnalysisHolder/probe_133/light_b_assembly/mats/RP_3/parm_basecolor,parameter,,1,5,medium,parmtype=19 colordefr=0.2 colordefg=0.2 colordefb=0.2 rangeint2=1,parmprefix
AB::StreetLightGenerator::2.2,/obj/AnalysisHolder/probe_133/light_b_assembly/mats/RP_4/parm_metallic,parameter,,1,1,medium,rangeint2=1,parmprefix
AB::StreetLightGenerator::2.2,/obj/AnalysisHolder/probe_133/light_b_assembly/mats/RP_4/parm_reflecttint,parameter,,1,1,medium,rangeint2=1,parmprefix
AB::StreetLightGenerator::2.2,/obj/AnalysisHolder/probe_133/light_b_assembly/mats/RP_4/parm_coat,parameter,,1,1,medium,rangeint2=1,parmprefix
AB::StreetLightGenerator::2.2,/obj/AnalysisHolder/probe_133/light_b_assembly/mats/RP_4/parm_basecolor,parameter,,1,5,medium,parmtype=19 colordefr=0.2 colordefg=0.2 colordefb=0.2 rangeint2=1,parmprefix
AB::StreetLightGenerator::2.2,/obj/AnalysisHolder/probe_133/light_b_assembly/mats/RP_5/parm_metallic,parameter,,1,1,medium,rangeint2=1,parmprefix
AB::StreetLightGenerator::2.2,/obj/AnalysisHolder/probe_133/light_b_assembly/mats/RP_5/parm_reflecttint,parameter,,1,1,medium,rangeint2=1,parmprefix
AB::StreetLightGenerator::2.2,/obj/AnalysisHolder/probe_133/light_b_assembly/mats/RP_5/parm_coat,parameter,,1,1,medium,rangeint2=1,parmprefix
AB::StreetLightGenerator::2.2,/obj/AnalysisHolder/probe_133/light_b_assembly/mats/RP_5/parm_basecolor,parameter,,1,5,medium,parmtype=19 colordefr=0.2 colordefg=0.2 colordefb=0.2 rangeint2=1,parmprefix
AB::StreetLightGenerator::2.2,/obj/AnalysisHolder/probe_133/light_b_assembly/mats/RP_6/parm_metallic,parameter,,1,1,medium,rangeint2=1,parmprefix
AB::StreetLightGenerator::2.2,/obj/AnalysisHolder/probe_133/light_b_assembly/mats/RP_6/parm_reflecttint,parameter,,1,1,medium,rangeint2=1,parmprefix
AB::StreetLightGenerator::2.2,/obj/AnalysisHolder/probe_133/light_b_assembly/mats/RP_6/parm_coat,parameter,,1,1,medium,rangeint2=1,parmprefix
AB::StreetLightGenerator::2.2,/obj/AnalysisHolder/probe_133/light_b_assembly/mats/RP_6/parm_basecolor,parameter,,1,5,medium,parmtype=19 colordefr=0.2 colordefg=0.2 colordefb=0.2 rangeint2=1,parmprefix
AB::StreetLightGenerator::2.2,/obj/AnalysisHolder/probe_133/create_street_light_a/color4,color,,3,5,medium,class=3 ramp2pos=1 ramp2cr=1 ramp2cg=1 ramp2cb=1,colorb colorg colorr
AB::StreetLightGenerator::2.2,/obj/AnalysisHolder/probe_133/create_street_light_a/color5,color,,3,5,medium,class=3 ramp2pos=1 ramp2cr=1 ramp2cg=1 ramp2cb=1,colorb colorg colorr
AB::StreetLightGenerator::2.2,/obj/AnalysisHolder/probe_133/create_street_light_a/polyextrude10,polyextrude::2.0,,1,10,medium,thicknessramp1value=1 thicknessramp1interp=2 thicknessramp2pos=1 thicknessramp2value=1 thicknessramp2interp=2 twistramp1value=0.5 twistramp1interp=2 twistramp2pos=1 twistramp2value=0.5 twistramp2interp=2,dist
AB::StreetLightGenerator::2.2,/obj/AnalysisHolder/probe_133/create_street_light_a/polyextrude11,polyextrude::2.0,,1,12,medium,outputfrontgrp=1 outputsidegrp=1 thicknessramp1value=1 thicknessramp1interp=2 thicknessramp2pos=1 thicknessramp2value=1 thicknessramp2interp=2 twistramp1value=0.5 twistramp1interp=2 twistramp2pos=1 twistramp2value=0.5 twistramp2interp=2,dist
AB::StreetLightGenerator::2.2,/obj/AnalysisHolder/probe_133/create_street_light_a/polyextrude12,polyextrude::2.0,,1,12,medium,outputfrontgrp=1 outputsidegrp=1 thicknessramp1value=1 thicknessramp1interp=2 thicknessramp2pos=1 thicknessramp2value=1 thicknessramp2interp=2 twistramp1value=0.5 twistramp1interp=2 twistramp2pos=1 twistramp2value=0.5 twistramp2interp=2,dist
AB::StreetLightGenerator::2.2,/obj/AnalysisHolder/probe_133/create_street_light_a/polyextrude13,polyextrude::2.0,,2,12,medium,xformfront=1 xformspace=1 thicknessramp1value=1 thicknessramp1interp=2 thicknessramp2pos=1 thicknessramp2value=1 thicknessramp2interp=2 twistramp1value=0.5 twistramp1interp=2 twistramp2pos=1 twistramp2value=0.5 twistramp2interp=2,dist translatey
AB::StreetLightGenerator::2.2,/obj/AnalysisHolder/probe_133/create_street_light_a/polyextrude14,polyextrude::2.0,,1,11,medium,outputsidegrp=1 thicknessramp1value=1 thicknessramp1interp=2 thicknessramp2pos=1 thicknessramp2value=1 thicknessramp2interp=2 twistramp1value=0.5 twistramp1interp=2 twistramp2pos=1 twistramp2value=0.5 twistramp2interp=2,dist
AB::StreetLightGenerator::2.2,/obj/AnalysisHolder/probe_133/create_street_light_a/polyextrude15,polyextrude::2.0,,1,12,medium,inset=0.25 outputfrontgrp=1 thicknessramp1value=1 thicknessramp1interp=2 thicknessramp2pos=1 thicknessramp2value=1 thicknessramp2interp=2 twistramp1value=0.5 twistramp1interp=2 twistramp2pos=1 twistramp2value=0.5 twistramp2interp=2,dist
AB::StreetLightGenerator::2.2,/obj/AnalysisHolder/probe_133/create_street_light_a/polyextrude16,polyextrude::2.0,,1,14,medium,inset=-0.001 xformfront=1 xformspace=1 outputfrontgrp=1 thicknessramp1value=1 thicknessramp1interp=2 thicknessramp2pos=1 thicknessramp2value=1 thicknessramp2interp=2 twistramp1value=0.5 twistramp1interp=2 twistramp2pos=1 twistramp2value=0.5 twistramp2interp=2,scalex
AB::StreetLightGenerator::2.2,/obj/AnalysisHolder/probe_133/create_street_light_a/grid2,grid,,2,2,medium,rows=2 cols=2,sizex sizey
AB::StreetLightGenerator::2.2,/obj/AnalysisHolder/probe_133/subnet2/color1,color,,3,5,medium,class=3 ramp2pos=1 ramp2cr=1 ramp2cg=1 ramp2cb=1,colorb colorg colorr
AB::StreetLightGenerator::2.2,/obj/AnalysisHolder/probe_133/subnet2/color2,color,,3,5,medium,class=3 ramp2pos=1 ramp2cr=1 ramp2cg=1 ramp2cb=1,colorb colorg colorr
AB::StreetLightGenerator::2.2,/obj/AnalysisHolder/probe_133/subnet2/color3,color,,3,5,medium,class=3 ramp2pos=1 ramp2cr=1 ramp2cg=1 ramp2cb=1,colorb colorg colorr
AB::StreetLightGenerator::2.2,/obj/AnalysisHolder/probe_133/subnet2/grid1,grid,,2,2,medium,rows=2 cols=2,sizex sizey
AB::StreetLightGenerator::2.2,/obj/AnalysisHolder/probe_133/subnet2/polyextrude1,polyextrude::2.0,,2,11,medium,outputfrontgrp=1 thicknessramp1value=1 thicknessramp1interp=2 thicknessramp2pos=1 thicknessramp2value=1 thicknessramp2interp=2 twistramp1value=0.5 twistramp1interp=2 twistramp2pos=1 twistramp2value=0.5 twistramp2interp=2,dist inset
AB::StreetLightGenerator::2.2,/obj/AnalysisHolder/probe_133/subnet2/polyextrude2,polyextrude::2.0,,1,12,medium,outputfrontgrp=1 outputsidegrp=1 thicknessramp1value=1 thicknessramp1interp=2 thicknessramp2pos=1 thicknessramp2value=1 thicknessramp2interp=2 twistramp1value=0.5 twistramp1interp=2 twistramp2pos=1 twistramp2value=0.5 twistramp2interp=2,dist
AB::StreetLightGenerator::2.2,/obj/AnalysisHolder/probe_133/subnet2/polyextrude3,polyextrude::2.0,,1,12,medium,outputfrontgrp=1 outputsidegrp=1 thicknessramp1value=1 thicknessramp1interp=2 thicknessramp2pos=1 thicknessramp2value=1 thicknessramp2interp=2 twistramp1value=0.5 twistramp1interp=2 twistramp2pos=1 twistramp2value=0.5 twistramp2interp=2,dist
AB::StreetLightGenerator::2.2,/obj/AnalysisHolder/probe_133/subnet2/polyextrude5,polyextrude::2.0,,2,12,medium,xformfront=1 xformspace=1 thicknessramp1value=1 thicknessramp1interp=2 thicknessramp2pos=1 thicknessramp2value=1 thicknessramp2interp=2 twistramp1value=0.5 twistramp1interp=2 twistramp2pos=1 twistramp2value=0.5 twistramp2interp=2,dist translatey
AB::StreetLightGenerator::2.2,/obj/AnalysisHolder/probe_133/subnet2/polyextrude6,polyextrude::2.0,,1,14,medium,inset=-0.001 xformfront=1 xformspace=1 outputfrontgrp=1 thicknessramp1value=1 thicknessramp1interp=2 thicknessramp2pos=1 thicknessramp2value=1 thicknessramp2interp=2 twistramp1value=0.5 twistramp1interp=2 twistramp2pos=1 twistramp2value=0.5 twistramp2interp=2,scalex
AB::StreetLightGenerator::2.2,/obj/AnalysisHolder/probe_133/subnet2/polyextrude7,polyextrude::2.0,,1,11,medium,outputsidegrp=1 thicknessramp1value=1 thicknessramp1interp=2 thicknessramp2pos=1 thicknessramp2value=1 thicknessramp2interp=2 twistramp1value=0.5 twistramp1interp=2 twistramp2pos=1 twistramp2value=0.5 twistramp2interp=2,dist
AB::StreetLightGenerator::2.2,/obj/AnalysisHolder/probe_133/subnet2/polyextrude8,polyextrude::2.0,,1,10,medium,thicknessramp1value=1 thicknessramp1interp=2 thicknessramp2pos=1 thicknessramp2value=1 thicknessramp2interp=2 twistramp1value=0.5 twistramp1interp=2 twistramp2pos=1 twistramp2value=0.5 twistramp2interp=2,dist
AB::StreetLightGenerator::2.2,/obj/AnalysisHolder/probe_133/subnet2/polyextrude9,polyextrude::2.0,,1,10,medium,thicknessramp1value=1 thicknessramp1interp=2 thicknessramp2pos=1 thicknessramp2value=1 thicknessramp2interp=2 twistramp1value=0.5 twistramp1interp=2 twistramp2pos=1 twistramp2value=0.5 twistramp2interp=2,dist
AB::StreetLightGenerator::2.2,/obj/AnalysisHolder/probe_133/WalkCreate_01/polybevel1,polybevel::3.0,,1,8,medium,grouptype=1 offset=0.06 divisions=6 profileramp1value=0.5 profileramp1interp=2 profileramp2pos=1 profileramp2value=0.5 profileramp2interp=2,filletshape
AB::StreetLightGenerator::2.2,/obj/AnalysisHolder/probe_133/WalkCreate_01/color1,color,,3,5,medium,class=3 ramp2pos=1 ramp2cr=1 ramp2cg=1 ramp2cb=1,colorb colorg colorr
AB::StreetLightGenerator::2.2,/obj/AnalysisHolder/probe_133/WalkCreate_01/color2,color,,3,5,medium,class=3 ramp2pos=1 ramp2cr=1 ramp2cg=1 ramp2cb=1,colorb colorg colorr
AB::StreetLightGenerator::2.2,/obj/AnalysisHolder/probe_133/WalkCreate_01/color3,color,,3,5,medium,class=3 ramp2pos=1 ramp2cr=1 ramp2cg=1 ramp2cb=1,colorb colorg colorr
AB::StreetLightGenerator::2.2,/obj/AnalysisHolder/probe_133/WalkCreate_01/polyextrude5,polyextrude::2.0,,1,11,medium,inset=0.012 thicknessramp1value=1 thicknessramp1interp=2 thicknessramp2pos=1 thicknessramp2value=1 thicknessramp2interp=2 twistramp1value=0.5 twistramp1interp=2 twistramp2pos=1 twistramp2value=0.5 twistramp2interp=2,dist
AB::StreetLightGenerator::2.2,/obj/AnalysisHolder/probe_133/CreateLightStem_01/add1,add,pt2 pt4,24,4,high,points=14 weight6=1.92477 pt2x=0.05 pt4x=0.02,pt0x pt10x pt10y pt11x pt11y pt12x pt12y pt13y pt1x pt1y pt2y pt3x pt3y pt4y pt5x pt5y pt6x pt6y pt7x pt7y pt8x pt8y pt9x pt9y
AB::StreetLightGenerator::2.2,/obj/AnalysisHolder/probe_133/CreateLightStem_01/color1,color,,3,5,medium,class=3 ramp2pos=1 ramp2cr=1 ramp2cg=1 ramp2cb=1,colorb colorg colorr
AB::StreetSignGenerator::3.0,/obj/AnalysisHolder/probe_134/CreatePoles/circle1,circle,,1,6,medium,type=2 orient=2 reverse=0 radx=0.5 rady=0.5 ry=180,scale
AB::StreetSignGenerator::3.0,/obj/AnalysisHolder/probe_134/CreatePoles/transform1,xform,,1,1,medium,parmgroup_pivotxform=1,ty
AB::StreetSignGenerator::3.0,/obj/AnalysisHolder/probe_134/CreatePoles/add1,add,,3,5,medium,stdswitcher1=1 points=4 switcher1=1 closedall=1 pt0x=1,pt1x pt1z pt2z
AB::StreetSignGenerator::3.0,/obj/AnalysisHolder/probe_134/CreatePoles/transform2,xform,,1,1,medium,parmgroup_pivotxform=1,scale
AB::StreetSignGenerator::3.0,/obj/AnalysisHolder/probe_134/CreatePoles/CreateRoundPole/circle2,circle,,2,3,medium,type=2 orient=2 reverse=0,radx rady
AB::StreetSignGenerator::3.0,/obj/AnalysisHolder/probe_134/CreatePoles/CreateRoundPole/transform1,xform,,1,4,medium,px=0 py=0 pz=0 updatenmls=1,ty
AB::StreetSignGenerator::3.0,/obj/AnalysisHolder/probe_134/CreatePoles/CreateRoundPole/convert2,convert,,1,2,medium,stdswitcher1=1 divv=0,divu
AB::StreetSignGenerator::3.0,/obj/AnalysisHolder/probe_134/CreatePoles/CreateRoundPole/convert3,convert,,1,2,medium,stdswitcher1=1 divv=6,divu
AB::StreetSignGenerator::3.0,/obj/AnalysisHolder/probe_134/CreatePoles/CreateSquarePole/grid2,grid,,2,2,medium,rows=2 cols=2,sizex sizey
AB::StreetSignGenerator::3.0,/obj/AnalysisHolder/probe_134/CreatePoles/CreateSquarePole/polyextrude1,polyextrude::2.0,,1,11,medium,outputback=1 thicknessramp1value=1 thicknessramp1interp=2 thicknessramp2pos=1 thicknessramp2value=1 thicknessramp2interp=2 twistramp1value=0.5 twistramp1interp=2 twistramp2pos=1 twistramp2value=0.5 twistramp2interp=2,dist
AB::StreetSignGenerator::3.0,/obj/AnalysisHolder/probe_134/CreatePoles/CreateSquarePole/polyextrude2,polyextrude::2.0,,1,11,medium,outputback=1 thicknessramp1value=1 thicknessramp1interp=2 thicknessramp2pos=1 thicknessramp2value=1 thicknessramp2interp=2 twistramp1value=0.5 twistramp1interp=2 twistramp2pos=1 twistramp2value=0.5 twistramp2interp=2,dist
AB::StreetSignGenerator::3.0,/obj/AnalysisHolder/probe_134/CreatePoles/CreateSquarePole/divide1,divide,,2,1,medium,numsides=4,sizey sizez
AB::StreetSignGenerator::3.0,/obj/AnalysisHolder/probe_134/StreetSign/transform2,xform,,1,1,medium,parmgroup_pivotxform=1,tz
AB::StreetSignGenerator::3.0,/obj/AnalysisHolder/probe_134/StreetSign/line2,line,,1,1,medium,dist=0.25,originy
AB::StreetSignGenerator::3.0,/obj/AnalysisHolder/probe_134/StreetSign/transform3,xform,,1,1,medium,parmgroup_pivotxform=1,tz
AB::StreetSignGenerator::3.0,/obj/AnalysisHolder/probe_134/StreetSign/transform6,xform,,1,1,medium,parmgroup_pivotxform=1,ry
AB::StreetSignGenerator::3.0,/obj/AnalysisHolder/probe_134/StreetSign/transform7,xform,,1,1,medium,parmgroup_pivotxform=1,ry
AB::StreetSignGenerator::3.0,/obj/AnalysisHolder/probe_134/mats/Metal_Galvanized_01,principledshader::2.0,,5,9,medium,diffuse_folder_151=2 folder7=1 folder4=1 folder12=1 folder13=1 folder8=1 folder11=1 folder9=1 basecolor_useTexture=1,baseBump_useTexture baseNormal_useTexture shop_disable_displace_shader specular_tint vm_displacebound
AB::StreetSignGenerator::3.0,/obj/AnalysisHolder/probe_134/mats/Wood_01,principledshader::2.0,,5,8,medium,folder7=1 folder4=1 folder12=1 folder13=1 folder8=1 folder11=1 folder9=1 basecolor_useTexture=1,baseBump_useTexture baseNormal_useTexture shop_disable_displace_shader specular_tint vm_displacebound
AB::StreetSignGenerator::3.0,/obj/AnalysisHolder/probe_134/mats/Concrete_01,principledshader::2.0,,5,14,medium,diffuse_folder_151=2 folder7=1 folder4=1 folder12=1 folder13=1 folder8=1 folder11=1 folder9=1 basecolorr=1 basecolorg=1 basecolorb=1 basecolor_useTexture=1 rough_useTexture=1 baseBumpAndNormal_enable=1,baseBump_useTexture baseNormal_useTexture shop_disable_displace_shader specular_tint vm_displacebound
AB::SubdivideLots::2.0,/obj/AnalysisHolder/probe_135/extra_middle_point,carve,,1,2,medium,stdswitcher1=1 extractop=1,domainu1
AB::SubdivideLots::2.0,/obj/AnalysisHolder/probe_135/foreach_end2,block_end,,1,1,medium,itermethod=2,iterations
AB::SubdivideLots::2.0,/obj/AnalysisHolder/probe_135/switch1,switch,,1,1,medium,pow=1,input
AB::SubdivideLots::2.0,/obj/AnalysisHolder/probe_135/add1,add,pt0,2,2,high,points=1 pt0y=0,pt0x pt0z
AB::SubdivideLots::2.0,/obj/AnalysisHolder/probe_135/BRUTE_FORCE_REMOVE_SHARED_EDGES/contract_back_to_original,polyextrude::2.0,,1,11,medium,outputside=0 thicknessramp1value=1 thicknessramp1interp=2 thicknessramp2pos=1 thicknessramp2value=1 thicknessramp2interp=2 twistramp1value=0.5 twistramp1interp=2 twistramp2pos=1 twistramp2value=0.5 twistramp2interp=2,inset
AB::SubdivideLots::2.0,/obj/AnalysisHolder/probe_135/cluster_points,cluster,,2,2,medium,initial_threshold=0 final_threshold=0.37,num_clusters random_seed
AB::SubdivideLots::2.0,/obj/AnalysisHolder/probe_135/sop_color_adjustment1,labs::color_adjustment,,1,1,medium,brightness=1,gamma
AB::SubdivideLots::2.0,/obj/AnalysisHolder/probe_135/foreach_end5,block_end,,1,1,medium,itermethod=2,iterations
AB::SubdivideLots::2.0,/obj/AnalysisHolder/probe_135/foreach_end7,block_end,,1,1,medium,itermethod=2,iterations
AB::SubdivideLots::2.0,/obj/AnalysisHolder/probe_135/attribwrangle3,attribwrangle,,26,1,medium,Seed_RampColor=4,Ramp_Color Ramp_Color1cb Ramp_Color1cg Ramp_Color1cr Ramp_Color1interp Ramp_Color1pos Ramp_Color2cb Ramp_Color2cg Ramp_Color2cr Ramp_Color2interp Ramp_Color2pos Ramp_Color3cb Ramp_Color3cg Ramp_Color3cr Ramp_Color3interp Ramp_Color3pos Ramp_Color4cb Ramp_Color4cg Ramp_Color4cr Ramp_Color4interp Ramp_Color4pos Ramp_Color5cb Ramp_Color5cg Ramp_Color5cr Ramp_Color5interp Ramp_Color5pos
AB::SubdivideLots::2.0,/obj/AnalysisHolder/probe_135/transform1,xform,,1,1,medium,parmgroup_pivotxform=1,px
AB::SuperFormula::1.0,/obj/AnalysisHolder/probe_136/attribwrangle1,attribwrangle,,3,1,medium,class=0,n1 n2 n3
AB::TowerGenerator::1.0,/obj/AnalysisHolder/probe_137/transform1,xform,,2,4,medium,parmgroup_pivotxform=1 px=0 py=0 pz=0,scale ty
AB::TowerGenerator::1.0,/obj/AnalysisHolder/probe_137/convert2,convert,,1,2,medium,stdswitcher1=1 divu=0,divv
AB::TowerGenerator::1.0,/obj/AnalysisHolder/probe_137/polyextrude5,polyextrude::2.0,,1,13,medium,xformfront=1 xformspace=1 outputfront=0 thicknessramp1value=1 thicknessramp1interp=2 thicknessramp2pos=1 thicknessramp2value=1 thicknessramp2interp=2 twistramp1value=0.5 twistramp1interp=2 twistramp2pos=1 twistramp2value=0.5 twistramp2interp=2,translatex
AB::TowerGenerator::1.0,/obj/AnalysisHolder/probe_137/polyextrude6,polyextrude::2.0,,1,13,medium,xformfront=1 xformspace=1 outputfront=0 thicknessramp1value=1 thicknessramp1interp=2 thicknessramp2pos=1 thicknessramp2value=1 thicknessramp2interp=2 twistramp1value=0.5 twistramp1interp=2 twistramp2pos=1 twistramp2value=0.5 twistramp2interp=2,translatez
AB::TowerGenerator::1.0,/obj/AnalysisHolder/probe_137/polyextrude7,polyextrude::2.0,,1,13,medium,xformfront=1 xformspace=1 outputfront=0 thicknessramp1value=1 thicknessramp1interp=2 thicknessramp2pos=1 thicknessramp2value=1 thicknessramp2interp=2 twistramp1value=0.5 twistramp1interp=2 twistramp2pos=1 twistramp2value=0.5 twistramp2interp=2,translatex
AB::TowerGenerator::1.0,/obj/AnalysisHolder/probe_137/polyextrude8,polyextrude::2.0,,1,13,medium,xformfront=1 xformspace=1 outputfront=0 thicknessramp1value=1 thicknessramp1interp=2 thicknessramp2pos=1 thicknessramp2value=1 thicknessramp2interp=2 twistramp1value=0.5 twistramp1interp=2 twistramp2pos=1 twistramp2value=0.5 twistramp2interp=2,translatez
AB::TowerGenerator::1.0,/obj/AnalysisHolder/probe_137/polyextrude11,polyextrude::2.0,,1,11,medium,outputback=1 thicknessramp1value=1 thicknessramp1interp=2 thicknessramp2pos=1 thicknessramp2value=1 thicknessramp2interp=2 twistramp1value=0.5 twistramp1interp=2 twistramp2pos=1 twistramp2value=0.5 twistramp2interp=2,dist
AB::TowerGenerator::1.0,/obj/AnalysisHolder/probe_137/grid2,grid,,2,4,medium,orient=0 ry=180 rows=2 cols=2,sizex sizey
AB::TowerGenerator::1.0,/obj/AnalysisHolder/probe_137/polybevel1,polybevel::3.0,,1,7,medium,grouptype=1 divisions=12 profileramp1value=0.5 profileramp1interp=2 profileramp2pos=1 profileramp2value=0.5 profileramp2interp=2,offset
AB::TowerGenerator::1.0,/obj/AnalysisHolder/probe_137/polyextrude12,polyextrude::2.0,,1,11,medium,outputback=1 thicknessramp1value=1 thicknessramp1interp=2 thicknessramp2pos=1 thicknessramp2value=1 thicknessramp2interp=2 twistramp1value=0.5 twistramp1interp=2 twistramp2pos=1 twistramp2value=0.5 twistramp2interp=2,dist
AB::TowerGenerator::1.0,/obj/AnalysisHolder/probe_137/transform3,xform,s,1,2,high,sx=0.98 parmgroup_pivotxform=1,sz
AB::TowerGenerator::1.0,/obj/AnalysisHolder/probe_137/transform6,xform,s,1,2,high,sx=1.02 parmgroup_pivotxform=1,sz
AB::TowerGenerator::1.0,/obj/AnalysisHolder/probe_137/transform4,xform,,1,4,medium,parmgroup_pivotxform=1 px=0 py=0 pz=0,ty
AB::TowerGenerator::1.0,/obj/AnalysisHolder/probe_137/transform9,xform,,1,1,medium,parmgroup_pivotxform=1,scale
AB::TowerGenerator::1.0,/obj/AnalysisHolder/probe_137/polybevel2,polybevel::3.0,,3,6,medium,grouptype=3 profileramp1value=0.5 profileramp1interp=2 profileramp2pos=1 profileramp2value=0.5 profileramp2interp=2,divisions filletshape offset
AB::TowerGenerator::1.0,/obj/AnalysisHolder/probe_137/matnet1/Metal_GalvanizedRusty_01/MechanicalsMetal,principledshader::2.0,,5,13,medium,folder7=1 folder4=1 folder12=1 folder13=1 folder8=1 folder11=1 folder9=1 basecolorr=0.2 basecolorg=0.2 basecolorb=0.2 rough=0.4 metallic=1 baseBumpAndNormal_enable=1,baseBump_useTexture baseNormal_useTexture shop_disable_displace_shader specular_tint vm_displacebound
AB::TowerGenerator::1.0,/obj/AnalysisHolder/probe_137/matnet1/Metal_GalvanizedRusty_01/surfaceexports1/bind1,bind,,1,4,medium,overridetype=1 useasparmdefiner=1 useownexportcontext=1 exportparm=1,parmname
AB::TowerGenerator::1.0,/obj/AnalysisHolder/probe_137/matnet1/Metal_GalvanizedRusty_01/surfaceexports1/bind4,bind,,1,4,medium,overridetype=1 useasparmdefiner=1 useownexportcontext=1 exportparm=1,parmname
AB::TowerGenerator::1.0,/obj/AnalysisHolder/probe_137/matnet1/Metal_GalvanizedRusty_01/surfaceexports1/bind5,bind,,1,4,medium,overridetype=1 useasparmdefiner=1 useownexportcontext=1 exportparm=1,parmname
AB::TowerGenerator::1.0,/obj/AnalysisHolder/probe_137/matnet1/Metal_GalvanizedRusty_01/surfaceexports1/bind6,bind,,1,4,medium,overridetype=1 useasparmdefiner=1 useownexportcontext=1 exportparm=1,parmname
AB::TowerGenerator::1.0,/obj/AnalysisHolder/probe_137/matnet1/Metal_GalvanizedRusty_01/surfaceexports1/bind7,bind,,1,4,medium,overridetype=1 useasparmdefiner=1 useownexportcontext=1 exportparm=1,parmname
AB::TowerGenerator::1.0,/obj/AnalysisHolder/probe_137/matnet1/Metal_GalvanizedRusty_01/surfaceexports1/bind8,bind,,1,4,medium,overridetype=1 useasparmdefiner=1 useownexportcontext=1 exportparm=1,parmname
AB::TowerGenerator::1.0,/obj/AnalysisHolder/probe_137/matnet1/Metal_GalvanizedRusty_01/surfaceexports1/bind9,bind,,1,4,medium,overridetype=1 useasparmdefiner=1 useownexportcontext=1 exportparm=1,parmname
AB::TowerGenerator::1.0,/obj/AnalysisHolder/probe_137/matnet1/Metal_GalvanizedRusty_01/surfaceexports1/bind10,bind,,1,4,medium,overridetype=1 useasparmdefiner=1 useownexportcontext=1 exportparm=1,parmname
AB::TowerGenerator::1.0,/obj/AnalysisHolder/probe_137/matnet1/Metal_GalvanizedRusty_01/surfaceexports1/bind11,bind,,1,4,medium,overridetype=1 useasparmdefiner=1 useownexportcontext=1 exportparm=1,parmname
AB::TowerGenerator::1.0,/obj/AnalysisHolder/probe_137/matnet1/Metal_GalvanizedRusty_01/surfaceexports1/bind12,bind,,1,4,medium,overridetype=1 useasparmdefiner=1 useownexportcontext=1 exportparm=1,parmname
AB::TowerGenerator::1.0,/obj/AnalysisHolder/probe_137/matnet1/Metal_GalvanizedRusty_01/surfaceexports1/bind13,bind,,1,4,medium,overridetype=1 useasparmdefiner=1 useownexportcontext=1 exportparm=1,parmname
AB::TowerGenerator::1.0,/obj/AnalysisHolder/probe_137/matnet1/Metal_GalvanizedRusty_01/surfaceexports1/bind14,bind,,1,4,medium,overridetype=1 useasparmdefiner=1 useownexportcontext=1 exportparm=1,parmname
AB::TowerGenerator::1.0,/obj/AnalysisHolder/probe_137/matnet1/Metal_GalvanizedRusty_01/surfaceexports1/bind15,bind,,1,4,medium,overridetype=1 useasparmdefiner=1 useownexportcontext=1 exportparm=1,parmname
AB::TowerGenerator::1.0,/obj/AnalysisHolder/probe_137/matnet1/Metal_GalvanizedRusty_01/surfaceexports1/bind16,bind,,1,4,medium,overridetype=1 useasparmdefiner=1 useownexportcontext=1 exportparm=1,parmname
AB::TowerGenerator::1.0,/obj/AnalysisHolder/probe_137/matnet1/Metal_GalvanizedRusty_01/surfaceexports1/bind17,bind,,1,4,medium,overridetype=1 useasparmdefiner=1 useownexportcontext=1 exportparm=1,parmname
AB::TowerGenerator::1.0,/obj/AnalysisHolder/probe_137/matnet1/Metal_GalvanizedRusty_01/surfaceexports1/bind18,bind,,1,4,medium,overridetype=1 useasparmdefiner=1 useownexportcontext=1 exportparm=1,parmname
AB::TowerGenerator::1.0,/obj/AnalysisHolder/probe_137/matnet1/Metal_GalvanizedRusty_01/surfaceexports1/bind19,bind,,1,4,medium,overridetype=1 useasparmdefiner=1 useownexportcontext=1 exportparm=1,parmname
AB::TowerGenerator::1.0,/obj/AnalysisHolder/probe_137/matnet1/Metal_GalvanizedRusty_01/surfaceexports1/bind20,bind,,1,4,medium,overridetype=1 useasparmdefiner=1 useownexportcontext=1 exportparm=1,parmname
AB::TowerGenerator::1.0,/obj/AnalysisHolder/probe_137/matnet1/Metal_GalvanizedRusty_01/surfaceexports1/bind21,bind,,1,4,medium,overridetype=1 useasparmdefiner=1 useownexportcontext=1 exportparm=1,parmname
AB::TowerGenerator::1.0,/obj/AnalysisHolder/probe_137/matnet1/Metal_GalvanizedRusty_01/surfaceexports1/bind22,bind,,1,4,medium,overridetype=1 useasparmdefiner=1 useownexportcontext=1 exportparm=1,parmname
AB::TowerGenerator::1.0,/obj/AnalysisHolder/probe_137/matnet1/Metal_GalvanizedRusty_01/surfaceexports1/bind23,bind,,1,4,medium,overridetype=1 useasparmdefiner=1 useownexportcontext=1 exportparm=1,parmname
AB::TowerGenerator::1.0,/obj/AnalysisHolder/probe_137/matnet1/Metal_GalvanizedRusty_01/surfaceexports1/bind24,bind,,1,4,medium,overridetype=1 useasparmdefiner=1 useownexportcontext=1 exportparm=1,parmname
AB::TowerGenerator::1.0,/obj/AnalysisHolder/probe_137/matnet1/Metal_GalvanizedRusty_01/surfaceexports1/bind25,bind,,1,4,medium,overridetype=1 useasparmdefiner=1 useownexportcontext=1 exportparm=1,parmname
AB::TowerGenerator::1.0,/obj/AnalysisHolder/probe_137/matnet1/Metal_GalvanizedRusty_01/surfaceexports1/computelighting1/layerexport10/parm1,parameter,,1,3,medium,hasconnector=0 exportparm=2 invisible=1,parmtype
AB::TowerGenerator::1.0,/obj/AnalysisHolder/probe_137/matnet1/Metal_GalvanizedRusty_01/surfaceexports1/computelighting1/layerexport11/parm1,parameter,,1,3,medium,hasconnector=0 exportparm=2 invisible=1,parmtype
AB::TowerGenerator::1.0,/obj/AnalysisHolder/probe_137/matnet1/Metal_GalvanizedRusty_01/surfaceexports1/computelighting1/layerexport12/parm1,parameter,,1,3,medium,hasconnector=0 exportparm=2 invisible=1,parmtype
AB::TowerGenerator::1.0,/obj/AnalysisHolder/probe_137/matnet1/Metal_GalvanizedRusty_01/surfaceexports1/computelighting1/layerexport13/parm1,parameter,,1,3,medium,hasconnector=0 exportparm=2 invisible=1,parmtype
AB::TowerGenerator::1.0,/obj/AnalysisHolder/probe_137/matnet1/Metal_GalvanizedRusty_01/principledshader1,principledshader::2.0,,5,11,medium,folder7=1 folder4=1 folder12=1 folder13=1 folder8=1 folder11=1 folder9=1 basecolorr=1 basecolorg=1 basecolorb=1 rough=0.65,baseBump_useTexture baseNormal_useTexture shop_disable_displace_shader specular_tint vm_displacebound
AB::TowerGenerator::1.0,/obj/AnalysisHolder/probe_137/matnet1/principledshader1,principledshader::2.0,,5,7,medium,folder7=1 folder4=1 folder12=1 folder13=1 folder8=1 folder11=1 folder9=1,baseBump_useTexture baseNormal_useTexture shop_disable_displace_shader specular_tint vm_displacebound
AB::TowerGenerator::1.0,/obj/AnalysisHolder/probe_137/MetalExtrusionMaker2,AB::MetalExtrusionMaker::2.0,,3,1,medium,axis=2,height thick width
AB::TrashCanGenerator::2.0,/obj/AnalysisHolder/probe_138/CreateTrashCan_01/create_graphic/color1,color,,3,5,medium,class=3 ramp2pos=1 ramp2cr=1 ramp2cg=1 ramp2cb=1,colorb colorg colorr
AB::TrashCanGenerator::2.0,/obj/AnalysisHolder/probe_138/CreateTrashCan_01/create_graphic/circle1,circle,,1,3,medium,type=2 orient=1 reverse=0,scale
AB::TrashCanGenerator::2.0,/obj/AnalysisHolder/probe_138/CreateTrashCan_01/create_trash_can_base/color2,color,,3,5,medium,class=3 ramp2pos=1 ramp2cr=1 ramp2cg=1 ramp2cb=1,colorb colorg colorr
AB::TrashCanGenerator::2.0,/obj/AnalysisHolder/probe_138/CreateTrashCan_01/create_trash_can_base/color3,color,,3,5,medium,class=3 ramp2pos=1 ramp2cr=1 ramp2cg=1 ramp2cb=1,colorb colorg colorr
AB::TrashCanGenerator::2.0,/obj/AnalysisHolder/probe_138/CreateTrashCan_01/mats/SP_trashcan/parm_metallic,parameter,,1,1,medium,rangeint2=1,parmprefix
AB::TrashCanGenerator::2.0,/obj/AnalysisHolder/probe_138/CreateTrashCan_01/mats/SP_trashcan/parm_reflecttint,parameter,,1,1,medium,rangeint2=1,parmprefix
AB::TrashCanGenerator::2.0,/obj/AnalysisHolder/probe_138/CreateTrashCan_01/mats/SP_trashcan/parm_coat,parameter,,1,1,medium,rangeint2=1,parmprefix
AB::TrashCanGenerator::2.0,/obj/AnalysisHolder/probe_138/CreateTrashCan_01/mats/SP_trashcan/parm_basecolor,parameter,,1,5,medium,parmtype=19 colordefr=0.2 colordefg=0.2 colordefb=0.2 rangeint2=1,parmprefix
AB::UtilityPoleGenerator::3.0,/obj/AnalysisHolder/probe_140/subnet3/resample1,resample,,1,2,medium,dolength=0 dosegs=1,segs
AB::UtilityPoleGenerator::3.0,/obj/AnalysisHolder/probe_140/CreateDetails/line2,line,,1,2,medium,diry=0 dirz=1,dist
AB::UtilityPoleGenerator::3.0,/obj/AnalysisHolder/probe_140/CreateDetails/AddStraps/transform1,xform,r,1,1,high,rx=0.5,rz
AB::UtilityPoleGenerator::3.0,/obj/AnalysisHolder/probe_140/CreateDetails/AddStraps/transform7,xform,r,1,1,high,rx=0.5,rz
AB::UtilityPoleGenerator::3.0,/obj/AnalysisHolder/probe_140/CreateDetails/AddStraps/color1,color,,3,5,medium,class=3 ramp2pos=1 ramp2cr=1 ramp2cg=1 ramp2cb=1,colorb colorg colorr
AB::UtilityPoleGenerator::3.0,/obj/AnalysisHolder/probe_140/CreateDetails/color1,color,,3,5,medium,class=3 ramp2pos=1 ramp2cr=1 ramp2cg=1 ramp2cb=1,colorb colorg colorr
AB::UtilityPoleGenerator::3.0,/obj/AnalysisHolder/probe_140/CreateHorizonralWood/HorizWood/box1,box,,3,3,medium,divrate1=5 divrate2=2 divrate3=2,sizex sizey sizez
AB::UtilityPoleGenerator::3.0,/obj/AnalysisHolder/probe_140/CreateHorizonralWood/HorizWood/polybevel1,polybevel::2.0,,1,7,medium,grouptype=2 filletshape=4 profileramp1value=0.5 profileramp1interp=2 profileramp2pos=1 profileramp2value=0.5 profileramp2interp=2,offset
AB::UtilityPoleGenerator::3.0,/obj/AnalysisHolder/probe_140/CreateHorizonralWood/HorizWood/line1,line,,1,2,medium,dirx=1 diry=0,dist
AB::UtilityPoleGenerator::3.0,/obj/AnalysisHolder/probe_140/CreateHorizonralWood/HorizWood/resample1,resample,,1,2,medium,dolength=0 dosegs=1,segs
AB::UtilityPoleGenerator::3.0,/obj/AnalysisHolder/probe_140/CreateHorizonralWood/color1,color,,3,4,medium,ramp2pos=1 ramp2cr=1 ramp2cg=1 ramp2cb=1,colorb colorg colorr
AB::UtilityPoleGenerator::3.0,/obj/AnalysisHolder/probe_140/CreateElectricalParts/VerticalConnector_002/sphere1,sphere,,1,2,medium,type=2 scale=0.26,cols
AB::UtilityPoleGenerator::3.0,/obj/AnalysisHolder/probe_140/CreateElectricalParts/VerticalConnector_002/sphere2,sphere,,1,1,medium,type=2,cols
AB::UtilityPoleGenerator::3.0,/obj/AnalysisHolder/probe_140/CreateElectricalParts/ut_pole_strap_001/box1,box,size,1,2,high,sizex=0.04 sizez=0.005,sizey
AB::UtilityPoleGenerator::3.0,/obj/AnalysisHolder/probe_140/CreateElectricalParts/ut_pole_strap_001/transform1,xform,t,1,6,high,tx=0 ty=0 px=0 py=0 pz=0 updatenmls=1,tz
AB::UtilityPoleGenerator::3.0,/obj/AnalysisHolder/probe_140/CreateElectricalParts/ut_pole_strap_001/transform3,xform,,2,1,medium,scale=0.213,rx tx
AB::UtilityPoleGenerator::3.0,/obj/AnalysisHolder/probe_140/MainPole/uvtransform3,uvtransform::2.0,s,1,3,high,ty=0 sy=0 py=0,sx
AB::UtilityPoleGenerator::3.0,/obj/AnalysisHolder/probe_140/MainPole/polybevel1,polybevel::2.0,,1,9,medium,filletshape=4 divisions=9 usecornerprims=1 useedgeprims=1 profileramp1value=0.5 profileramp1interp=2 profileramp2pos=1 profileramp2value=0.5 profileramp2interp=2,offset
AB::UtilityPoleGenerator::3.0,/obj/AnalysisHolder/probe_140/MainPole/color1,color,,3,4,medium,ramp2pos=1 ramp2cr=1 ramp2cg=1 ramp2cb=1,colorb colorg colorr
AB::UtilityPoleGenerator::3.0,/obj/AnalysisHolder/probe_140/MainPole/uvtransform4,uvtransform::2.0,s,1,5,high,tx=0 ty=0 sx=0 px=0 py=0,sy
AB::UtilityPoleGenerator::3.0,/obj/AnalysisHolder/probe_140/MainPole/uvtransform5,uvtransform::2.0,s,1,5,high,tx=0 ty=0 sx=0 px=0 py=0,sy
AB::UtilityPoleGenerator::3.0,/obj/AnalysisHolder/probe_140/create_nurbs_pole/tube1,tube,,1,3,medium,type=3 rad1=0.15 rad2=0.25,height
AB::UtilityPoleGenerator::3.0,/obj/AnalysisHolder/probe_140/create_nurbs_pole/tube2,tube,,1,5,medium,type=3 rad1=0.15 rad2=0.25 cols=4 orderu=2,height
AB::UtilityPoleGenerator::3.0,/obj/AnalysisHolder/probe_140/assemb_transformer/transform4,xform,,1,4,medium,parmgroup_pivotxform=1 px=0 py=0 pz=0,tx
AB::UtilityPoleGenerator::3.0,/obj/AnalysisHolder/probe_140/Assembley/transform4,xform,,1,1,medium,parmgroup_pivotxform=1,ry
AB::VDBooleans::1.0,/obj/AnalysisHolder/probe_141/sphere1,sphere,,1,4,medium,radx=0.1 rady=0.1 radz=0.1 rows=10,cols
AB::ValveGenerator::2.0,/obj/AnalysisHolder/probe_142/CreateWallValves/WallValve_001/transform1,xform,s,2,9,high,tx=0 ty=0 tz=0 sx=0 parmgroup_pivotxform=1 px=0 py=0 pz=0 addattrib=1,sy sz
AB::VentGenerator::2.0,/obj/AnalysisHolder/probe_143/DesignedVents/Vent_01/sphere1,sphere,,1,6,medium,type=2 radx=0.5 rady=0.5 radz=0.5 scale=0.5 rows=44,cols
AB::VentGenerator::2.0,/obj/AnalysisHolder/probe_143/DesignedVents/Vent_01/circle1,circle,,4,3,medium,type=1 orient=2 reverse=0,divs radx rady scale
AB::VentGenerator::2.0,/obj/AnalysisHolder/probe_143/DesignedVents/Vent_01/circle2,circle,,4,2,medium,type=1 reverse=0,divs radx rady scale
AB::VentGenerator::2.0,/obj/AnalysisHolder/probe_143/DesignedVents/Vent_01/polyextrude3,polyextrude::2.0,,1,11,medium,outputfront=0 thicknessramp1value=1 thicknessramp1interp=2 thicknessramp2pos=1 thicknessramp2value=1 thicknessramp2interp=2 twistramp1value=0.5 twistramp1interp=2 twistramp2pos=1 twistramp2value=0.5 twistramp2interp=2,inset
AB::VentGenerator::2.0,/obj/AnalysisHolder/probe_143/RoundVents/Vent_RoundWithFans/circle1,circle,,1,3,medium,type=1 reverse=0 scale=0.5,divs
AB::VentGenerator::2.0,/obj/AnalysisHolder/probe_143/RoundVents/Vent_RoundWithFans/polyextrude1,polyextrude::2.0,,1,11,medium,outputfrontgrp=1 thicknessramp1value=1 thicknessramp1interp=2 thicknessramp2pos=1 thicknessramp2value=1 thicknessramp2interp=2 twistramp1value=0.5 twistramp1interp=2 twistramp2pos=1 twistramp2value=0.5 twistramp2interp=2,dist
AB::VentGenerator::2.0,/obj/AnalysisHolder/probe_143/RoundVents/Vent_RoundWithFans/transform1,xform,,1,1,medium,parmgroup_pivotxform=1,scale
AB::VentGenerator::2.0,/obj/AnalysisHolder/probe_143/RoundVents/Vent_RoundWithFans/polyextrude2,polyextrude::2.0,,1,10,medium,thicknessramp1value=1 thicknessramp1interp=2 thicknessramp2pos=1 thicknessramp2value=1 thicknessramp2interp=2 twistramp1value=0.5 twistramp1interp=2 twistramp2pos=1 twistramp2value=0.5 twistramp2interp=2,inset
AB::VentGenerator::2.0,/obj/AnalysisHolder/probe_143/RoundVents/Vent_RoundWithFans/polyextrude3,polyextrude::2.0,,1,10,medium,thicknessramp1value=1 thicknessramp1interp=2 thicknessramp2pos=1 thicknessramp2value=1 thicknessramp2interp=2 twistramp1value=0.5 twistramp1interp=2 twistramp2pos=1 twistramp2value=0.5 twistramp2interp=2,dist
AB::VentGenerator::2.0,/obj/AnalysisHolder/probe_143/RoundVents/Vent_RoundWithFans/grid1,grid,,1,8,medium,orient=0 sizex=0.399745 sizey=0.399745 tx=0 ty=0 tz=0.025 ry=180 cols=2,rows
AB::VentGenerator::2.0,/obj/AnalysisHolder/probe_143/RoundVents/Vent_RoundWithFans/transform4,xform,,1,1,medium,parmgroup_pivotxform=1,tz
AB::VentGenerator::2.0,/obj/AnalysisHolder/probe_143/RoundVents/Vent_RoundWithFans/polybevel1,polybevel::3.0,,3,6,medium,grouptype=3 profileramp1value=0.5 profileramp1interp=2 profileramp2pos=1 profileramp2value=0.5 profileramp2interp=2,divisions filletshape offset
AB::VentGenerator::2.0,/obj/AnalysisHolder/probe_143/SquareVents/subnet1/grid1,grid,,2,4,medium,orient=0 ry=180 rows=2 cols=2,sizex sizey
AB::VentGenerator::2.0,/obj/AnalysisHolder/probe_143/SquareVents/subnet1/polyextrude1,polyextrude::2.0,,1,11,medium,outputfrontgrp=1 thicknessramp1value=1 thicknessramp1interp=2 thicknessramp2pos=1 thicknessramp2value=1 thicknessramp2interp=2 twistramp1value=0.5 twistramp1interp=2 twistramp2pos=1 twistramp2value=0.5 twistramp2interp=2,inset
AB::VentGenerator::2.0,/obj/AnalysisHolder/probe_143/SquareVents/subnet1/transform1,xform,,1,1,medium,parmgroup_pivotxform=1,tz
AB::VentGenerator::2.0,/obj/AnalysisHolder/probe_143/SquareVents/subnet1/grid3,grid,,1,8,medium,orient=0 sizex=0.8 sizey=0.4 tx=0 ty=0 tz=0.05 ry=180 cols=2,rows
AB::VentGenerator::2.0,/obj/AnalysisHolder/probe_143/SquareVents/subnet1/polybevel1,polybevel::3.0,,3,6,medium,grouptype=3 profileramp1value=0.5 profileramp1interp=2 profileramp2pos=1 profileramp2value=0.5 profileramp2interp=2,divisions filletshape offset
AB::VexBrancher::1.0,/obj/AnalysisHolder/probe_144/solver1/d,dopnet,,8,2,medium,stdswitcher1=1 compresssims=0,cacheenabled cachemaxsize cachetodisk resimulate startframe substep timeoffset timestep
AB::VexBrancher::1.0,/obj/AnalysisHolder/probe_144/solver1/d/s/Prev_Frame,dopimport,,2,6,medium,singleobject=1 importstyle=1 centeratpivot=0 adddopobjectname=0 pointvels=0 donotsim=1,doposxform doxform
AB::VexBrancher::1.0,/obj/AnalysisHolder/probe_144/grid1,grid,,1,2,medium,rows=2 cols=2,sizey
AB::VictorianHouses::1.1,/obj/AnalysisHolder/probe_145/ProcessWalls/ProcessCorners/knife4,knife,,1,1,medium,knifeop=2,originy
AB::VictorianHouses::1.1,/obj/AnalysisHolder/probe_145/ProcessWalls/ProcessCorners/color1,color,,3,5,medium,class=3 ramp2pos=1 ramp2cr=1 ramp2cg=1 ramp2cb=1,colorb colorg colorr
AB::VictorianHouses::1.1,/obj/AnalysisHolder/probe_145/ProcessWalls/ProcessCorners/polyextrude2,polyextrude::2.0,,1,11,medium,outputfrontgrp=1 thicknessramp1value=1 thicknessramp1interp=2 thicknessramp2pos=1 thicknessramp2value=1 thicknessramp2interp=2 twistramp1value=0.5 twistramp1interp=2 twistramp2pos=1 twistramp2value=0.5 twistramp2interp=2,dist
AB::VictorianHouses::1.1,/obj/AnalysisHolder/probe_145/ProcessWalls/ProcessCorners/grid1,grid,,1,5,medium,orient=0 sizex=3.8 sizey=25 ry=180 cols=2,rows
AB::VictorianHouses::1.1,/obj/AnalysisHolder/probe_145/ProcessWalls/ProcessCorners/grid2,grid,,1,5,medium,orient=0 sizex=3.8 sizey=25 ry=180 cols=2,rows
AB::VictorianHouses::1.1,/obj/AnalysisHolder/probe_145/ProcessWalls/ProcessCorners/polyextrude3,polyextrude::2.0,,1,11,medium,outputfrontgrp=1 thicknessramp1value=1 thicknessramp1interp=2 thicknessramp2pos=1 thicknessramp2value=1 thicknessramp2interp=2 twistramp1value=0.5 twistramp1interp=2 twistramp2pos=1 twistramp2value=0.5 twistramp2interp=2,dist
AB::VictorianHouses::1.1,/obj/AnalysisHolder/probe_145/ProcessWalls/ProcessCorners/polyextrude4,polyextrude::2.0,,2,10,medium,thicknessramp1value=1 thicknessramp1interp=2 thicknessramp2pos=1 thicknessramp2value=1 thicknessramp2interp=2 twistramp1value=0.5 twistramp1interp=2 twistramp2pos=1 twistramp2value=0.5 twistramp2interp=2,dist inset
AB::VictorianHouses::1.1,/obj/AnalysisHolder/probe_145/ProcessWalls/ProcessCorners/polyextrude6,polyextrude::2.0,,1,11,medium,outputfrontgrp=1 thicknessramp1value=1 thicknessramp1interp=2 thicknessramp2pos=1 thicknessramp2value=1 thicknessramp2interp=2 twistramp1value=0.5 twistramp1interp=2 twistramp2pos=1 twistramp2value=0.5 twistramp2interp=2,dist
AB::VictorianHouses::1.1,/obj/AnalysisHolder/probe_145/ProcessWalls/ProcessWalls/EntryLevelWalls/CreateDoorWalls/DoorsCreateCopies1,AB::DoorsCreateCopies::1.0,,15,1,medium,WinWallBaseHeight=1.199,AboveWindowHeight InsetDoorDepth RS_DoorFrameColorb RS_DoorFrameColorg RS_DoorFrameColorr RS_DoorGlassColorb RS_DoorGlassColorg RS_DoorGlassColorr RS_DoorStyle RS_HandleStyle WinWallSides colorb colorg colorr handle_side
AB::VictorianHouses::1.1,/obj/AnalysisHolder/probe_145/ProcessWalls/ProcessWalls/EntryLevelWalls/CreateDoorWalls/DoorsCreateCopies1/CreateWindowWallDivs/polyextrude1,polyextrude::2.0,,1,11,medium,outputsidegrp=1 thicknessramp1value=1 thicknessramp1interp=2 thicknessramp2pos=1 thicknessramp2value=1 thicknessramp2interp=2 twistramp1value=0.5 twistramp1interp=2 twistramp2pos=1 twistramp2value=0.5 twistramp2interp=2,dist
AB::VictorianHouses::1.1,/obj/AnalysisHolder/probe_145/ProcessWalls/ProcessWalls/EntryLevelWalls/CreateDoorWalls/DoorsCreateCopies1/CreateWindowWallDivs/knife4,knife,,1,3,medium,knifeop=1 dirx=1 diry=0,originx
AB::VictorianHouses::1.1,/obj/AnalysisHolder/probe_145/ProcessWalls/ProcessWalls/EntryLevelWalls/CreateDoorWalls/DoorsCreateCopies1/CreateWindowWallDivs/knife5,knife,,1,2,medium,dirx=1 diry=0,originx
AB::VictorianHouses::1.1,/obj/AnalysisHolder/probe_145/ProcessWalls/ProcessWalls/EntryLevelWalls/CreateDoorWalls/DoorsCreateCopies1/CreateWindowWallDivs/knife6,knife,,1,2,medium,dirx=1 diry=0,originx
AB::VictorianHouses::1.1,/obj/AnalysisHolder/probe_145/ProcessWalls/ProcessWalls/EntryLevelWalls/CreateDoorWalls/DoorsCreateCopies1/CreateWindowWallDivs/knife7,knife,,1,3,medium,knifeop=1 dirx=1 diry=0,originx
AB::VictorianHouses::1.1,/obj/AnalysisHolder/probe_145/ProcessWalls/ProcessWalls/EntryLevelWalls/CreateDoorWalls/DoorsCreateCopies1/color1,color,,3,5,medium,class=3 ramp2pos=1 ramp2cr=1 ramp2cg=1 ramp2cb=1,colorb colorg colorr
AB::VictorianHouses::1.1,/obj/AnalysisHolder/probe_145/ProcessWalls/ProcessWalls/EntryLevelWalls/CreateDoorWalls/DoorsCreateCopies1/knife1,knife,,1,1,medium,knifeop=2,originy
AB::VictorianHouses::1.1,/obj/AnalysisHolder/probe_145/ProcessWalls/ProcessWalls/EntryLevelWalls/CreateDoorWalls/CeateSteps/copy1,copyxform,,1,4,medium,ty=-0.15 tz=0.3 newgroups=1 docopyattrib=1,ncy
AB::VictorianHouses::1.1,/obj/AnalysisHolder/probe_145/ProcessWalls/ProcessWalls/EntryLevelWalls/CreateDoorWalls/CeateSteps/polyextrude2,polyextrude::2.0,,1,13,medium,xformfront=1 xformspace=1 outputfront=0 thicknessramp1value=1 thicknessramp1interp=2 thicknessramp2pos=1 thicknessramp2value=1 thicknessramp2interp=2 twistramp1value=0.5 twistramp1interp=2 twistramp2pos=1 twistramp2value=0.5 twistramp2interp=2,translatey
AB::VictorianHouses::1.1,/obj/AnalysisHolder/probe_145/ProcessWalls/ProcessWalls/EntryLevelWalls/CreateDoorWalls/CeateSteps/transform10,xform,,1,1,medium,parmgroup_pivotxform=1,ty
AB::VictorianHouses::1.1,/obj/AnalysisHolder/probe_145/ProcessWalls/ProcessWalls/EntryLevelWalls/CreateDoorWalls/CeateSteps/transform13,xform,,1,2,medium,parmgroup_pivotxform=1 pz=0,sz
AB::VictorianHouses::1.1,/obj/AnalysisHolder/probe_145/ProcessWalls/ProcessWalls/EntryLevelWalls/CreateDoorWalls/CeateSteps/line1,line,,1,2,medium,diry=0 dirz=1,dist
AB::VictorianHouses::1.1,/obj/AnalysisHolder/probe_145/ProcessWalls/ProcessWalls/EntryLevelWalls/CreateDoorWalls/CeateSteps/transform15,xform,,1,4,medium,parmgroup_pivotxform=1 px=0 py=0 pz=0,ty
AB::VictorianHouses::1.1,/obj/AnalysisHolder/probe_145/ProcessWalls/ProcessWalls/EntryLevelWalls/CreateDoorWalls/CeateSteps/color1,color,,3,5,medium,class=3 ramp2pos=1 ramp2cr=1 ramp2cg=1 ramp2cb=1,colorb colorg colorr
AB::VictorianHouses::1.1,/obj/AnalysisHolder/probe_145/ProcessWalls/ProcessWalls/EntryLevelWalls/CreateDoorWalls/CeateSteps/color2,color,,3,6,medium,deleteallcolorattribs=1 class=3 ramp2pos=1 ramp2cr=1 ramp2cg=1 ramp2cb=1,colorb colorg colorr
AB::VictorianHouses::1.1,/obj/AnalysisHolder/probe_145/ProcessWalls/ProcessWalls/EntryLevelWalls/CreateDoorWalls/CeateSteps/polyextrude4,polyextrude::2.0,,1,10,medium,thicknessramp1value=1 thicknessramp1interp=2 thicknessramp2pos=1 thicknessramp2value=1 thicknessramp2interp=2 twistramp1value=0.5 twistramp1interp=2 twistramp2pos=1 twistramp2value=0.5 twistramp2interp=2,dist
AB::VictorianHouses::1.1,/obj/AnalysisHolder/probe_145/ProcessWalls/ProcessWalls/EntryLevelWalls/transform5,xform,,1,1,medium,parmgroup_pivotxform=1,tz
AB::VictorianHouses::1.1,/obj/AnalysisHolder/probe_145/ProcessWalls/ProcessWalls/EntryLevelWalls/color4,color,,3,5,medium,class=3 ramp2pos=1 ramp2cr=1 ramp2cg=1 ramp2cb=1,colorb colorg colorr
AB::VictorianHouses::1.1,/obj/AnalysisHolder/probe_145/ProcessWalls/ProcessWalls/EntryLevelWalls/WindowsCreateCopies2,AB::WindowsCreateCopies::2.0,,1,3,medium,win_wall_open_z=0.5 WinWallBaseHeight=1 AboveWindowHeight=1,WinWallSides
AB::VictorianHouses::1.1,/obj/AnalysisHolder/probe_145/ProcessWalls/ProcessWalls/EntryLevelWalls/color2,color,,3,5,medium,class=3 ramp2pos=1 ramp2cr=1 ramp2cg=1 ramp2cb=1,colorb colorg colorr
AB::VictorianHouses::1.1,/obj/AnalysisHolder/probe_145/ProcessWalls/ProcessWalls/EntryLevelWalls/transform2,xform,t,1,2,high,ty=-0.1 parmgroup_pivotxform=1,tz
AB::VictorianHouses::1.1,/obj/AnalysisHolder/probe_145/ProcessWalls/ProcessWalls/EntryLevelWalls/color9,color,,3,5,medium,class=3 ramp2pos=1 ramp2cr=1 ramp2cg=1 ramp2cb=1,colorb colorg colorr
AB::VictorianHouses::1.1,/obj/AnalysisHolder/probe_145/ProcessWalls/ProcessWalls/EntryLevelWalls/WindowGenerator1,AB::WindowGenerator::3.1,,17,5,medium,WindowWidth=1.16228 WindowHeight=3 ExteriorTrimWidth=0.25 NumberOfWindowSides=3 BayWallOpeningHeight=3,BayWallOpeningWidth CasementColorb CasementColorg CasementColorr CasingDepth CasingWidth FrameColorb FrameColorg FrameColorr GlassColorb GlassColorg GlassColorr SK_WinFrameDepthRect WinFrameWidthRect WindowTrimColorb WindowTrimColorg WindowTrimColorr
AB::VictorianHouses::1.1,/obj/AnalysisHolder/probe_145/ProcessWalls/ProcessWalls/EntryLevelWalls/WindowGenerator2,AB::WindowGenerator::3.1,,12,4,medium,WindowWidth=1.9 WindowHeight=3 ExteriorTrimWidth=0.25 TopTrimDetailDepth=0.1,CasementColorb CasementColorg CasementColorr FrameColorb FrameColorg FrameColorr GlassColorb GlassColorg GlassColorr WindowTrimColorb WindowTrimColorg WindowTrimColorr
AB::VictorianHouses::1.1,/obj/AnalysisHolder/probe_145/ProcessWalls/ProcessWalls/EntryLevelWalls/WindowsCreateCopies3,AB::WindowsCreateCopies::2.0,,3,2,medium,AddInsetWindows=0 win_wall_open_z=0.5,AboveWindowHeight WinWallBaseHeight WinWallSides
AB::VictorianHouses::1.1,/obj/AnalysisHolder/probe_145/ProcessWalls/ProcessWalls/EntryLevelWalls/color10,color,,3,5,medium,class=3 ramp2pos=1 ramp2cr=1 ramp2cg=1 ramp2cb=1,colorb colorg colorr
AB::VictorianHouses::1.1,/obj/AnalysisHolder/probe_145/ProcessWalls/ProcessWalls/MidFloorWalls/transform3,xform,,1,1,medium,sy=0,ty
AB::VictorianHouses::1.1,/obj/AnalysisHolder/probe_145/ProcessWalls/ProcessWalls/MidFloorWalls/color2,color,,3,5,medium,class=3 ramp2pos=1 ramp2cr=1 ramp2cg=1 ramp2cb=1,colorb colorg colorr
AB::VictorianHouses::1.1,/obj/AnalysisHolder/probe_145/ProcessWalls/ProcessWalls/MidFloorWalls/color4,color,,3,5,medium,class=3 ramp2pos=1 ramp2cr=1 ramp2cg=1 ramp2cb=1,colorb colorg colorr
AB::VictorianHouses::1.1,/obj/AnalysisHolder/probe_145/ProcessWalls/ProcessWalls/MidFloorWalls/WindowGenerator1,AB::WindowGenerator::3.1,,17,4,medium,WindowWidth=5 WindowHeight=2 ExteriorTrimWidth=0.25 TopTrimDetailDepth=0.1,CasementColorb CasementColorg CasementColorr CasingDepth CasingWidth FrameColorb FrameColorg FrameColorr GlassColorb GlassColorg GlassColorr SK_WinFrameDepthRect WinFrameWidthRect WindowShape WindowTrimColorb WindowTrimColorg WindowTrimColorr
AB::VictorianHouses::1.1,/obj/AnalysisHolder/probe_145/ProcessWalls/ProcessWalls/MidFloorWalls/WindowGenerator2,AB::WindowGenerator::3.1,,13,4,medium,WindowWidth=1.9 WindowHeight=2 ExteriorTrimWidth=0.25 TopTrimDetailDepth=0.1,CasementColorb CasementColorg CasementColorr CasingDepth FrameColorb FrameColorg FrameColorr GlassColorb GlassColorg GlassColorr WindowTrimColorb WindowTrimColorg WindowTrimColorr
AB::VictorianHouses::1.1,/obj/AnalysisHolder/probe_145/ProcessWalls/ProcessWalls/MidFloorWalls/CreateSideWindowPlanes/WindowsCreateCopies3,AB::WindowsCreateCopies::2.0,,4,1,medium,AddInsetWindows=0,AboveWindowHeight WinWallBaseHeight WinWallSides win_wall_open_z
AB::VictorianHouses::1.1,/obj/AnalysisHolder/probe_145/ProcessWalls/ProcessWalls/MidFloorWalls/color1,color,,3,5,medium,class=3 ramp2pos=1 ramp2cr=1 ramp2cg=1 ramp2cb=1,colorb colorg colorr
AB::VictorianHouses::1.1,/obj/AnalysisHolder/probe_145/ProcessWalls/ProcessWalls/MidFloorWalls/color10,color,,3,5,medium,class=3 ramp2pos=1 ramp2cr=1 ramp2cg=1 ramp2cb=1,colorb colorg colorr
AB::VictorianHouses::1.1,/obj/AnalysisHolder/probe_145/ProcessWalls/ProcessWalls/TopFloorWalls/color2,color,,3,5,medium,class=3 ramp2pos=1 ramp2cr=1 ramp2cg=1 ramp2cb=1,colorb colorg colorr
AB::VictorianHouses::1.1,/obj/AnalysisHolder/probe_145/ProcessWalls/ProcessWalls/TopFloorWalls/WindowsCreateCopies2,AB::WindowsCreateCopies::2.0,,3,1,medium,win_wall_open_z=0.5,AboveWindowHeight WinWallBaseHeight WinWallSides
AB::VictorianHouses::1.1,/obj/AnalysisHolder/probe_145/ProcessWalls/ProcessWalls/TopFloorWalls/transform5,xform,,1,1,medium,parmgroup_pivotxform=1,tz
AB::VictorianHouses::1.1,/obj/AnalysisHolder/probe_145/ProcessWalls/ProcessWalls/TopFloorWalls/color4,color,,3,5,medium,class=3 ramp2pos=1 ramp2cr=1 ramp2cg=1 ramp2cb=1,colorb colorg colorr
AB::VictorianHouses::1.1,/obj/AnalysisHolder/probe_145/ProcessWalls/ProcessWalls/TopFloorWalls/transform2,xform,,1,1,medium,parmgroup_pivotxform=1,tz
AB::VictorianHouses::1.1,/obj/AnalysisHolder/probe_145/ProcessWalls/ProcessWalls/TopFloorWalls/WindowGenerator1,AB::WindowGenerator::3.1,,13,4,medium,WindowWidth=1.9 WindowHeight=3 ExteriorTrimWidth=0.25 TopTrimDetailDepth=0.1,CasementColorb CasementColorg CasementColorr CasingDepth FrameColorb FrameColorg FrameColorr GlassColorb GlassColorg GlassColorr WindowTrimColorb WindowTrimColorg WindowTrimColorr
AB::VictorianHouses::1.1,/obj/AnalysisHolder/probe_145/ProcessWalls/ProcessWalls/TopFloorWalls/WindowGenerator2,AB::WindowGenerator::3.1,,18,4,medium,WindowWidth=1.16228 WindowHeight=3 NumberOfWindowSides=3 BayWallOpeningHeight=3,BayWallOpeningWidth CasementColorb CasementColorg CasementColorr CasingDepth CasingWidth FrameColorb FrameColorg FrameColorr GlassColorb GlassColorg GlassColorr SK_WinFrameDepthRect WinFrameWidthRect WindowShape WindowTrimColorb WindowTrimColorg WindowTrimColorr
AB::VictorianHouses::1.1,/obj/AnalysisHolder/probe_145/ProcessWalls/ProcessWalls/TopFloorWalls/color9,color,,3,4,medium,ramp2pos=1 ramp2cr=1 ramp2cg=1 ramp2cb=1,colorb colorg colorr
AB::VictorianHouses::1.1,/obj/AnalysisHolder/probe_145/ProcessWalls/ProcessWalls/TopFloorWalls/WindowsCreateCopies3,AB::WindowsCreateCopies::2.0,,3,2,medium,AddInsetWindows=0 win_wall_open_z=0.5,AboveWindowHeight WinWallBaseHeight WinWallSides
AB::VictorianHouses::1.1,/obj/AnalysisHolder/probe_145/ProcessWalls/ProcessWalls/TopFloorWalls/WindowGenerator3,AB::WindowGenerator::3.1,,18,4,medium,WindowWidth=5 WindowHeight=3 NumberOfWindowSides=3 BayWallOpeningHeight=3,BayWallOpeningWidth CasementColorb CasementColorg CasementColorr CasingDepth CasingWidth FrameColorb FrameColorg FrameColorr GlassColorb GlassColorg GlassColorr SK_WinFrameDepthRect WinFrameWidthRect WindowShape WindowTrimColorb WindowTrimColorg WindowTrimColorr
AB::VictorianHouses::1.1,/obj/AnalysisHolder/probe_145/ProcessWalls/ProcessWalls/TopFloorWalls/color5,color,,3,5,medium,class=3 ramp2pos=1 ramp2cr=1 ramp2cg=1 ramp2cb=1,colorb colorg colorr
AB::VictorianHouses::1.1,/obj/AnalysisHolder/probe_145/ProcessWalls/ProcessWalls/TopFloorWalls/transform7,xform,,1,1,medium,parmgroup_pivotxform=1,tz
AB::VictorianHouses::1.1,/obj/AnalysisHolder/probe_145/ProcessWalls/ProcessWalls/TopFloorWalls/color11,color,,3,5,medium,class=3 ramp2pos=1 ramp2cr=1 ramp2cg=1 ramp2cb=1,colorb colorg colorr
AB::VictorianHouses::1.1,/obj/AnalysisHolder/probe_145/ProcessWalls/ProcessWalls/LowerWalls/color1,color,,3,6,medium,deleteallcolorattribs=1 class=3 ramp2pos=1 ramp2cr=1 ramp2cg=1 ramp2cb=1,colorb colorg colorr
AB::VictorianHouses::1.1,/obj/AnalysisHolder/probe_145/ProcessWalls/ProcessWalls/TopWalls/polyextrude3,polyextrude::2.0,,1,12,medium,splittype=0 outputfrontgrp=1 thicknessramp1value=1 thicknessramp1interp=2 thicknessramp2pos=1 thicknessramp2value=1 thicknessramp2interp=2 twistramp1value=0.5 twistramp1interp=2 twistramp2pos=1 twistramp2value=0.5 twistramp2interp=2,inset
AB::VictorianHouses::1.1,/obj/AnalysisHolder/probe_145/ProcessWalls/ProcessWalls/TopWalls/polyextrude4,polyextrude::2.0,,1,10,medium,thicknessramp1value=1 thicknessramp1interp=2 thicknessramp2pos=1 thicknessramp2value=1 thicknessramp2interp=2 twistramp1value=0.5 twistramp1interp=2 twistramp2pos=1 twistramp2value=0.5 twistramp2interp=2,dist
AB::VictorianHouses::1.1,/obj/AnalysisHolder/probe_145/ProcessWalls/ProcessWalls/TopWalls/color1,color,,3,6,medium,deleteallcolorattribs=1 class=3 ramp2pos=1 ramp2cr=1 ramp2cg=1 ramp2cb=1,colorb colorg colorr
AB::VictorianHouses::1.1,/obj/AnalysisHolder/probe_145/ProcessWalls/ProcessWalls/TopWalls/color2,color,,3,6,medium,deleteallcolorattribs=1 class=3 ramp2pos=1 ramp2cr=1 ramp2cg=1 ramp2cb=1,colorb colorg colorr
AB::VictorianHouses::1.1,/obj/AnalysisHolder/probe_145/ProcessWalls/ProcessWalls/TopWalls/polyextrude5,polyextrude::2.0,,1,12,medium,splittype=0 outputfrontgrp=1 thicknessramp1value=1 thicknessramp1interp=2 thicknessramp2pos=1 thicknessramp2value=1 thicknessramp2interp=2 twistramp1value=0.5 twistramp1interp=2 twistramp2pos=1 twistramp2value=0.5 twistramp2interp=2,inset
AB::VictorianHouses::1.1,/obj/AnalysisHolder/probe_145/ProcessWalls/ProcessWalls/TopWalls/polyextrude6,polyextrude::2.0,,1,10,medium,thicknessramp1value=1 thicknessramp1interp=2 thicknessramp2pos=1 thicknessramp2value=1 thicknessramp2interp=2 twistramp1value=0.5 twistramp1interp=2 twistramp2pos=1 twistramp2value=0.5 twistramp2interp=2,dist
AB::VictorianHouses::1.1,/obj/AnalysisHolder/probe_145/ProcessWalls/ProcessWalls/TopWalls/color4,color,,3,6,medium,deleteallcolorattribs=1 class=3 ramp2pos=1 ramp2cr=1 ramp2cg=1 ramp2cb=1,colorb colorg colorr
AB::VictorianHouses::1.1,/obj/AnalysisHolder/probe_145/CreateBldBase/FootprintSquare/add1,add,,2,2,medium,points=3 switcher1=1,pt0x pt2z
AB::VictorianHouses::1.1,/obj/AnalysisHolder/probe_145/CreateBldBase/FootprintSquare/add2,add,,4,2,medium,points=2 switcher1=1,pt0x pt0y pt0z pt1z
AB::VictorianHouses::1.1,/obj/AnalysisHolder/probe_145/CreateBldBase/FootprintSquare/add3,add,,9,3,medium,stdswitcher1=1 points=3 switcher1=1,pt0x pt0y pt0z pt1x pt1y pt1z pt2x pt2y pt2z
AB::VictorianHouses::1.1,/obj/AnalysisHolder/probe_145/CreateBldBase/FootprintSquare/add4,add,,6,2,medium,points=2 switcher1=1,pt0x pt0y pt0z pt1x pt1y pt1z
AB::VictorianHouses::1.1,/obj/AnalysisHolder/probe_145/CreateBldBase/FootprintSquare/add5,add,,9,3,medium,stdswitcher1=1 points=3 switcher1=1,pt0x pt0y pt0z pt1x pt1y pt1z pt2x pt2y pt2z
AB::VictorianHouses::1.1,/obj/AnalysisHolder/probe_145/CreateBldBase/FootprintSquare/add6,add,,6,2,medium,points=2 switcher1=1,pt0x pt0y pt0z pt1x pt1y pt1z
AB::VictorianHouses::1.1,/obj/AnalysisHolder/probe_145/CreateBldBase/FootprintSquare/add7,add,,9,3,medium,stdswitcher1=1 points=3 switcher1=1,pt0x pt0y pt0z pt1x pt1y pt1z pt2x pt2y pt2z
AB::VictorianHouses::1.1,/obj/AnalysisHolder/probe_145/CreateBldBase/FootprintSquare/add8,add,,6,2,medium,points=2 switcher1=1,pt0x pt0y pt0z pt1x pt1y pt1z
AB::VictorianHouses::1.1,/obj/AnalysisHolder/probe_145/CreateBldBase/FootprintSquare/color10,color,,3,5,medium,class=1 ramp2pos=1 ramp2cr=1 ramp2cg=1 ramp2cb=1,colorb colorg colorr
AB::VictorianHouses::1.1,/obj/AnalysisHolder/probe_145/CreateBldBase/FootprintSquare/color12,color,,3,5,medium,class=1 ramp2pos=1 ramp2cr=1 ramp2cg=1 ramp2cb=1,colorb colorg colorr
AB::VictorianHouses::1.1,/obj/AnalysisHolder/probe_145/CreateBldBase/FootprintSquare/color14,color,,3,5,medium,class=1 ramp2pos=1 ramp2cr=1 ramp2cg=1 ramp2cb=1,colorb colorg colorr
AB::VictorianHouses::1.1,/obj/AnalysisHolder/probe_145/CreateBldBase/FootprintSquare/resample1,resample,,1,1,medium,edge=1,length
AB::VictorianHouses::1.1,/obj/AnalysisHolder/probe_145/CreateBldBase/FootprintSquare/resample2,resample,,1,1,medium,edge=1,length
AB::VictorianHouses::1.1,/obj/AnalysisHolder/probe_145/CreateBldBase/FootprintSquare/resample3,resample,,1,1,medium,edge=1,length
AB::VictorianHouses::1.1,/obj/AnalysisHolder/probe_145/CreateBldBase/FootprintSquare/resample4,resample,,1,1,medium,edge=1,length
AB::VictorianHouses::1.1,/obj/AnalysisHolder/probe_145/CreateBldBase/FootprintSquare/add9,add,,4,4,medium,stdswitcher1=1 points=4 switcher1=1 closedall=1,pt1x pt2x pt2z pt3z
AB::VictorianHouses::1.1,/obj/AnalysisHolder/probe_145/CreateBldBase/GroundFloor_ModBase/polyextrude2,polyextrude::2.0,,1,15,medium,extrusionmode=1 xformfront=1 xformspace=1 outputfront=0 outputsidegrp=1 thicknessramp1value=1 thicknessramp1interp=2 thicknessramp2pos=1 thicknessramp2value=1 thicknessramp2interp=2 twistramp1value=0.5 twistramp1interp=2 twistramp2pos=1 twistramp2value=0.5 twistramp2interp=2,translatey
AB::VictorianHouses::1.1,/obj/AnalysisHolder/probe_145/CreateBldBase/GroundFloor_ModBase/transform1,xform,,1,1,medium,parmgroup_pivotxform=1,ty
AB::VictorianHouses::1.1,/obj/AnalysisHolder/probe_145/CreateBldBase/TopFloor_ModBase/polyextrude8,polyextrude::2.0,,1,15,medium,extrusionmode=1 xformfront=1 xformspace=1 outputfrontgrp=1 outputsidegrp=1 thicknessramp1value=1 thicknessramp1interp=2 thicknessramp2pos=1 thicknessramp2value=1 thicknessramp2interp=2 twistramp1value=0.5 twistramp1interp=2 twistramp2pos=1 twistramp2value=0.5 twistramp2interp=2,translatey
AB::VictorianHouses::1.1,/obj/AnalysisHolder/probe_145/CreateBldBase/MidFloor_ModBase/polyext_MidFloor,polyextrude::2.0,,1,15,medium,extrusionmode=1 xformfront=1 xformspace=1 outputfront=0 outputsidegrp=1 thicknessramp1value=1 thicknessramp1interp=2 thicknessramp2pos=1 thicknessramp2value=1 thicknessramp2interp=2 twistramp1value=0.5 twistramp1interp=2 twistramp2pos=1 twistramp2value=0.5 twistramp2interp=2,translatey
AB::VictorianHouses::1.1,/obj/AnalysisHolder/probe_145/CreateBldBase/LowerFloor_ModBase/polyextrude2,polyextrude::2.0,,1,15,medium,extrusionmode=1 xformfront=1 xformspace=1 outputfront=0 outputsidegrp=1 thicknessramp1value=1 thicknessramp1interp=2 thicknessramp2pos=1 thicknessramp2value=1 thicknessramp2interp=2 twistramp1value=0.5 twistramp1interp=2 twistramp2pos=1 twistramp2value=0.5 twistramp2interp=2,translatey
AB::VictorianHouses::1.1,/obj/AnalysisHolder/probe_145/CreateBldBase/LowerFloor_ModBase/CreateBays/grouprange2,grouprange,,1,1,medium,selecttotal1=2,selectamount1
AB::VictorianHouses::1.1,/obj/AnalysisHolder/probe_145/CreateBldBase/Top_ModBase/polyextrude8,polyextrude::2.0,,1,15,medium,extrusionmode=1 xformfront=1 xformspace=1 outputfrontgrp=1 outputsidegrp=1 thicknessramp1value=1 thicknessramp1interp=2 thicknessramp2pos=1 thicknessramp2value=1 thicknessramp2interp=2 twistramp1value=0.5 twistramp1interp=2 twistramp2pos=1 twistramp2value=0.5 twistramp2interp=2,translatey
AB::VictorianHouses::1.1,/obj/AnalysisHolder/probe_145/CreateBldBase/Top_ModBase/polyextrude9,polyextrude::2.0,,1,15,medium,extrusionmode=1 xformfront=1 xformspace=1 outputfrontgrp=1 outputsidegrp=1 thicknessramp1value=1 thicknessramp1interp=2 thicknessramp2pos=1 thicknessramp2value=1 thicknessramp2interp=2 twistramp1value=0.5 twistramp1interp=2 twistramp2pos=1 twistramp2value=0.5 twistramp2interp=2,translatey
AB::VictorianHouses::1.1,/obj/AnalysisHolder/probe_145/CreateBldBase/FootprintSquare1/add1,add,,2,2,medium,points=3 switcher1=1,pt0x pt2z
AB::VictorianHouses::1.1,/obj/AnalysisHolder/probe_145/CreateBldBase/FootprintSquare1/add2,add,,4,2,medium,points=2 switcher1=1,pt0x pt0y pt0z pt1z
AB::VictorianHouses::1.1,/obj/AnalysisHolder/probe_145/CreateBldBase/FootprintSquare1/add3,add,,9,3,medium,stdswitcher1=1 points=3 switcher1=1,pt0x pt0y pt0z pt1x pt1y pt1z pt2x pt2y pt2z
AB::VictorianHouses::1.1,/obj/AnalysisHolder/probe_145/CreateBldBase/FootprintSquare1/add4,add,,6,2,medium,points=2 switcher1=1,pt0x pt0y pt0z pt1x pt1y pt1z
AB::VictorianHouses::1.1,/obj/AnalysisHolder/probe_145/CreateBldBase/FootprintSquare1/add5,add,,9,3,medium,stdswitcher1=1 points=3 switcher1=1,pt0x pt0y pt0z pt1x pt1y pt1z pt2x pt2y pt2z
AB::VictorianHouses::1.1,/obj/AnalysisHolder/probe_145/CreateBldBase/FootprintSquare1/add6,add,,6,2,medium,points=2 switcher1=1,pt0x pt0y pt0z pt1x pt1y pt1z
AB::VictorianHouses::1.1,/obj/AnalysisHolder/probe_145/CreateBldBase/FootprintSquare1/add7,add,,9,3,medium,stdswitcher1=1 points=3 switcher1=1,pt0x pt0y pt0z pt1x pt1y pt1z pt2x pt2y pt2z
AB::VictorianHouses::1.1,/obj/AnalysisHolder/probe_145/CreateBldBase/FootprintSquare1/add8,add,,6,2,medium,points=2 switcher1=1,pt0x pt0y pt0z pt1x pt1y pt1z
AB::VictorianHouses::1.1,/obj/AnalysisHolder/probe_145/CreateBldBase/FootprintSquare1/color10,color,,3,5,medium,class=1 ramp2pos=1 ramp2cr=1 ramp2cg=1 ramp2cb=1,colorb colorg colorr
AB::VictorianHouses::1.1,/obj/AnalysisHolder/probe_145/CreateBldBase/FootprintSquare1/color12,color,,3,5,medium,class=1 ramp2pos=1 ramp2cr=1 ramp2cg=1 ramp2cb=1,colorb colorg colorr
AB::VictorianHouses::1.1,/obj/AnalysisHolder/probe_145/CreateBldBase/FootprintSquare1/color14,color,,3,5,medium,class=1 ramp2pos=1 ramp2cr=1 ramp2cg=1 ramp2cb=1,colorb colorg colorr
AB::VictorianHouses::1.1,/obj/AnalysisHolder/probe_145/CreateBldBase/FootprintSquare1/resample1,resample,,1,1,medium,edge=1,length
AB::VictorianHouses::1.1,/obj/AnalysisHolder/probe_145/CreateBldBase/FootprintSquare1/resample3,resample,,1,1,medium,edge=1,length
AB::VictorianHouses::1.1,/obj/AnalysisHolder/probe_145/CreateBldBase/FootprintSquare1/resample4,resample,,1,1,medium,edge=1,length
AB::VictorianHouses::1.1,/obj/AnalysisHolder/probe_145/CreateBldBase/FootprintSquare1/add9,add,,4,4,medium,stdswitcher1=1 points=4 switcher1=1 closedall=1,pt1x pt2x pt2z pt3z
AB::VictorianHouses::1.1,/obj/AnalysisHolder/probe_145/CreateBldBase/FootprinL/add11,add,,8,3,medium,points=6 switcher1=1 closedall=1,pt1z pt2x pt2z pt3x pt3z pt4x pt4z pt5x
AB::VictorianHouses::1.1,/obj/AnalysisHolder/probe_145/CreateBldBase/FootprinL/add1,add,,2,2,medium,points=3 switcher1=1,pt0x pt2z
AB::VictorianHouses::1.1,/obj/AnalysisHolder/probe_145/CreateBldBase/FootprinL/add2,add,,4,3,medium,stdswitcher1=1 points=2 switcher1=1,pt0x pt0y pt0z pt1z
AB::VictorianHouses::1.1,/obj/AnalysisHolder/probe_145/CreateBldBase/FootprinL/add3,add,,4,3,medium,stdswitcher1=1 points=3 switcher1=1,pt0z pt1z pt2x pt2z
AB::VictorianHouses::1.1,/obj/AnalysisHolder/probe_145/CreateBldBase/FootprinL/add4,add,,5,3,medium,stdswitcher1=1 points=2 switcher1=1,pt0x pt0y pt0z pt1x pt1z
AB::VictorianHouses::1.1,/obj/AnalysisHolder/probe_145/CreateBldBase/FootprinL/add5,add,,9,3,medium,stdswitcher1=1 points=3 switcher1=1,pt0x pt0y pt0z pt1x pt1y pt1z pt2x pt2y pt2z
AB::VictorianHouses::1.1,/obj/AnalysisHolder/probe_145/CreateBldBase/FootprinL/add6,add,,6,3,medium,stdswitcher1=1 points=2 switcher1=1,pt0x pt0y pt0z pt1x pt1y pt1z
AB::VictorianHouses::1.1,/obj/AnalysisHolder/probe_145/CreateBldBase/FootprinL/add7,add,,9,3,medium,stdswitcher1=1 points=3 switcher1=1,pt0x pt0y pt0z pt1x pt1y pt1z pt2x pt2y pt2z
AB::VictorianHouses::1.1,/obj/AnalysisHolder/probe_145/CreateBldBase/FootprinL/add8,add,,6,3,medium,stdswitcher1=1 points=2 switcher1=1,pt0x pt0y pt0z pt1x pt1y pt1z
AB::VictorianHouses::1.1,/obj/AnalysisHolder/probe_145/CreateBldBase/FootprinL/add9,add,,9,3,medium,stdswitcher1=1 points=3 switcher1=1,pt0x pt0y pt0z pt1x pt1y pt1z pt2x pt2y pt2z
AB::VictorianHouses::1.1,/obj/AnalysisHolder/probe_145/CreateBldBase/FootprinL/add10,add,,6,3,medium,stdswitcher1=1 points=2 switcher1=1,pt0x pt0y pt0z pt1x pt1y pt1z
AB::VictorianHouses::1.1,/obj/AnalysisHolder/probe_145/CreateBldBase/FootprinL/add12,add,,9,3,medium,stdswitcher1=1 points=3 switcher1=1,pt0x pt0y pt0z pt1x pt1y pt1z pt2x pt2y pt2z
AB::VictorianHouses::1.1,/obj/AnalysisHolder/probe_145/CreateBldBase/FootprinL/add13,add,,6,2,medium,points=2 switcher1=1,pt0x pt0y pt0z pt1x pt1y pt1z
AB::VictorianHouses::1.1,/obj/AnalysisHolder/probe_145/CreateBldBase/FootprinL/color7,color,,3,5,medium,class=1 ramp2pos=1 ramp2cr=1 ramp2cg=1 ramp2cb=1,colorb colorg colorr
AB::VictorianHouses::1.1,/obj/AnalysisHolder/probe_145/CreateBldBase/FootprinL/color9,color,,3,5,medium,class=1 ramp2pos=1 ramp2cr=1 ramp2cg=1 ramp2cb=1,colorb colorg colorr
AB::VictorianHouses::1.1,/obj/AnalysisHolder/probe_145/CreateBldBase/FootprinL/color11,color,,3,5,medium,class=1 ramp2pos=1 ramp2cr=1 ramp2cg=1 ramp2cb=1,colorb colorg colorr
AB::VictorianHouses::1.1,/obj/AnalysisHolder/probe_145/CreateBldBase/FootprinL/color14,color,,3,5,medium,class=1 ramp2pos=1 ramp2cr=1 ramp2cg=1 ramp2cb=1,colorb colorg colorr
AB::VictorianHouses::1.1,/obj/AnalysisHolder/probe_145/CreateBldBase/FootprinL/color15,color,,3,5,medium,class=1 ramp2pos=1 ramp2cr=1 ramp2cg=1 ramp2cb=1,colorb colorg colorr
AB::VictorianHouses::1.1,/obj/AnalysisHolder/probe_145/CreateBldBase/FootprinL/resample4,resample,,1,1,medium,edge=1,length
AB::VictorianHouses::1.1,/obj/AnalysisHolder/probe_145/CreateBldBase/FootprinL/resample5,resample,,1,1,medium,edge=1,length
AB::VictorianHouses::1.1,/obj/AnalysisHolder/probe_145/CreateBldBase/FootprinL/resample6,resample,,1,1,medium,edge=1,length
AB::VictorianHouses::1.1,/obj/AnalysisHolder/probe_145/CreateBldBase/FootprinL/resample7,resample,,1,1,medium,edge=1,length
AB::VictorianHouses::1.1,/obj/AnalysisHolder/probe_145/CreateBldBase/FootprinL/resample8,resample,,1,1,medium,edge=1,length
AB::VictorianHouses::1.1,/obj/AnalysisHolder/probe_145/CreateBldBase/FootprinL/resample9,resample,,1,1,medium,edge=1,length
AB::VictorianHouses::1.1,/obj/AnalysisHolder/probe_145/CreateBldBase/FootprintRoundCorner/circle1,circle,rad,1,7,high,type=2 orient=2 reverse=0 radx=8 order=2 arc=1 endangle=90,rady
AB::VictorianHouses::1.1,/obj/AnalysisHolder/probe_145/CreateBldBase/FootprintRoundCorner/resample2,resample,,1,1,medium,edge=1,length
AB::VictorianHouses::1.1,/obj/AnalysisHolder/probe_145/CreateBldBase/FootprintRoundCorner/add1,add,,2,2,medium,points=3 switcher1=1,pt0x pt2z
AB::VictorianHouses::1.1,/obj/AnalysisHolder/probe_145/CreateBldBase/FootprintRoundCorner/add2,add,,4,2,medium,points=2 switcher1=1,pt0x pt0y pt0z pt1z
AB::VictorianHouses::1.1,/obj/AnalysisHolder/probe_145/CreateBldBase/FootprintRoundCorner/add3,add,,9,3,medium,stdswitcher1=1 points=3 switcher1=1,pt0x pt0y pt0z pt1x pt1y pt1z pt2x pt2y pt2z
AB::VictorianHouses::1.1,/obj/AnalysisHolder/probe_145/CreateBldBase/FootprintRoundCorner/add9,add,,6,2,medium,points=2 switcher1=1,pt0x pt0y pt0z pt1x pt1y pt1z
AB::VictorianHouses::1.1,/obj/AnalysisHolder/probe_145/CreateBldBase/FootprintRoundCorner/add5,add,,9,3,medium,stdswitcher1=1 points=3 switcher1=1,pt0x pt0y pt0z pt1x pt1y pt1z pt2x pt2y pt2z
AB::VictorianHouses::1.1,/obj/AnalysisHolder/probe_145/CreateBldBase/FootprintRoundCorner/add6,add,,6,2,medium,points=2 switcher1=1,pt0x pt0y pt0z pt1x pt1y pt1z
AB::VictorianHouses::1.1,/obj/AnalysisHolder/probe_145/CreateBldBase/FootprintRoundCorner/add7,add,,6,2,medium,points=2 switcher1=1,pt0x pt0y pt0z pt1x pt1y pt1z
AB::VictorianHouses::1.1,/obj/AnalysisHolder/probe_145/CreateBldBase/FootprintRoundCorner/color10,color,,3,5,medium,class=1 ramp2pos=1 ramp2cr=1 ramp2cg=1 ramp2cb=1,colorb colorg colorr
AB::VictorianHouses::1.1,/obj/AnalysisHolder/probe_145/CreateBldBase/FootprintRoundCorner/color12,color,,3,5,medium,class=1 ramp2pos=1 ramp2cr=1 ramp2cg=1 ramp2cb=1,colorb colorg colorr
AB::VictorianHouses::1.1,/obj/AnalysisHolder/probe_145/CreateBldBase/FootprintRoundCorner/resample1,resample,,1,1,medium,edge=1,length
AB::VictorianHouses::1.1,/obj/AnalysisHolder/probe_145/CreateBldBase/FootprintRoundCorner/resample5,resample,,1,1,medium,edge=1,length
AB::VictorianHouses::1.1,/obj/AnalysisHolder/probe_145/CreateBldBase/FootprintRoundCorner/resample6,resample,,1,1,medium,edge=1,length
AB::VictorianHouses::1.1,/obj/AnalysisHolder/probe_145/CreateBldBase/FootprintRoundCorner/transform9,xform,,1,4,medium,parmgroup_pivotxform=1 px=0 py=0 pz=0,tx
AB::VictorianHouses::1.1,/obj/AnalysisHolder/probe_145/CreateBldBase/FootprintRoundCorner/color15,color,,3,5,medium,class=1 ramp2pos=1 ramp2cr=1 ramp2cg=1 ramp2cb=1,colorb colorg colorr
AB::VictorianHouses::1.1,/obj/AnalysisHolder/probe_145/CreateBldBase/FootprintRoundCorner/resample7,resample,,1,1,medium,edge=1,length
AB::VictorianHouses::1.1,/obj/AnalysisHolder/probe_145/CreateBldBase/FootprintRoundCorner/color16,color,,3,5,medium,class=1 ramp2pos=1 ramp2cr=1 ramp2cg=1 ramp2cb=1,colorb colorg colorr
AB::VictorianHouses::1.1,/obj/AnalysisHolder/probe_145/CreateBldBase/FootprintRoundCorner/transform11,xform,,46,1,medium,parmgroup_pivotxform=1,addattrib attribs group grouptype invertxform movecentroid outputattrib outputmerge prexform_rOrd prexform_rx prexform_ry prexform_rz prexform_shear1 prexform_shear2 prexform_shear3 prexform_sx prexform_sy prexform_sz prexform_tx prexform_ty prexform_tz prexform_xOrd prx pry prz px py pz rOrd rx ry rz scale shear1 shear2 shear3 sx sy sz tx ty tz updateaffectednmls updatenmls vlength xOrd
AB::VictorianHouses::1.1,/obj/AnalysisHolder/probe_145/CreateBldBase/knife2,clip::2.0,,1,1,medium,clipop=2,originx
AB::VisTools::1.0,/obj/AnalysisHolder/probe_146/polyextrude2,polyextrude::2.0,,1,11,medium,splittype=0 thicknessramp1value=1 thicknessramp1interp=2 thicknessramp2pos=1 thicknessramp2value=1 thicknessramp2interp=2 twistramp1value=0.5 twistramp1interp=2 twistramp2pos=1 twistramp2value=0.5 twistramp2interp=2,dist
AB::WallDestructionSystem::1.0,/obj/probe_147/wall_system/wall_fracture/subdivide1,subdivide,,1,2,medium,iterations=4 overridecrease=1,creaseweight
AB::WallDestructionSystem::1.0,/obj/probe_147/wall_system/wall_fracture/group1,groupcreate,,2,7,medium,grouptype=1 groupbase=0 groupbounding=1 boundtype=1 sizex=2.6 sizey=2.6 sizez=2.6,tx ty
AB::WallDestructionSystem::1.0,/obj/probe_147/wall_system/LowWalls/post_create/subnet2/knife2,knife,,1,3,medium,knifeop=2 dirx=1 diry=0,originx
AB::WallDestructionSystem::1.0,/obj/probe_147/wall_system/LowWalls/post_create/subnet2/knife3,knife,,1,3,medium,knifeop=2 diry=0 dirz=1,originz
AB::WallDestructionSystem::1.0,/obj/probe_147/wall_system/LowWalls/post_create/subnet2/knife4,knife,,1,3,medium,knifeop=2 diry=0 dirz=1,originz
AB::WallDestructionSystem::1.0,/obj/probe_147/wall_system/LowWalls/post_create/subnet2/subdivide1,subdivide,,1,2,medium,iterations=3 overridecrease=1,creaseweight
AB::WallDestructionSystem::1.0,/obj/probe_147/wall_system/LowWalls/gate/carve1,carve,,1,8,medium,domainu1=0 domainu2=1 secondu=1 firstv=1 domainv1=0 domainv2=1 secondv=1 stdswitcher1=1,divsu
AB::WallDestructionSystem::1.0,/obj/probe_147/wall_system/LowWalls/gate/grid3,grid,,2,3,medium,orient=0 rows=2 cols=2,sizex sizey
AB::WallDestructionSystem::1.0,/obj/probe_147/wall_system/LowWalls/copy1,copyxform,,1,3,medium,ncy=3 newgroups=1 docopyattrib=1,tx
AB::WallDestructionSystem::1.0,/obj/probe_147/wall_system/LowWalls/copy2,copyxform,,1,2,medium,newgroups=1 docopyattrib=1,tx
AB::WallDestructionSystem::1.0,/obj/probe_147/wall_system/LowWalls/wall_001/box2,box,size,1,2,high,sizey=2 sizez=0.4,sizex
AB::WallDestructionSystem::1.0,/obj/probe_147/wall_system/LowWalls/wall_001/transform2,xform,t,1,1,high,ty=0,tx
AB::WallDestructionSystem::1.0,/obj/probe_147/wall_system/LowWalls/copy3,copyxform,,1,3,medium,ncy=3 newgroups=1 docopyattrib=1,tx
AB::WallDestructionSystem::1.0,/obj/probe_147/wall_system/LowWalls/wall_002/line1,line,,1,4,medium,type=1 diry=0 dirz=1 order=2,dist
AB::WallDestructionSystem::1.0,/obj/probe_147/wall_system/LowWalls/wall_002/line2,line,,1,5,medium,type=1 diry=0 dirz=1 points=3 order=3,dist
AB::WallDestructionSystem::1.0,/obj/probe_147/wall_system/LowWalls/wall_002/transform1,xform,,1,1,medium,grouptype=3,ty
AB::WallDestructionSystem::1.0,/obj/probe_147/wall_system/LowWalls/wall_002/transform7,xform,,1,1,medium,ry=-90,tx
AB::WallDestructionSystem::1.0,/obj/probe_147/wall_system/LowWalls/wall_002/convert3,convert,,17,1,medium,stdswitcher1=1,divtrim divu divv fromtype group interphull lodtrim lodu lodv new offset orderu orderv pasteattrib pastecoord surftype totype
AB::WallDestructionSystem::1.0,/obj/probe_147/rbd_static/collisionsource1,collisionsource::2.0,,1,2,medium,timeblend=0 velapproximation=0,voxelsize
AB::WallDestructionSystem::1.0,/obj/probe_147/breaker/collisionsource1,collisionsource::2.0,,1,2,medium,timeblend=0 velapproximation=0,voxelsize
AB::WallDestructionSystem::1.0,/obj/probe_147/AutoDopNetwork/rbd,rbdpackedobject,,2,10,medium,usetransform=1 initial_state1=2 bullet_collision_margin=0.001 bullet_linear_sleep_threshold=0.4 bullet_angular_sleep_threshold=0.01 px=0 py=0 pz=0 density=10000 bounce=0,bullet_shrink_amount createframe
AB::WallDestructionSystem::1.0,/obj/probe_147/AutoDopNetwork/rbd_static,staticobject,,2,10,medium,animategeo=1 usetransform=1 active=1 display=0 bounce=0 bounceforward=0 rbd_solver1=1 mode=6 uniformvoxels=5 divsize=0.293,bullet_shrink_amount createframe
AB::WallDestructionSystem::1.0,/obj/probe_147/AutoDopNetwork/breaker,staticobject,,2,8,medium,animategeo=1 usetransform=1 active=1 display=0 std_switcher_0_2_11=1 mode=6 uniformvoxels=5 divsize=0.0252,bullet_shrink_amount createframe
AB::WaterTankGenerator::2.0,/obj/AnalysisHolder/probe_148/WaterTank_02/matnet1/Metal_GalvanizedRusty_01/MechanicalsMetal,principledshader::2.0,,5,13,medium,folder7=1 folder4=1 folder12=1 folder13=1 folder8=1 folder11=1 folder9=1 basecolorr=0.2 basecolorg=0.2 basecolorb=0.2 rough=0.4 metallic=1 baseBumpAndNormal_enable=1,baseBump_useTexture baseNormal_useTexture shop_disable_displace_shader specular_tint vm_displacebound
AB::WaterTankGenerator::2.0,/obj/AnalysisHolder/probe_148/WaterTank_02/matnet1/Metal_GalvanizedRusty_01/surfaceexports1/bind1,bind,,1,4,medium,overridetype=1 useasparmdefiner=1 useownexportcontext=1 exportparm=1,parmname
AB::WaterTankGenerator::2.0,/obj/AnalysisHolder/probe_148/WaterTank_02/matnet1/Metal_GalvanizedRusty_01/surfaceexports1/bind4,bind,,1,4,medium,overridetype=1 useasparmdefiner=1 useownexportcontext=1 exportparm=1,parmname
AB::WaterTankGenerator::2.0,/obj/AnalysisHolder/probe_148/WaterTank_02/matnet1/Metal_GalvanizedRusty_01/surfaceexports1/bind5,bind,,1,4,medium,overridetype=1 useasparmdefiner=1 useownexportcontext=1 exportparm=1,parmname
AB::WaterTankGenerator::2.0,/obj/AnalysisHolder/probe_148/WaterTank_02/matnet1/Metal_GalvanizedRusty_01/surfaceexports1/bind6,bind,,1,4,medium,overridetype=1 useasparmdefiner=1 useownexportcontext=1 exportparm=1,parmname
AB::WaterTankGenerator::2.0,/obj/AnalysisHolder/probe_148/WaterTank_02/matnet1/Metal_GalvanizedRusty_01/surfaceexports1/bind7,bind,,1,4,medium,overridetype=1 useasparmdefiner=1 useownexportcontext=1 exportparm=1,parmname
AB::WaterTankGenerator::2.0,/obj/AnalysisHolder/probe_148/WaterTank_02/matnet1/Metal_GalvanizedRusty_01/surfaceexports1/bind8,bind,,1,4,medium,overridetype=1 useasparmdefiner=1 useownexportcontext=1 exportparm=1,parmname
AB::WaterTankGenerator::2.0,/obj/AnalysisHolder/probe_148/WaterTank_02/matnet1/Metal_GalvanizedRusty_01/surfaceexports1/bind9,bind,,1,4,medium,overridetype=1 useasparmdefiner=1 useownexportcontext=1 exportparm=1,parmname
AB::WaterTankGenerator::2.0,/obj/AnalysisHolder/probe_148/WaterTank_02/matnet1/Metal_GalvanizedRusty_01/surfaceexports1/bind10,bind,,1,4,medium,overridetype=1 useasparmdefiner=1 useownexportcontext=1 exportparm=1,parmname
AB::WaterTankGenerator::2.0,/obj/AnalysisHolder/probe_148/WaterTank_02/matnet1/Metal_GalvanizedRusty_01/surfaceexports1/bind11,bind,,1,4,medium,overridetype=1 useasparmdefiner=1 useownexportcontext=1 exportparm=1,parmname
AB::WaterTankGenerator::2.0,/obj/AnalysisHolder/probe_148/WaterTank_02/matnet1/Metal_GalvanizedRusty_01/surfaceexports1/bind12,bind,,1,4,medium,overridetype=1 useasparmdefiner=1 useownexportcontext=1 exportparm=1,parmname
AB::WaterTankGenerator::2.0,/obj/AnalysisHolder/probe_148/WaterTank_02/matnet1/Metal_GalvanizedRusty_01/surfaceexports1/bind13,bind,,1,4,medium,overridetype=1 useasparmdefiner=1 useownexportcontext=1 exportparm=1,parmname
AB::WaterTankGenerator::2.0,/obj/AnalysisHolder/probe_148/WaterTank_02/matnet1/Metal_GalvanizedRusty_01/surfaceexports1/bind14,bind,,1,4,medium,overridetype=1 useasparmdefiner=1 useownexportcontext=1 exportparm=1,parmname
AB::WaterTankGenerator::2.0,/obj/AnalysisHolder/probe_148/WaterTank_02/matnet1/Metal_GalvanizedRusty_01/surfaceexports1/bind15,bind,,1,4,medium,overridetype=1 useasparmdefiner=1 useownexportcontext=1 exportparm=1,parmname
AB::WaterTankGenerator::2.0,/obj/AnalysisHolder/probe_148/WaterTank_02/matnet1/Metal_GalvanizedRusty_01/surfaceexports1/bind16,bind,,1,4,medium,overridetype=1 useasparmdefiner=1 useownexportcontext=1 exportparm=1,parmname
AB::WaterTankGenerator::2.0,/obj/AnalysisHolder/probe_148/WaterTank_02/matnet1/Metal_GalvanizedRusty_01/surfaceexports1/bind17,bind,,1,4,medium,overridetype=1 useasparmdefiner=1 useownexportcontext=1 exportparm=1,parmname
AB::WaterTankGenerator::2.0,/obj/AnalysisHolder/probe_148/WaterTank_02/matnet1/Metal_GalvanizedRusty_01/surfaceexports1/bind18,bind,,1,4,medium,overridetype=1 useasparmdefiner=1 useownexportcontext=1 exportparm=1,parmname
AB::WaterTankGenerator::2.0,/obj/AnalysisHolder/probe_148/WaterTank_02/matnet1/Metal_GalvanizedRusty_01/surfaceexports1/bind19,bind,,1,4,medium,overridetype=1 useasparmdefiner=1 useownexportcontext=1 exportparm=1,parmname
AB::WaterTankGenerator::2.0,/obj/AnalysisHolder/probe_148/WaterTank_02/matnet1/Metal_GalvanizedRusty_01/surfaceexports1/bind20,bind,,1,4,medium,overridetype=1 useasparmdefiner=1 useownexportcontext=1 exportparm=1,parmname
AB::WaterTankGenerator::2.0,/obj/AnalysisHolder/probe_148/WaterTank_02/matnet1/Metal_GalvanizedRusty_01/surfaceexports1/bind21,bind,,1,4,medium,overridetype=1 useasparmdefiner=1 useownexportcontext=1 exportparm=1,parmname
AB::WaterTankGenerator::2.0,/obj/AnalysisHolder/probe_148/WaterTank_02/matnet1/Metal_GalvanizedRusty_01/surfaceexports1/bind22,bind,,1,4,medium,overridetype=1 useasparmdefiner=1 useownexportcontext=1 exportparm=1,parmname
AB::WaterTankGenerator::2.0,/obj/AnalysisHolder/probe_148/WaterTank_02/matnet1/Metal_GalvanizedRusty_01/surfaceexports1/bind23,bind,,1,4,medium,overridetype=1 useasparmdefiner=1 useownexportcontext=1 exportparm=1,parmname
AB::WaterTankGenerator::2.0,/obj/AnalysisHolder/probe_148/WaterTank_02/matnet1/Metal_GalvanizedRusty_01/surfaceexports1/bind24,bind,,1,4,medium,overridetype=1 useasparmdefiner=1 useownexportcontext=1 exportparm=1,parmname
AB::WaterTankGenerator::2.0,/obj/AnalysisHolder/probe_148/WaterTank_02/matnet1/Metal_GalvanizedRusty_01/surfaceexports1/bind25,bind,,1,4,medium,overridetype=1 useasparmdefiner=1 useownexportcontext=1 exportparm=1,parmname
AB::WaterTankGenerator::2.0,/obj/AnalysisHolder/probe_148/WaterTank_02/matnet1/Metal_GalvanizedRusty_01/surfaceexports1/computelighting1/layerexport10/parm1,parameter,,1,3,medium,hasconnector=0 exportparm=2 invisible=1,parmtype
AB::WaterTankGenerator::2.0,/obj/AnalysisHolder/probe_148/WaterTank_02/matnet1/Metal_GalvanizedRusty_01/surfaceexports1/computelighting1/layerexport11/parm1,parameter,,1,3,medium,hasconnector=0 exportparm=2 invisible=1,parmtype
AB::WaterTankGenerator::2.0,/obj/AnalysisHolder/probe_148/WaterTank_02/matnet1/Metal_GalvanizedRusty_01/surfaceexports1/computelighting1/layerexport12/parm1,parameter,,1,3,medium,hasconnector=0 exportparm=2 invisible=1,parmtype
AB::WaterTankGenerator::2.0,/obj/AnalysisHolder/probe_148/WaterTank_02/matnet1/Metal_GalvanizedRusty_01/surfaceexports1/computelighting1/layerexport13/parm1,parameter,,1,3,medium,hasconnector=0 exportparm=2 invisible=1,parmtype
AB::WaterTankGenerator::2.0,/obj/AnalysisHolder/probe_148/WaterTank_02/matnet1/Metal_GalvanizedRusty_01/principledshader1,principledshader::2.0,,5,11,medium,folder7=1 folder4=1 folder12=1 folder13=1 folder8=1 folder11=1 folder9=1 basecolorr=1 basecolorg=1 basecolorb=1 rough=0.65,baseBump_useTexture baseNormal_useTexture shop_disable_displace_shader specular_tint vm_displacebound
AB::WaterTankGenerator::2.0,/obj/AnalysisHolder/probe_148/WaterTank_02/matnet1/principledshader1,principledshader::2.0,,5,7,medium,folder7=1 folder4=1 folder12=1 folder13=1 folder8=1 folder11=1 folder9=1,baseBump_useTexture baseNormal_useTexture shop_disable_displace_shader specular_tint vm_displacebound
AB::WaterTankGenerator::2.0,/obj/AnalysisHolder/probe_148/WaterTank_02/circle2,circle,,1,6,medium,type=2 orient=2 reverse=0 ry=180 order=2 divs=44,scale
AB::WaterTankGenerator::2.0,/obj/AnalysisHolder/probe_148/WaterTank_02/transform4,xform,,1,1,medium,parmgroup_pivotxform=1,ty
AB::WaterTankGenerator::2.0,/obj/AnalysisHolder/probe_148/WaterTank_02/transform6,xform,,2,4,medium,parmgroup_pivotxform=1 px=0 py=0 pz=0,scale ty
AB::WaterTankGenerator::2.0,/obj/AnalysisHolder/probe_148/WaterTank_02/transform7,xform,,1,4,medium,parmgroup_pivotxform=1 px=0 py=0 pz=0,ty
AB::WaterTankGenerator::2.0,/obj/AnalysisHolder/probe_148/WaterTank_02/convert2,convert,,1,2,medium,stdswitcher1=1 divv=0,divu
AB::WaterTankGenerator::2.0,/obj/AnalysisHolder/probe_148/WaterTank_02/convert3,convert,,1,2,medium,stdswitcher1=1 divv=20,divu
AB::WaterTankGenerator::2.0,/obj/AnalysisHolder/probe_148/WaterTank_02/convert5,convert,,1,2,medium,stdswitcher1=1 divv=0,divu
AB::WaterTankGenerator::2.0,/obj/AnalysisHolder/probe_148/WaterTank_02/circle3,circle,,1,7,medium,type=2 orient=2 reverse=0 ty=3 ry=180 order=2 divs=44,scale
AB::WaterTankGenerator::2.0,/obj/AnalysisHolder/probe_148/WaterTank_02/transform12,xform,,2,4,medium,parmgroup_pivotxform=1 px=0 py=0 pz=0,scale ty
AB::WaterTankGenerator::2.0,/obj/AnalysisHolder/probe_148/WaterTank_02/convert7,convert,,1,2,medium,stdswitcher1=1 divv=0,divu
AB::WaterTankGenerator::2.0,/obj/AnalysisHolder/probe_148/WaterTank_02/convert8,convert,,1,2,medium,stdswitcher1=1 divv=0,divu
AB::WaterTankGenerator::2.0,/obj/AnalysisHolder/probe_148/WaterTank_02/convert1,convert,,1,2,medium,stdswitcher1=1 divv=0,divu
AB::WaterTankGenerator::2.0,/obj/AnalysisHolder/probe_148/WaterTank_02/convert9,convert,,1,1,medium,stdswitcher1=1,divu
AB::WaterTankGenerator::2.0,/obj/AnalysisHolder/probe_148/WaterTank_02/convert10,convert,,1,2,medium,stdswitcher1=1 divv=0,divu
AB::WaterTankGenerator::2.0,/obj/AnalysisHolder/probe_148/WaterTank_02/convert11,convert,,1,2,medium,stdswitcher1=1 divv=0,divu
AB::WaterTankGenerator::2.0,/obj/AnalysisHolder/probe_148/WaterTank_02/transform14,xform,,2,1,medium,parmgroup_pivotxform=1,tx ty
AB::WaterTankGenerator::2.0,/obj/AnalysisHolder/probe_148/WaterTank_02/transform19,xform,t,2,2,high,tz=0 parmgroup_pivotxform=1,tx ty
AB::WaterTankGenerator::2.0,/obj/AnalysisHolder/probe_148/WaterTank_02/transform21,xform,,1,1,medium,parmgroup_pivotxform=1,tz
AB::WaterTankGenerator::2.0,/obj/AnalysisHolder/probe_148/WaterTank_02/transform23,xform,,1,1,medium,parmgroup_pivotxform=1,tx
AB::WaterTankGenerator::2.0,/obj/AnalysisHolder/probe_148/WaterTank_02/polyextrude11,polyextrude::2.0,,1,11,medium,outputback=1 thicknessramp1value=1 thicknessramp1interp=2 thicknessramp2pos=1 thicknessramp2value=1 thicknessramp2interp=2 twistramp1value=0.5 twistramp1interp=2 twistramp2pos=1 twistramp2value=0.5 twistramp2interp=2,dist
AB::WaterTankGenerator::2.0,/obj/AnalysisHolder/probe_148/WaterTank_02/transform31,xform,,1,4,medium,parmgroup_pivotxform=1 px=4.70051 py=8 pz=0,rz
AB::WaterTankGenerator::2.0,/obj/AnalysisHolder/probe_148/WaterTank_02/grid1,grid,size,1,5,high,sizex=0.777353 tx=9.31931 ry=180 rows=2 cols=2,sizey
AB::WaterTankGenerator::2.0,/obj/AnalysisHolder/probe_148/WaterTank_01/circle4,circle,,1,6,medium,type=2 orient=2 reverse=0 ry=180 order=2 divs=44,scale
AB::WaterTankGenerator::2.0,/obj/AnalysisHolder/probe_148/WaterTank_01/transform34,xform,,1,1,medium,parmgroup_pivotxform=1,ty
AB::WaterTankGenerator::2.0,/obj/AnalysisHolder/probe_148/WaterTank_01/transform36,xform,,1,5,medium,scale=0 parmgroup_pivotxform=1 px=0 py=0 pz=0,ty
AB::WaterTankGenerator::2.0,/obj/AnalysisHolder/probe_148/WaterTank_01/divide1,divide,,2,1,medium,numsides=4,sizey sizez
AB::WaterTankGenerator::2.0,/obj/AnalysisHolder/probe_148/WaterTank_01/line1,line,,1,2,medium,dirx=1 diry=0,originx
AB::WaterTankGenerator::2.0,/obj/AnalysisHolder/probe_148/WaterTank_01/add1,add,pt2,1,4,high,points=3 switcher1=1 pt1z=0.5 pt2y=-0.5,pt2z
AB::WaterTankGenerator::2.0,/obj/AnalysisHolder/probe_148/WaterTank_01/line2,line,,1,2,medium,diry=0 dirz=1,dist
AB::WaterTankGenerator::2.0,/obj/AnalysisHolder/probe_148/WaterTank_01/transform37,xform,,1,1,medium,parmgroup_pivotxform=1,ty
AB::WaterTankGenerator::2.0,/obj/AnalysisHolder/probe_148/WaterTank_01/transform8,xform,,1,4,medium,parmgroup_pivotxform=1 px=0 py=0 pz=0,ty
AB::WaterTankGenerator::2.0,/obj/AnalysisHolder/probe_148/WaterTank_01/mats/Metal_GalvanizedRusty_01/MechanicalsMetal,principledshader::2.0,,5,13,medium,folder7=1 folder4=1 folder12=1 folder13=1 folder8=1 folder11=1 folder9=1 basecolorr=0.2 basecolorg=0.2 basecolorb=0.2 rough=0.4 metallic=1 baseBumpAndNormal_enable=1,baseBump_useTexture baseNormal_useTexture shop_disable_displace_shader specular_tint vm_displacebound
AB::WaterTankGenerator::2.0,/obj/AnalysisHolder/probe_148/WaterTank_01/mats/Metal_GalvanizedRusty_01/surfaceexports1/bind1,bind,,1,4,medium,overridetype=1 useasparmdefiner=1 useownexportcontext=1 exportparm=1,parmname
AB::WaterTankGenerator::2.0,/obj/AnalysisHolder/probe_148/WaterTank_01/mats/Metal_GalvanizedRusty_01/surfaceexports1/bind4,bind,,1,4,medium,overridetype=1 useasparmdefiner=1 useownexportcontext=1 exportparm=1,parmname
AB::WaterTankGenerator::2.0,/obj/AnalysisHolder/probe_148/WaterTank_01/mats/Metal_GalvanizedRusty_01/surfaceexports1/bind5,bind,,1,4,medium,overridetype=1 useasparmdefiner=1 useownexportcontext=1 exportparm=1,parmname
AB::WaterTankGenerator::2.0,/obj/AnalysisHolder/probe_148/WaterTank_01/mats/Metal_GalvanizedRusty_01/surfaceexports1/bind6,bind,,1,4,medium,overridetype=1 useasparmdefiner=1 useownexportcontext=1 exportparm=1,parmname
AB::WaterTankGenerator::2.0,/obj/AnalysisHolder/probe_148/WaterTank_01/mats/Metal_GalvanizedRusty_01/surfaceexports1/bind7,bind,,1,4,medium,overridetype=1 useasparmdefiner=1 useownexportcontext=1 exportparm=1,parmname
AB::WaterTankGenerator::2.0,/obj/AnalysisHolder/probe_148/WaterTank_01/mats/Metal_GalvanizedRusty_01/surfaceexports1/bind8,bind,,1,4,medium,overridetype=1 useasparmdefiner=1 useownexportcontext=1 exportparm=1,parmname
AB::WaterTankGenerator::2.0,/obj/AnalysisHolder/probe_148/WaterTank_01/mats/Metal_GalvanizedRusty_01/surfaceexports1/bind9,bind,,1,4,medium,overridetype=1 useasparmdefiner=1 useownexportcontext=1 exportparm=1,parmname
AB::WaterTankGenerator::2.0,/obj/AnalysisHolder/probe_148/WaterTank_01/mats/Metal_GalvanizedRusty_01/surfaceexports1/bind10,bind,,1,4,medium,overridetype=1 useasparmdefiner=1 useownexportcontext=1 exportparm=1,parmname
AB::WaterTankGenerator::2.0,/obj/AnalysisHolder/probe_148/WaterTank_01/mats/Metal_GalvanizedRusty_01/surfaceexports1/bind11,bind,,1,4,medium,overridetype=1 useasparmdefiner=1 useownexportcontext=1 exportparm=1,parmname
AB::WaterTankGenerator::2.0,/obj/AnalysisHolder/probe_148/WaterTank_01/mats/Metal_GalvanizedRusty_01/surfaceexports1/bind12,bind,,1,4,medium,overridetype=1 useasparmdefiner=1 useownexportcontext=1 exportparm=1,parmname
AB::WaterTankGenerator::2.0,/obj/AnalysisHolder/probe_148/WaterTank_01/mats/Metal_GalvanizedRusty_01/surfaceexports1/bind13,bind,,1,4,medium,overridetype=1 useasparmdefiner=1 useownexportcontext=1 exportparm=1,parmname
AB::WaterTankGenerator::2.0,/obj/AnalysisHolder/probe_148/WaterTank_01/mats/Metal_GalvanizedRusty_01/surfaceexports1/bind14,bind,,1,4,medium,overridetype=1 useasparmdefiner=1 useownexportcontext=1 exportparm=1,parmname
AB::WaterTankGenerator::2.0,/obj/AnalysisHolder/probe_148/WaterTank_01/mats/Metal_GalvanizedRusty_01/surfaceexports1/bind15,bind,,1,4,medium,overridetype=1 useasparmdefiner=1 useownexportcontext=1 exportparm=1,parmname
AB::WaterTankGenerator::2.0,/obj/AnalysisHolder/probe_148/WaterTank_01/mats/Metal_GalvanizedRusty_01/surfaceexports1/bind16,bind,,1,4,medium,overridetype=1 useasparmdefiner=1 useownexportcontext=1 exportparm=1,parmname
AB::WaterTankGenerator::2.0,/obj/AnalysisHolder/probe_148/WaterTank_01/mats/Metal_GalvanizedRusty_01/surfaceexports1/bind17,bind,,1,4,medium,overridetype=1 useasparmdefiner=1 useownexportcontext=1 exportparm=1,parmname
AB::WaterTankGenerator::2.0,/obj/AnalysisHolder/probe_148/WaterTank_01/mats/Metal_GalvanizedRusty_01/surfaceexports1/bind18,bind,,1,4,medium,overridetype=1 useasparmdefiner=1 useownexportcontext=1 exportparm=1,parmname
AB::WaterTankGenerator::2.0,/obj/AnalysisHolder/probe_148/WaterTank_01/mats/Metal_GalvanizedRusty_01/surfaceexports1/bind19,bind,,1,4,medium,overridetype=1 useasparmdefiner=1 useownexportcontext=1 exportparm=1,parmname
AB::WaterTankGenerator::2.0,/obj/AnalysisHolder/probe_148/WaterTank_01/mats/Metal_GalvanizedRusty_01/surfaceexports1/bind20,bind,,1,4,medium,overridetype=1 useasparmdefiner=1 useownexportcontext=1 exportparm=1,parmname
AB::WaterTankGenerator::2.0,/obj/AnalysisHolder/probe_148/WaterTank_01/mats/Metal_GalvanizedRusty_01/surfaceexports1/bind21,bind,,1,4,medium,overridetype=1 useasparmdefiner=1 useownexportcontext=1 exportparm=1,parmname
AB::WaterTankGenerator::2.0,/obj/AnalysisHolder/probe_148/WaterTank_01/mats/Metal_GalvanizedRusty_01/surfaceexports1/bind22,bind,,1,4,medium,overridetype=1 useasparmdefiner=1 useownexportcontext=1 exportparm=1,parmname
AB::WaterTankGenerator::2.0,/obj/AnalysisHolder/probe_148/WaterTank_01/mats/Metal_GalvanizedRusty_01/surfaceexports1/bind23,bind,,1,4,medium,overridetype=1 useasparmdefiner=1 useownexportcontext=1 exportparm=1,parmname
AB::WaterTankGenerator::2.0,/obj/AnalysisHolder/probe_148/WaterTank_01/mats/Metal_GalvanizedRusty_01/surfaceexports1/bind24,bind,,1,4,medium,overridetype=1 useasparmdefiner=1 useownexportcontext=1 exportparm=1,parmname
AB::WaterTankGenerator::2.0,/obj/AnalysisHolder/probe_148/WaterTank_01/mats/Metal_GalvanizedRusty_01/surfaceexports1/bind25,bind,,1,4,medium,overridetype=1 useasparmdefiner=1 useownexportcontext=1 exportparm=1,parmname
AB::WaterTankGenerator::2.0,/obj/AnalysisHolder/probe_148/WaterTank_01/mats/Metal_GalvanizedRusty_01/surfaceexports1/computelighting1/layerexport10/parm1,parameter,,1,3,medium,hasconnector=0 exportparm=2 invisible=1,parmtype
AB::WaterTankGenerator::2.0,/obj/AnalysisHolder/probe_148/WaterTank_01/mats/Metal_GalvanizedRusty_01/surfaceexports1/computelighting1/layerexport11/parm1,parameter,,1,3,medium,hasconnector=0 exportparm=2 invisible=1,parmtype
AB::WaterTankGenerator::2.0,/obj/AnalysisHolder/probe_148/WaterTank_01/mats/Metal_GalvanizedRusty_01/surfaceexports1/computelighting1/layerexport12/parm1,parameter,,1,3,medium,hasconnector=0 exportparm=2 invisible=1,parmtype
AB::WaterTankGenerator::2.0,/obj/AnalysisHolder/probe_148/WaterTank_01/mats/Metal_GalvanizedRusty_01/surfaceexports1/computelighting1/layerexport13/parm1,parameter,,1,3,medium,hasconnector=0 exportparm=2 invisible=1,parmtype
AB::WaterTankGenerator::2.0,/obj/AnalysisHolder/probe_148/WaterTank_01/mats/Metal_GalvanizedRusty_01/principledshader1,principledshader::2.0,,5,11,medium,folder7=1 folder4=1 folder12=1 folder13=1 folder8=1 folder11=1 folder9=1 basecolorr=1 basecolorg=1 basecolorb=1 rough=0.65,baseBump_useTexture baseNormal_useTexture shop_disable_displace_shader specular_tint vm_displacebound
AB::WaterTankGenerator::2.0,/obj/AnalysisHolder/probe_148/WaterTank_01/mats/principledshader1,principledshader::2.0,,5,7,medium,folder7=1 folder4=1 folder12=1 folder13=1 folder8=1 folder11=1 folder9=1,baseBump_useTexture baseNormal_useTexture shop_disable_displace_shader specular_tint vm_displacebound
AB::WindowGenerator::3.1,/obj/AnalysisHolder/probe_149/CreateCasement/polyext_CasementDepth,polyextrude::2.0,,1,11,medium,outputback=1 thicknessramp1value=1 thicknessramp1interp=2 thicknessramp2pos=1 thicknessramp2value=1 thicknessramp2interp=2 twistramp1value=0.5 twistramp1interp=2 twistramp2pos=1 twistramp2value=0.5 twistramp2interp=2,dist
AB::WindowGenerator::3.1,/obj/AnalysisHolder/probe_149/CreateWindowBase/ExtCasement/polyext_Casement,polyextrude::2.0,,1,11,medium,outputfrontgrp=1 thicknessramp1value=1 thicknessramp1interp=2 thicknessramp2pos=1 thicknessramp2value=1 thicknessramp2interp=2 twistramp1value=0.5 twistramp1interp=2 twistramp2pos=1 twistramp2value=0.5 twistramp2interp=2,inset
AB::WindowGenerator::3.1,/obj/AnalysisHolder/probe_149/CreateRectangularWindows/CreateRectWindows/SingleWindow/CreateMullions/line1,line,,2,1,medium,dist=1.8,originy points
AB::WindowGenerator::3.1,/obj/AnalysisHolder/probe_149/CreateRectangularWindows/CreateRectWindows/SingleWindow/CreateMullions/box1,box,size,2,5,high,type=1 sizex=0.8 divrate1=2 divrate2=2 divrate3=2,sizey sizez
AB::WindowGenerator::3.1,/obj/AnalysisHolder/probe_149/CreateRectangularWindows/CreateRectWindows/SingleWindow/CreateMullions/line2,line,,2,3,medium,dirx=1 diry=0 dist=0.8,originx points
AB::WindowGenerator::3.1,/obj/AnalysisHolder/probe_149/CreateRectangularWindows/CreateRectWindows/SingleWindow/CreateMullions/box2,box,size,2,5,high,type=1 sizey=1.8 divrate1=2 divrate2=2 divrate3=2,sizex sizez
AB::WindowGenerator::3.1,/obj/AnalysisHolder/probe_149/CreateRectangularWindows/CreateRectWindows/SingleWindow/CreateMullions/polybevel1,polybevel::3.0,,3,6,medium,grouptype=3 profileramp1value=0.5 profileramp1interp=2 profileramp2pos=1 profileramp2value=0.5 profileramp2interp=2,divisions filletshape offset
AB::WindowGenerator::3.1,/obj/AnalysisHolder/probe_149/CreateRectangularWindows/CreateRectWindows/SingleWindow/CreateMullions/polyextrude1,polyextrude::2.0,,1,14,medium,outputfrontgrp=1 outputback=1 outputbackgrp=1 outputside=0 thicknessramp1value=1 thicknessramp1interp=2 thicknessramp2pos=1 thicknessramp2value=1 thicknessramp2interp=2 twistramp1value=0.5 twistramp1interp=2 twistramp2pos=1 twistramp2value=0.5 twistramp2interp=2,dist
AB::WindowGenerator::3.1,/obj/AnalysisHolder/probe_149/CreateRectangularWindows/CreateRectWindows/SingleWindow/polyextrude1,polyextrude::2.0,,1,12,medium,outputfrontgrp=1 outputsidegrp=1 thicknessramp1value=1 thicknessramp1interp=2 thicknessramp2pos=1 thicknessramp2value=1 thicknessramp2interp=2 twistramp1value=0.5 twistramp1interp=2 twistramp2pos=1 twistramp2value=0.5 twistramp2interp=2,inset
AB::WindowGenerator::3.1,/obj/AnalysisHolder/probe_149/CreateRectangularWindows/CreateRectWindows/SingleWindow/CreatWindowFrame/polyextrude2,polyextrude::2.0,,1,11,medium,outputback=1 thicknessramp1value=1 thicknessramp1interp=2 thicknessramp2pos=1 thicknessramp2value=1 thicknessramp2interp=2 twistramp1value=0.5 twistramp1interp=2 twistramp2pos=1 twistramp2value=0.5 twistramp2interp=2,dist
AB::WindowGenerator::3.1,/obj/AnalysisHolder/probe_149/CreateRectangularWindows/CreateRectWindows/SingleWindow/Jalousie/grid4,grid,,1,4,medium,orient=0 sizex=0.8 sizey=1.8 cols=2,rows
AB::WindowGenerator::3.1,/obj/AnalysisHolder/probe_149/CreateRectangularWindows/CreateRectWindows/SingleWindow/Jalousie/transform3,xform,,1,4,medium,parmgroup_pivotxform=1 px=0 py=0 pz=0,rx
AB::WindowGenerator::3.1,/obj/AnalysisHolder/probe_149/CreateRectangularWindows/CreateRectWindows/SingleWindow/transform13,xform,,1,1,medium,parmgroup_pivotxform=1,tz
AB::WindowGenerator::3.1,/obj/AnalysisHolder/probe_149/CreateRectangularWindows/CreateRectWindows/SingleWindow/ProcessGlass/uvtransform1,uvtransform::2.0,s,1,5,high,tx=0 ty=0 sx=1 px=0.5 py=0.5,sy
AB::WindowGenerator::3.1,/obj/AnalysisHolder/probe_149/CreateRectangularWindows/CreateRectWindows/SplitVertWindow/transform3,xform,,1,3,medium,parmgroup_pivotxform=1 px=0 pz=0,ry
AB::WindowGenerator::3.1,/obj/AnalysisHolder/probe_149/CreateRectangularWindows/CreateRectWindows/SplitVertWindow/transform4,xform,,1,3,medium,parmgroup_pivotxform=1 px=0 pz=0,ry
AB::WindowGenerator::3.1,/obj/AnalysisHolder/probe_149/CreateRectangularWindows/CreateRectWindows/SplitVertWindow/knife1,knife,,1,1,medium,knifeop=1,originy
AB::WindowGenerator::3.1,/obj/AnalysisHolder/probe_149/CreateRectangularWindows/CreateRectWindows/SplitVertWindow/knife5,knife,,1,1,medium,knifeop=1,originy
AB::WindowGenerator::3.1,/obj/AnalysisHolder/probe_149/CreateRectangularWindows/CreateRectWindows/SplitVertWindow/knife6,knife,,1,3,medium,knifeop=1 dirx=1 diry=0,originx
AB::WindowGenerator::3.1,/obj/AnalysisHolder/probe_149/CreateRectangularWindows/CreateRectWindows/SplitVertWindow/knife7,knife,,1,2,medium,dirx=1 diry=0,originx
AB::WindowGenerator::3.1,/obj/AnalysisHolder/probe_149/CreateRectangularWindows/CreateRectWindows/SplitVertWindow/knife8,knife,,1,2,medium,dirx=1 diry=0,originx
AB::WindowGenerator::3.1,/obj/AnalysisHolder/probe_149/CreateRectangularWindows/CreateRectWindows/SplitVertWindow/knife9,knife,,1,3,medium,knifeop=1 dirx=1 diry=0,originx
AB::WindowGenerator::3.1,/obj/AnalysisHolder/probe_149/CreateRectangularWindows/CreateRectWindows/SplitVertWindow/polyextrude3,polyextrude::2.0,,1,11,medium,outputback=1 thicknessramp1value=1 thicknessramp1interp=2 thicknessramp2pos=1 thicknessramp2value=1 thicknessramp2interp=2 twistramp1value=0.5 twistramp1interp=2 twistramp2pos=1 twistramp2value=0.5 twistramp2interp=2,dist
AB::WindowGenerator::3.1,/obj/AnalysisHolder/probe_149/CreateRectangularWindows/CreateRectWindows/SplitVertWindow/polyextrude4,polyextrude::2.0,,1,11,medium,outputback=1 thicknessramp1value=1 thicknessramp1interp=2 thicknessramp2pos=1 thicknessramp2value=1 thicknessramp2interp=2 twistramp1value=0.5 twistramp1interp=2 twistramp2pos=1 twistramp2value=0.5 twistramp2interp=2,dist
AB::WindowGenerator::3.1,/obj/AnalysisHolder/probe_149/CreateRectangularWindows/CreateRectWindows/SplitVertWindow/transform13,xform,,1,1,medium,parmgroup_pivotxform=1,tz
AB::WindowGenerator::3.1,/obj/AnalysisHolder/probe_149/CreateRectangularWindows/CreateRectWindows/SpliHorizWindow/knife1,knife,,1,1,medium,knifeop=2,originy
AB::WindowGenerator::3.1,/obj/AnalysisHolder/probe_149/CreateRectangularWindows/CreateRectWindows/SpliHorizWindow/transform3,xform,,1,3,medium,parmgroup_pivotxform=1 px=0 pz=0,ry
AB::WindowGenerator::3.1,/obj/AnalysisHolder/probe_149/CreateRectangularWindows/CreateRectWindows/SpliHorizWindow/transform4,xform,,1,3,medium,parmgroup_pivotxform=1 px=0 pz=0,ry
AB::WindowGenerator::3.1,/obj/AnalysisHolder/probe_149/CreateRectangularWindows/CreateRectWindows/SpliHorizWindow/knife11,knife,,1,1,medium,knifeop=1,originy
AB::WindowGenerator::3.1,/obj/AnalysisHolder/probe_149/CreateRectangularWindows/CreateRectWindows/SpliHorizWindow/knife5,knife,,1,1,medium,knifeop=1,originy
AB::WindowGenerator::3.1,/obj/AnalysisHolder/probe_149/CreateRectangularWindows/CreateRectWindows/SpliHorizWindow/knife6,knife,,1,3,medium,knifeop=1 dirx=1 diry=0,originx
AB::WindowGenerator::3.1,/obj/AnalysisHolder/probe_149/CreateRectangularWindows/CreateRectWindows/SpliHorizWindow/knife7,knife,,1,2,medium,dirx=1 diry=0,originx
AB::WindowGenerator::3.1,/obj/AnalysisHolder/probe_149/CreateRectangularWindows/CreateRectWindows/SpliHorizWindow/knife8,knife,,1,2,medium,dirx=1 diry=0,originx
AB::WindowGenerator::3.1,/obj/AnalysisHolder/probe_149/CreateRectangularWindows/CreateRectWindows/SpliHorizWindow/knife9,knife,,1,3,medium,knifeop=1 dirx=1 diry=0,originx
AB::WindowGenerator::3.1,/obj/AnalysisHolder/probe_149/CreateRectangularWindows/CreateRectWindows/SpliHorizWindow/polyextrude3,polyextrude::2.0,,1,11,medium,outputback=1 thicknessramp1value=1 thicknessramp1interp=2 thicknessramp2pos=1 thicknessramp2value=1 thicknessramp2interp=2 twistramp1value=0.5 twistramp1interp=2 twistramp2pos=1 twistramp2value=0.5 twistramp2interp=2,dist
AB::WindowGenerator::3.1,/obj/AnalysisHolder/probe_149/CreateRectangularWindows/CreateRectWindows/SpliHorizWindow/polyextrude4,polyextrude::2.0,,1,11,medium,outputback=1 thicknessramp1value=1 thicknessramp1interp=2 thicknessramp2pos=1 thicknessramp2value=1 thicknessramp2interp=2 twistramp1value=0.5 twistramp1interp=2 twistramp2pos=1 twistramp2value=0.5 twistramp2interp=2,dist
AB::WindowGenerator::3.1,/obj/AnalysisHolder/probe_149/CreateRectangularWindows/CreateRectWindows/SpliHorizWindow/transform13,xform,,1,1,medium,parmgroup_pivotxform=1,tz
AB::WindowGenerator::3.1,/obj/AnalysisHolder/probe_149/CreateRectangularWindows/CreateRectWindows/SpitVertTwoRight/knife1,knife,,1,3,medium,knifeop=1 dirx=1 diry=0,originx
AB::WindowGenerator::3.1,/obj/AnalysisHolder/probe_149/CreateRectangularWindows/CreateRectWindows/SpitVertTwoRight/knife2,knife,,1,2,medium,dirx=1 diry=0,originx
AB::WindowGenerator::3.1,/obj/AnalysisHolder/probe_149/CreateRectangularWindows/CreateRectWindows/SpitVertTwoRight/knife3,knife,,1,1,medium,knifeop=2,originy
AB::WindowGenerator::3.1,/obj/AnalysisHolder/probe_149/CreateRectangularWindows/CreateRectWindows/SpitVertTwoRight/knife11,knife,,1,1,medium,knifeop=1,originy
AB::WindowGenerator::3.1,/obj/AnalysisHolder/probe_149/CreateRectangularWindows/CreateRectWindows/SpitVertTwoRight/knife5,knife,,1,1,medium,knifeop=1,originy
AB::WindowGenerator::3.1,/obj/AnalysisHolder/probe_149/CreateRectangularWindows/CreateRectWindows/SpitVertTwoRight/knife6,knife,,1,3,medium,knifeop=1 dirx=1 diry=0,originx
AB::WindowGenerator::3.1,/obj/AnalysisHolder/probe_149/CreateRectangularWindows/CreateRectWindows/SpitVertTwoRight/knife7,knife,,1,2,medium,dirx=1 diry=0,originx
AB::WindowGenerator::3.1,/obj/AnalysisHolder/probe_149/CreateRectangularWindows/CreateRectWindows/SpitVertTwoRight/knife8,knife,,1,2,medium,dirx=1 diry=0,originx
AB::WindowGenerator::3.1,/obj/AnalysisHolder/probe_149/CreateRectangularWindows/CreateRectWindows/SpitVertTwoRight/knife9,knife,,1,3,medium,knifeop=1 dirx=1 diry=0,originx
AB::WindowGenerator::3.1,/obj/AnalysisHolder/probe_149/CreateRectangularWindows/CreateRectWindows/SpitVertTwoRight/polyextrude3,polyextrude::2.0,,1,11,medium,outputback=1 thicknessramp1value=1 thicknessramp1interp=2 thicknessramp2pos=1 thicknessramp2value=1 thicknessramp2interp=2 twistramp1value=0.5 twistramp1interp=2 twistramp2pos=1 twistramp2value=0.5 twistramp2interp=2,dist
AB::WindowGenerator::3.1,/obj/AnalysisHolder/probe_149/CreateRectangularWindows/CreateRectWindows/SpitVertTwoRight/polyextrude4,polyextrude::2.0,,1,11,medium,outputback=1 thicknessramp1value=1 thicknessramp1interp=2 thicknessramp2pos=1 thicknessramp2value=1 thicknessramp2interp=2 twistramp1value=0.5 twistramp1interp=2 twistramp2pos=1 twistramp2value=0.5 twistramp2interp=2,dist
AB::WindowGenerator::3.1,/obj/AnalysisHolder/probe_149/CreateRectangularWindows/CreateRectWindows/SpitVertTwoRight/transform13,xform,,1,1,medium,parmgroup_pivotxform=1,tz
AB::WindowGenerator::3.1,/obj/AnalysisHolder/probe_149/CreateRectangularWindows/CreateRectWindows/SplitVertTwoLeft/knife1,knife,,1,2,medium,dirx=1 diry=0,originx
AB::WindowGenerator::3.1,/obj/AnalysisHolder/probe_149/CreateRectangularWindows/CreateRectWindows/SplitVertTwoLeft/knife2,knife,,1,3,medium,knifeop=1 dirx=1 diry=0,originx
AB::WindowGenerator::3.1,/obj/AnalysisHolder/probe_149/CreateRectangularWindows/CreateRectWindows/SplitVertTwoLeft/knife3,knife,,1,1,medium,knifeop=2,originy
AB::WindowGenerator::3.1,/obj/AnalysisHolder/probe_149/CreateRectangularWindows/CreateRectWindows/SplitVertTwoLeft/knife11,knife,,1,1,medium,knifeop=1,originy
AB::WindowGenerator::3.1,/obj/AnalysisHolder/probe_149/CreateRectangularWindows/CreateRectWindows/SplitVertTwoLeft/knife5,knife,,1,1,medium,knifeop=1,originy
AB::WindowGenerator::3.1,/obj/AnalysisHolder/probe_149/CreateRectangularWindows/CreateRectWindows/SplitVertTwoLeft/knife6,knife,,1,3,medium,knifeop=1 dirx=1 diry=0,originx
AB::WindowGenerator::3.1,/obj/AnalysisHolder/probe_149/CreateRectangularWindows/CreateRectWindows/SplitVertTwoLeft/knife7,knife,,1,2,medium,dirx=1 diry=0,originx
AB::WindowGenerator::3.1,/obj/AnalysisHolder/probe_149/CreateRectangularWindows/CreateRectWindows/SplitVertTwoLeft/knife8,knife,,1,2,medium,dirx=1 diry=0,originx
AB::WindowGenerator::3.1,/obj/AnalysisHolder/probe_149/CreateRectangularWindows/CreateRectWindows/SplitVertTwoLeft/knife9,knife,,1,3,medium,knifeop=1 dirx=1 diry=0,originx
AB::WindowGenerator::3.1,/obj/AnalysisHolder/probe_149/CreateRectangularWindows/CreateRectWindows/SplitVertTwoLeft/polyextrude3,polyextrude::2.0,,1,11,medium,outputback=1 thicknessramp1value=1 thicknessramp1interp=2 thicknessramp2pos=1 thicknessramp2value=1 thicknessramp2interp=2 twistramp1value=0.5 twistramp1interp=2 twistramp2pos=1 twistramp2value=0.5 twistramp2interp=2,dist
AB::WindowGenerator::3.1,/obj/AnalysisHolder/probe_149/CreateRectangularWindows/CreateRectWindows/SplitVertTwoLeft/polyextrude4,polyextrude::2.0,,1,11,medium,outputback=1 thicknessramp1value=1 thicknessramp1interp=2 thicknessramp2pos=1 thicknessramp2value=1 thicknessramp2interp=2 twistramp1value=0.5 twistramp1interp=2 twistramp2pos=1 twistramp2value=0.5 twistramp2interp=2,dist
AB::WindowGenerator::3.1,/obj/AnalysisHolder/probe_149/CreateRectangularWindows/CreateRectWindows/SplitVertTwoLeft/transform13,xform,,1,1,medium,parmgroup_pivotxform=1,tz
AB::WindowGenerator::3.1,/obj/AnalysisHolder/probe_149/CreateRectangularWindows/CreateRectWindows/polyextrude7,polyextrude::2.0,,1,12,medium,splittype=0 outputfrontgrp=1 thicknessramp1value=1 thicknessramp1interp=2 thicknessramp2pos=1 thicknessramp2value=1 thicknessramp2interp=2 twistramp1value=0.5 twistramp1interp=2 twistramp2pos=1 twistramp2value=0.5 twistramp2interp=2,inset
AB::WindowGenerator::3.1,/obj/AnalysisHolder/probe_149/CreateRectangularWindows/color_WinCasement,color,,3,5,medium,class=3 ramp2pos=1 ramp2cr=1 ramp2cg=1 ramp2cb=1,colorb colorg colorr
AB::WindowGenerator::3.1,/obj/AnalysisHolder/probe_149/CreateRectangularWindows/colorWindowFrame,color,,3,5,medium,class=3 ramp2pos=1 ramp2cr=1 ramp2cg=1 ramp2cb=1,colorb colorg colorr
AB::WindowGenerator::3.1,/obj/AnalysisHolder/probe_149/CreateRectangularWindows/colorWindowGlass,color,,3,5,medium,class=3 ramp2pos=1 ramp2cr=1 ramp2cg=1 ramp2cb=1,colorb colorg colorr
AB::WindowGenerator::3.1,/obj/AnalysisHolder/probe_149/CreateRectangularWindows/CreateWindowTrim/TrimStyle_02/box1,box,,3,4,medium,type=1 divrate1=2 divrate2=2 divrate3=2,sizex sizey sizez
AB::WindowGenerator::3.1,/obj/AnalysisHolder/probe_149/CreateRectangularWindows/CreateWindowTrim/TrimStyle_02/transform3,xform,t,1,1,high,tz=0,tx
AB::WindowGenerator::3.1,/obj/AnalysisHolder/probe_149/CreateRectangularWindows/CreateWindowTrim/TrimStyle_02/polyextrude1,polyextrude::2.0,,1,11,medium,outputback=1 thicknessramp1value=1 thicknessramp1interp=2 thicknessramp2pos=1 thicknessramp2value=1 thicknessramp2interp=2 twistramp1value=0.5 twistramp1interp=2 twistramp2pos=1 twistramp2value=0.5 twistramp2interp=2,dist
AB::WindowGenerator::3.1,/obj/AnalysisHolder/probe_149/CreateRectangularWindows/CreateWindowTrim/TrimStyle_02/polyextrude2,polyextrude::2.0,,1,11,medium,outputback=1 thicknessramp1value=1 thicknessramp1interp=2 thicknessramp2pos=1 thicknessramp2value=1 thicknessramp2interp=2 twistramp1value=0.5 twistramp1interp=2 twistramp2pos=1 twistramp2value=0.5 twistramp2interp=2,dist
AB::WindowGenerator::3.1,/obj/AnalysisHolder/probe_149/CreateRectangularWindows/CreateWindowTrim/TrimStyle_02/transform4,xform,,1,1,medium,parmgroup_pivotxform=1,ty
AB::WindowGenerator::3.1,/obj/AnalysisHolder/probe_149/CreateRectangularWindows/CreateWindowTrim/TrimStyle_02/polyextrude3,polyextrude::2.0,,1,14,medium,xformfront=1 xformspace=1 pivotxformsection=1 outputfrontgrp=1 thicknessramp1value=1 thicknessramp1interp=2 thicknessramp2pos=1 thicknessramp2value=1 thicknessramp2interp=2 twistramp1value=0.5 twistramp1interp=2 twistramp2pos=1 twistramp2value=0.5 twistramp2interp=2,dist
AB::WindowGenerator::3.1,/obj/AnalysisHolder/probe_149/CreateRectangularWindows/CreateWindowTrim/TrimStyle_02/polyextrude4,polyextrude::2.0,,1,11,medium,outputback=1 thicknessramp1value=1 thicknessramp1interp=2 thicknessramp2pos=1 thicknessramp2value=1 thicknessramp2interp=2 twistramp1value=0.5 twistramp1interp=2 twistramp2pos=1 twistramp2value=0.5 twistramp2interp=2,dist
AB::WindowGenerator::3.1,/obj/AnalysisHolder/probe_149/CreateRectangularWindows/CreateWindowTrim/TrimStyle_02/transform6,xform,,1,1,medium,parmgroup_pivotxform=1,ty
AB::WindowGenerator::3.1,/obj/AnalysisHolder/probe_149/CreateRectangularWindows/CreateWindowTrim/TrimStyle_02/color1,color,,3,5,medium,class=3 ramp2pos=1 ramp2cr=1 ramp2cg=1 ramp2cb=1,colorb colorg colorr
AB::WindowGenerator::3.1,/obj/AnalysisHolder/probe_149/CreateRectangularWindows/CreateWindowTrim/TrimStyle_02/transform8,xform,,1,1,medium,parmgroup_pivotxform=1,ty
AB::WindowGenerator::3.1,/obj/AnalysisHolder/probe_149/CreateRectangularWindows/CreateWindowTrim/TrimStyle_01/box1,box,,3,4,medium,type=1 divrate1=2 divrate2=2 divrate3=2,sizex sizey sizez
AB::WindowGenerator::3.1,/obj/AnalysisHolder/probe_149/CreateRectangularWindows/CreateWindowTrim/TrimStyle_01/transform3,xform,t,1,1,high,tz=0,tx
AB::WindowGenerator::3.1,/obj/AnalysisHolder/probe_149/CreateRectangularWindows/CreateWindowTrim/TrimStyle_01/polyextrude1,polyextrude::2.0,,1,11,medium,outputback=1 thicknessramp1value=1 thicknessramp1interp=2 thicknessramp2pos=1 thicknessramp2value=1 thicknessramp2interp=2 twistramp1value=0.5 twistramp1interp=2 twistramp2pos=1 twistramp2value=0.5 twistramp2interp=2,dist
AB::WindowGenerator::3.1,/obj/AnalysisHolder/probe_149/CreateRectangularWindows/CreateWindowTrim/TrimStyle_01/polyextrude2,polyextrude::2.0,,1,11,medium,outputback=1 thicknessramp1value=1 thicknessramp1interp=2 thicknessramp2pos=1 thicknessramp2value=1 thicknessramp2interp=2 twistramp1value=0.5 twistramp1interp=2 twistramp2pos=1 twistramp2value=0.5 twistramp2interp=2,dist
AB::WindowGenerator::3.1,/obj/AnalysisHolder/probe_149/CreateRectangularWindows/CreateWindowTrim/TrimStyle_01/transform4,xform,,1,1,medium,parmgroup_pivotxform=1,ty
AB::WindowGenerator::3.1,/obj/AnalysisHolder/probe_149/CreateRectangularWindows/CreateWindowTrim/TrimStyle_01/polyextrude3,polyextrude::2.0,,1,14,medium,xformfront=1 xformspace=1 pivotxformsection=1 outputfrontgrp=1 thicknessramp1value=1 thicknessramp1interp=2 thicknessramp2pos=1 thicknessramp2value=1 thicknessramp2interp=2 twistramp1value=0.5 twistramp1interp=2 twistramp2pos=1 twistramp2value=0.5 twistramp2interp=2,dist
AB::WindowGenerator::3.1,/obj/AnalysisHolder/probe_149/CreateRectangularWindows/CreateWindowTrim/TrimStyle_01/polyextrude4,polyextrude::2.0,,1,11,medium,outputback=1 thicknessramp1value=1 thicknessramp1interp=2 thicknessramp2pos=1 thicknessramp2value=1 thicknessramp2interp=2 twistramp1value=0.5 twistramp1interp=2 twistramp2pos=1 twistramp2value=0.5 twistramp2interp=2,dist
AB::WindowGenerator::3.1,/obj/AnalysisHolder/probe_149/CreateRectangularWindows/CreateWindowTrim/TrimStyle_01/transform6,xform,,1,1,medium,parmgroup_pivotxform=1,ty
AB::WindowGenerator::3.1,/obj/AnalysisHolder/probe_149/CreateRectangularWindows/CreateWindowTrim/TrimStyle_01/color1,color,,3,5,medium,class=3 ramp2pos=1 ramp2cr=1 ramp2cg=1 ramp2cb=1,colorb colorg colorr
AB::WindowGenerator::3.1,/obj/AnalysisHolder/probe_149/CreateRectangularWindows/CreateWindowTrim/TrimStyle_01/transform8,xform,,1,1,medium,parmgroup_pivotxform=1,ty
AB::WindowGenerator::3.1,/obj/AnalysisHolder/probe_149/CreateRectangularWindows/colorWindowTrim,color,,3,5,medium,class=3 ramp2pos=1 ramp2cr=1 ramp2cg=1 ramp2cb=1,colorb colorg colorr
AB::WindowGenerator::3.1,/obj/AnalysisHolder/probe_149/CreateRoundTopWindows/CreateRoundTopWindows/subnet1/circle1,circle,t,4,6,high,type=2 reverse=0 tx=0 order=2 arc=1 endangle=180,divs radx rady ty
AB::WindowGenerator::3.1,/obj/AnalysisHolder/probe_149/CreateRoundTopWindows/CreateRoundTopWindows/knife2,knife,,1,1,medium,knifeop=1,originy
AB::WindowGenerator::3.1,/obj/AnalysisHolder/probe_149/CreateRoundTopWindows/CreateRoundTopWindows/polyextrude1,polyextrude::2.0,,1,11,medium,outputsidegrp=1 thicknessramp1value=1 thicknessramp1interp=2 thicknessramp2pos=1 thicknessramp2value=1 thicknessramp2interp=2 twistramp1value=0.5 twistramp1interp=2 twistramp2pos=1 twistramp2value=0.5 twistramp2interp=2,dist
AB::WindowGenerator::3.1,/obj/AnalysisHolder/probe_149/CreateRoundTopWindows/CreateRoundTopWindows/polyextrude2,polyextrude::2.0,,1,10,medium,thicknessramp1value=1 thicknessramp1interp=2 thicknessramp2pos=1 thicknessramp2value=1 thicknessramp2interp=2 twistramp1value=0.5 twistramp1interp=2 twistramp2pos=1 twistramp2value=0.5 twistramp2interp=2,inset
AB::WindowGenerator::3.1,/obj/AnalysisHolder/probe_149/CreateRoundTopWindows/CreateRoundTopWindows/polyextrude3,polyextrude::2.0,,1,10,medium,thicknessramp1value=1 thicknessramp1interp=2 thicknessramp2pos=1 thicknessramp2value=1 thicknessramp2interp=2 twistramp1value=0.5 twistramp1interp=2 twistramp2pos=1 twistramp2value=0.5 twistramp2interp=2,inset
AB::WindowGenerator::3.1,/obj/AnalysisHolder/probe_149/CreateRoundTopWindows/CreateRoundTopWindows/polyextrude4,polyextrude::2.0,,1,10,medium,thicknessramp1value=1 thicknessramp1interp=2 thicknessramp2pos=1 thicknessramp2value=1 thicknessramp2interp=2 twistramp1value=0.5 twistramp1interp=2 twistramp2pos=1 twistramp2value=0.5 twistramp2interp=2,dist
AB::WindowGenerator::3.1,/obj/AnalysisHolder/probe_149/CreateRoundTopWindows/CreateRoundTopWindows/polyextrude5,polyextrude::2.0,,1,10,medium,thicknessramp1value=1 thicknessramp1interp=2 thicknessramp2pos=1 thicknessramp2value=1 thicknessramp2interp=2 twistramp1value=0.5 twistramp1interp=2 twistramp2pos=1 twistramp2value=0.5 twistramp2interp=2,dist
AB::WindowGenerator::3.1,/obj/AnalysisHolder/probe_149/CreateRoundTopWindows/CreateRoundTopWindows/polybevel1,polybevel::3.0,,3,7,medium,grouptype=2 outputgroupssection=1 profileramp1value=0.5 profileramp1interp=2 profileramp2pos=1 profileramp2value=0.5 profileramp2interp=2,divisions filletshape offset
AB::WindowGenerator::3.1,/obj/AnalysisHolder/probe_149/CreateRoundTopWindows/CreateRoundTopWindows/polybevel2,polybevel::3.0,,3,6,medium,grouptype=2 profileramp1value=0.5 profileramp1interp=2 profileramp2pos=1 profileramp2value=0.5 profileramp2interp=2,divisions filletshape offset
AB::WindowGenerator::3.1,/obj/AnalysisHolder/probe_149/CreateRoundTopWindows/color_WinCasement,color,,3,5,medium,class=3 ramp2pos=1 ramp2cr=1 ramp2cg=1 ramp2cb=1,colorb colorg colorr
AB::WindowGenerator::3.1,/obj/AnalysisHolder/probe_149/CreateRoundTopWindows/colorWindowFrame,color,,3,5,medium,class=3 ramp2pos=1 ramp2cr=1 ramp2cg=1 ramp2cb=1,colorb colorg colorr
AB::WindowGenerator::3.1,/obj/AnalysisHolder/probe_149/CreateRoundTopWindows/colorWindowGlass,color,,3,5,medium,class=3 ramp2pos=1 ramp2cr=1 ramp2cg=1 ramp2cb=1,colorb colorg colorr
AB::WindowGenerator::3.1,/obj/AnalysisHolder/probe_149/CreateRoundTopWindows/CreateWindowTrim/TrimStyle_02/box1,box,,3,4,medium,type=1 divrate1=2 divrate2=2 divrate3=2,sizex sizey sizez
AB::WindowGenerator::3.1,/obj/AnalysisHolder/probe_149/CreateRoundTopWindows/CreateWindowTrim/TrimStyle_02/transform3,xform,t,1,1,high,tz=0,tx
AB::WindowGenerator::3.1,/obj/AnalysisHolder/probe_149/CreateRoundTopWindows/CreateWindowTrim/TrimStyle_02/polyextrude1,polyextrude::2.0,,1,11,medium,outputback=1 thicknessramp1value=1 thicknessramp1interp=2 thicknessramp2pos=1 thicknessramp2value=1 thicknessramp2interp=2 twistramp1value=0.5 twistramp1interp=2 twistramp2pos=1 twistramp2value=0.5 twistramp2interp=2,dist
AB::WindowGenerator::3.1,/obj/AnalysisHolder/probe_149/CreateRoundTopWindows/CreateWindowTrim/TrimStyle_02/polyextrude2,polyextrude::2.0,,1,11,medium,outputback=1 thicknessramp1value=1 thicknessramp1interp=2 thicknessramp2pos=1 thicknessramp2value=1 thicknessramp2interp=2 twistramp1value=0.5 twistramp1interp=2 twistramp2pos=1 twistramp2value=0.5 twistramp2interp=2,dist
AB::WindowGenerator::3.1,/obj/AnalysisHolder/probe_149/CreateRoundTopWindows/CreateWindowTrim/TrimStyle_02/transform4,xform,,1,1,medium,parmgroup_pivotxform=1,ty
AB::WindowGenerator::3.1,/obj/AnalysisHolder/probe_149/CreateRoundTopWindows/CreateWindowTrim/TrimStyle_02/polyextrude3,polyextrude::2.0,,1,14,medium,xformfront=1 xformspace=1 pivotxformsection=1 outputfrontgrp=1 thicknessramp1value=1 thicknessramp1interp=2 thicknessramp2pos=1 thicknessramp2value=1 thicknessramp2interp=2 twistramp1value=0.5 twistramp1interp=2 twistramp2pos=1 twistramp2value=0.5 twistramp2interp=2,dist
AB::WindowGenerator::3.1,/obj/AnalysisHolder/probe_149/CreateRoundTopWindows/CreateWindowTrim/TrimStyle_02/polyextrude4,polyextrude::2.0,,1,11,medium,outputback=1 thicknessramp1value=1 thicknessramp1interp=2 thicknessramp2pos=1 thicknessramp2value=1 thicknessramp2interp=2 twistramp1value=0.5 twistramp1interp=2 twistramp2pos=1 twistramp2value=0.5 twistramp2interp=2,dist
AB::WindowGenerator::3.1,/obj/AnalysisHolder/probe_149/CreateRoundTopWindows/CreateWindowTrim/TrimStyle_02/transform6,xform,,1,1,medium,parmgroup_pivotxform=1,ty
AB::WindowGenerator::3.1,/obj/AnalysisHolder/probe_149/CreateRoundTopWindows/CreateWindowTrim/TrimStyle_02/color1,color,,3,5,medium,class=3 ramp2pos=1 ramp2cr=1 ramp2cg=1 ramp2cb=1,colorb colorg colorr
AB::WindowGenerator::3.1,/obj/AnalysisHolder/probe_149/CreateRoundTopWindows/CreateWindowTrim/TrimStyle_02/transform8,xform,,1,1,medium,parmgroup_pivotxform=1,ty
AB::WindowGenerator::3.1,/obj/AnalysisHolder/probe_149/CreateRoundTopWindows/CreateWindowTrim/TrimStyle_01/box1,box,,3,4,medium,type=1 divrate1=2 divrate2=2 divrate3=2,sizex sizey sizez
AB::WindowGenerator::3.1,/obj/AnalysisHolder/probe_149/CreateRoundTopWindows/CreateWindowTrim/TrimStyle_01/transform3,xform,t,1,1,high,tz=0,tx
AB::WindowGenerator::3.1,/obj/AnalysisHolder/probe_149/CreateRoundTopWindows/CreateWindowTrim/TrimStyle_01/polyextrude1,polyextrude::2.0,,1,11,medium,outputback=1 thicknessramp1value=1 thicknessramp1interp=2 thicknessramp2pos=1 thicknessramp2value=1 thicknessramp2interp=2 twistramp1value=0.5 twistramp1interp=2 twistramp2pos=1 twistramp2value=0.5 twistramp2interp=2,dist
AB::WindowGenerator::3.1,/obj/AnalysisHolder/probe_149/CreateRoundTopWindows/CreateWindowTrim/TrimStyle_01/polyextrude2,polyextrude::2.0,,1,11,medium,outputback=1 thicknessramp1value=1 thicknessramp1interp=2 thicknessramp2pos=1 thicknessramp2value=1 thicknessramp2interp=2 twistramp1value=0.5 twistramp1interp=2 twistramp2pos=1 twistramp2value=0.5 twistramp2interp=2,dist
AB::WindowGenerator::3.1,/obj/AnalysisHolder/probe_149/CreateRoundTopWindows/CreateWindowTrim/TrimStyle_01/transform4,xform,,1,1,medium,parmgroup_pivotxform=1,ty
AB::WindowGenerator::3.1,/obj/AnalysisHolder/probe_149/CreateRoundTopWindows/CreateWindowTrim/TrimStyle_01/polyextrude3,polyextrude::2.0,,1,14,medium,xformfront=1 xformspace=1 pivotxformsection=1 outputfrontgrp=1 thicknessramp1value=1 thicknessramp1interp=2 thicknessramp2pos=1 thicknessramp2value=1 thicknessramp2interp=2 twistramp1value=0.5 twistramp1interp=2 twistramp2pos=1 twistramp2value=0.5 twistramp2interp=2,dist
AB::WindowGenerator::3.1,/obj/AnalysisHolder/probe_149/CreateRoundTopWindows/CreateWindowTrim/TrimStyle_01/polyextrude4,polyextrude::2.0,,1,11,medium,outputback=1 thicknessramp1value=1 thicknessramp1interp=2 thicknessramp2pos=1 thicknessramp2value=1 thicknessramp2interp=2 twistramp1value=0.5 twistramp1interp=2 twistramp2pos=1 twistramp2value=0.5 twistramp2interp=2,dist
AB::WindowGenerator::3.1,/obj/AnalysisHolder/probe_149/CreateRoundTopWindows/CreateWindowTrim/TrimStyle_01/transform6,xform,,1,1,medium,parmgroup_pivotxform=1,ty
AB::WindowGenerator::3.1,/obj/AnalysisHolder/probe_149/CreateRoundTopWindows/CreateWindowTrim/TrimStyle_01/color1,color,,3,5,medium,class=3 ramp2pos=1 ramp2cr=1 ramp2cg=1 ramp2cb=1,colorb colorg colorr
AB::WindowGenerator::3.1,/obj/AnalysisHolder/probe_149/CreateRoundTopWindows/CreateWindowTrim/TrimStyle_01/transform8,xform,,1,1,medium,parmgroup_pivotxform=1,ty
AB::WindowGenerator::3.1,/obj/AnalysisHolder/probe_149/CreateRoundTopWindows/colorWindowTrim,color,,3,5,medium,class=3 ramp2pos=1 ramp2cr=1 ramp2cg=1 ramp2cb=1,colorb colorg colorr
AB::WindowGenerator::3.1,/obj/AnalysisHolder/probe_149/CreateBayWindows/circle1,circle,,3,7,medium,type=2 orient=2 reverse=0 ry=180 order=2 arc=1 endangle=180,divs radx rady
AB::WindowGenerator::3.1,/obj/AnalysisHolder/probe_149/CreateBayWindows/transform1,xform,,1,1,medium,parmgroup_pivotxform=1,ty
AB::WindowGenerator::3.1,/obj/AnalysisHolder/probe_149/CreateBayWindows/transform3,xform,,1,4,medium,parmgroup_pivotxform=1 px=0 py=0 pz=0,ty
AB::WindowGenerator::3.1,/obj/AnalysisHolder/probe_149/CreateBayWindows/transform5,xform,,2,4,medium,parmgroup_pivotxform=1 px=0 py=0 pz=0,scale ty
AB::WindowGenerator::3.1,/obj/AnalysisHolder/probe_149/CreateBayWindows/transform6,xform,,1,5,medium,scale=0.2 parmgroup_pivotxform=1 px=0 py=0 pz=0,ty
AB::WindowGenerator::3.1,/obj/AnalysisHolder/probe_149/CreateBayWindows/transform8,xform,,1,4,medium,parmgroup_pivotxform=1 px=0 py=0 pz=0,ty
AB::WindowGenerator::3.1,/obj/AnalysisHolder/probe_149/CreateBayWindows/transform10,xform,,2,4,medium,parmgroup_pivotxform=1 px=0 py=0 pz=0,scale ty
AB::WindowGenerator::3.1,/obj/AnalysisHolder/probe_149/CreateBayWindows/transform11,xform,,1,5,medium,scale=0.1 parmgroup_pivotxform=1 px=0 py=0 pz=0,ty
AB::WindowGenerator::3.1,/obj/AnalysisHolder/probe_149/CreateBayWindows/convert8,convert,,1,2,medium,stdswitcher1=1 divv=1,divu
AB::WindowsCreateCopies::2.0,/obj/AnalysisHolder/probe_150/CreateWindowWallDivs/polyextrude1,polyextrude::2.0,,1,11,medium,outputsidegrp=1 thicknessramp1value=1 thicknessramp1interp=2 thicknessramp2pos=1 thicknessramp2value=1 thicknessramp2interp=2 twistramp1value=0.5 twistramp1interp=2 twistramp2pos=1 twistramp2value=0.5 twistramp2interp=2,dist
AB::WindowsCreateCopies::2.0,/obj/AnalysisHolder/probe_150/CreateWindowWallDivs/knife4,knife,,1,3,medium,knifeop=1 dirx=1 diry=0,originx
AB::WindowsCreateCopies::2.0,/obj/AnalysisHolder/probe_150/CreateWindowWallDivs/knife5,knife,,1,2,medium,dirx=1 diry=0,originx
AB::WindowsCreateCopies::2.0,/obj/AnalysisHolder/probe_150/CreateWindowWallDivs/knife6,knife,,1,2,medium,dirx=1 diry=0,originx
AB::WindowsCreateCopies::2.0,/obj/AnalysisHolder/probe_150/CreateWindowWallDivs/knife7,knife,,1,3,medium,knifeop=1 dirx=1 diry=0,originx
AB::WindowsCreateCopies::2.0,/obj/AnalysisHolder/probe_150/CreateWindowWallDivs/knife9,knife,,1,1,medium,knifeop=1,originy
AB::WindowsCreateCopies::2.0,/obj/AnalysisHolder/probe_150/CreateWindowWallDivs/knife1,knife,,1,1,medium,knifeop=1,originy
AB::WiresWithRings::1.0,/obj/AnalysisHolder/probe_151/attribvop2/aanoise1,aanoise,,6,3,medium,offset1=1.5 offset2=1.5 offset3=1.5,freq1 freq2 freq3 maxoctave noisetype rough
AB::WiresWithRings::1.0,/obj/AnalysisHolder/probe_151/sweep1,sweep,,1,1,medium,xformbyattribs=0,twist
AB::WiresWithRings::1.0,/obj/AnalysisHolder/probe_151/circle1,circle,,3,2,medium,type=2 reverse=0,divs radx rady
AB::WiresWithRings::1.0,/obj/AnalysisHolder/probe_151/circle2,circle,,2,2,medium,type=2 reverse=0,radx rady
AB::WiresWithRings::1.0,/obj/AnalysisHolder/probe_151/convert1,convert,,2,1,medium,stdswitcher1=1,divu divv
AB::WiresWithRings::1.0,/obj/AnalysisHolder/probe_151/group1,group,,2,2,medium,groupop=1 nonplanartol=0.001,select1 select2
AB::WiresWithRings::1.0,/obj/AnalysisHolder/probe_151/convert2,convert,,2,1,medium,stdswitcher1=1,divu divv
AB::WoodFractue::1.0,/obj/probe_152/AutoDopNetwork,dopnet,,3,1,medium,caching=0,resimulate timeoffset timestep
AB::WoodFractue::1.0,/obj/probe_152/AutoDopNetwork/box_object1,rbdpackedobject,,2,4,medium,usetransform=1 px=0 py=6 pz=0,bullet_shrink_amount createframe
AB::WoodFractue::1.0,/obj/probe_152/AutoDopNetwork/glue_box_object1,constraintnetwork,,1,1,medium,usetransform=1,reloadfromsops
AB::WoodFractue::1.0,/obj/probe_152/AutoDopNetwork/sphere,staticobject,,2,2,medium,usetransform=1 collisiondetection=1,bullet_shrink_amount createframe
AB::WoodFractue::1.0,/obj/probe_152/theDestroyer/sphere1,sphere,,1,2,medium,type=2 rows=10,cols
AB::WoodPlankGenerator::1.0,/obj/AnalysisHolder/probe_153/line5,line,,1,5,medium,type=1 dirx=1 diry=0 points=100 order=11,dist
AB::WoodPlankGenerator::1.0,/obj/AnalysisHolder/probe_153/polyextrude1,polyextrude::2.0,,1,13,medium,xformfront=1 translatey=6 outputfront=0 thicknessramp1value=1 thicknessramp1interp=2 thicknessramp2pos=1 thicknessramp2value=1 thicknessramp2interp=2 twistramp1value=0.5 twistramp1interp=2 twistramp2pos=1 twistramp2value=0.5 twistramp2interp=2,dist
AB::WoodPlankGenerator::1.0,/obj/AnalysisHolder/probe_153/polyextrude2,polyextrude::2.0,,1,11,medium,outputback=1 thicknessramp1value=1 thicknessramp1interp=2 thicknessramp2pos=1 thicknessramp2value=1 thicknessramp2interp=2 twistramp1value=0.5 twistramp1interp=2 twistramp2pos=1 twistramp2value=0.5 twistramp2interp=2,dist
AB::WoodPlankGenerator::1.0,/obj/AnalysisHolder/probe_153/polybevel1,polybevel::3.0,,1,6,medium,grouptype=3 profileramp1value=0.5 profileramp1interp=2 profileramp2pos=1 profileramp2value=0.5 profileramp2interp=2,offset
AB::WoodenPierGenerator::1.0,/obj/AnalysisHolder/probe_154/color7,color,,3,4,medium,ramp2pos=1 ramp2cr=1 ramp2cg=1 ramp2cb=1,colorb colorg colorr
AB::WoodenPierGenerator::1.0,/obj/AnalysisHolder/probe_154/color8,color,,3,4,medium,ramp2pos=1 ramp2cr=1 ramp2cg=1 ramp2cb=1,colorb colorg colorr
AB::WoodenPierGenerator::1.0,/obj/AnalysisHolder/probe_154/color9,color,,3,4,medium,ramp2pos=1 ramp2cr=1 ramp2cg=1 ramp2cb=1,colorb colorg colorr
AB::WoodenPierGenerator::1.0,/obj/AnalysisHolder/probe_154/knife2,knife,,1,1,medium,knifeop=1,originy
AB::WoodenPierGenerator::1.0,/obj/AnalysisHolder/probe_154/knife4,knife,,1,1,medium,knifeop=1,originy
