tool,parm,label,type,components,default,menu_items
AB::AirConCondeserGenerator::3.0,MaterialStyle,Material Style,Menu,1,0,3
AB::AirConCondeserGenerator::3.0,PropTypeToolMode,Prop Type,Int,1,0,0
AB::AirConCondeserGenerator::3.0,ToolModeOn,Tool Mode On,Toggle,1,False,0
AB::AirConCondeserGenerator::3.0,uv_layout_on,UV Layout,Toggle,1,False,0
AB::AirConCondeserGenerator::3.0,light_map_uvs,Light Maps On,Toggle,1,False,0
AB::AirConCondeserGenerator::3.0,vis_uvs,Vis UV,Toggle,1,False,0
AB::AirConCondeserGenerator::3.0,use_color,Use Color,Toggle,1,True,0
AB::AntennaGenerator::3.0,MaterialStyle,Material Style,Menu,1,0,3
AB::AntennaGenerator::3.0,PropTypeToolMode,Prop Type,Int,1,0,0
AB::AntennaGenerator::3.0,ToolModeOn,Tool Mode On,Toggle,1,False,0
AB::AntennaGenerator::3.0,uv_layout_on,UV Layout,Toggle,1,False,0
AB::AntennaGenerator::3.0,light_map_uvs,Light Maps On,Toggle,1,False,0
AB::AntennaGenerator::3.0,vis_uvs,Vis UV,Toggle,1,False,0
AB::AntennaGenerator::3.0,use_color,Use Color,Toggle,1,True,0
AB::ApartmentRow::1.2,ABApartentRow,AB Apartent Row,Label,1,,0
AB::ApartmentRow::1.2,labelparm,Message,Label,1,,0
AB::ApartmentRow::1.2,sepparm24,,Separator,0,,0
AB::ApartmentRow::1.2,tool_mode_on,Tool Mode,Toggle,1,False,0
AB::ApartmentRow::1.2,UVLayoutOn,UV Layout,Toggle,1,False,0
AB::ApartmentRow::1.2,LightmapsOn,Lightmaps On,Toggle,1,False,0
AB::ApartmentRow::1.2,UdimOn,UDIM On,Toggle,1,True,0
AB::ApartmentRow::1.2,vis_uv,Vis UV,Toggle,1,False,0
AB::ApartmentRow::1.2,use_color,Use Color,Toggle,1,True,0
AB::ApartmentRow::1.2,sepparm12,,Separator,0,,0
AB::ApartmentRow::1.2,BaseBuildingOptions,Base Building Options,Label,1,,0
AB::ApartmentRow::1.2,BuildingShape,Building Shape,Menu,1,0,3
AB::ApartmentRow::1.2,sepparm7,,Separator,0,,0
AB::ApartmentRow::1.2,BuildingWidth,Building Width,Int,1,20,0
AB::ApartmentRow::1.2,BuildingDepth,Building Depth,Int,1,45,0
AB::ApartmentRow::1.2,base_mod_size,Base Module Size,Int,1,4,0
AB::ApartmentRow::1.2,sepparm14,,Separator,0,,0
AB::ApartmentRow::1.2,CornerOptions,Corner Options,Label,1,,0
AB::ApartmentRow::1.2,sepparm13,,Separator,0,,0
AB::ApartmentRow::1.2,BldCornerSize,Building Corner Size,Float,1,3.0,0
AB::ApartmentRow::1.2,BldCornerDepth,Building Corner Depth,Float,1,0.8,0
AB::ApartmentRow::1.2,rows,Rows,Int,1,20,0
AB::ApartmentRow::1.2,sepparm15,,Separator,0,,0
AB::ApartmentRow::1.2,FloorOptions,Floor Options,Label,1,,0
AB::ApartmentRow::1.2,sepparm16,,Separator,0,,0
AB::ApartmentRow::1.2,LowerFloorHeight,Lower Floor Height,Int,1,2,0
AB::ApartmentRow::1.2,EntryFloorHeight,Entry Floor Height,Int,1,5,0
AB::ApartmentRow::1.2,AddMezzanine,Add Mezzanine,Toggle,1,True,0
AB::ApartmentRow::1.2,MZ_WallHeight,Mezzanine Height,Float,1,4.0,0
AB::ApartmentRow::1.2,MidFloorHeight,Mid Floor Height,Int,1,4,0
AB::ApartmentRow::1.2,MidFloorNumber,Mid Floor Number,Int,1,2,0
AB::ApartmentRow::1.2,TopFloorHeight,Top Floor Height,Int,1,5,0
AB::ApartmentRow::1.2,TopHeight,Top Height,Int,1,2,0
AB::ApartmentRow::1.2,sepparm18,,Separator,0,,0
AB::ApartmentRow::1.2,DoorOptions,Door Options,Label,1,,0
AB::ApartmentRow::1.2,sepparm17,,Separator,0,,0
AB::ApartmentRow::1.2,RS_DoorStyle,Door Style,Menu,1,2,3
AB::ApartmentRow::1.2,RS_HandleStyle,Handle Style,Menu,1,0,4
AB::ApartmentRow::1.2,handle_side,Handle Position,Menu,1,0,2
AB::ApartmentRow::1.2,InsetDoorDepth,Inset Door Depth,Float,1,0.5,0
AB::ApartmentRow::1.2,WinWallSides2,Door Wall Sides,Float,1,1.0,0
AB::ApartmentRow::1.2,sepparm6,,Separator,0,,0
AB::ApartmentRow::1.2,WindowSizingOptions,Window Sizing Options,Label,1,,0
AB::ApartmentRow::1.2,sepparm,,Separator,0,,0
AB::ApartmentRow::1.2,WinWallSides,Window Wall Sides,Float,1,1.0,0
AB::ApartmentRow::1.2,win_wall_open_z,Window Depth,Float,1,0.5,0
AB::ApartmentRow::1.2,WinWallBaseHeight,Below Win Height,Float,1,1.0,0
AB::ApartmentRow::1.2,AboveWindowHeight,Above Win Height,Float,1,1.0,0
AB::ApartmentRow::1.2,sepparm2,,Separator,0,,0
AB::ApartmentRow::1.2,GroundFloorWindowOptions,Ground Floor Window Options,Label,1,,0
AB::ApartmentRow::1.2,sepparm3,,Separator,0,,0
AB::ApartmentRow::1.2,bld_mod_size,Building Mod Size,Int,1,10,0
AB::ApartmentRow::1.2,WindowShape,Window Shape,Menu,1,1,3
AB::ApartmentRow::1.2,CasingDepth3,Wall Opening Depth,Float,1,1.0,0
AB::ApartmentRow::1.2,CasingWidth3,Casing Width,Float,1,0.05,0
AB::ApartmentRow::1.2,WinFrameWidthRect3,Frame Width,Float,1,0.15,0
AB::ApartmentRow::1.2,SK_WinFrameDepthRect3,Frame Depth,Float,1,0.1,0
AB::ApartmentRow::1.2,sepparm8,,Separator,0,,0
AB::ApartmentRow::1.2,MezzanineWindowOptions,Mezzanine Window Options,Label,1,,0
AB::ApartmentRow::1.2,sepparm19,,Separator,0,,0
AB::ApartmentRow::1.2,WindowShape3,Window Shape,Menu,1,0,3
AB::ApartmentRow::1.2,CasingDepth,Wall Opening Depth,Float,1,0.75,0
AB::ApartmentRow::1.2,CasingWidth,Casing Width,Float,1,0.05,0
AB::ApartmentRow::1.2,WinFrameWidthRect,Frame Width,Float,1,0.1593,0
AB::ApartmentRow::1.2,SK_WinFrameDepthRect,Frame Depth,Float,1,0.1,0
AB::ApartmentRow::1.2,sepparm9,,Separator,0,,0
AB::ApartmentRow::1.2,MidFloorWindowOptions,Mid Floor Window Options,Label,1,,0
AB::ApartmentRow::1.2,sepparm20,,Separator,0,,0
AB::ApartmentRow::1.2,WindowShape4,Window Shape,Menu,1,0,3
AB::ApartmentRow::1.2,CasingDepth2,Wall Opening Depth,Float,1,0.3,0
AB::ApartmentRow::1.2,CasingWidth2,Casing Width,Float,1,0.02,0
AB::ApartmentRow::1.2,WinFrameWidthRect2,Frame Width,Float,1,0.08,0
AB::ApartmentRow::1.2,SK_WinFrameDepthRect2,Frame Depth,Float,1,0.1,0
AB::ApartmentRow::1.2,sepparm10,,Separator,0,,0
AB::ApartmentRow::1.2,TopFloorWindowOptions,Top Floor Window Options,Label,1,,0
AB::ApartmentRow::1.2,sepparm21,,Separator,0,,0
AB::ApartmentRow::1.2,WindowShape2,Window Shape,Menu,1,0,3
AB::ApartmentRow::1.2,CasingDepth4,Wall Opening Depth,Float,1,1.0,0
AB::ApartmentRow::1.2,CasingWidth4,Casing Width,Float,1,0.05,0
AB::ApartmentRow::1.2,WinFrameWidthRect4,Frame Width,Float,1,0.15,0
AB::ApartmentRow::1.2,SK_WinFrameDepthRect4,Frame Depth,Float,1,0.1,0
AB::ApartmentRow::1.2,sepparm11,,Separator,0,,0
AB::ApartmentRow::1.2,RoofOptions,Roof Options,Label,1,,0
AB::ApartmentRow::1.2,sepparm22,,Separator,0,,0
AB::ApartmentRow::1.2,RoofStyle,Roof Style,Menu,1,1,2
AB::ApartmentRow::1.2,AddCornice,Add Cornice,Toggle,1,True,0
AB::ApartmentRow::1.2,AddCorniceFacade,Facade Cornice Only,Toggle,1,True,0
AB::ApartmentRow::1.2,PeakHeight,Peak Height,Float,1,6.0,0
AB::ApartmentRow::1.2,sepparm4,,Separator,0,,0
AB::ApartmentRow::1.2,ColorOptions,Color Options,Label,1,,0
AB::ApartmentRow::1.2,sepparm5,,Separator,0,,0
AB::ApartmentRow::1.2,RS_DoorFrameColor,Door Frame,Float,3,0.46;0.4;0.34,0
AB::ApartmentRow::1.2,RS_DoorGlassColor,Door Glass,Float,3,0.66;0.78;0.96,0
AB::ApartmentRow::1.2,MainWallColor,Main Walls,Float,3,0.7;0.7;0.7,0
AB::ApartmentRow::1.2,CorniceColor,Cornice Color,Float,3,0.2;0.2;0.2,0
AB::ApartmentRow::1.2,FrontFenceColor,Front Fence Color,Float,3,0.025;0.025;0.025,0
AB::ApartmentRow::1.2,FrontStepColor,Step Color,Float,3,0.333;0.333;0.333,0
AB::ArchGenerator::2.0,MaterialStyle,Material Style,Menu,1,0,3
AB::ArchGenerator::2.0,AddWall,Add Wall,Toggle,1,True,0
AB::ArchGenerator::2.0,AddDoor,Add Door,Toggle,1,True,0
AB::ArchGenerator::2.0,AddDetailedDoor,Detailed Door On,Toggle,1,False,0
AB::ArchGenerator::2.0,adjPtX,X Point Adj,Float,1,0.0,0
AB::ArchGenerator::2.0,adjPtY2,Y Point Adj,Float,1,0.0,0
AB::ArchGenerator::2.0,center_main_width,Center Width,Float,1,0.2,0
AB::ArchGenerator::2.0,ncy,Total Number,Int,1,1,0
AB::ArchGenerator::2.0,return_len,Return Length,Float,1,0.1,0
AB::ArchGenerator::2.0,ArchRes,Arch Resolution,Int,1,100,0
AB::ArchitecturalPlantOns::2.0,PlantOnStyle,Plant On Style,Menu,1,0,4
AB::ArchitecturalPlantOns::2.0,ClassicalStyleSwitch,Classical Style,Int,1,0,0
AB::ArchitecturalPlantOns::2.0,DecoStyleSwitch,Art Deco Style,Int,1,0,0
AB::AwningGenerator::2.0,MaterialStyle,Material Style,Menu,1,0,4
AB::AwningGenerator::2.0,uv_layout_on,UV Layout,Toggle,1,False,0
AB::AwningGenerator::2.0,lightmaps_on,Lightmaps On,Toggle,1,False,0
AB::AwningGenerator::2.0,vis_uv,Vis UV,Toggle,1,False,0
AB::AwningGenerator::2.0,use_color,Use Color,Toggle,1,False,0
AB::AwningGenerator::2.0,AwningStyle,Awning Style,Menu,1,0,3
AB::AwningGenerator::2.0,LowerDecorationShape,Decoration Shape,Menu,1,0,3
AB::AwningGenerator::2.0,LowerDecorationAmount,Lower Decoration Amount,Int,1,13,0
AB::AwningGenerator::2.0,AddColoredStripes,Colored Stripes On,Toggle,1,False,0
AB::AwningGenerator::2.0,AddStructure,Add Structure,Toggle,1,True,0
AB::AwningGenerator::2.0,AwningDepth,Awning Depth,Float,1,2.0,0
AB::AwningGenerator::2.0,AwningHeight,Awning Height,Float,1,1.0,0
AB::AwningGenerator::2.0,AwningWidth,Awning Width,Float,1,3.0,0
AB::AwningGenerator::2.0,top_thinckness,Top Thickness,Float,1,0.05,0
AB::AwningGenerator::2.0,top_overhang,Top Front Overhang,Float,1,0.1,0
AB::AwningGenerator::2.0,dist,Top Side Overhang,Float,1,1.0,0
AB::AwningGenerator::2.0,MetalColor,Metal ,Float,3,0.5;0.5;0.5,0
AB::AwningGenerator::2.0,StripeColor1,Stripe One,Float,3,0.075;0.1875;0.3,0
AB::AwningGenerator::2.0,StripeColor2,Stripe Two,Float,3,0.075;0.3;0.1875,0
AB::AwningGenerator::2.0,ClothColor,Cloth,Float,3,0.029355;0.0285;0.114,0
AB::BalconyGenerator::2.0,MaterialStyle,Material Style,Menu,1,0,4
AB::BalconyGenerator::2.0,add_pack,Add Name & Pack,Toggle,1,True,0
AB::BalconyGenerator::2.0,AddLightmapUVs,Add Lightmap UV,Toggle,1,False,0
AB::BalconyGenerator::2.0,lightmap_style,Lightmap Style,Menu,1,0,2
AB::BalconyGenerator::2.0,BalconyDepth,Depth,Float,1,1.25,0
AB::BalconyGenerator::2.0,length,Length,Float,1,3.0,0
AB::BalconyGenerator::2.0,balc_flr_height,Floor Thickness,Float,1,0.1,0
AB::BalconyGenerator::2.0,filletshape,Floor Bevel Style,Menu,1,3,6
AB::BalconyGenerator::2.0,flr_bev_size,Floor Bevel Size,Float,1,0.01,0
AB::BalconyGenerator::2.0,divisions2,Divisions,Int,1,1,0
AB::BalconyGenerator::2.0,sepparm,,Separator,0,,0
AB::BalconyGenerator::2.0,BannisterVerticalCopies,Bannister Number,Int,1,3,0
AB::BalconyGenerator::2.0,BannisterVertSep,Banister Seperation,Float,1,0.2,0
AB::BalconyGenerator::2.0,ptfilletshape,Banister Bevel Style,Menu,1,3,4
AB::BalconyGenerator::2.0,BanisterCornerBevel,Banister Corner Bevel,Float,1,0.1,0
AB::BalconyGenerator::2.0,CornerDivisions,Corner Divisions,Int,1,8,0
AB::BalconyGenerator::2.0,BannisterRadius,Bannister Radius,Float,1,0.04,0
AB::BalconyGenerator::2.0,add_bevels,Add Bevels,Toggle,1,True,0
AB::BalconyGenerator::2.0,HardwareStyle,Hardware Style,Menu,1,0,3
AB::BalconyGenerator::2.0,FinalScale,Uniform Scale,Float,1,0.3,0
AB::BalconyGenerator::2.0,BoltHeight,Bolt Height,Float,1,0.5,0
AB::BalconyGenerator::2.0,BoltResolution,Bolt Resolution,Int,1,12,0
AB::BalconyGenerator::2.0,AddWasher,Add Washer,Toggle,1,True,0
AB::BalconyGenerator::2.0,WasherThickness,Washer Thickness,Float,1,0.04,0
AB::BalconyGenerator::2.0,WasherResolution,Washer Resolution,Int,1,24,0
AB::BalconyGenerator::2.0,PlatformColor,Platform,Float,3,0.6667;0.6667;0.6667,0
AB::BalconyGenerator::2.0,BannisterColor,Bannister,Float,3,0.333;0.333;0.333,0
AB::BalconyGenerator::2.0,ColorBolt,Bolt,Float,3,0.333;0.333;0.333,0
AB::BalconyGenerator::2.0,ColorNut,Nut,Float,3,0.2;0.2;0.2,0
AB::BalconyGenerator::2.0,ColorWasher,Washer,Float,3,0.5;0.5;0.5,0
AB::BarbwireGenerator::2.0,PathShape,Path Shape,Menu,1,0,2
AB::BarbwireGenerator::2.0,UVLayoutOn,UV Layout,Toggle,1,False,0
AB::BarbwireGenerator::2.0,BarbwireLength,Length,Float,1,20.0,0
AB::BarbwireGenerator::2.0,loops,Loops,Float,1,10.0,0
AB::BarbwireGenerator::2.0,points,Points,Int,1,200,0
AB::BarbwireGenerator::2.0,DeformPoint01,Deform Point One,Float,1,5.0,0
AB::BarbwireGenerator::2.0,DeformPoint02,Deform Point Two,Float,1,-5.0,0
AB::BarbwireGenerator::2.0,labelparm,Noise,Label,1,,0
AB::BarbwireGenerator::2.0,lac,Lacunarity,Float,1,1.841,0
AB::BarbwireGenerator::2.0,offset,Offset,Float,3,0.0;0.0;0.0,0
AB::BarbwireGenerator::2.0,elementscale,Scale,Float,3,2.0;2.0;2.0,0
AB::BarbwireGenerator::2.0,height,Height,Float,1,1.0,0
AB::BarbwireGenerator::2.0,elementsize,Element Size,Float,1,1.0,0
AB::BarbwireGenerator::2.0,basis,Noise Type,String,1,simplex,14
AB::BarbwireGenerator::2.0,fractal,Fractal Type,String,1,hmfT,4
AB::BarbwireGenerator::2.0,oct,Max Octaves,Int,1,8,0
AB::BarbwireGenerator::2.0,rough,Roughness,Float,1,0.5,0
AB::BarbwireGenerator::2.0,Barb_Color,Barb Color,Ramp,1,6,0
AB::BarbwireGenerator::2.0,seed_Barb_Color,Seed Barb Color,Int,1,1,0
AB::BarbwireGenerator::2.0,color,Color,Float,3,0.1;0.1;0.1,0
AB::BillboardGenerator::2.1,MaterialStyle,Material Style,Menu,1,0,2
AB::BillboardGenerator::2.1,UVLayoutOn,UV Layout On,Toggle,1,False,0
AB::BillboardGenerator::2.1,PackOn,Pack,Toggle,1,False,0
AB::BillboardGenerator::2.1,AddDoubleBillboard,Add Double Billboard,Toggle,1,False,0
AB::BillboardGenerator::2.1,MainSupportHeight,Main Support Height,Float,1,4.0,0
AB::BillboardGenerator::2.1,MainSupportRadScale,Main Sopprt Radius,Float,1,0.5,0
AB::BillboardGenerator::2.1,TorsionSupportWidth,Torsion Support Width,Float,1,1.3,0
AB::BillboardGenerator::2.1,TorsionSupportHeight,Torsion Support Height,Float,1,0.2,0
AB::BillboardGenerator::2.1,TorsionTubeLength,Torsion Tube Length,Float,1,8.0,0
AB::BillboardGenerator::2.1,TorsionTubeRotation,Torsion Tube Rotation,Float,1,0.0,0
AB::BillboardGenerator::2.1,SupportBevelsOn,Add Support Bevels,Toggle,1,True,0
AB::BillboardGenerator::2.1,SupportBevelsOffset,Support Bevel Amount,Float,1,0.02,0
AB::BillboardGenerator::2.1,SupportBevelsShape,Support Bevels Shape,Menu,1,4,5
AB::BillboardGenerator::2.1,SupportBevelsDiv,Support Bevels Div,Int,1,12,0
AB::BillboardGenerator::2.1,sepparm,,Separator,0,,0
AB::BillboardGenerator::2.1,ButtonOptionsLabel,Button Options,Label,1,,0
AB::BillboardGenerator::2.1,BoltsOn,Add Bolts,Toggle,1,True,0
AB::BillboardGenerator::2.1,NumOfBolts,Number of Bolts,Int,1,12,0
AB::BillboardGenerator::2.1,sepparm2,,Separator,0,,0
AB::BillboardGenerator::2.1,AddWeldLine,Add Weld Line,Toggle,1,True,0
AB::BillboardGenerator::2.1,WeldLineRadius,Weld Line Radius,Float,1,0.02,0
AB::BillboardGenerator::2.1,WeldLineDiv,Weld Line Divisions,Int,1,8,0
AB::BillboardGenerator::2.1,sepparm3,,Separator,0,,0
AB::BillboardGenerator::2.1,PlatformOptions,Platform Options,Label,1,,0
AB::BillboardGenerator::2.1,PlatformWidth,Platform Width,Float,1,2.0,0
AB::BillboardGenerator::2.1,WoodPlankNumber,Wood Plank Number,Int,1,9,0
AB::BillboardGenerator::2.1,PlankSizeRandom,Plank Size Random,Float,1,0.48,0
AB::BillboardGenerator::2.1,sepparm5,,Separator,0,,0
AB::BillboardGenerator::2.1,PlatformSupportOptions,Platform Support Options,Label,1,,0
AB::BillboardGenerator::2.1,PlatformMetalSyle,Support Style,Menu,1,0,2
AB::BillboardGenerator::2.1,PlatformSupportNumber,Support Number,Int,1,6,0
AB::BillboardGenerator::2.1,MetalExtrusionWidth,Metal Ext  Width,Float,1,0.15,0
AB::BillboardGenerator::2.1,MetalExtrusionHeight,Metal Ext Height,Float,1,0.2,0
AB::BillboardGenerator::2.1,ExtrusionThickness,Extrusion Thickness,Float,1,0.02,0
AB::BillboardGenerator::2.1,sepparm6,,Separator,0,,0
AB::BillboardGenerator::2.1,BillboardVertSupportOption,Billboard Vertical Support Options,Label,1,,0
AB::BillboardGenerator::2.1,ext_type,Shape Type,Menu,1,0,5
AB::BillboardGenerator::2.1,segs,Amount,Int,1,6,0
AB::BillboardGenerator::2.1,BaseWidth,Metal Ext  Width,Float,1,0.15,0
AB::BillboardGenerator::2.1,BaseHeight,Metal Ext Height,Float,1,0.25,0
AB::BillboardGenerator::2.1,ExtrusionThickness2,Extrusion Thickness,Float,1,0.015,0
AB::BillboardGenerator::2.1,sepparm7,,Separator,0,,0
AB::BillboardGenerator::2.1,BillboardHorizSupportOption,Billboard Horizontal Support Options,Label,1,,0
AB::BillboardGenerator::2.1,ext_type2,Shape Type,Menu,1,1,5
AB::BillboardGenerator::2.1,segs2,Number,Int,1,4,0
AB::BillboardGenerator::2.1,BaseWidth2,Metal Ext  Width,Float,1,0.15,0
AB::BillboardGenerator::2.1,BaseHeight2,Metal Ext Height,Float,1,0.25,0
AB::BillboardGenerator::2.1,ExtrusionThickness3,Extrusion Thickness,Float,1,0.015,0
AB::BillboardGenerator::2.1,sepparm4,,Separator,0,,0
AB::BillboardGenerator::2.1,MainSupportColor,Main Support Color,Float,3,0.392;0.27842;0.195608,0
AB::BillboardGenerator::2.1,ColorOptions,Color Options,Label,1,,0
AB::BillboardGenerator::2.1,BoltsColor,Bolts Color,Ramp,1,2,0
AB::BillboardGenerator::2.1,NutsColor,Nuts Color,Ramp,1,2,0
AB::BillboardGenerator::2.1,WashersColor,Washers Color,Ramp,1,2,0
AB::BillboardGenerator::2.1,VerticalBackSupportColor,V Back Support Color,Ramp,1,2,0
AB::BillboardGenerator::2.1,HorizBackSupportColor,H Back Support Color,Ramp,1,2,0
AB::BlocksRGB::1.0,work_mode,Work Mode,Menu,1,0,4
AB::BlocksRGB::1.0,MaterialStyle,Material Style,Menu,1,0,3
AB::BlocksRGB::1.0,BL_input_res,Input Map Res,Menu,1,1,4
AB::BlocksRGB::1.0,AB_gridRes,Grid Res,Menu,1,0,4
AB::BlocksRGB::1.0,rgb_map_in,Color Map,String,1,,0
AB::BlocksRGB::1.0,NB_map,Neighborhood Map,String,1,,0
AB::BlocksRGB::1.0,use_color,Uce Color,Toggle,1,True,0
AB::BlocksRGB::1.0,main_xform,Translate,Float,3,0.0;0.0;0.0,0
AB::BlocksRGB::1.0,PK_cornerRad,Corner Radius,Float,1,10.0,0
AB::BlocksRGB::1.0,divisions2,Divisions,Int,1,12,0
AB::BlocksRGB::1.0,freq,Frequency,Float,3,1.0;1.0;1.0,0
AB::BlocksRGB::1.0,offset2,Offset,Float,3,0.0;0.0;0.0,0
AB::BlocksRGB::1.0,rough,Roughness,Float,1,0.226,0
AB::BlocksRGB::1.0,maxoctave,Max Octaves,Int,1,8,0
AB::BlocksRGB::1.0,noisetype,Noise Type,String,1,noise,2
AB::BlocksRGB::1.0,PK_color_ramp,Park Color Ramp,Ramp,1,2,0
AB::BlocksRGB::1.0,sepparm,,Separator,0,,0
AB::BlocksRGB::1.0,labelparm3,Color Options,Label,1,,0
AB::BlocksRGB::1.0,building_plane_color,Building Plane,Float,3,0.2;0.2;0.2,0
AB::BlocksRGB::1.0,sidewalk_color,Sidewalk,Float,3,0.05;0.05;0.05,0
AB::BlocksRGB::1.0,curbs_color,Curbs,Float,3,0.0125;0.0125;0.0125,0
AB::BlocksRGB::1.0,asphalt_color,Asphalt,Float,3,0.2;0.2;0.2,0
AB::BlocksRGB::1.0,crosswalk_clr,Crosswalks,Float,3,1.0;1.0;1.0,0
AB::BlocksRGB::1.0,manhole_clr,Manholes,Float,3,0.053;0.033125;0.01325,0
AB::BlocksRGB::1.0,streetlinmes_clr,Street Lines,Float,3,0.75;0.75;0.75,0
AB::BlocksRGB::1.0,streets_ctr_line_clr,Streets Center Line,Float,3,1.0;1.0;0.0,0
AB::BlocksRGB::1.0,con_pad_clr,Concrete Pads,Float,3,0.2;0.2;0.2,0
AB::BlocksRGB::1.0,wharf_clr,Wharf,Float,3,0.079;0.057512;0.057512,0
AB::BridgeGenerator::2.0,BR_BridgeStyle,Bridge Style,Menu,1,0,4
AB::BridgeGenerator::2.0,BR_MaterialStyle,Material Style,Menu,1,0,3
AB::BridgeGenerator::2.0,BR_UVLayouOn,UV Layout On,Toggle,1,False,0
AB::BridgeGenerator::2.0,BR_LightmapsOn,Lightmaps On,Toggle,1,False,0
AB::BridgeGenerator::2.0,BR_BridgeLenght,Bridge Length,Float,1,200.0,0
AB::BridgeGenerator::2.0,BR_BridgeWidth,Bridge Width,Float,1,20.0,0
AB::BridgeGenerator::2.0,BR_RoadSideCurbSize,Road Side Width,Float,1,3.0,0
AB::BridgeGenerator::2.0,sepparm,,Separator,0,,0
AB::BridgeGenerator::2.0,BR_UnderSupportSTyle,Under Support Style,Menu,1,0,2
AB::BridgeGenerator::2.0,BR_UpperArchHeight,Upper Arch Height,Float,1,27.0,0
AB::BridgeGenerator::2.0,BR_UpperArchHeight2,Arch Scalar,Float,1,45.0,0
AB::BridgeGenerator::2.0,BR_LowerArchHeight,Lower Arch Height,Float,1,10.0,0
AB::BridgeGenerator::2.0,BR_MainSupportHeight,Main Support Height,Float,1,2.0,0
AB::BridgeGenerator::2.0,BR_MainSupportDepth,Main Support Depth,Float,1,3.0,0
AB::BridgeGenerator::2.0,BR_SidewalkColor,Sidewalk,Float,3,0.333;0.333;0.333,0
AB::BridgeGenerator::2.0,BR_RoadColor,Road,Float,3,0.025;0.025;0.025,0
AB::BridgeGenerator::2.0,BR_StructureColor,Structure,Float,3,0.12376;0.221;0.12376,0
AB::BuildingFootprintGenerator::1.0,BuildingShape,BuildingShape,Menu,1,0,3
AB::BuildingFootprintGenerator::1.0,ToolModeOn,Tool Mode On,Toggle,1,False,0
AB::BuildingFootprintGenerator::1.0,BuildingWidth,Building Width,Float,1,100.0,0
AB::BuildingFootprintGenerator::1.0,BuildingDepth,Building Depth,Float,1,100.0,0
AB::BuildingFootprintGenerator::1.0,BldCornerSize,Building Corner Size,Float,1,4.0,0
AB::BuildingFootprintGenerator::1.0,ModuleWidth,Module Width,Float,1,10.0,0
AB::BuildingLightGenerator::2.1,MaterialStyle,Material Style,Menu,1,0,3
AB::BuildingLightGenerator::2.1,UVLayoutOn,UV Layout On,Toggle,1,False,0
AB::BuildingLightGenerator::2.1,MasterLightStyle,LightStyle,Menu,1,0,4
AB::BuildingLightGenerator::2.1,sepparm,,Separator,0,,0
AB::BuildingLightGenerator::2.1,ModernLightOptions,Modern Light Options,Label,1,,0
AB::BuildingLightGenerator::2.1,MN_LightStyle,Light Style,Menu,1,0,3
AB::BuildingLightGenerator::2.1,MN_WallPlateWidth,Wall Plate Width,Float,1,0.2,0
AB::BuildingLightGenerator::2.1,MN_WallPlateHeight,Wall Plate Height,Float,1,0.2,0
AB::BuildingLightGenerator::2.1,MN_WallPlateDepth2,Wall Plate Depth,Float,1,0.01,0
AB::BuildingLightGenerator::2.1,MN_StemWidth,Stem Width,Float,1,0.04,0
AB::BuildingLightGenerator::2.1,StemHeight,Stem Height,Float,1,0.1,0
AB::BuildingLightGenerator::2.1,StemDepth,Stem Depth,Float,1,0.2,0
AB::BuildingLightGenerator::2.1,radscale,Radius Scale,Float,1,0.1,0
AB::BuildingLightGenerator::2.1,LightTopHeight,Light Top Height,Float,1,0.2,0
AB::BuildingLightGenerator::2.1,LightEmitHeight,Light Emit Height,Float,1,0.1,0
AB::BuildingLightGenerator::2.1,EmitLightBevelOn,Emit Light Bevel On,Toggle,1,False,0
AB::BuildingLightGenerator::2.1,EmitLightBevelDist,Bevel Amount,Float,1,0.01,0
AB::BuildingLightGenerator::2.1,filletshape,Shape,Menu,1,4,5
AB::BuildingLightGenerator::2.1,divisions,Divisions,Int,1,4,0
AB::BuildingLightGenerator::2.1,sepparm2,,Separator,0,,0
AB::BuildingLightGenerator::2.1,CL_LightStyle,Light Style,Menu,1,0,3
AB::BuildingLightGenerator::2.1,sepparm3,,Separator,0,,0
AB::BuildingLightGenerator::2.1,IndustrialLightOptions,Industrial Light Options,Label,1,,0
AB::BuildingLightGenerator::2.1,IndustrialLightStyle,IndLight Style,Menu,1,0,2
AB::BuildingLightGenerator::2.1,LightSupportElbowHeight,Elbow Height,Float,1,0.243,0
AB::BuildingLightGenerator::2.1,ElbowScaleAdjust,Elbow Scale Adjust,Float,1,0.83,0
AB::BuildingLightGenerator::2.1,IND_MountedRotX,Rot X,Float,1,15.0,0
AB::BuildingLightGenerator::2.1,IND_MountedRotY,Rot Y,Float,1,0.0,0
AB::BuildingLightGenerator::2.1,IND_MountedMasterScale,Scale ,Float,1,0.5,0
AB::BuildingLightGenerator::2.1,sepparm4,,Separator,0,,0
AB::BuildingLightGenerator::2.1,ColorOptions,Color Options,Label,1,,0
AB::BuildingLightGenerator::2.1,MN_WallPlateDepth,Wall Plate Depth,Float,1,0.01,0
AB::BuildingLightGenerator::2.1,MetalColor,Metal Color,Float,3,0.2;0.2;0.2,0
AB::BuildingLightGenerator::2.1,EmitColor,Emit Color,Float,3,1.0;0.84;0.5,0
AB::BusStopGenerator::2.0,uv_layout_on,UV Layouy,Toggle,1,False,0
AB::BusStopGenerator::2.0,lightmaps_on,Light Maps On,Toggle,1,False,0
AB::BusStopGenerator::2.0,vis_uv,Vis UV,Toggle,1,False,0
AB::BusStopGenerator::2.0,use_color,Use Color,Toggle,1,True,0
AB::BusStopGenerator::2.0,tool_mode_on,Tool Mode,Toggle,1,False,0
AB::BusStopGenerator::2.0,BusStopOptions,Bus Stop Options,Label,1,,0
AB::BusStopGenerator::2.0,cus_stop_width,Bus Stop Width,Float,1,3.0,0
AB::BusStopGenerator::2.0,cus_stop_depth,Bus Stop Depth,Float,1,2.0,0
AB::BusStopGenerator::2.0,bus_stop_roof_thick,Roof Thickness,Float,1,0.1,0
AB::BusStopGenerator::2.0,bus_stop_roof_overhang,Roof Overhang Amount,Float,1,1.0,0
AB::BusStopGenerator::2.0,bus_stop_roof_topinset,Top Detail Inset,Float,1,0.2,0
AB::BusStopGenerator::2.0,bus_stop_roof_top_det_height,Top Detail Height,Float,1,0.2,0
AB::BusStopGenerator::2.0,bus_stop_top_det_bev,Top Detail Bevel,Float,1,0.2,0
AB::BusStopGenerator::2.0,bench_height1,Bench Height,Float,1,0.75,0
AB::BusStopGenerator::2.0,bench_width_adjust,Adjust Bench Width,Float,1,0.0,0
AB::BusStopGenerator::2.0,bench_top_height,Bench Top Height,Float,1,0.5,0
AB::BusStopGenerator::2.0,bus_stop_bench_slats,Number of Top Slats,Int,1,3,0
AB::BusStopGenerator::2.0,bus_stop_bench_slats_thick,Slat Depth,Float,1,0.035,0
AB::BusStopGenerator::2.0,bus_stopadd_sign,Add Sign,Toggle,1,True,0
AB::BusStopGenerator::2.0,sign_object,Sign Object,String,1,,0
AB::BusStopGenerator::2.0,sepparm4,,Separator,0,,0
AB::BusStopGenerator::2.0,labelparm4,Colors,Label,1,,0
AB::BusStopGenerator::2.0,bus_stop_metal,Metal,Float,3,0.025;0.025;0.025,0
AB::BusStopGenerator::2.0,bus_stop_top_inset_color,Top Detail,Float,3,1.0;0.5;0.0,0
AB::BusStopGenerator::2.0,bus_stop_glass,Glass,Float,3,0.0;1.0;1.0,0
AB::BusStopGenerator::2.0,bus_stop_bench_seat,Bench Seat,Float,3,0.333;0.333;0.333,0
AB::BusStopGenerator::2.0,bus_stop_bench_top,Bench Top,Float,3,1.0;0.5;0.0,0
AB::ButtonPanels::1.1,BaseSizeX,Width,Float,1,0.04,0
AB::ButtonPanels::1.1,BaseSizeY,Height,Float,1,0.02,0
AB::ButtonPanels::1.1,ButtonAmountHeight,Button Amoun tHeight,Int,1,10,0
AB::ButtonPanels::1.1,inset,Inset,Float,1,0.001,0
AB::ButtonPanels::1.1,offset,Round Corners,Float,1,0.006,0
AB::ButtonPanels::1.1,ButtonRimHeight,Button Rim Height,Float,1,0.007,0
AB::ButtonPanels::1.1,ButtonRimBevel,Button Rim Bevel,Float,1,0.001,0
AB::ButtonPanels::1.1,ButtonRimDiv,Button Rim Bev Div,Int,1,1,0
AB::ButtonPanels::1.1,ButtonInset,Button Inset,Float,1,0.002,0
AB::ButtonPanels::1.1,ButtonHeight,Button Height,Float,1,0.0026,0
AB::ButtonPanels::1.1,RampColorType,Ramp Color Type,Menu,1,1,2
AB::ButtonPanels::1.1,ButtonRampColor1,Button Ramp,Ramp,1,2,0
AB::ButtonPanels::1.1,ButtonRampColor2,Button Ramp,Ramp,1,2,0
AB::ButtonPanels::1.1,MetalRimColor,Metal Rim,Ramp,1,2,0
AB::CameraFrustrum::1.0,keeppos,Keep Position When Parenting,Toggle,1,False,0
AB::CameraFrustrum::1.0,pre_xform,Modify Pre-Transform,Button,1,,6
AB::CameraFrustrum::1.0,xOrd,Transform Order,Menu,1,0,6
AB::CameraFrustrum::1.0,rOrd,Rotate Order,Menu,1,0,6
AB::CameraFrustrum::1.0,t,Translate,Float,3,0.0;0.0;0.0,0
AB::CameraFrustrum::1.0,r,Rotate,Float,3,0.0;0.0;0.0,0
AB::CameraFrustrum::1.0,s,Scale,Float,3,1.0;1.0;1.0,0
AB::CameraFrustrum::1.0,p,Pivot Translate,Float,3,0.0;0.0;0.0,0
AB::CameraFrustrum::1.0,scale,Uniform Scale,Float,1,1.0,0
AB::CameraFrustrum::1.0,lookatpath,Look At,String,1,,0
AB::CameraFrustrum::1.0,lookup,Look At Up Vector,String,1,on,5
AB::CameraFrustrum::1.0,pathobjpath,Path Object,String,1,,0
AB::CameraFrustrum::1.0,roll,Roll,Float,1,0.0,0
AB::CameraFrustrum::1.0,pos,Position,Float,1,0.0,0
AB::CameraFrustrum::1.0,uparmtype,Parameterization,Menu,1,1,2
AB::CameraFrustrum::1.0,pathorient,Orient Along Path,Int,1,1,0
AB::CameraFrustrum::1.0,up,Orient Up Vector,Float,3,0.0;1.0;0.0,0
AB::CameraFrustrum::1.0,bank,Auto-Bank factor,Float,1,0.0,0
AB::CameraFrustrum::1.0,shop_materialpath,Material,String,1,,0
AB::CameraFrustrum::1.0,shop_materialopts,Options,Button,1,,0
AB::CameraFrustrum::1.0,tdisplay,Display,Toggle,1,False,0
AB::CameraFrustrum::1.0,display,Display,Int,1,1,0
AB::CameraFrustrum::1.0,vm_phantom,Phantom,Toggle,1,False,0
AB::CameraFrustrum::1.0,vm_renderable,Renderable,Toggle,1,True,0
AB::CameraFrustrum::1.0,categories,Categories,String,1,,0
AB::CameraFrustrum::1.0,reflectmask,Reflection Mask,String,1,*,0
AB::CameraFrustrum::1.0,refractmask,Refraction Mask,String,1,*,0
AB::CameraFrustrum::1.0,lightmask,Light Mask,String,1,*,0
AB::CameraFrustrum::1.0,vm_volumefilter,Volume Filter,String,1,box,7
AB::CameraFrustrum::1.0,vm_volumefilterwidth,Volume Filter Width,Float,1,1.0,0
AB::CameraFrustrum::1.0,vm_matte,Matte shading,Toggle,1,False,0
AB::CameraFrustrum::1.0,vm_rayshade,Raytrace Shading,Toggle,1,False,0
AB::CameraFrustrum::1.0,geo_velocityblur,Geometry Velocity Blur,Toggle,1,False,0
AB::CameraFrustrum::1.0,vm_shadingquality,Shading Quality,Float,1,1.0,0
AB::CameraFrustrum::1.0,vm_flatness,Dicing Flatness,Float,1,0.05,0
AB::CameraFrustrum::1.0,vm_raypredice,Ray Predicing,Int,1,0,3
AB::CameraFrustrum::1.0,vm_curvesurface,Shade Curves As Surfaces,Toggle,1,False,0
AB::CameraFrustrum::1.0,vm_rmbackface,Backface Removal,Toggle,1,False,0
AB::CameraFrustrum::1.0,shop_geometrypath,Procedural Shader,String,1,,0
AB::CameraFrustrum::1.0,vm_forcegeometry,Force Procedural Geometry Output,Toggle,1,True,0
AB::CameraFrustrum::1.0,vm_rendersubd,Polygons As Subdivision (Mantra),Toggle,1,False,0
AB::CameraFrustrum::1.0,vm_renderpoints,Render As Points (Mantra),Int,1,0,3
AB::CameraFrustrum::1.0,vm_usenforpoints,Use N For Point Rendering,Toggle,1,False,0
AB::CameraFrustrum::1.0,vm_metavolume,Metaballs as Volume,Toggle,1,False,0
AB::CameraFrustrum::1.0,vm_coving,Coving,Int,1,1,3
AB::CameraFrustrum::1.0,vm_computeN,Automatically Compute Normals,Toggle,1,True,0
AB::CameraFrustrum::1.0,vm_overridedetail,Ignore Geometry Attribute Shaders,Toggle,1,False,0
AB::CameraFrustrum::1.0,use_dcolor,Set Wireframe Color,Toggle,1,False,0
AB::CameraFrustrum::1.0,dcolor,Wireframe Color,Float,3,1.0;1.0;1.0,0
AB::CameraFrustrum::1.0,picking,Viewport Selecting Enabled,Toggle,1,True,0
AB::CameraFrustrum::1.0,pickscript,Select Script,String,1,,0
AB::CameraFrustrum::1.0,caching,Cache Object Transform,Toggle,1,True,0
AB::CameraFrustrum::1.0,vport_shadeopen,Shade Open Curves In Viewport,Toggle,1,False,0
AB::CameraFrustrum::1.0,vport_displayassubdiv,Display as Subdivision in Viewport,Toggle,1,False,0
AB::CameraFrustrum::1.0,pr,Pivot Rotate,Float,3,0.0;0.0;0.0,0
AB::CameraFrustrum::1.0,childcomp,Child Compensation,Toggle,1,False,0
AB::CameraFrustrum::1.0,constraints_on,Enable Constraints,Toggle,1,False,0
AB::CameraFrustrum::1.0,constraints_path,Constraints,String,1,,0
AB::CameraFrustrum::1.0,lookupobjpath,Look Up Object,String,1,,0
AB::CameraFrustrum::1.0,vport_onionskin,Onion Skinning,Menu,1,0,3
AB::CameraFrustrum::1.0,renderable,Renderable,Toggle,1,True,0
AB::CameraFrustrum::1.0,camera,Camera,String,1,../../cam1,0
AB::CameraFrustrum::1.0,color,Color,Float,3,1.0;0.0;0.0,0
AB::CameraPathToUE::1.0,xOrd,Transform Order,Menu,1,0,6
AB::CameraPathToUE::1.0,rOrd,Rotate Order,Menu,1,0,6
AB::CameraPathToUE::1.0,t,Translate,Float,3,0.0;0.0;0.0,0
AB::CameraPathToUE::1.0,r,Rotate,Float,3,0.0;0.0;0.0,0
AB::CameraPathToUE::1.0,s,Scale,Float,3,1.0;1.0;1.0,0
AB::CameraPathToUE::1.0,p,Pivot Translate,Float,3,0.0;0.0;0.0,0
AB::CameraPathToUE::1.0,pr,Pivot Rotate,Float,3,0.0;0.0;0.0,0
AB::CameraPathToUE::1.0,scale,Uniform Scale,Float,1,1.0,0
AB::CameraPathToUE::1.0,pre_xform,Modify Pre-Transform,Button,1,,6
AB::CameraPathToUE::1.0,keeppos,Keep Position When Parenting,Toggle,1,False,0
AB::CameraPathToUE::1.0,childcomp,Child Compensation,Toggle,1,False,0
AB::CameraPathToUE::1.0,constraints_on,Enable Constraints,Toggle,1,False,0
AB::CameraPathToUE::1.0,constraints_path,Constraints,String,1,,0
AB::CameraPathToUE::1.0,lookatpath,Look At,String,1,,0
AB::CameraPathToUE::1.0,lookupobjpath,Look Up Object,String,1,,0
AB::CameraPathToUE::1.0,lookup,Look At Up Vector,String,1,on,5
AB::CameraPathToUE::1.0,pathobjpath,Path Object,String,1,,0
AB::CameraPathToUE::1.0,roll,Roll,Float,1,0.0,0
AB::CameraPathToUE::1.0,pos,Position,Float,1,0.0,0
AB::CameraPathToUE::1.0,uparmtype,Parameterization,Menu,1,1,2
AB::CameraPathToUE::1.0,pathorient,Orient Along Path,Int,1,1,0
AB::CameraPathToUE::1.0,up,Orient Up Vector,Float,3,0.0;1.0;0.0,0
AB::CameraPathToUE::1.0,bank,Auto-Bank factor,Float,1,0.0,0
AB::CameraPathToUE::1.0,label1,Input #1 Label,String,1,Sub-Network Input #1,0
AB::CameraPathToUE::1.0,label2,Input #2 Label,String,1,Sub-Network Input #2,0
AB::CameraPathToUE::1.0,label3,Input #3 Label,String,1,Sub-Network Input #3,0
AB::CameraPathToUE::1.0,label4,Input #4 Label,String,1,Sub-Network Input #4,0
AB::CameraPathToUE::1.0,tdisplay,Display,Toggle,1,False,0
AB::CameraPathToUE::1.0,display,Display,Int,1,1,0
AB::CameraPathToUE::1.0,outputobj,Output Transform,String,1,_input1_obj_,0
AB::CameraPathToUE::1.0,visibleobjects,Visible Children,String,1,*,0
AB::CameraPathToUE::1.0,picking,Viewport Selecting Enabled,Toggle,1,True,0
AB::CameraPathToUE::1.0,pickscript,Select Script,String,1,,0
AB::CameraPathToUE::1.0,caching,Cache Object Transform,Toggle,1,True,0
AB::CameraPathToUE::1.0,use_dcolor,Set Wireframe Color,Toggle,1,True,0
AB::CameraPathToUE::1.0,dcolor,Wireframe Color,Float,3,1.0;1.0;1.0,0
AB::CameraPathToUE::1.0,CurveInput,Curve Input,String,1,../../../DS_Road/MainRoadCurveOut1,0
AB::CameraPathToUE::1.0,startnode,Export Camera,String,1,/obj/UT_CameraPathToUE1/cameraExport/camExport,0
AB::CameraPathToUE::1.0,execute,Save to Disk,Button,1,,0
AB::CameraPathToUE::1.0,trange,Valid Frame Range,Menu,1,2,3
AB::CameraPathToUE::1.0,f,Start/End/Inc,Float,3,0.0;0.0;1.0,0
AB::CameraPathToUE::1.0,take,Render with Take,String,1,_current_,0
AB::CameraPathToUE::1.0,sopoutput,Output File,String,1,$JOB/UnrealData/$OS.fbx,0
AB::ChainGenerator::3.0,link_segs,Link Number,Int,1,50,0
AB::ChainGenerator::3.0,divu,U Divisions,Int,1,0,0
AB::ChainGenerator::3.0,divv,V Divisions,Int,1,0,0
AB::ChainGenerator::3.0,type,Add Normals to,Menu,1,1,4
AB::ChainGenerator::3.0,cuspangle,Cusp Angle,Float,1,60.0,0
AB::ChainGenerator::3.0,method,Weighting Method,Int,1,1,3
AB::ChainGenerator::3.0,uvlayout_on,UV Layout,Toggle,1,False,0
AB::CityGenerator::2.5,ViewMode,View Mode,Menu,1,0,4
AB::CityGenerator::2.5,vis_uv,Vis. UVs,Toggle,1,False,0
AB::CityGenerator::2.5,turn_off_color,Use Color,Toggle,1,True,0
AB::CityGenerator::2.5,HighResOptions,High Res Options,Label,1,,0
AB::CityGenerator::2.5,sepparm,,Separator,0,,0
AB::CityGenerator::2.5,SkyscraperOptions,Skyscraper Options,Label,1,,0
AB::CityGenerator::2.5,sepparm7,,Separator,0,,0
AB::CityGenerator::2.5,SC_MainModSize_HR,Main Mod Size,Float,2,6.0;16.0,0
AB::CityGenerator::2.5,SC_CornerSize_HR,Corner Size,Float,2,2.0;6.0,0
AB::CityGenerator::2.5,SC_GroundFloorHeight_HR,Ground Floor Height,Float,2,6.0;20.0,0
AB::CityGenerator::2.5,SC_MidFloorHeight_HR,Mid Floor Height,Float,2,5.0;8.0,0
AB::CityGenerator::2.5,SC_TopFloorHeight_HR,Top Floor Height,Float,2,8.0;16.0,0
AB::CityGenerator::2.5,SC_TopHeight_HR,Top Height,Float,2,4.0;10.0,0
AB::CityGenerator::2.5,SC_RoofDepth_HR,Roof Depth,Float,2,0.5;2.0,0
AB::CityGenerator::2.5,SC_GroundFloorWindowHeight_HR3,GF Window Height,Float,2,0.3;2.0,0
AB::CityGenerator::2.5,SC_WindowInset_HR3,Window Inset,Float,2,0.5;2.0,0
AB::CityGenerator::2.5,SC_DoorHeight_HR3,Door Height,Float,2,4.0;6.0,0
AB::CityGenerator::2.5,sepparm3,,Separator,0,,0
AB::CityGenerator::2.5,ExtraLargeBuildings,Extra Large Buildings,Label,1,,0
AB::CityGenerator::2.5,sepparm4,,Separator,0,,0
AB::CityGenerator::2.5,XL_MainModSize_HR,Main Mod Size,Float,2,8.0;15.0,0
AB::CityGenerator::2.5,XL_CornerSize_HR,Corner Size,Float,2,1.0;5.0,0
AB::CityGenerator::2.5,XL_GroundFloorHeight_HR,Ground Floor Height,Float,2,5.0;10.0,0
AB::CityGenerator::2.5,XL_MidFloorHeight_HR,Mid Floor Height,Float,2,3.0;5.0,0
AB::CityGenerator::2.5,XL_TopFloorHeight_HR,Top Floor Height,Float,2,4.0;10.0,0
AB::CityGenerator::2.5,XL_TopHeight_HR,Top Height,Float,2,2.0;8.0,0
AB::CityGenerator::2.5,XL_RoofDepth_HR,Roof Depth,Float,2,0.5;2.0,0
AB::CityGenerator::2.5,XL_GroundFloorWindowHeight_HR,GF Window Height,Float,2,0.3;3.0,0
AB::CityGenerator::2.5,XL_WindowInset_HR,Window Inset,Float,2,0.5;3.0,0
AB::CityGenerator::2.5,XL_DoorHeight_HR,Door Height,Float,2,3.0;6.0,0
AB::CityGenerator::2.5,sepparm2,,Separator,0,,0
AB::CityGenerator::2.5,LargeBuildings3,Large Buildings,Label,1,,0
AB::CityGenerator::2.5,sepparm5,,Separator,0,,0
AB::CityGenerator::2.5,LG_MainModSize_HR,Main Mod Size,Float,2,6.0;12.0,0
AB::CityGenerator::2.5,LG_CornerSize_HR,Corner Size,Float,2,1.0;4.0,0
AB::CityGenerator::2.5,LG_GroundFloorHeight_HR,Ground Floor Height,Float,2,5.0;10.0,0
AB::CityGenerator::2.5,LG_MidFloorHeight_HR,Mid Floor Height,Float,2,3.0;5.0,0
AB::CityGenerator::2.5,LG_TopFloorHeight_HR,Top Floor Height,Float,2,4.0;10.0,0
AB::CityGenerator::2.5,LG_TopHeight_HR,Top Height,Float,2,2.0;4.0,0
AB::CityGenerator::2.5,LG_RoofDepth_HR,Roof Depth,Float,2,0.5;2.0,0
AB::CityGenerator::2.5,LG_GroundFloorWindowHeight_HR,GF Window Height,Float,2,0.3;2.0,0
AB::CityGenerator::2.5,LG_WindowInset_HR,Window Inset,Float,2,0.5;2.0,0
AB::CityGenerator::2.5,LG_DoorHeight_HR,Door Height,Float,2,3.0;4.0,0
AB::CityGenerator::2.5,sepparm8,,Separator,0,,0
AB::CityGenerator::2.5,MediumBuildings,Medium Buildings,Label,1,,0
AB::CityGenerator::2.5,sepparm9,,Separator,0,,0
AB::CityGenerator::2.5,MD_MainModSize_HR,Main Mod Size,Float,2,4.0;8.0,0
AB::CityGenerator::2.5,MD_CornerSize_HR,Corner Size,Float,2,1.0;3.0,0
AB::CityGenerator::2.5,MD_GroundFloorHeight_HR,Ground Floor Height,Float,2,5.0;8.0,0
AB::CityGenerator::2.5,MD_MidFloorHeight_HR,Mid Floor Height,Float,2,3.0;5.0,0
AB::CityGenerator::2.5,MD_TopFloorHeight_HR,Top Floor Height,Float,2,4.0;10.0,0
AB::CityGenerator::2.5,MD_TopHeight_HR,Top Height,Float,2,2.0;4.0,0
AB::CityGenerator::2.5,MD_RoofDepth_HR,Roof Depth,Float,2,0.5;2.0,0
AB::CityGenerator::2.5,MD_GroundFloorWindowHeight_HR,GF Window Height,Float,2,0.5;2.0,0
AB::CityGenerator::2.5,MD_WindowInset_HR,Window Inset,Float,2,0.5;2.0,0
AB::CityGenerator::2.5,MD_DoorHeight_HR,Door Height,Float,2,3.0;4.0,0
AB::CityGenerator::2.5,sepparm11,,Separator,0,,0
AB::CityGenerator::2.5,SmallBuildings,Small Buildings,Label,1,,0
AB::CityGenerator::2.5,sepparm10,,Separator,0,,0
AB::CityGenerator::2.5,SM_MainModSize_HR,Main Mod Size,Float,2,2.0;6.0,0
AB::CityGenerator::2.5,SM_CornerSize_HR,Corner Size,Float,2,0.25;1.0,0
AB::CityGenerator::2.5,SM_GroundFloorHeight_HR,Ground Floor Height,Float,2,3.5;5.0,0
AB::CityGenerator::2.5,SM_MidFloorHeight_HR,Mid Floor Height,Float,2,3.0;4.0,0
AB::CityGenerator::2.5,SM_TopFloorHeight_HR,Top Floor Height,Float,2,3.0;5.0,0
AB::CityGenerator::2.5,SM_TopHeight_HR,Top Height,Float,2,1.0;2.0,0
AB::CityGenerator::2.5,SM_RoofDepth_HR,Roof Depth,Float,2,0.5;1.0,0
AB::CityGenerator::2.5,SM_GroundFloorWindowHeight_HR,GF Window Height,Float,2,0.3;1.0,0
AB::CityGenerator::2.5,SM_WindowInset_HR,Window Inset,Float,2,0.5;1.0,0
AB::CityGenerator::2.5,SM_DoorHeight_HR,Door Height,Float,2,3.0;4.0,0
AB::CityGenerator::2.5,sepparm6,,Separator,0,,0
AB::CityGenerator::2.5,GeneralBuildingOption,General Building Option,Label,1,,0
AB::CityGenerator::2.5,Gen_MainModuleSize,Main Module Size,Float,2,4.0;10.0,0
AB::CityGenerator::2.5,Gen_CornerSize,Corner Size,Float,2,4.0;10.0,0
AB::CityGenerator::2.5,Gen_GroundFloorHeight,GF Height,Float,2,4.5;10.0,0
AB::CityGenerator::2.5,Gen_GroundFloorBelowWindows,GF Below Windows,Float,2,4.5;10.0,0
AB::CityGenerator::2.5,Gen_MidFloorHeight,MF Height,Float,2,3.0;5.0,0
AB::CityGenerator::2.5,Gen_TopFloorHeight,TF Height,Float,2,4.0;10.0,0
AB::CityGenerator::2.5,Gen_TopHeight,Top Height,Float,2,2.0;4.0,0
AB::CityGenerator::2.5,Gen_RoofDepth,Roof Depth,Float,2,0.5;2.0,0
AB::CityGenerator::2.5,Gen_GroundFloorWindowHeight,GF Window Height,Float,2,0.3;2.0,0
AB::CityGenerator::2.5,Gen_WindowInset,Window Inset,Float,2,0.5;2.0,0
AB::CityGenerator::2.5,Gen_DoorHeight,Door Height,Float,2,3.0;4.0,0
AB::CityGenerator::2.5,HeightOptions,Height Options,Label,1,,0
AB::CityGenerator::2.5,HeightStyle,Height Style,Menu,1,0,3
AB::CityGenerator::2.5,MainHeightRamp,Main Height Ramp,Ramp,1,2,0
AB::CityGenerator::2.5,HeightRampMult,Height Ramp Mult,Ramp,1,4,0
AB::CityGridGenerator::1.4,VisMode,Vis Mode,Menu,1,0,3
AB::CityGridGenerator::1.4,CityPattern,City Pattern,Menu,1,0,3
AB::CityGridGenerator::1.4,GridSize,Grid Size,Menu,1,1,4
AB::CityGridGenerator::1.4,UE_Attributes,UE Attributes,Toggle,1,False,0
AB::CityGridGenerator::1.4,sepparm4,,Separator,0,,0
AB::CityGridGenerator::1.4,labelparm6,General Options,Label,1,,0
AB::CityGridGenerator::1.4,sepparm8,,Separator,0,,0
AB::CityGridGenerator::1.4,labelparm4,Lot Division Options,Label,1,,0
AB::CityGridGenerator::1.4,alignment,Alignment,Menu,1,0,2
AB::CityGridGenerator::1.4,min_lot_size,Minimum Lot Size,Float,1,5.0,0
AB::CityGridGenerator::1.4,iterations,Iterations,Int,1,2,0
AB::CityGridGenerator::1.4,shape_seed,Random Seed,Float,1,0.0,0
AB::CityGridGenerator::1.4,irregularity,Irregularity,Float,1,0.16,0
AB::CityGridGenerator::1.4,vertical_bias,Vertical Bias,Float,1,0.0,0
AB::CityGridGenerator::1.4,vertical_packing,Vertical Packing,Float,1,1.0,0
AB::CityGridGenerator::1.4,AreaDelete,Small Area Size,Float,1,100.0,0
AB::CityGridGenerator::1.4,sepparm5,,Separator,0,,0
AB::CityGridGenerator::1.4,npts1,Diagnol Street Count,Int,1,200,0
AB::CityGridGenerator::1.4,npts5,Force Total Count,Int,1,200,0
AB::CityGridGenerator::1.4,npts2,Pattern Count,Int,1,200,0
AB::CityGridGenerator::1.4,npts4,Pattern Count,Int,1,200,0
AB::CityGridGenerator::1.4,npts3,Diagnol Street Count,Int,1,200,0
AB::CityGridGenerator::1.4,seed,Global Seed,Float,1,0.0,0
AB::CityGridGenerator::1.4,MaxSmallArea,Max Small Area,Float,1,900.0,0
AB::CityGridGenerator::1.4,DeleteSmallAreas,Delete Small Areas,Toggle,1,False,0
AB::CityGridGenerator::1.4,MaxLargeArea,Max Large Area,Float,1,10500.0,0
AB::CityGridGenerator::1.4,DeleteLargeAreas,Delete Large Areas,Toggle,1,False,0
AB::CityGridGenerator::1.4,sepparm3,,Separator,0,,0
AB::CityGridGenerator::1.4,labelparm,Street Options,Label,1,,0
AB::CityGridGenerator::1.4,StreetBaseWidth,Street Base Width,Float,1,10.0,0
AB::CityGridGenerator::1.4,sepparm6,,Separator,0,,0
AB::CityGridGenerator::1.4,labelparm5,Sidewalk Options,Label,1,,0
AB::CityGridGenerator::1.4,sepparm7,,Separator,0,,0
AB::CityGridGenerator::1.4,SidewalkMinWidth,Min Width,Float,1,2.0,0
AB::CityGridGenerator::1.4,SidewalkMaxWidth,Max Width,Float,1,4.0,0
AB::CityGridGenerator::1.4,corner_rad,Corner Radius,Float,1,3.0,0
AB::CityGridGenerator::1.4,curb_height,Curb Height,Float,1,0.1,0
AB::CityGridGenerator::1.4,offset,Curb Bevel,Float,1,0.025,0
AB::CityGridGenerator::1.4,divisions,Divisions,Int,1,5,0
AB::CityGridGenerator::1.4,cuspangle,Cusp Angle,Float,1,22.0,0
AB::CityGridGenerator::1.4,sepparm,,Separator,0,,0
AB::CityGridGenerator::1.4,labelparm3,Color Options,Label,1,,0
AB::CityGridGenerator::1.4,building_plane_color,Building Plane,Float,3,0.2;0.2;0.2,0
AB::CityGridGenerator::1.4,sidewalk_color,Sidewalk,Float,3,0.05;0.05;0.05,0
AB::CityGridGenerator::1.4,curbs_color,Curbs,Float,3,0.0125;0.0125;0.0125,0
AB::CityGridGenerator::1.4,asphalt_color,Asphalt,Float,3,0.2;0.2;0.2,0
AB::CityGridGenerator::1.4,crosswalk_clr,Crosswalks,Float,3,1.0;1.0;1.0,0
AB::CityGridGenerator::1.4,streetlinmes_clr,Street Lines,Float,3,0.75;0.75;0.75,0
AB::CityGridGenerator::1.4,streets_ctr_line_clr,Streets Center Line,Float,3,1.0;1.0;0.0,0
AB::CityGridGenerator::1.4,con_pad_clr,Concrete Pads,Float,3,0.2;0.2;0.2,0
AB::CityGridGenerator::1.4,PK_cornerRad,Corner Radius,Float,1,10.0,0
AB::CityGridGenerator::1.4,divisions2,Divisions,Int,1,12,0
AB::CliffordAttractor::1.0,a,a,Float,1,-2.538,0
AB::CliffordAttractor::1.0,b,b,Float,1,-0.42,0
AB::CliffordAttractor::1.0,c,c,Float,1,0.1,0
AB::CliffordAttractor::1.0,d,d,Float,1,-1.0,0
AB::CliffordAttractor::1.0,e,e,Float,1,-1.053,0
AB::CliffordAttractor::1.0,f,b,Float,1,1.0,0
AB::ColorByVelocity::1.0,ramp2,ramp2,Ramp,1,3,0
AB::ColorByVelocity::1.0,ramp1,ramp1,Ramp,1,2,0
AB::ColorByVelocity::1.0,ramp3,ramp3,Ramp,1,2,0
AB::ColorByVelocity::1.0,VorticityRamp,Vorticity Ramp,Ramp,1,3,0
AB::ColorByVelocity::1.0,srcmin,Minimum Value In Source Range,Float,3,-0.1;-0.1;-0.1,0
AB::ColorByVelocity::1.0,srcmax,Maximum Value In Source Range,Float,3,0.1;0.1;0.1,0
AB::ColorByVelocity::1.0,destmin,Minimum Value In Destination Range,Float,3,0.0;0.0;0.0,0
AB::ColorByVelocity::1.0,destmax,Maximum Value In Destination Range,Float,3,1.0;1.0;1.0,0
AB::ColorByVelocity::1.0,exp,el Fit Power,Float,1,2.0,0
AB::CommercialSignGenerator::4.8,MaterialStyle,Material Style,Menu,1,0,3
AB::CommercialSignGenerator::4.8,CreateType,Create Type,Menu,1,0,3
AB::CommercialSignGenerator::4.8,AddUVLayout,UV Layout,Toggle,1,False,0
AB::CommercialSignGenerator::4.8,AddUVLayoutSepBBFront,UV Layout Front Sign,Toggle,1,False,0
AB::CommercialSignGenerator::4.8,AddLightmapUVs,Add Lightmaps,Toggle,1,False,0
AB::CommercialSignGenerator::4.8,DCCEngine,Engine,Menu,1,0,3
AB::CommercialSignGenerator::4.8,VisUVs,UV Quickshade,Toggle,1,False,0
AB::CommercialSignGenerator::4.8,AddNameAndPack,Name & Pack,Toggle,1,False,0
AB::CommercialSignGenerator::4.8,PrepUSD,USD Prep,Toggle,1,False,0
AB::CommercialSignGenerator::4.8,DelMatPaths,Delete Material Paths,Toggle,1,False,0
AB::CommercialSignGenerator::4.8,ColorMaterialID,Material ID Color,Toggle,1,False,0
AB::CommercialSignGenerator::4.8,ToolModeOn,Tool Mode On,Toggle,1,False,0
AB::CommercialSignGenerator::4.8,sepparm16,,Separator,0,,0
AB::CommercialSignGenerator::4.8,labelparm3,Heading,Label,1,,0
AB::CommercialSignGenerator::4.8,CommercialSignType,Sign Type,Menu,1,0,2
AB::CommercialSignGenerator::4.8,SignShapeStyle,Sign Shape Style,Menu,1,0,4
AB::CommercialSignGenerator::4.8,PoleShape,Pole Shape,Menu,1,0,3
AB::CommercialSignGenerator::4.8,SideSupportLength,Side Support Length,Float,1,1.5,0
AB::CommercialSignGenerator::4.8,SideSupportSize,Side Support Size,Float,1,0.14,0
AB::CommercialSignGenerator::4.8,AddBracketBolts,Add Bolts,Toggle,1,True,0
AB::CommercialSignGenerator::4.8,PoleHeight,Pole Height,Float,1,6.0,0
AB::CommercialSignGenerator::4.8,PoleSize,Pole Size,Float,1,0.25,0
AB::CommercialSignGenerator::4.8,sepparm17,,Separator,0,,0
AB::CommercialSignGenerator::4.8,TextOptions,Text Options,Label,1,,0
AB::CommercialSignGenerator::4.8,AddMainText,Add Main Text,Toggle,1,True,0
AB::CommercialSignGenerator::4.8,NeonText,Neon Text,Toggle,1,True,0
AB::CommercialSignGenerator::4.8,AddCasingNeon,Add Casing Neon,Toggle,1,True,0
AB::CommercialSignGenerator::4.8,MainTextFont,Font,String,1,Arial Bold,0
AB::CommercialSignGenerator::4.8,SignMainText,Text,String,1,"OPEN
",0
AB::CommercialSignGenerator::4.8,MainFontLOD,Font Detail,Float,1,1.0,0
AB::CommercialSignGenerator::4.8,TextScale,Text Scale,Float,1,1.0,0
AB::CommercialSignGenerator::4.8,sepparm,,Separator,0,,0
AB::CommercialSignGenerator::4.8,ShapeOneOptions,Rectangle with Circle,Label,1,,0
AB::CommercialSignGenerator::4.8,CircleRadius,Circle Radius,Float,1,1.0,0
AB::CommercialSignGenerator::4.8,SideExtend,Extend Sides,Float,1,2.0,0
AB::CommercialSignGenerator::4.8,Sign001CornerRadius,Corner Radius,Float,1,0.2,0
AB::CommercialSignGenerator::4.8,Sign001Depth,Sign Depth,Float,1,0.2,0
AB::CommercialSignGenerator::4.8,Sign001CasingEdge,Casing Edge,Float,1,0.1,0
AB::CommercialSignGenerator::4.8,Sign001CasingInset,Casing Inset,Float,1,-0.06,0
AB::CommercialSignGenerator::4.8,Sign001SignFace,Sign Face,Float,3,0.75;0.75;0.75,0
AB::CommercialSignGenerator::4.8,Sign001CasingColor,Casing Color,Float,3,0.4;0.4;0.4,0
AB::CommercialSignGenerator::4.8,Sign001NeonColor,Neon Color,Float,3,1.0;0.317;0.0,0
AB::CommercialSignGenerator::4.8,sepparm18,,Separator,0,,0
AB::CommercialSignGenerator::4.8,AddNeon,Add Neon,Toggle,1,True,0
AB::CommercialSignGenerator::4.8,ShapeTwoOptions,Circle,Label,1,,0
AB::CommercialSignGenerator::4.8,Sign002Resolution,Sign Resolution,Int,1,100,0
AB::CommercialSignGenerator::4.8,Sign002Scale,Sign Scale,Float,1,1.0,0
AB::CommercialSignGenerator::4.8,SignCircleThickness,Sign Thickness,Float,1,0.4,0
AB::CommercialSignGenerator::4.8,SignCircleCasingEdge,Casing Edge,Float,1,0.05,0
AB::CommercialSignGenerator::4.8,CentruCutsOn,Center Cuts On,Toggle,1,True,0
AB::CommercialSignGenerator::4.8,CenterCutSize,Center Cut Size,Float,1,0.1,0
AB::CommercialSignGenerator::4.8,SignRoundFaceColor,Main Sign,Float,3,0.5;0.5;0.5,0
AB::CommercialSignGenerator::4.8,SignRoundCasinColor,Casing,Float,3,0.1;0.1;0.1,0
AB::CommercialSignGenerator::4.8,SignRoundCasinNeonColor,Casing Neon,Float,3,0.0;1.0;1.0,0
AB::CommercialSignGenerator::4.8,SignCircleGraphicBand1,Graphic Band One,Float,3,0.049;0.1225;0.196,0
AB::CommercialSignGenerator::4.8,SignCircleGraphicBand2,Graphic Band Two,Float,3,0.0;0.25;0.5,0
AB::CommercialSignGenerator::4.8,SignCircleGraphicBand3,Graphic Band Three,Float,3,0.0;0.5;1.0,0
AB::CommercialSignGenerator::4.8,sepparm20,,Separator,0,,0
AB::CommercialSignGenerator::4.8,ShapeThreeOptions,Chevron,Label,1,,0
AB::CommercialSignGenerator::4.8,SignThickness,Sign Thickness,Float,1,0.4,0
AB::CommercialSignGenerator::4.8,TransformTopSign003,Transform Top,Float,1,0.5,0
AB::CommercialSignGenerator::4.8,TransformBottomSign003,Transform Bottom,Float,1,0.5,0
AB::CommercialSignGenerator::4.8,SignChevronFaceColor,Main Sign,Float,3,0.5;0.5;0.5,0
AB::CommercialSignGenerator::4.8,SignChevronCasingColor,Casing,Float,3,0.05;0.05;0.05,0
AB::CommercialSignGenerator::4.8,SignTextSolidColor,Text Color,Float,3,0.05;0.05;0.05,0
AB::CommercialSignGenerator::4.8,SignTextNeonColor,Text Color,Float,3,1.0;0.317;0.0,0
AB::CommercialSignGenerator::4.8,sepparm22,,Separator,0,,0
AB::CommercialSignGenerator::4.8,sepparm21,,Separator,0,,0
AB::CommercialSignGenerator::4.8,font1_file,font1 Font,String,1,BankGothic Lt BT,0
AB::CommercialSignGenerator::4.8,font1_text,font1 Text,String,1,SLAB CITY   ,0
AB::CommercialSignGenerator::4.8,sepparm19,,Separator,0,,0
AB::CommercialSignGenerator::4.8,AddArrowHead,Add Arrow Head,Toggle,1,True,0
AB::CommercialSignGenerator::4.8,ArrowStyle,Arrow Style,Menu,1,0,2
AB::CommercialSignGenerator::4.8,AddNeon2,Add Neon,Toggle,1,True,0
AB::CommercialSignGenerator::4.8,ArrowSide,Arrow Side,Menu,1,0,2
AB::CommercialSignGenerator::4.8,ArrowLegHeight,Arrow Leg Height,Float,1,2.0,0
AB::CommercialSignGenerator::4.8,ArrowLegDepth,Arrow Leg Depth,Float,1,1.0,0
AB::CommercialSignGenerator::4.8,ArrowLegWidth,Arrow Leg Width,Float,1,0.5,0
AB::CommercialSignGenerator::4.8,ArrowHeadDepth,Arrow Head Depth,Float,1,0.5,0
AB::CommercialSignGenerator::4.8,NeonDiam,Arrow Neon Tube Diam,Float,1,0.02,0
AB::CommercialSignGenerator::4.8,MainSignDepth,Sign Depth,Float,1,0.2,0
AB::CommercialSignGenerator::4.8,ArrowCasingEdge,Arrow Casing Edge,Float,1,0.02,0
AB::CommercialSignGenerator::4.8,ArrowInnerRadius,Arrow Inner Radius,Float,1,0.25,0
AB::CommercialSignGenerator::4.8,ArrowRadiusDivs,Arrow Rad Div,Int,1,12,0
AB::CommercialSignGenerator::4.8,ArrowSheer,Arrow Sheer,Float,1,0.0,0
AB::CommercialSignGenerator::4.8,ArrowScale,Arrow Scale,Float,1,1.0,0
AB::CommercialSignGenerator::4.8,AddCasingBevels,Add Casing Bevels,Toggle,1,True,0
AB::CommercialSignGenerator::4.8,CasingBevelDist,Casing Bevel Dist,Float,1,0.01,0
AB::CommercialSignGenerator::4.8,CasingBevelShape,Casing Bevel Shape,Menu,1,3,5
AB::CommercialSignGenerator::4.8,CasingBevelsDivisions,Casing Bevel Div,Int,1,1,0
AB::CommercialSignGenerator::4.8,ArrowNeonColor,Arrow Neon Color,Float,3,1.0;0.0;0.0,0
AB::CommercialSignGenerator::4.8,sepparm2,,Separator,0,,0
AB::CommercialSignGenerator::4.8,ArrowStraightMidLength,Arrow Mid Length,Float,1,2.0,0
AB::CommercialSignGenerator::4.8,ArrowFinHeight,Arrow Fin Height,Float,1,0.4,0
AB::CommercialSignGenerator::4.8,ArrowHeadLength,Arrow Head Length,Float,1,1.5,0
AB::CommercialSignGenerator::4.8,ArrowStraightCasingColor,Casing,Float,3,0.333;0.333;0.333,0
AB::CommercialSignGenerator::4.8,StraightArrowColor,Arrow Faces,Ramp,1,2,0
AB::CommercialSignGenerator::4.8,second_angle_translater,Translate Scalar,Float,1,0.5,0
AB::CreateCircuitCurves::2.0,AdEndPointGeo,Add End Shape,Toggle,1,True,0
AB::CreateCircuitCurves::2.0,ColorOn,Color On,Toggle,1,True,0
AB::CreateCircuitCurves::2.0,dist,Length,Float,1,1.5,0
AB::CreateCircuitCurves::2.0,NumOfCircuits,Num of Circuits,Int,1,20,0
AB::CreateCircuitCurves::2.0,CarveMin,Carve Min,Float,1,0.25,0
AB::CreateCircuitCurves::2.0,CarveMax,Carve Max,Float,1,0.8,0
AB::CreateCircuitCurves::2.0,ColorRamp,Color Ramp,Ramp,1,2,0
AB::CreateLODs::2.0,object_name,Object Name,String,1,,0
AB::CreateRGBNoise::1.0,freq1,Frequency,Float,3,1.1;1.1;1.1,0
AB::CreateRGBNoise::1.0,offset1,Offset,Float,3,0.0;0.8;0.0,0
AB::CreateRGBNoise::1.0,amp,Amplitude,Float,1,2.5,0
AB::CreateRGBNoise::1.0,maxoctave,Max Octaves,Int,1,10,0
AB::CreateRGBNoise::1.0,flow,Flow,Float,1,1.0,0
AB::CreateRGBNoise::1.0,flowrate,Flow Rate,Float,1,1.0,0
AB::CreateRGBNoise::1.0,advect,Self-Advection,Float,1,1.0,0
AB::CreateRGBNoise::1.0,sepparm,,Separator,0,,0
AB::CreateRGBNoise::1.0,labelparm,Blue Noise Options,Label,1,,0
AB::CreateRGBNoise::1.0,freq,Frequency,Float,3,1.2;1.2;1.2,0
AB::CreateRGBNoise::1.0,offset,Offset,Float,3,1.1;0.0;0.0,0
AB::CreateRGBNoise::1.0,amp2,Amplitude,Float,1,1.0,0
AB::CreateRGBNoise::1.0,rough,Roughness,Float,1,0.5,0
AB::CreateRGBNoise::1.0,maxoctave2,Max Octaves,Int,1,8,0
AB::CreateRGBNoise::1.0,flow2,Flow,Float,1,0.0,0
AB::CreateRGBNoise::1.0,flowrate2,Flow Rate,Float,1,1.0,0
AB::CreateRGBNoise::1.0,advect2,Self-Advection,Float,1,0.0,0
AB::CreateRGBNoise::1.0,sepparm2,,Separator,0,,0
AB::CreateRGBNoise::1.0,labelparm2,Blur Options,Label,1,,0
AB::CreateRGBNoise::1.0,method,Method,Menu,1,0,2
AB::CreateRGBNoise::1.0,iterations,Blurring Iterations,Int,1,12,0
AB::CreateRGBNoise::1.0,mode,Mode,Menu,1,0,3
AB::CreateRGBNoise::1.0,stepsize,Step Size,Float,1,0.472,0
AB::CreateRGBNoise::1.0,pinborder,Pin Border Points,Toggle,1,True,0
AB::CreateRGBNoise::1.0,influencetype,Influence Type,Menu,1,0,2
AB::CrystalGenerator::1.0,NumofCrystals,Number of Crystals,Int,1,100,0
AB::CrystalGenerator::1.0,sepparm2,,Separator,0,,0
AB::CrystalGenerator::1.0,freq,Frequency,Float,3,1.7;1.7;1.7,0
AB::CrystalGenerator::1.0,offset,Offset,Float,3,1.4;0.0;0.0,0
AB::CrystalGenerator::1.0,amp,Amplitude,Float,1,1.0,0
AB::CrystalGenerator::1.0,rough,Roughness,Float,1,0.715,0
AB::CrystalGenerator::1.0,maxoctave,Max Octaves,Int,1,8,0
AB::CrystalGenerator::1.0,flow,Flow,Float,1,0.0,0
AB::CrystalGenerator::1.0,flowrate,Flow Rate,Float,1,1.0,0
AB::CrystalGenerator::1.0,advect,Self-Advection,Float,1,0.0,0
AB::CrystalGenerator::1.0,copy_attr,Copy Attributes,Label,1,,0
AB::CrystalGenerator::1.0,scale_min,Scale Min ,Float,4,-0.6;-0.6;-0.6;0.3,0
AB::CrystalGenerator::1.0,scale_max,Scale Max,Float,4,4.32;4.32;4.32;2.32,0
AB::CrystalGenerator::1.0,sepparm,,Separator,0,,0
AB::CrystalGenerator::1.0,color_ramp,Color Ramp,Ramp,1,2,0
AB::CrystalGenerator::1.0,filePath,File Path,String,1,$HIP/Crystal_001.glb,0
AB::CycGenerator::1.0,cyc_type,Cyc Type,Menu,1,0,2
AB::CycGenerator::1.0,length,Length,Float,1,10.0,0
AB::CycGenerator::1.0,height,Height,Float,1,4.0,0
AB::CycGenerator::1.0,cove_radius,Cove Radius,Float,1,1.0,0
AB::CycGenerator::1.0,cove_div,Cove Divisions,Int,1,10,0
AB::CycGenerator::1.0,extrude,Depth,Float,1,10.0,0
AB::CycGenerator::1.0,sepparm,,Separator,0,,0
AB::CycGenerator::1.0,revolve_options,Revolve Options,Label,1,,0
AB::CycGenerator::1.0,angle,Start End Angles,Float,1,180.0,0
AB::CycGenerator::1.0,divs,Divisions,Int,1,10,0
AB::CycGenerator::1.0,cap,End Caps,Toggle,1,False,0
AB::DestructionBuilding::1.0,ABDowntownBuildings,AB Downtown Buildings,Label,1,,0
AB::DestructionBuilding::1.0,AB_Downtown_Buildings,AB Downtown Buildings,Label,1,,0
AB::DestructionBuilding::1.0,GeneralOptions,General Options,Label,1,,0
AB::DestructionBuilding::1.0,MaterialStyle,Material Style,Menu,1,0,2
AB::DestructionBuilding::1.0,ToolModeOn,Tool Mode,Toggle,1,False,0
AB::DestructionBuilding::1.0,UVLayoutOn,UV Layout,Toggle,1,False,0
AB::DestructionBuilding::1.0,LightmapsOn,Lightmaps On,Toggle,1,False,0
AB::DestructionBuilding::1.0,UdimOn,UDIM On,Toggle,1,True,0
AB::DestructionBuilding::1.0,VisUV,Vis UV,Toggle,1,False,0
AB::DestructionBuilding::1.0,UseColor,Use Color,Toggle,1,True,0
AB::DestructionBuilding::1.0,Pack,Pack,Toggle,1,False,0
AB::DestructionBuilding::1.0,GeneralBuildingOptions2,General Building Options,Label,1,,0
AB::DestructionBuilding::1.0,sepparm6,,Separator,0,,0
AB::DestructionBuilding::1.0,GeneralBuildingOptions,General Building Options,Label,1,,0
AB::DestructionBuilding::1.0,BuildingStyle,Building Style,Menu,1,0,2
AB::DestructionBuilding::1.0,BuildingShape,Building Shape,Menu,1,0,5
AB::DestructionBuilding::1.0,BuildingWidth,Building Width,Int,1,54,0
AB::DestructionBuilding::1.0,BuildingDepth,Building Depth,Int,1,64,0
AB::DestructionBuilding::1.0,BuildingDiameter,Building Diameter,Int,1,60,0
AB::DestructionBuilding::1.0,BldCornerSize,Building Corner Size,Float,1,3.0,0
AB::DestructionBuilding::1.0,BldCornerDepth,Building Corner Depth,Float,1,0.8,0
AB::DestructionBuilding::1.0,BaseModSize,Base Module Size,Int,1,5,0
AB::DestructionBuilding::1.0,GF_FloorHeight,Ground Floor Height,Int,1,20,0
AB::DestructionBuilding::1.0,GF_LowerWallHeight,GF Lower  Height,Float,1,6.0,0
AB::DestructionBuilding::1.0,MidFloorHeight,Mid Floor Height,Int,1,5,0
AB::DestructionBuilding::1.0,TopFloorHeight,Top FLoor Height,Int,1,8,0
AB::DestructionBuilding::1.0,TopHeight,Top Height,Int,1,5,0
AB::DestructionBuilding::1.0,NumOfFloor,Numner of Mid Floors,Int,1,6,0
AB::DestructionBuilding::1.0,sepparm7,,Separator,0,,0
AB::DestructionBuilding::1.0,SolidBaysOn,Solid Bays On,Toggle,1,False,0
AB::DestructionBuilding::1.0,sepparm8,,Separator,0,,0
AB::DestructionBuilding::1.0,GroundFloorOptions2,Ground Floor Door Options,Label,1,,0
AB::DestructionBuilding::1.0,sepparm14,,Separator,0,,0
AB::DestructionBuilding::1.0,DoorWallSide_GF,Door Wall Sides,Float,1,0.5,0
AB::DestructionBuilding::1.0,DoorHeight_GF,Door Height,Float,1,3.0,0
AB::DestructionBuilding::1.0,InsetDoorDepth2,Inset Door Depth,Float,1,0.5,0
AB::DestructionBuilding::1.0,WinWallBaseHeight2,Below Win Height,Float,1,0.75,0
AB::DestructionBuilding::1.0,handle_side,Handle Position,Menu,1,0,2
AB::DestructionBuilding::1.0,RS_HandleStyle,Handle Style,Menu,1,0,4
AB::DestructionBuilding::1.0,RS_DoorStyle,Door Style,Menu,1,0,3
AB::DestructionBuilding::1.0,InsetDoorDepth,Inset Door Depth,Float,1,0.1,0
AB::DestructionBuilding::1.0,sepparm15,,Separator,0,,0
AB::DestructionBuilding::1.0,GroundFloorOptions,Ground Floor Window Options,Label,1,,0
AB::DestructionBuilding::1.0,sepparm9,,Separator,0,,0
AB::DestructionBuilding::1.0,WinWallBaseHeight,Below Win Height,Float,1,1.0,0
AB::DestructionBuilding::1.0,AboveWindowHeight,Above Win Height,Float,1,1.0,0
AB::DestructionBuilding::1.0,WinWallSides,Win Wall Sides,Float,1,1.0,0
AB::DestructionBuilding::1.0,CasingDepth,Wall Opening Depth,Float,1,0.3,0
AB::DestructionBuilding::1.0,RectangularWindowType,Window Type,Menu,1,3,5
AB::DestructionBuilding::1.0,CasingWidth,Casing Width,Float,1,0.02,0
AB::DestructionBuilding::1.0,WinFrameWidthRect,Frame Width,Float,1,0.08,0
AB::DestructionBuilding::1.0,SK_WinFrameDepthRect,Frame Depth,Float,1,0.1,0
AB::DestructionBuilding::1.0,sepparm10,,Separator,0,,0
AB::DestructionBuilding::1.0,MEzFloorWindowOptions,Mezz. Window Options,Label,1,,0
AB::DestructionBuilding::1.0,sepparm16,,Separator,0,,0
AB::DestructionBuilding::1.0,RectangularWindowType4,Window Type,Menu,1,3,5
AB::DestructionBuilding::1.0,sepparm,,Separator,0,,0
AB::DestructionBuilding::1.0,MidFloorWindowOptions,Mid-Floor Window Options,Label,1,,0
AB::DestructionBuilding::1.0,sepparm13,,Separator,0,,0
AB::DestructionBuilding::1.0,RectangularWindowType2,Window Type,Menu,1,2,5
AB::DestructionBuilding::1.0,win_wall_open_z,Window Depth,Float,1,0.5,0
AB::DestructionBuilding::1.0,WinWallBaseHeight3,Below Win Height,Float,1,1.0,0
AB::DestructionBuilding::1.0,AboveWindowHeight2,Above Win Height,Float,1,1.0,0
AB::DestructionBuilding::1.0,CasingDepth2,Wall Opening Depth,Float,1,0.3,0
AB::DestructionBuilding::1.0,CasingWidth2,Casing Width,Float,1,0.02,0
AB::DestructionBuilding::1.0,WinFrameWidthRect2,Frame Width,Float,1,0.08,0
AB::DestructionBuilding::1.0,SK_WinFrameDepthRect2,Frame Depth,Float,1,0.1,0
AB::DestructionBuilding::1.0,sepparm2,,Separator,0,,0
AB::DestructionBuilding::1.0,TopFloorWindowOptions,Top-Floor Window Options,Label,1,,0
AB::DestructionBuilding::1.0,sepparm12,,Separator,0,,0
AB::DestructionBuilding::1.0,RectangularWindowType3,Window Type,Menu,1,2,5
AB::DestructionBuilding::1.0,win_wall_open_z2,Window Depth,Float,1,0.2,0
AB::DestructionBuilding::1.0,WinWallBaseHeight4,Below Win Height,Float,1,0.88,0
AB::DestructionBuilding::1.0,AboveWindowHeight3,Above Win Height,Float,1,0.47,0
AB::DestructionBuilding::1.0,CasingDepth3,Wall Opening Depth,Float,1,0.3,0
AB::DestructionBuilding::1.0,CasingWidth3,Casing Width,Float,1,0.02,0
AB::DestructionBuilding::1.0,WinFrameWidthRect3,Frame Width,Float,1,0.08,0
AB::DestructionBuilding::1.0,SK_WinFrameDepthRect3,Frame Depth,Float,1,0.1,0
AB::DestructionBuilding::1.0,sepparm3,,Separator,0,,0
AB::DestructionBuilding::1.0,CornerDetailOptions,Corner Detail Options,Label,1,,0
AB::DestructionBuilding::1.0,sepparm11,,Separator,0,,0
AB::DestructionBuilding::1.0,CornerDivStyle,Detail Style,Menu,1,0,2
AB::DestructionBuilding::1.0,rows,Rows,Int,1,50,0
AB::DestructionBuilding::1.0,cols,Columns,Int,1,10,0
AB::DestructionBuilding::1.0,sepparm4,,Separator,0,,0
AB::DestructionBuilding::1.0,ColorOptions,Color Options,Label,1,,0
AB::DestructionBuilding::1.0,sepparm5,,Separator,0,,0
AB::DestructionBuilding::1.0,bld_mod_size,Building Mod Size,Int,1,10,0
AB::DestructionBuilding::1.0,WallColor,Wall Color,Float,3,0.2568;0.2784;0.3,0
AB::DestructionBuilding::1.0,RoofColor,Roof Color,Float,3,0.2;0.2;0.2,0
AB::DestructionBuilding::1.0,CasementColor,Casement,Float,3,0.333;0.333;0.333,0
AB::DestructionBuilding::1.0,FrameColor,Frame,Float,3,0.5;0.5;0.5,0
AB::DestructionBuilding::1.0,GlassColor,Glass,Float,3,0.66;0.78;0.96,0
AB::DestructionBuilding::1.0,WindowTrimColor,Window Trim,Float,3,0.5;0.5;0.5,0
AB::DestructionBuilding::1.0,UnrealMaterialPaths,Unreal Material Paths,Label,1,,0
AB::DestructionBuilding::1.0,UE_MAT_Corners,Corners,String,1,relative/path/to/shader/inside/Unreal/project,0
AB::DestructionBuilding::1.0,UE_MAT_Emits,Emits,String,1,relative/path/to/shader/inside/Unreal/project,0
AB::DestructionBuilding::1.0,UE_MAT_Glass,Glass,String,1,relative/path/to/shader/inside/Unreal/project,0
AB::DestructionBuilding::1.0,UE_MAT_Metal,Metal,String,1,relative/path/to/shader/inside/Unreal/project,0
AB::DestructionBuilding::1.0,UE_MAT_Roof,Roof,String,1,relative/path/to/shader/inside/Unreal/project,0
AB::DestructionBuilding::1.0,UE_MAT_Trim,Trim,String,1,relative/path/to/shader/inside/Unreal/project,0
AB::DestructionBuilding::1.0,UE_MAT_Walls,Walls,String,1,relative/path/to/shader/inside/Unreal/project,0
AB::DomeGenerator::1.0,DomeStyle,Dome Style,Menu,1,0,4
AB::DomeGenerator::1.0,DomeBaseSize,Dome Base Size,Float,1,30.0,0
AB::DomeGenerator::1.0,sepparm,,Separator,0,,0
AB::DomeGenerator::1.0,VenetianDomeOptions,Venetian Dome Options,Label,1,,0
AB::DomeGenerator::1.0,MiddleEastDomeOptions2,Middle East Dome Options,Label,1,,0
AB::DomeGenerator::1.0,sepparm3,,Separator,0,,0
AB::DomeGenerator::1.0,WidthAdjustment1,Width Adjust,Float,1,0.0,0
AB::DomeGenerator::1.0,HeightAdjustment,Height Adjust,Float,1,0.0,0
AB::DomeGenerator::1.0,sepparm2,,Separator,0,,0
AB::DomeGenerator::1.0,AddDomePatterns,Add Dome Patterns,Toggle,1,True,0
AB::DomeGenerator::1.0,RangeOption,Range Options,Label,1,,0
AB::DomeGenerator::1.0,selectamount1,Select,Int,1,2,0
AB::DomeGenerator::1.0,selecttotal1,of,Int,1,7,0
AB::DomeGenerator::1.0,selectoffset1,Offset,Int,1,0,0
AB::DomeGenerator::1.0,ColorOptions,Color Options,Label,1,,0
AB::DomeGenerator::1.0,DomeColor,Dome,Float,3,0.6667;0.6667;0.6667,0
AB::DomeGenerator::1.0,TopDetailColor,Top Detail,Float,3,0.557;0.557;0.13925,0
AB::DomeGenerator::1.0,OnionDomeOptions3,Onion Dome Options,Label,1,,0
AB::DomeGenerator::1.0,TwistOn,Twist On,Toggle,1,False,0
AB::DoorGenerator::4.0,MasterDoorStyle,Door Style,Menu,1,0,5
AB::DoorGenerator::4.0,handle_side,Handle Position,Menu,1,0,2
AB::DoorGenerator::4.0,door_bank_sytle,Door Bank Style,Menu,1,0,4
AB::DoorGenerator::4.0,uv_layout_on,UV Layout,Toggle,1,False,0
AB::DoorGenerator::4.0,lightmaps_on,Lightmaps On,Toggle,1,False,0
AB::DoorGenerator::4.0,vis_U_uv,Vis UV,Toggle,1,False,0
AB::DoorGenerator::4.0,ColorOn,Vertex Color,Toggle,1,True,0
AB::DoorGenerator::4.0,CreateMatIDColors,ID Colors On,Toggle,1,False,0
AB::DoorGenerator::4.0,ResidentialDoorOptions,Residential Door Options,Label,1,,0
AB::DoorGenerator::4.0,RS_DoorStyle,Door Style,Menu,1,0,3
AB::DoorGenerator::4.0,RS_HandleStyle,Handle Style,Menu,1,0,4
AB::DoorGenerator::4.0,RS_DoorWidth,Door Width,Float,1,1.0,0
AB::DoorGenerator::4.0,RS_DoorHeight,Door Height,Float,1,2.5,0
AB::DoorGenerator::4.0,RS_DoorDepth,Door Depth,Float,1,0.1,0
AB::DoorGenerator::4.0,RS_doorStileWidth,Stile Width,Float,1,0.15,0
AB::DoorGenerator::4.0,RS_DoorBottomRail,Bottom Rail,Float,1,0.4,0
AB::DoorGenerator::4.0,RS_DoorTopRail,Top Rail,Float,1,0.15,0
AB::DoorGenerator::4.0,RS_MultiLiteVertDivs,Vert Mullions,Int,1,2,0
AB::DoorGenerator::4.0,RS_MultiLiteHorizDivs,Horiz Mullions,Int,1,4,0
AB::DoorGenerator::4.0,RS_DoorFrameColor,Door Frame,Float,3,0.46;0.4;0.34,0
AB::DoorGenerator::4.0,RS_DoorGlassColor,Glass,Float,3,0.66;0.78;0.96,0
AB::DoorGenerator::4.0,sepparm2,,Separator,0,,0
AB::DoorGenerator::4.0,CommercialDoorOptions,Commercial Door Options,Label,1,,0
AB::DoorGenerator::4.0,CM_DoorStyle,Door Style,Menu,1,0,1
AB::DoorGenerator::4.0,CM_DoorWidth,Door Width,Float,1,1.0,0
AB::DoorGenerator::4.0,CM_DoorHeight,Door Height,Float,1,2.5,0
AB::DoorGenerator::4.0,CM_DoorDepth,Door Depth,Float,1,0.1,0
AB::DoorGenerator::4.0,CM_doorStileWidth,Stile Width,Float,1,0.15,0
AB::DoorGenerator::4.0,CM_DoorBottomRail,Bottom Rail,Float,1,0.4,0
AB::DoorGenerator::4.0,CM_DoorTopRail,Top Rail,Float,1,0.15,0
AB::DoorGenerator::4.0,HW_PullBarStyle,Pull Bar Style,Menu,1,1,3
AB::DoorGenerator::4.0,PB_01_PullBarLength,Length,Float,1,0.34,0
AB::DoorGenerator::4.0,PB_01_PullBarDepth,Depth,Float,1,0.1,0
AB::DoorGenerator::4.0,CM_DoorFrameColor,Door Frame,Float,3,0.333;0.333;0.333,0
AB::DoorGenerator::4.0,CM_DoorGlassColor,Glass,Float,3,0.66;0.78;0.96,0
AB::DoorGenerator::4.0,sepparm3,,Separator,0,,0
AB::DoorGenerator::4.0,IndustrialDoorOptions,Industrial Door Options,Label,1,,0
AB::DoorGenerator::4.0,IN_DoorStyle,Door Style,Menu,1,0,4
AB::DoorGenerator::4.0,IN_DoorWidth,Door Width,Float,1,1.0,0
AB::DoorGenerator::4.0,IN_DoorHeight,Door Height,Float,1,2.5,0
AB::DoorGenerator::4.0,IN_DoorDepth,Door Depth,Float,1,0.1,0
AB::DoorGenerator::4.0,IN_doorStileWidth2,Stile Width,Float,1,0.15,0
AB::DoorGenerator::4.0,IN_DoorBottomRail2,Bottom Rail,Float,1,0.4,0
AB::DoorGenerator::4.0,IN_DoorTopRail2,Top Rail,Float,1,0.15,0
AB::DoorGenerator::4.0,sepparm4,,Separator,0,,0
AB::DoorGenerator::4.0,RollUpDoorOptions,Roll Up Door Options,Label,1,,0
AB::DoorGenerator::4.0,RU_DoorWidth,Door Width,Float,1,4.0,0
AB::DoorGenerator::4.0,RU_DoorHeight,Door Height,Float,1,4.0,0
AB::DoorGenerator::4.0,RU_DoorDepth,Door Depth,Float,1,0.1,0
AB::DoorGenerator::4.0,rows,Rows,Int,1,41,0
AB::DoorGenerator::4.0,sepparm5,,Separator,0,,0
AB::DoorGenerator::4.0,SpecialityDoorOptions,Speciality Door Options,Label,1,,0
AB::DoorGenerator::4.0,SpecialityDoorStyle,Speciality Door Style,Menu,1,0,2
AB::DoorGenerator::4.0,SpecialityAddTrim,Add Trim,Toggle,1,True,0
AB::DoorGenerator::4.0,AddWindow,Add Window,Toggle,1,True,0
AB::DoorGenerator::4.0,AddHinges,Add Hinges,Toggle,1,True,0
AB::DoorGenerator::4.0,SpecialityDoorWidth,Door Width,Float,1,1.0,0
AB::DoorGenerator::4.0,SpecialityDoorHeight,Door Height,Float,1,2.5,0
AB::DoorGenerator::4.0,SpecialityDoorDepth,Door Depth,Float,1,0.06,0
AB::DoorGenerator::4.0,SpecialityDoorColor,Door Color,Float,3,0.184;0.14076;0.09752,0
AB::DoorGenerator::4.0,ResHandle4color,Handle Color,Float,3,0.333;0.333;0.333,0
AB::DoorGenerator::4.0,ResHandle04Scale,Handle Scale,Float,1,1.0,0
AB::DoorGenerator::4.0,color,Color,Float,3,0.5;0.5;0.5,0
AB::DoorGenerator::4.0,sepparm,,Separator,0,,0
AB::DoorHardware::2.0,HW_DoorHandleStyle,Handle Style,Menu,1,0,2
AB::DoorHardware::2.0,RS_HandlePos,Handle Position,Menu,1,0,2
AB::DoorHardware::2.0,UVLayoutOn,UV Layout On,Toggle,1,True,0
AB::DoorHardware::2.0,sepparm3,,Separator,0,,0
AB::DoorHardware::2.0,ResidentialHandleOptions1,Residential Handle Options,Label,1,,0
AB::DoorHardware::2.0,RS_HandleStyle,Handle Style,Menu,1,0,4
AB::DoorHardware::2.0,RS_01_AddBackPlate,Add Backplate,Toggle,1,True,0
AB::DoorHardware::2.0,RS_01_StemWidth,Stem Width,Float,1,0.04,0
AB::DoorHardware::2.0,RS_01_StemLength,Stem Length,Float,1,0.04,0
AB::DoorHardware::2.0,RS_01_FrontBevelSize,Front Bevel Size,Float,1,0.015,0
AB::DoorHardware::2.0,RS_01_FrontBevelShape,Front Bevel Shape,Menu,1,4,5
AB::DoorHardware::2.0,RS_01_divisions,Divisions,Int,1,8,0
AB::DoorHardware::2.0,RS_01_BackBevelSize,Back Bevel Size,Float,1,0.015,0
AB::DoorHardware::2.0,RS_01_BackBevelShape,Back Bevel,Menu,1,4,5
AB::DoorHardware::2.0,divisions,Divisions,Int,1,8,0
AB::DoorHardware::2.0,RS_01_BackplateBevel,Backplate Bevel,Float,1,0.005,0
AB::DoorHardware::2.0,RS_01_DoorKnobColor,Door Knob,Float,3,0.435;0.278182;0.121365,0
AB::DoorHardware::2.0,RS_01_BackplateColor,Backplate Color,Float,3,0.333;0.333;0.333,0
AB::DoorHardware::2.0,sepparm4,,Separator,0,,0
AB::DoorHardware::2.0,ResidentialHandleOptions2,Lever Handle Options,Label,1,,0
AB::DoorHardware::2.0,ResHandle02Resolution,Resolution,Int,1,0,0
AB::DoorHardware::2.0,ResHandle02HandleLength,Handle Length,Float,1,0.15,0
AB::DoorHardware::2.0,ResHandle02StemRadius,Stem Radius,Float,1,0.02,0
AB::DoorHardware::2.0,ResHandle02StemLength,Stem Length,Float,1,0.05,0
AB::DoorHardware::2.0,ResHandle02HandleThickness,Handle Thickness,Float,1,0.01,0
AB::DoorHardware::2.0,ResHandle02HandleFrontScale,Handle Front Scale,Float,1,0.6,0
AB::DoorHardware::2.0,ResHandle02HandleFrontRoundness,Front Roundness,Float,1,1.0,0
AB::DoorHardware::2.0,ResHandle02CuspAngle,Cusp Angle,Float,1,22.0,0
AB::DoorHardware::2.0,ResHandle02Color,Color,Float,3,0.32;0.37;0.442,0
AB::DoorHardware::2.0,sepparm2,,Separator,0,,0
AB::DoorHardware::2.0,ResidentialHandleOptions3,Residential Handle Options,Label,1,,0
AB::DoorHardware::2.0,color2,RS_03,Float,3,0.5;0.5;0.5,0
AB::DoorHardware::2.0,ResHandle03Scale,Scale,Float,1,1.0,0
AB::DoorHardware::2.0,sepparm5,,Separator,0,,0
AB::DoorHardware::2.0,ResidentialHandleOptions4,Residential Handle Options,Label,1,,0
AB::DoorHardware::2.0,ResHandle4color,Handle Color,Float,3,0.333;0.333;0.333,0
AB::DoorHardware::2.0,ResHandle04Scale,Scale,Float,1,1.0,0
AB::DoorHardware::2.0,sepparm6,,Separator,0,,0
AB::DoorHardware::2.0,HW_PullBarStyle,Pull Bar Style,Menu,1,0,3
AB::DoorHardware::2.0,PB_01_Orientation,Orientation,Menu,1,0,2
AB::DoorHardware::2.0,PB_01_PullBarLength,Length,Float,1,0.4,0
AB::DoorHardware::2.0,PB_01_PullBarDepth,Depth,Float,1,0.1,0
AB::DoorHardware::2.0,PB_01_AddBevels,Add Bevels,Toggle,1,True,0
AB::DoorHardware::2.0,PB_01_offset,Bevel Amount,Float,1,0.03,0
AB::DoorHardware::2.0,PB_01_filletshape,Shape,Menu,1,4,5
AB::DoorHardware::2.0,PB_01_divisions,Tube Resolution,Int,1,12,0
AB::DoorHardware::2.0,PB_01_MainTubeRad,Tube Radius,Float,1,0.015,0
AB::DoorHardware::2.0,cuspangle,Cusp Angle,Float,1,60.0,0
AB::DoorHardware::2.0,sepparm,,Separator,0,,0
AB::DoorHardware::2.0,labelparm,Backplate Options,Label,1,,0
AB::DoorHardware::2.0,PB_01_AddBackplate,Add Backplate,Toggle,1,True,0
AB::DoorHardware::2.0,PB_01_PlateDepth,Plate Depth,Float,1,0.01,0
AB::DoorHardware::2.0,PB_01_ScaleAdjX,Scale Width,Float,1,0.0,0
AB::DoorHardware::2.0,PB_01_ScaleAdjY,Scale Height,Float,1,0.0,0
AB::DoorHardware::2.0,PB_01_offset2,Backplate Bevels,Float,1,0.001,0
AB::DoorHardware::2.0,PB_01_filletshape2,Shape,Menu,1,3,5
AB::DoorHardware::2.0,PB_01_divisions2,Divisions,Int,1,1,0
AB::DoorHardware::2.0,PB_01_cuspangle2,Cusp Angle,Float,1,0.0,0
AB::DoorHardware::2.0,PB_01_HandleColor,Handle,Float,3,0.333;0.333;0.333,0
AB::DoorHardware::2.0,PB_01_BackplateColor,Backplate,Float,3,0.05;0.05;0.05,0
AB::DoorsCreateCopies::1.2,door_bank_sytle,Door Bank Style,Menu,1,1,4
AB::DoorsCreateCopies::1.2,AddDoorInset,Add Door Inset,Toggle,1,True,0
AB::DoorsCreateCopies::1.2,InsetDoorDepth,Inset Door Depth,Float,1,1.0,0
AB::DoorsCreateCopies::1.2,WinWallSides,Door Wall Sides,Float,1,0.5,0
AB::DoorsCreateCopies::1.2,DoorHeight,Door Height,Float,1,3.0,0
AB::DoorsCreateCopies::1.2,MasterDoorStyle,Door Style,Menu,1,1,5
AB::DoorsCreateCopies::1.2,handle_side,Handle Position,Menu,1,0,2
AB::DoorsCreateCopies::1.2,CM_DoorStyle,Door Style,Menu,1,0,1
AB::DoorsCreateCopies::1.2,CM_DoorDepth,Door Depth,Float,1,0.1,0
AB::DoorsCreateCopies::1.2,CM_doorStileWidth,Stile Width,Float,1,0.15,0
AB::DoorsCreateCopies::1.2,CM_DoorBottomRail,Bottom Rail,Float,1,0.4,0
AB::DoorsCreateCopies::1.2,CM_DoorTopRail,Top Rail,Float,1,0.15,0
AB::DoorsCreateCopies::1.2,HW_PullBarStyle,Pull Bar Style,Menu,1,1,3
AB::DoorsCreateCopies::1.2,PB_01_PullBarLength,Length,Float,1,0.34,0
AB::DoorsCreateCopies::1.2,PB_01_PullBarDepth,Depth,Float,1,0.1,0
AB::DoorsCreateCopies::1.2,CM_DoorFrameColor,Door Frame,Float,3,0.333;0.333;0.333,0
AB::DoorsCreateCopies::1.2,CM_DoorGlassColor,Glass,Float,3,0.66;0.78;0.96,0
AB::DowntownBuilding::3.6,ABDowntownBuildings,AB Downtown Buildings,Label,1,,0
AB::DowntownBuilding::3.6,AB_Downtown_Buildings,AB Downtown Buildings,Label,1,,0
AB::DowntownBuilding::3.6,GeneralOptions,General Options,Label,1,,0
AB::DowntownBuilding::3.6,MaterialStyle,Material Style,Menu,1,0,2
AB::DowntownBuilding::3.6,ToolModeOn,Tool Mode,Toggle,1,False,0
AB::DowntownBuilding::3.6,UVLayoutOn,UV Layout,Toggle,1,False,0
AB::DowntownBuilding::3.6,LightmapsOn,Lightmaps On,Toggle,1,False,0
AB::DowntownBuilding::3.6,UdimOn,UDIM On,Toggle,1,True,0
AB::DowntownBuilding::3.6,VisUV,Vis UV,Toggle,1,False,0
AB::DowntownBuilding::3.6,UseColor,Use Color,Toggle,1,True,0
AB::DowntownBuilding::3.6,Pack,Pack,Toggle,1,False,0
AB::DowntownBuilding::3.6,GeneralBuildingOptions2,General Building Options,Label,1,,0
AB::DowntownBuilding::3.6,sepparm6,,Separator,0,,0
AB::DowntownBuilding::3.6,GeneralBuildingOptions,General Building Options,Label,1,,0
AB::DowntownBuilding::3.6,BuildingStyle,Building Style,Menu,1,0,2
AB::DowntownBuilding::3.6,BuildingShape,Building Shape,Menu,1,0,5
AB::DowntownBuilding::3.6,BuildingWidth,Building Width,Int,1,54,0
AB::DowntownBuilding::3.6,BuildingDepth,Building Depth,Int,1,64,0
AB::DowntownBuilding::3.6,BuildingDiameter,Building Diameter,Int,1,60,0
AB::DowntownBuilding::3.6,BldCornerSize,Building Corner Size,Float,1,3.0,0
AB::DowntownBuilding::3.6,BldCornerDepth,Building Corner Depth,Float,1,0.8,0
AB::DowntownBuilding::3.6,BaseModSize,Base Module Size,Int,1,5,0
AB::DowntownBuilding::3.6,GF_FloorHeight,Ground Floor Height,Int,1,20,0
AB::DowntownBuilding::3.6,GF_LowerWallHeight,GF Lower  Height,Float,1,6.0,0
AB::DowntownBuilding::3.6,MidFloorHeight,Mid Floor Height,Int,1,5,0
AB::DowntownBuilding::3.6,TopFloorHeight,Top FLoor Height,Int,1,8,0
AB::DowntownBuilding::3.6,TopHeight,Top Height,Int,1,5,0
AB::DowntownBuilding::3.6,NumOfFloor,Numner of Mid Floors,Int,1,6,0
AB::DowntownBuilding::3.6,sepparm7,,Separator,0,,0
AB::DowntownBuilding::3.6,SolidBaysOn,Solid Bays On,Toggle,1,False,0
AB::DowntownBuilding::3.6,sepparm8,,Separator,0,,0
AB::DowntownBuilding::3.6,GroundFloorOptions2,Ground Floor Door Options,Label,1,,0
AB::DowntownBuilding::3.6,sepparm14,,Separator,0,,0
AB::DowntownBuilding::3.6,DoorWallSide_GF,Door Wall Sides,Float,1,0.5,0
AB::DowntownBuilding::3.6,DoorHeight_GF,Door Height,Float,1,3.0,0
AB::DowntownBuilding::3.6,InsetDoorDepth2,Inset Door Depth,Float,1,0.5,0
AB::DowntownBuilding::3.6,WinWallBaseHeight2,Below Win Height,Float,1,0.75,0
AB::DowntownBuilding::3.6,handle_side,Handle Position,Menu,1,0,2
AB::DowntownBuilding::3.6,RS_HandleStyle,Handle Style,Menu,1,0,4
AB::DowntownBuilding::3.6,RS_DoorStyle,Door Style,Menu,1,0,3
AB::DowntownBuilding::3.6,InsetDoorDepth,Inset Door Depth,Float,1,0.1,0
AB::DowntownBuilding::3.6,sepparm15,,Separator,0,,0
AB::DowntownBuilding::3.6,GroundFloorOptions,Ground Floor Window Options,Label,1,,0
AB::DowntownBuilding::3.6,sepparm9,,Separator,0,,0
AB::DowntownBuilding::3.6,WinWallBaseHeight,Below Win Height,Float,1,1.0,0
AB::DowntownBuilding::3.6,AboveWindowHeight,Above Win Height,Float,1,1.0,0
AB::DowntownBuilding::3.6,WinWallSides,Win Wall Sides,Float,1,1.0,0
AB::DowntownBuilding::3.6,CasingDepth,Wall Opening Depth,Float,1,0.3,0
AB::DowntownBuilding::3.6,RectangularWindowType,Window Type,Menu,1,3,5
AB::DowntownBuilding::3.6,AddExtWindowTrim2,Add Exterior Trim,Toggle,1,True,0
AB::DowntownBuilding::3.6,CasingWidth,Casing Width,Float,1,0.02,0
AB::DowntownBuilding::3.6,WinFrameWidthRect,Frame Width,Float,1,0.08,0
AB::DowntownBuilding::3.6,SK_WinFrameDepthRect,Frame Depth,Float,1,0.1,0
AB::DowntownBuilding::3.6,sepparm10,,Separator,0,,0
AB::DowntownBuilding::3.6,MEzFloorWindowOptions,Mezz. Window Options,Label,1,,0
AB::DowntownBuilding::3.6,sepparm16,,Separator,0,,0
AB::DowntownBuilding::3.6,RectangularWindowType4,Window Type,Menu,1,3,5
AB::DowntownBuilding::3.6,sepparm,,Separator,0,,0
AB::DowntownBuilding::3.6,MidFloorWindowOptions,Mid-Floor Window Options,Label,1,,0
AB::DowntownBuilding::3.6,sepparm13,,Separator,0,,0
AB::DowntownBuilding::3.6,RectangularWindowType2,Window Type,Menu,1,2,5
AB::DowntownBuilding::3.6,AddExtWindowTrim,Add Exterior Trim,Toggle,1,True,0
AB::DowntownBuilding::3.6,win_wall_open_z,Window Depth,Float,1,0.5,0
AB::DowntownBuilding::3.6,WinWallBaseHeight3,Below Win Height,Float,1,1.0,0
AB::DowntownBuilding::3.6,AboveWindowHeight2,Above Win Height,Float,1,1.0,0
AB::DowntownBuilding::3.6,CasingDepth2,Wall Opening Depth,Float,1,0.3,0
AB::DowntownBuilding::3.6,CasingWidth2,Casing Width,Float,1,0.02,0
AB::DowntownBuilding::3.6,WinFrameWidthRect2,Frame Width,Float,1,0.08,0
AB::DowntownBuilding::3.6,SK_WinFrameDepthRect2,Frame Depth,Float,1,0.1,0
AB::DowntownBuilding::3.6,sepparm2,,Separator,0,,0
AB::DowntownBuilding::3.6,TopFloorWindowOptions,Top-Floor Window Options,Label,1,,0
AB::DowntownBuilding::3.6,sepparm12,,Separator,0,,0
AB::DowntownBuilding::3.6,RectangularWindowType3,Window Type,Menu,1,2,5
AB::DowntownBuilding::3.6,AddExtWindowTrim3,Add Exterior Trim,Toggle,1,True,0
AB::DowntownBuilding::3.6,win_wall_open_z2,Window Depth,Float,1,0.2,0
AB::DowntownBuilding::3.6,WinWallBaseHeight4,Below Win Height,Float,1,0.88,0
AB::DowntownBuilding::3.6,AboveWindowHeight3,Above Win Height,Float,1,0.47,0
AB::DowntownBuilding::3.6,CasingDepth3,Wall Opening Depth,Float,1,0.3,0
AB::DowntownBuilding::3.6,CasingWidth3,Casing Width,Float,1,0.02,0
AB::DowntownBuilding::3.6,WinFrameWidthRect3,Frame Width,Float,1,0.08,0
AB::DowntownBuilding::3.6,SK_WinFrameDepthRect3,Frame Depth,Float,1,0.1,0
AB::DowntownBuilding::3.6,sepparm3,,Separator,0,,0
AB::DowntownBuilding::3.6,CornerDetailOptions,Corner Detail Options,Label,1,,0
AB::DowntownBuilding::3.6,sepparm11,,Separator,0,,0
AB::DowntownBuilding::3.6,CornerDivStyle,Detail Style,Menu,1,0,2
AB::DowntownBuilding::3.6,rows,Rows,Int,1,50,0
AB::DowntownBuilding::3.6,cols,Columns,Int,1,10,0
AB::DowntownBuilding::3.6,sepparm4,,Separator,0,,0
AB::DowntownBuilding::3.6,ColorOptions,Color Options,Label,1,,0
AB::DowntownBuilding::3.6,sepparm5,,Separator,0,,0
AB::DowntownBuilding::3.6,bld_mod_size,Building Mod Size,Int,1,10,0
AB::DowntownBuilding::3.6,WallColor,Wall Color,Float,3,0.2568;0.2784;0.3,0
AB::DowntownBuilding::3.6,RoofColor,Roof Color,Float,3,0.2;0.2;0.2,0
AB::DowntownBuilding::3.6,CasementColor,Casement,Float,3,0.333;0.333;0.333,0
AB::DowntownBuilding::3.6,FrameColor,Frame,Float,3,0.5;0.5;0.5,0
AB::DowntownBuilding::3.6,GlassColor,Glass,Float,3,0.66;0.78;0.96,0
AB::DowntownBuilding::3.6,WindowTrimColor,Window Trim,Float,3,0.5;0.5;0.5,0
AB::DowntownBuilding::3.6,UnrealMaterialPaths,Unreal Material Paths,Label,1,,0
AB::DowntownBuilding::3.6,UE_MAT_Corners,Corners,String,1,relative/path/to/shader/inside/Unreal/project,0
AB::DowntownBuilding::3.6,UE_MAT_Emits,Emits,String,1,relative/path/to/shader/inside/Unreal/project,0
AB::DowntownBuilding::3.6,UE_MAT_WindowGlass,Window Glass,String,1,relative/path/to/shader/inside/Unreal/project,0
AB::DowntownBuilding::3.6,UE_MAT_DoorGlass,Door Glass,String,1,relative/path/to/shader/inside/Unreal/project,0
AB::DowntownBuilding::3.6,UE_MAT_Metal,Metal,String,1,relative/path/to/shader/inside/Unreal/project,0
AB::DowntownBuilding::3.6,UE_MAT_Roof,Roof,String,1,relative/path/to/shader/inside/Unreal/project,0
AB::DowntownBuilding::3.6,UE_MAT_Trim,Trim,String,1,relative/path/to/shader/inside/Unreal/project,0
AB::DowntownBuilding::3.6,UE_MAT_Walls,Walls,String,1,relative/path/to/shader/inside/Unreal/project,0
AB::DroopyWires::1.0,WireCreationStyle,Wire Creation Style,Menu,1,1,2
AB::DroopyWires::1.0,MaterialStyle,Material Style,Menu,1,0,3
AB::DroopyWires::1.0,resetcookpass,Reset Cached Pass,Button,1,,0
AB::DroopyWires::1.0,PackGeo,Pack Geo,Toggle,1,True,0
AB::DroopyWires::1.0,sepparm5,,Separator,0,,0
AB::DroopyWires::1.0,Wire_CreationOptions,Wire Creation,Label,1,,0
AB::DroopyWires::1.0,VisualizeGrids2,Visualize Grids,Toggle,1,False,0
AB::DroopyWires::1.0,NumberOfWires,Number Of Wires,Int,1,20,0
AB::DroopyWires::1.0,divs,Divisions,Int,1,6,0
AB::DroopyWires::1.0,objpath1,Object One,String,1,,0
AB::DroopyWires::1.0,objpath2,Object Two,String,1,,0
AB::DroopyWires::1.0,UseSoftTransform,Soft Transform,Toggle,1,False,0
AB::DroopyWires::1.0,BaseSizeLeft,Left Size,Float,2,2.0;1.0,0
AB::DroopyWires::1.0,BaseSizeRight,Right Size,Float,2,2.0;1.0,0
AB::DroopyWires::1.0,Length,Base Length,Float,1,6.0,0
AB::DroopyWires::1.0,sepparm4,,Separator,0,,0
AB::DroopyWires::1.0,SizeOptions,Size Options,Label,1,,0
AB::DroopyWires::1.0,DrropAmount,Droop Amount Range,Float,2,0.01;2.0,0
AB::DroopyWires::1.0,WireThicknessRange,Wire Thickness Range,Float,2,0.04;0.2,0
AB::DroopyWires::1.0,sepparm3,,Separator,0,,0
AB::DroopyWires::1.0,SimulationSettings,Simulation Settings,Label,1,,0
AB::DroopyWires::1.0,SimOn,Sim On,Toggle,1,False,0
AB::DroopyWires::1.0,resimulate,Reset Simulation,Button,1,,0
AB::DroopyWires::1.0,substeps,Substeps,Int,1,5,0
AB::DroopyWires::1.0,niter,Constraint Iterations,Int,1,200,0
AB::DroopyWires::1.0,smoothiter,Smoothing Iterations,Int,1,20,0
AB::DroopyWires::1.0,collisionsiter,Collision Passes,Int,1,10,0
AB::DroopyWires::1.0,ColorOptions,Color Options,Label,1,,0
AB::DroopyWires::1.0,WireRampColor,Wire Color,Ramp,1,2,0
AB::DroopyWires::1.0,input,Select Input,Int,1,0,0
AB::ElectricBoxGenerator::2.0,uv_layout_on,UV Layouy,Toggle,1,False,0
AB::ElectricBoxGenerator::2.0,lightmaps_on,Light Maps On,Toggle,1,False,0
AB::ElectricBoxGenerator::2.0,vis_uv,Vis UV,Toggle,1,False,0
AB::ElectricBoxGenerator::2.0,use_color,Use Color,Toggle,1,True,0
AB::ElectricBoxGenerator::2.0,tool_mode_on,Tool Mode,Toggle,1,False,0
AB::ElectricBoxGenerator::2.0,ElectricBoxOptions,Electric Box Options,Label,1,,0
AB::ElectricBoxGenerator::2.0,add_elec_box_bev,Add Bevels,Toggle,1,False,0
AB::ElectricBoxGenerator::2.0,offset,Bevel Amount,Float,1,0.015,0
AB::ElectricBoxGenerator::2.0,filletshape,Shape,Menu,1,3,5
AB::ElectricBoxGenerator::2.0,divisions,Bevel Divisions,Int,1,1,0
AB::ElectricBoxGenerator::2.0,elec_box_width,Main Box Width,Float,1,1.0,0
AB::ElectricBoxGenerator::2.0,elec_box_height,Main Box Height,Float,1,2.0,0
AB::ElectricBoxGenerator::2.0,elec_box_depth,Main Box Depth,Float,1,0.5,0
AB::ElectricBoxGenerator::2.0,elec_box_door_base_height,Door Base Height,Float,1,0.5,0
AB::ElectricBoxGenerator::2.0,elec_box_door_height,Door Height,Float,1,1.5,0
AB::ElectricBoxGenerator::2.0,elec_box_door_height2,Door Width,Float,1,0.35,0
AB::ElectricBoxGenerator::2.0,mbox_leg_height,Leg Height,Float,1,0.4,0
AB::ElectricBoxGenerator::2.0,sepparm,,Separator,0,,0
AB::ElectricBoxGenerator::2.0,labelparm,Colors,Label,1,,0
AB::ElectricBoxGenerator::2.0,color2,Inset Top,Float,3,0.050381;0.083;0.017762,0
AB::ElectricBoxGenerator::2.0,elec_box_color,Main Box,Float,3,0.24518;0.403922;0.0864392,0
AB::ElectricBoxGenerator::2.0,color5,Door Vents,Float,3,0.5;1.0;0.0,0
AB::ElectricBoxGenerator::2.0,color4,Door Lock,Float,3,0.333;0.333;0.333,0
AB::ElectricalParts::2.0,PartType,Part Type,Menu,1,0,4
AB::ElectricalParts::2.0,BracketType,Bracket Type,Int,1,0,0
AB::ElectricalParts::2.0,ConnectorType2,Connector Type,Int,1,0,0
AB::ElectricalPropGenerator::2.0,MaterialStyle,Material Style,Menu,1,0,4
AB::ElectricalPropGenerator::2.0,add_uv_layout,Add UV Layout,Toggle,1,False,0
AB::ElectricalPropGenerator::2.0,add_lightmaps_uv,Add Lightmap UV,Toggle,1,False,0
AB::ElectricalPropGenerator::2.0,name_pack_on,Name and Pack,Toggle,1,False,0
AB::ElectricalPropGenerator::2.0,lightmap_style,Lightmap Style,Menu,1,0,2
AB::ElectricalPropGenerator::2.0,h_attach_1,H Attachment,Menu,1,1,3
AB::ElectricalPropGenerator::2.0,main_pipe_rad,Pipe Radius,Float,1,0.05,0
AB::ElectricalPropGenerator::2.0,pipe_lngth_1,Pipe H Length 01,Float,1,2.0,0
AB::ElectricalPropGenerator::2.0,pipe_lngth_2,Pipe V Length 01,Float,1,0.5,0
AB::ElectricalPropGenerator::2.0,elbow_rad,Elbow Radius,Float,1,0.25,0
AB::ElectricalPropGenerator::2.0,pipe_end_01_length,Pipe End 01 Length,Float,1,0.2,0
AB::ElectricalPropGenerator::2.0,sepparm,,Separator,0,,0
AB::ElectricalPropGenerator::2.0,num_h_straps,H Straps Amount,Int,1,3,0
AB::ElectricalPropGenerator::2.0,num_v_straps,V Straps Amount,Int,1,1,0
AB::ElectricalPropGenerator::2.0,strap_width,Strap Width,Float,1,0.05,0
AB::ElectricalPropGenerator::2.0,strap_thickness,Strap Thickness,Float,1,0.01,0
AB::ElectricalPropGenerator::2.0,strap_length,Strap Length,Float,1,0.1,0
AB::ElectronicComponentGenerator::1.0,PartChoice,Part Choice,Menu,1,0,6
AB::ElectronicComponentGenerator::1.0,sepparm,,Separator,0,,0
AB::ElectronicComponentGenerator::1.0,KnobOptions,Knob Options,Label,1,,0
AB::ElectronicComponentGenerator::1.0,KnobStyle,Knob Style,Int,1,0,0
AB::ElectronicComponentGenerator::1.0,DialOptions,Dial Option,Label,1,,0
AB::ElectronicComponentGenerator::1.0,DialStyle,Dial Style,Int,1,0,0
AB::ElectronicComponentGenerator::1.0,SwitchToggleOptions,Switch & Toggle Options,Label,1,,0
AB::ElectronicComponentGenerator::1.0,SwitchToggleChoice,Switch & Toggle Choice,Int,1,0,0
AB::ElectronicComponentGenerator::1.0,ToggleScale,Toggle Scale,Float,1,0.1,0
AB::ElectronicComponentGenerator::1.0,ToggleRotate,Toggle Rotate,Float,1,0.0,0
AB::ElectronicComponentGenerator::1.0,color,Color,Float,3,0.5;0.5;0.5,0
AB::ElectronicComponentGenerator::1.0,BracketOptions,Bracket Options,Label,1,,0
AB::EngineAttributes::1.0,label1,Input #1 Label,String,1,Sub-Network Input #1,0
AB::EngineAttributes::1.0,label2,Input #2 Label,String,1,Sub-Network Input #2,0
AB::EngineAttributes::1.0,label3,Input #3 Label,String,1,Sub-Network Input #3,0
AB::EngineAttributes::1.0,label4,Input #4 Label,String,1,Sub-Network Input #4,0
AB::EngineAttributes::1.0,backend,Backend,Menu,1,2,4
AB::EngineAttributes::1.0,material_attrib,Material Attribute,String,1,ab_material,0
AB::EngineAttributes::1.0,output_name_attrib,Output Name Attribute,String,1,name,0
AB::EngineAttributes::1.0,nanite,Enable Nanite,Toggle,1,True,0
AB::EngineAttributes::1.0,strip_foreign,Strip Other Backend Attributes,Toggle,1,True,0
AB::EqualizerGraph::1.0,dist,Length,Float,1,1.0,0
AB::EqualizerGraph::1.0,num_lines,Line Segments,Int,1,100,0
AB::EqualizerGraph::1.0,colors,Ramp Colors,Ramp,1,4,0
AB::EqualizerGraph::1.0,max_height,Max Height,Float,1,1.0,0
AB::EqualizerGraph::1.0,sepparm,,Separator,0,,0
AB::EqualizerGraph::1.0,noise_opt,Noise Options,Label,1,,0
AB::EqualizerGraph::1.0,freq,Frequency,Float,4,10.0;2.0;2.0;0.96,0
AB::EqualizerGraph::1.0,offset,Offset,Float,4,0.0;0.0;0.0;0.0,0
AB::EqualizerGraph::1.0,amp,Amplitude,Float,1,1.0,0
AB::EqualizerGraph::1.0,rough,Roughness,Float,1,0.26,0
AB::EqualizerGraph::1.0,maxoctave,Max Octaves,Int,1,7,0
AB::ExportPack::1.0,label1,Input #1 Label,String,1,Sub-Network Input #1,0
AB::ExportPack::1.0,label2,Input #2 Label,String,1,Sub-Network Input #2,0
AB::ExportPack::1.0,label3,Input #3 Label,String,1,Sub-Network Input #3,0
AB::ExportPack::1.0,label4,Input #4 Label,String,1,Sub-Network Input #4,0
AB::ExportPack::1.0,granularity,Output Granularity,Menu,1,1,3
AB::ExportPack::1.0,name_attribute,Pack By Attribute,String,1,name,0
AB::ExportPack::1.0,transfer_attributes,Transfer Attributes,String,1,*,0
AB::ExportPack::1.0,packed_fragments,Create Packed Fragments,Toggle,1,False,0
AB::ExportPack::1.0,promote_payload,Promote Per-Instance Payload,Toggle,1,True,0
AB::ExportPack::1.0,payload_pattern,Payload Attributes,String,1,unreal_per_instance_custom_data* unreal_num_custom_floats,0
AB::ExtendedSweep::2.0,normalize,normalize X Section,Toggle,1,True,0
AB::ExtendedSweep::2.0,cluv,Closed uv,Toggle,1,True,0
AB::ExtendedSweep::2.0,douv,Show UV Map,Toggle,1,True,0
AB::ExtendedSweep::2.0,angle,Angle Fix,Toggle,1,True,0
AB::ExtendedSweep::2.0,noflip,Fix Flipping,Toggle,1,False,0
AB::ExtendedSweep::2.0,skipcoin,Remove Coincident Points on Path,Toggle,1,True,0
AB::ExtendedSweep::2.0,aimatref,Aim at Reference Points,Toggle,1,False,0
AB::ExtendedSweep::2.0,scale,Scale,Float,1,1.0,0
AB::ExtendedSweep::2.0,roll,Roll,Float,1,0.0,0
AB::ExtendedSweep::2.0,nameType,name type,Int,1,0,3
AB::ExtendedSweep::2.0,name,name,String,1,sweep,0
AB::ExtendedSweep::2.0,type,Add Normals to,Menu,1,1,4
AB::ExtendedSweep::2.0,cuspangle,Cusp Angle,Float,1,33.0,0
AB::ExtendedSweep::2.0,method,Weighting Method,Int,1,1,3
AB::FancyCurves::2.0,CurveStyle,Curve Style,Menu,1,0,6
AB::FancyCurves::2.0,planeSet,Plane,Menu,1,1,3
AB::FancyCurves::2.0,ctrWorlTog,Center World,Toggle,1,False,0
AB::FancyCurves::2.0,sepparm,,Separator,0,,0
AB::FancyCurves::2.0,MoldingOptions,Molding Options,Label,1,,0
AB::FancyCurves::2.0,MoldingStyle,Molding Style,Menu,1,0,2
AB::FancyCurves::2.0,scale,Circle 01 Scale,Float,1,0.1,0
AB::FancyCurves::2.0,scale2,Circle 02 Scale,Float,1,0.19,0
AB::FancyCurves::2.0,scale3,Circle 03 Scale,Float,1,0.16,0
AB::FancyCurves::2.0,ncy,Total Number,Int,1,2,0
AB::FancyCurves::2.0,center_main_width,Center Width,Float,1,0.05,0
AB::FancyCurves::2.0,return_len,Return Length,Float,1,0.1,0
AB::FancyCurves::2.0,return_height,Return height,Float,1,0.1,0
AB::FancyCurves::2.0,divs,Divisions,Int,1,12,0
AB::FancyCurves::2.0,divs2,Circle 02 Div,Int,1,12,0
AB::FancyCurves::2.0,divs3,Circle 03 Div,Int,1,12,0
AB::FancyCurves::2.0,sepparm2,,Separator,0,,0
AB::FancyCurves::2.0,RaduisSize,Arc Radius,Float,1,0.06,0
AB::FancyCurves::2.0,divs8,Divisions,Int,1,12,0
AB::FancyCurves::2.0,DoorReturnSizr,Door Return Size,Float,1,0.1,0
AB::FancyCurves::2.0,FirstReturnSize,First Return,Float,1,0.02,0
AB::FancyCurves::2.0,SecondReturnSize,Second Return,Float,1,0.02,0
AB::FancyCurves::2.0,colStyle,Column Style,Menu,1,0,2
AB::FancyCurves::2.0,divs5,Divisions,Int,1,50,0
AB::FancyCurves::2.0,length,Small Curve Pts,Float,1,0.01,0
AB::FancyCurves::2.0,scale6,Size,Float,1,1.0,0
AB::FancyCurves::2.0,divs4,Divisions,Int,1,12,0
AB::FancyCurves::2.0,scale5,Uniform Scale,Float,1,1.0,0
AB::FancyCurves::2.0,divs6,Divisions,Int,1,16,0
AB::FancyCurves::2.0,divs7,Divisions,Int,1,12,0
AB::FancyCurves::2.0,LowerFaceDepth,Lower Face Depth,Float,1,0.2,0
AB::FancyCurves::2.0,LowerFaceHeight,Lower Face Height,Float,1,0.4,0
AB::FancyCurves::2.0,MiddleFaceDepth,Middle Face Depth,Float,1,0.4,0
AB::FancyCurves::2.0,MiddleFaceHeight,Middle Face Height,Float,1,0.4,0
AB::FancyCurves::2.0,LargeUnderside,Large Underside,Float,1,1.0,0
AB::FancyCurves::2.0,LargeUndersideReturn,Large Underside Return,Float,1,0.2,0
AB::FancyCurves::2.0,MainCurveHeight,Main Curve Height,Float,1,0.8,0
AB::FancyCurves::2.0,MainCurveDepth,Main Curve Depth,Float,1,0.4,0
AB::FancyCurves::2.0,MainCurveAjust1,Curve Adj 1,Float,1,0.16,0
AB::FancyCurves::2.0,MainCurveAjust2,Curve Adj 2,Float,1,0.15,0
AB::FancyCurves::2.0,TopEdgeDepth,Top Edge Depth,Float,1,0.2,0
AB::FancyCurves::2.0,TopEdgeHeight,Top Edge Height,Float,1,0.2,0
AB::FancyCurves::2.0,add_bev,Add Bevels,Toggle,1,False,0
AB::FancyCurves::2.0,offset,Distance,Float,1,0.02,0
AB::FancyCurves::2.0,filletshape,Shape,Menu,1,3,5
AB::FancyCurves::2.0,divisions,Divisions,Int,1,1,0
AB::FancyCurves::2.0,baseStyle2,Base Style,Menu,1,0,2
AB::FancyCurves::2.0,arc_div,Arc Divs,Int,1,5,0
AB::FancyCurves::2.0,scale4,Uniform Scale,Float,1,0.04,0
AB::FancyCurves::2.0,ncy2,Total Number,Int,1,3,0
AB::FancyCurves::2.0,TrimHeight,Trim Height,Float,1,0.5,0
AB::FancyCurves::2.0,TrimDepth,Trim Depth,Float,1,0.2,0
AB::FancyCurves::2.0,TrimEdge,Trim Edge,Float,1,0.05,0
AB::FireEscapeGenerator::2.0,uv_layout_on2,UV Layout ,Toggle,1,False,0
AB::FireEscapeGenerator::2.0,uv_light_maps_on,Light Maps On,Toggle,1,False,0
AB::FireEscapeGenerator::2.0,vis_uv,Vis UV,Toggle,1,False,0
AB::FireEscapeGenerator::2.0,color_on,Use Color,Toggle,1,False,0
AB::FireEscapeGenerator::2.0,floor_slats_number,Floor Slat Number,Int,1,20,0
AB::FireEscapeGenerator::2.0,fe_length,Length,Float,1,8.0,0
AB::FireEscapeGenerator::2.0,fe_depth,Depth,Float,1,1.6,0
AB::FireEscapeGenerator::2.0,up_support_space,Upright Support Divsion,Float,1,0.2,0
AB::FireEscapeGenerator::2.0,up_support_height,Upright Support Height,Float,1,1.5,0
AB::FireEscapeGenerator::2.0,num_of_floors,Floor Number,Int,1,2,0
AB::FireEscapeGenerator::2.0,stair_num,Number of Stairs,Int,1,21,0
AB::FireEscapeGenerator::2.0,angle_support_height,Angle Support Height,Float,1,0.5,0
AB::FireEscapeGenerator::2.0,ladder_height,Height,Float,1,1.0,0
AB::FireEscapeGenerator::2.0,parapet_height,Parapet Height,Float,1,1.0,0
AB::FireEscapeGenerator::2.0,ladder_width,Ladder Width,Float,1,1.0,0
AB::FireEscapeGenerator::2.0,ladder_depth,Ladder Depth,Float,1,1.0,0
AB::FireEscapeGenerator::2.0,ladder_tx_adj,Trans X,Float,1,0.0,0
AB::FireEscapeGenerator::2.0,ladder_tz_adj,Trans Z,Float,1,0.0,0
AB::FireEscapeGenerator::2.0,radius,Wire Radius,Float,1,0.02,0
AB::FireEscapeGenerator::2.0,div,Divisions,Int,1,12,0
AB::FireEscapeGenerator::2.0,segs,Segments,Int,1,1,0
AB::FireEscapeGenerator::2.0,sepparm,,Separator,0,,0
AB::FireEscapeGenerator::2.0,labelparm,Color Options,Label,1,,0
AB::FireEscapeGenerator::2.0,color,Base,Float,3,1.0;0.0;0.0,0
AB::FireEscapeGenerator::2.0,color2,Floor Slats,Float,3,1.0;0.5;0.0,0
AB::FireEscapeGenerator::2.0,color3,Guard Rail,Float,3,0.5;1.0;0.0,0
AB::FireEscapeGenerator::2.0,color4,Upright Supports,Float,3,0.0;1.0;1.0,0
AB::FireEscapeGenerator::2.0,color5,Angle Supports,Float,3,0.0;0.0;1.0,0
AB::FireEscapeGenerator::2.0,color6,Ladder,Float,3,1.0;0.0;1.0,0
AB::FireEscapeGenerator::2.0,color7,Stairs,Float,3,1.0;1.0;0.0,0
AB::FireHydrantGenerator::2.0,HydrantStyle,Hydrant Style,Menu,1,0,3
AB::FireHydrantGenerator::2.0,MaterialStyle,Material Style,Menu,1,0,3
AB::FireHydrantGenerator::2.0,CoreCircleDivs,Circle Divs,Int,1,48,0
AB::FireHydrantGenerator::2.0,CoreBevelAmount,Bevel Amount,Float,1,0.003,0
AB::FireHydrantGenerator::2.0,CoreBevelDivs,Bevel Divisions,Int,1,6,0
AB::FlangeGenerator::2.0,wedge_opt2,Wedge Option,Label,1,,0
AB::FlangeGenerator::2.0,flange_height,Flange Height,Float,1,1.0,0
AB::FlangeGenerator::2.0,flange_width,Flange Width,Float,1,1.0,0
AB::FlangeGenerator::2.0,flange_thick,Flange Thickness,Float,1,0.1,0
AB::FlangeGenerator::2.0,flange_depth,Flange Depth,Float,1,1.0,0
AB::FlangeGenerator::2.0,sepparm,,Separator,0,,0
AB::FlangeGenerator::2.0,flange_opt,Flange Options,Label,1,,0
AB::FlangeGenerator::2.0,add_wedge,Add Wedge,Toggle,1,True,0
AB::FlangeGenerator::2.0,uv_shade,UV Quickshade,Toggle,1,True,0
AB::FlangeGenerator::2.0,wedge_front_height,Wedge Front Height,Float,1,0.2,0
AB::FlangeGenerator::2.0,wedge_height,Wedge Height,Float,1,0.5,0
AB::FlangeGenerator::2.0,wedge_thick,Wedge Thickness,Float,1,0.5,0
AB::FlangeGenerator::2.0,group,Group,String,1,,0
AB::FlangeGenerator::2.0,beveltype,Bevel Type,Menu,1,2,4
AB::FlangeGenerator::2.0,entitytype,polybevel1 Default Entity,Menu,1,1,2
AB::FlangeGenerator::2.0,relinset,Relative Inset,Float,1,0.1,0
AB::FlangeGenerator::2.0,absinset,Absolute Inset,Float,1,0.01,0
AB::FlangeGenerator::2.0,repetitions,Repetitions,Int,1,0,0
AB::FlangeGenerator::2.0,updatenmls,Recompute Point Normals,Toggle,1,True,0
AB::FloatingIslands::1.0,view_mode,View Mode,Menu,1,0,2
AB::FloatingIslands::1.0,view_style,View Options,Menu,1,0,4
AB::FloatingIslands::1.0,add_plants,Add Plants,Button,1,,0
AB::FloatingIslands::1.0,densityscale,Initial Scatter,Float,1,10.0,0
AB::FloatingIslands::1.0,size,Size,Float,3,1.21459;5.2051;1.02791,0
AB::FloatingIslands::1.0,t,Center,Float,3,0.107293;2.10255;0.0139558,0
AB::FloatingIslands::1.0,sz_range,Size Range,Float,2,0.01;1.0,0
AB::FloatingIslands::1.0,pscale_mult_ramp,Pscale Mult,Ramp,1,4,0
AB::FloatingIslands::1.0,voxelsize,Voxel Size,Float,1,0.1,0
AB::FloatingIslands::1.0,iterations2,Sub-D Depth,Int,1,2,0
AB::FloatingIslands::1.0,noise_ramp,Primarey Noise Amp,Ramp,1,2,0
AB::FloatingIslands::1.0,freq,Frequency,Float,3,1.2;1.2;1.2,0
AB::FloatingIslands::1.0,offset,Offset,Float,3,0.0;0.0;0.0,0
AB::FloatingIslands::1.0,rough,Roughness,Float,1,0.37,0
AB::FloatingIslands::1.0,maxoctave,Max Octaves,Int,1,8,0
AB::FloatingIslands::1.0,noisetype,Noise Type,String,1,noise,2
AB::FloatingIslands::1.0,noise_mult,Noise Mult,Float,1,1.0,0
AB::FloatingIslands::1.0,noise_ramp2,Secondary Noise Amp,Ramp,1,2,0
AB::FloatingIslands::1.0,freq4,Frequency,Float,3,1.0;1.0;1.0,0
AB::FloatingIslands::1.0,offset4,Offset,Float,3,0.0;0.0;0.0,0
AB::FloatingIslands::1.0,rough2,Roughness,Float,1,0.3,0
AB::FloatingIslands::1.0,maxoctave2,Max Octaves,Int,1,8,0
AB::FloatingIslands::1.0,noisetype2,Noise Type,String,1,noise,2
AB::FloatingIslands::1.0,noise_mult2,Noise Mult,Float,1,0.495,0
AB::FloatingIslands::1.0,geo_noise_switch,Add  Varonoi Noise,Toggle,1,False,0
AB::FloatingIslands::1.0,ramp,Varonoi Noise Ramp,Ramp,1,5,0
AB::FloatingIslands::1.0,freq5,Frequency,Float,3,0.2;0.2;0.2,0
AB::FloatingIslands::1.0,offset5,Offset,Float,3,0.0;0.0;0.0,0
AB::FloatingIslands::1.0,rough3,Roughness,Float,1,0.3,0
AB::FloatingIslands::1.0,maxoctave3,Max Octaves,Int,1,8,0
AB::FloatingIslands::1.0,noisetype3,Noise Type,String,1,noise,2
AB::FloatingIslands::1.0,remesh_on,Use Remesh,Toggle,1,False,0
AB::FloatingIslands::1.0,uv_layout_on,Use UV Layout,Toggle,1,False,0
AB::FloatingIslands::1.0,iterations,Iterations,Int,1,8,0
AB::FloatingIslands::1.0,gradation,Gradation,Float,1,0.25,0
AB::FloatingIslands::1.0,density,Density,Float,1,0.05,0
AB::FloatingIslands::1.0,percentage,Percent To Keep,Float,1,20.0,0
AB::FloatingIslands::1.0,cuspangle,Cusp Angle,Float,1,33.0,0
AB::FloatingIslands::1.0,labelparm3,Shape Options,Label,1,,0
AB::FloatingIslands::1.0,parm2,Density Type,Menu,1,0,3
AB::FloatingIslands::1.0,add_grass,Add Grass,Toggle,1,False,0
AB::FloatingIslands::1.0,dir,Direction,Float,3,0.0;1.0;1.0,0
AB::FloatingIslands::1.0,angle,Spread Angle,Float,1,10.0,0
AB::FloatingIslands::1.0,npts,Scatter Pts,Int,1,1000,0
AB::FloatingIslands::1.0,color_ramp,Color Ramp,Ramp,1,2,0
AB::FloatingIslands::1.0,densityRamp,Density,Ramp,1,3,0
AB::FloatingIslands::1.0,dist,Length,Float,1,0.2,0
AB::FloatingIslands::1.0,parm3,Random Color,Toggle,1,False,0
AB::FloatingIslands::1.0,sepparm2,,Separator,0,,0
AB::FloatingIslands::1.0,width_ramp,Width,Ramp,1,2,0
AB::FloatingIslands::1.0,destmin,Width Min,Float,1,0.0,0
AB::FloatingIslands::1.0,destmax,Width Max,Float,1,0.1,0
AB::FloatingIslands::1.0,sepparm,,Separator,0,,0
AB::FloatingIslands::1.0,noise_ramp3,Noise Ramp,Ramp,1,3,0
AB::FloatingIslands::1.0,freq6,Frequency,Float,3,3.1;3.1;3.1,0
AB::FloatingIslands::1.0,offset6,Offset,Float,3,0.0;0.0;0.0,0
AB::FloatingIslands::1.0,maxoctave4,Max Octaves,Int,1,8,0
AB::FloatingIslands::1.0,flow,Flow,Float,1,0.0,0
AB::FloatingIslands::1.0,flowrate,Flow Rate,Float,1,1.0,0
AB::FloatingIslands::1.0,advect,Self-Advection,Float,1,0.0,0
AB::FloatingIslands::1.0,execute,Save HR to Disk,Button,1,,0
AB::FloatingIslands::1.0,sopoutput,Output Hi Res,String,1,$JOB/bgeo/fl_island_HR.bgeo.sc,0
AB::FloatingIslands::1.0,execute2,Save LR to Disk,Button,1,,0
AB::FloatingIslands::1.0,sopoutput2,Output Low Res,String,1,D:/projects/014_MS_dragon_drive/04_project_files/houdini/bgeo/fl_island_HR.bgeo.sc,0
AB::FloatingIslands::1.0,execute3,Save to Disk,Button,1,,0
AB::FloatingIslands::1.0,sopoutput3,Output File,String,1,$HIP/geo/$HIPNAME.$OS.$F.bgeo.sc,0
AB::FloatingIslands::1.0,trange,Valid Frame Range,Menu,1,0,3
AB::FloatingIslands::1.0,f,Start/End/Inc,Float,3,0.0;0.0;1.0,0
AB::Flocking::1.0,outputType,Output Type,Menu,1,0,2
AB::Flocking::1.0,npts,Number Of Points,Int,1,10000,0
AB::Flocking::1.0,sepparm,,Separator,0,,0
AB::Flocking::1.0,labelparm,Cohesion,Label,1,,0
AB::Flocking::1.0,min_dist,Min Dist,Float,1,1.0,0
AB::Flocking::1.0,max_dist,Max Dist,Float,1,100.0,0
AB::Flocking::1.0,max_accel,Max acceleration,Float,1,2.5,0
AB::Flocking::1.0,sepparm2,,Separator,0,,0
AB::Flocking::1.0,labelparm2,Alignment,Label,1,,0
AB::Flocking::1.0,align_weight,Align Weight,Float,1,0.5,0
AB::Flocking::1.0,max_neighbors,Max Neighbors,Int,1,7,0
AB::Flocking::1.0,sepparm3,,Separator,0,,0
AB::Flocking::1.0,labelparm3,Seperation,Label,1,,0
AB::Flocking::1.0,min_dist2,Min Dist,Float,1,0.0,0
AB::Flocking::1.0,max_dist2,Max Dist,Float,1,5.0,0
AB::Flocking::1.0,sepparm4,,Separator,0,,0
AB::Flocking::1.0,labelparm4,Integration,Label,1,,0
AB::Flocking::1.0,min_speed_limit,Min Speed Limit,Float,1,4.0,0
AB::Flocking::1.0,max_speed_limit,Max Speed Limit,Float,1,12.0,0
AB::Flocking::1.0,min_accel_limit,Min Accel Limit,Float,1,0.0,0
AB::Flocking::1.0,max_accel_limit,Max Accel Limit,Float,1,50.0,0
AB::FlowerDesigner::1.0,DevMode,Mode,Menu,1,0,3
AB::FlowerDesigner::1.0,PetalDesigner,Petal Designer,Label,1,,0
AB::FlowerDesigner::1.0,PetalTopShape,Petal Top Shape,Ramp,1,3,0
AB::FlowerDesigner::1.0,Amp,Amp,Float,1,0.3,0
AB::FlowerDesigner::1.0,PetalDepthX,Petal Depth X,Ramp,1,3,0
AB::FlowerDesigner::1.0,PetalDepthZ,Petal Depth Z,Ramp,1,4,0
AB::FlowerDesigner::1.0,NoiseOptions,Noise Options,Label,1,,0
AB::FlowerDesigner::1.0,PetalNoiseShape,Petal Noise Shape,Ramp,1,4,0
AB::FlowerDesigner::1.0,Amp2,Amp,Float,1,-0.51,0
AB::FlowerDesigner::1.0,rough,Roughness,Float,1,0.1,0
AB::FlowerDesigner::1.0,cc_amp,Final Amplitude,Float,1,0.14,0
AB::FlowerDesigner::1.0,freq,Frequency,Float,1,5.4,0
AB::FlowerDesigner::1.0,exp,Falloff,Float,1,2.0,0
AB::FlowerDesigner::1.0,ColorOptions,Color Options,Label,1,,0
AB::FlowerDesigner::1.0,URamp,U Ramp,Ramp,1,3,0
AB::FlowerDesigner::1.0,VRamp,V Ramp,Ramp,1,3,0
AB::FlowerGenerator::1.0,PetalRes,Petal Resolution,Int,1,2,0
AB::FlowerGenerator::1.0,divv,V,Int,1,3,0
AB::FlowerGenerator::1.0,flower_bud_ramp,Flower Bud,Ramp,1,3,0
AB::FlowerGenerator::1.0,rampColor,Petal Color Ramp,Ramp,1,2,0
AB::FlowerGenerator::1.0,bend,Bend,Float,1,-90.0,0
AB::FlowerGenerator::1.0,length,Capture Length,Float,1,2.29,0
AB::FlowerGenerator::1.0,bend2,Bend,Float,1,90.0,0
AB::FlowerGenerator::1.0,length2,Capture Length,Float,1,6.1,0
AB::FlowerGenerator::1.0,leaf_color,Leaf Color,Ramp,1,5,0
AB::FlowerGenerator::1.0,generations,Generations,Float,1,5.0,0
AB::FlowerGenerator::1.0,stepscale,Step Size Scale,Float,1,0.906,0
AB::FlowerGenerator::1.0,angleinit,Angle,Float,1,61.0,0
AB::FlowerGenerator::1.0,lsys_tropism,Tropism,Float,1,5.0,0
AB::FuturisticBuildings::2.2,FT_BuildingStyle,Building Style,Menu,1,0,2
AB::FuturisticBuildings::2.2,FT_GF_Height,GF Height,Float,1,15.0,0
AB::FuturisticBuildings::2.2,FT_MZ_Height,MZ Height,Float,1,10.0,0
AB::FuturisticBuildings::2.2,FT_MF_Height,MF Height,Float,1,5.0,0
AB::FuturisticBuildings::2.2,FT_TF_Height,TF Height,Float,1,10.0,0
AB::FuturisticBuildings::2.2,BD_NumberOfFloors,Number of Floors,Int,1,60,0
AB::FuturisticBuildings::2.2,freq,Frequency,Float,3,2.8;1.0;2.8,0
AB::FuturisticBuildings::2.2,offset,Offset,Float,3,0.0;0.0;0.0,0
AB::FuturisticBuildings::2.2,amp,Amplitude,Float,1,1.0,0
AB::FuturisticBuildings::2.2,rough,Roughness,Float,1,0.0,0
AB::FuturisticBuildings::2.2,flow,Flow,Float,1,1.0,0
AB::FuturisticBuildings::2.2,flowrate,Flow Rate,Float,1,1.0,0
AB::FuturisticBuildings::2.2,advect,Self-Advection,Float,1,1.0,0
AB::FuturisticBuildings::2.2,NoiseMult,Noise Mult,Ramp,1,2,0
AB::FuturisticBuildings::2.2,npts,Force Total Count,Int,1,100,0
AB::FuturisticBuildings::2.2,seed,Global Seed,Float,1,4.09,0
AB::FuturisticBuildings::2.2,scale_min,Scale Min,Float,1,1.0,0
AB::FuturisticBuildings::2.2,scale_max,Scale Max,Float,1,5.0,0
AB::FuturisticBuildings::2.2,bld_footprint_x,Building Width,Float,1,100.0,0
AB::FuturisticBuildings::2.2,bld_footprint_z,Building Depth,Float,1,100.0,0
AB::FuturisticBuildings::2.2,sepparm,,Separator,0,,0
AB::FuturisticBuildings::2.2,WallModuleSize,Wall Module Size,Int,1,10,0
AB::FuturisticBuildings::2.2,RoofModuleSize,Roof Module Size,Int,1,10,0
AB::FuturisticBuildings::2.2,bld_footprint_y,Building Height,Float,1,300.0,0
AB::GraphicSigns::2.0,sign_type,Sign Type,Menu,1,0,4
AB::GraphicSigns::2.0,main_sign_width1,Sign Width,Float,1,1.0,0
AB::GraphicSigns::2.0,main_sign_height1,Sign Height,Float,1,3.0,0
AB::GraphicSigns::2.0,main_sign_width2,Sign Width,Float,1,1.0,0
AB::GraphicSigns::2.0,main_sign_height2,Sign Height,Float,1,0.5,0
AB::GraphicSigns::2.0,main_sign_width3,Sign Width,Float,1,1.0,0
AB::GraphicSigns::2.0,main_sign_height3,Sign Height,Float,1,2.0,0
AB::GraphicSigns::2.0,main_sign_width4,Sign Width,Float,1,10.0,0
AB::GraphicSigns::2.0,main_sign_height4,Sign Height,Float,1,1.0,0
AB::GraphicSigns::2.0,main_sign_depth1,Sign Depth,Float,1,0.05,0
AB::GraphicSigns::2.0,bev_corners,Bevel Corners,Toggle,1,False,0
AB::GraphicSigns::2.0,add_frame_border,Add Frame Border,Toggle,1,True,0
AB::GraphicSigns::2.0,frame_border_thickness,Frame Border Thickness,Float,1,0.02,0
AB::GraphicSigns::2.0,frame_color,Frame,Float,3,0.0;0.0;0.0,0
AB::GraphicSigns::2.0,add_info_graphics,Add Info Graphics,Toggle,1,True,0
AB::GraphicSigns::2.0,final_scale_adjust,Adjust Final Scale,Float,1,1.0,0
AB::GraphicSigns::2.0,info_graphic_style,Info Graphic Style,Menu,1,0,3
AB::GraphicSigns::2.0,add_top_info2,Add Top Info,Toggle,1,True,0
AB::GraphicSigns::2.0,add_bottom_info,Add Bottom Info,Toggle,1,True,0
AB::GraphicSigns::2.0,top_info_margin_top,Top Margin,Float,1,0.1,0
AB::GraphicSigns::2.0,top_lower_margin,Lower Margin,Float,1,0.9,0
AB::GraphicSigns::2.0,top_margin_right,Right Margin,Float,1,0.1,0
AB::GraphicSigns::2.0,top_left_margin,Left Margin,Float,1,0.9,0
AB::GraphicSigns::2.0,num_of_lines_top,Top Number Of Lines,Int,1,5,0
AB::GraphicSigns::2.0,top_line_size,Top Line Size,Float,1,0.95,0
AB::GraphicSigns::2.0,sepparm,,Separator,0,,0
AB::GraphicSigns::2.0,labelparm,Top Info Corner Options,Label,1,,0
AB::GraphicSigns::2.0,round_top_info_corners,Round Top Info Corners,Toggle,1,False,0
AB::GraphicSigns::2.0,offset,Distance,Float,1,0.0324,0
AB::GraphicSigns::2.0,filletshape,Shape,Menu,1,4,5
AB::GraphicSigns::2.0,divisions,Divisions,Int,1,4,0
AB::GraphicSigns::2.0,top_header_color,Top Header,Float,3,1.0;0.0;0.0,0
AB::GraphicSigns::2.0,top_base_color,Top Base,Float,3,0.0;1.0;0.0,0
AB::GraphicSigns::2.0,mid_header_color,Mid Header,Float,3,0.0;0.0;1.0,0
AB::GraphicSigns::2.0,mid_base_color,Mid Base,Float,3,0.0;1.0;1.0,0
AB::GraphicSigns::2.0,top_info_color,Top Info,Float,3,0.0;0.0;0.0,0
AB::GraphicSigns::2.0,newparameter,Top Image,String,1,,0
AB::GraphicSigns::2.0,newparameter2,Lower Image,String,1,,0
AB::GrowthFromPoints::1.0,GeoType,Geo Type,Menu,1,0,2
AB::GrowthFromPoints::1.0,npts,Force Total Count,Int,1,1000,0
AB::GrowthFromPoints::1.0,noisetype,Noise Type,String,1,noise,2
AB::GrowthFromPoints::1.0,freq,Frequency,Float,3,2.7;2.7;2.7,0
AB::GrowthFromPoints::1.0,offset,Offset,Float,3,0.0;0.0;0.0,0
AB::GrowthFromPoints::1.0,amp,Amplitude,Float,1,0.167,0
AB::GrowthFromPoints::1.0,rough,Roughness,Float,1,0.5,0
AB::GrowthFromPoints::1.0,thresholddist,Distance Threshold,Float,1,0.01,0
AB::GrowthFromPoints::1.0,blendwidth,Blend Width,Float,1,0.02,0
AB::GrowthFromPoints::1.0,ColorRamp,Color Ramp,Ramp,1,2,0
AB::HandrailGenerator::3.0,divs2,Main Circular Res,Int,1,22,0
AB::HandrailGenerator::3.0,hnd_rl_length,Length,Float,1,3.0,0
AB::HandrailGenerator::3.0,hnd_rl_height,Height,Float,1,1.0,0
AB::HandrailGenerator::3.0,hnd_rl_main_rad2,Pipe Radius,Float,1,0.075,0
AB::HandrailGenerator::3.0,hnd_rl_base_width,Base Width,Float,1,0.1,0
AB::HandrailGenerator::3.0,hnd_rl_base_width2,Interior Base Width,Float,1,0.1,0
AB::HandrailGenerator::3.0,hnd_rl_base_height,Base Height,Float,1,0.1,0
AB::HandrailGenerator::3.0,hnd_rl_supp_num,Support Number,Int,1,3,0
AB::HandrailGenerator::3.0,main_elbow_rad,Main Elbow Radius,Float,1,0.25,0
AB::HandrailGenerator::3.0,divs,Divisions,Int,1,18,0
AB::HangingClothGenerator::1.5,resimulate,Reset Simulation,Button,1,,0
AB::HangingClothGenerator::1.5,objpath1,Object 1,String,1,,0
AB::HangingClothGenerator::1.5,newparameter,Label,Float,3,0.0;0.0;0.0,0
AB::HangingClothGenerator::1.5,dist,Rope Length,Float,1,10.0,0
AB::HangingClothGenerator::1.5,points,Rope Points,Int,1,12,0
AB::HangingClothGenerator::1.5,CL_clothLength,Cloth Length,Float,1,4.0,0
AB::HangingClothGenerator::1.5,segs,Cloth Pieces,Int,1,4,0
AB::HangingClothGenerator::1.5,freq,Edge Noise Frequency,Float,3,1.0;1.0;1.0,0
AB::HangingClothGenerator::1.5,amp,Edge Noise Amp,Float,1,14.9,0
AB::HangingClothGenerator::1.5,rough,Edge Noise Roughness,Float,1,0.056,0
AB::HangingClothGenerator::1.5,cuspangle,Normal Angle,Float,1,180.0,0
AB::HangingClothGenerator::1.5,frame,Frame,Float,1,0.0,0
AB::HangingClothGenerator::1.5,dragnormal,Rope Normal Drag,Float,1,10.0,0
AB::HangingClothGenerator::1.5,stretchstiffness,Rope Stretch,Float,1,100.0,0
AB::HangingClothGenerator::1.5,bendstiffness,Rope Bend,Float,1,100.0,0
AB::HangingClothGenerator::1.5,substeps,Rope Substeps,Int,1,1,0
AB::HangingClothGenerator::1.5,niter,Rope Constraints,Int,1,100,0
AB::HangingClothGenerator::1.5,collisionsiter,Rope Collision Passes,Int,1,10,0
AB::HangingClothGenerator::1.5,dragnormal2,Cloth Normal Drag,Float,1,10.0,0
AB::HangingClothGenerator::1.5,stretchstiffness2,Cloth Stretch,Float,1,0.5,0
AB::HangingClothGenerator::1.5,bendstiffness2,Cloth Bend,Float,1,0.5,0
AB::HangingClothGenerator::1.5,substeps2,Cloth Substeps,Int,1,5,0
AB::HangingClothGenerator::1.5,niter2,Cloth Constraints,Int,1,200,0
AB::HangingClothGenerator::1.5,collisionsiter2,Cloth Collision Passes,Int,1,20,0
AB::HangingClothGenerator::1.5,gravity,Gravity,Float,3,0.0;-9.80665;0.0,0
AB::HangingClothGenerator::1.5,static_threshold,Static Threshold,Float,1,10.0,0
AB::HardwareMaker::2.0,HardwareStyle,Hardware Style,Menu,1,0,4
AB::HardwareMaker::2.0,ForwardAxis,Forward Axis,Menu,1,2,3
AB::HardwareMaker::2.0,FinalScale,Uniform Scale,Float,1,0.4,0
AB::HardwareMaker::2.0,ToolModeOn,Tool Mode,Toggle,1,False,0
AB::HardwareMaker::2.0,sepparm3,,Separator,0,,0
AB::HardwareMaker::2.0,BoltOptions,Bolt Options,Label,1,,0
AB::HardwareMaker::2.0,BoltHeight,Bolt Height,Float,1,0.5,0
AB::HardwareMaker::2.0,BoltResolution,Bolt Resolution,Int,1,12,0
AB::HardwareMaker::2.0,AddWasher,Add Washer,Toggle,1,True,0
AB::HardwareMaker::2.0,WasherThickness,Washer Thickness,Float,1,0.04,0
AB::HardwareMaker::2.0,WasherResolution,Washer Resolution,Int,1,24,0
AB::HardwareMaker::2.0,AddSupportPlate,Add Support Plate,Toggle,1,False,0
AB::HardwareMaker::2.0,SupportPlateWidth,Support Plate Width,Float,1,0.1,0
AB::HardwareMaker::2.0,SupportPlateHeight,Support Plate Height,Float,1,0.1,0
AB::HardwareMaker::2.0,SupportPlateDepth,Support Plate Depth,Float,1,0.006,0
AB::HardwareMaker::2.0,SupportPlateBevel,Support Plate Bevel,Float,1,0.001,0
AB::HardwareMaker::2.0,SupportPlateShape,Shape,Menu,1,4,5
AB::HardwareMaker::2.0,SupportPlateDivisions,Divisions,Int,1,1,0
AB::HardwareMaker::2.0,sepparm,,Separator,0,,0
AB::HardwareMaker::2.0,ColorOptions,Color Options,Label,1,,0
AB::HardwareMaker::2.0,ColorBolt,Bolt,Float,3,0.333;0.333;0.333,0
AB::HardwareMaker::2.0,ColorMetalPlate,Metal Plate,Float,3,0.05;0.05;0.05,0
AB::HardwareMaker::2.0,ColorNut,Nut,Float,3,0.2;0.2;0.2,0
AB::HardwareMaker::2.0,ColorWasher,Washer,Float,3,0.5;0.5;0.5,0
AB::HardwareMaker::2.0,sepparm2,,Separator,0,,0
AB::HardwareMaker::2.0,RivetOptions,Rivet Options,Label,1,,0
AB::HardwareMaker::2.0,RivetSwitch,Rivet Switch,Int,1,0,0
AB::HardwareMaker::2.0,sepparm4,,Separator,0,,0
AB::HardwareMaker::2.0,LockOptions,Lock Options,Label,1,,0
AB::HardwareMaker::2.0,sepparm5,,Separator,0,,0
AB::HardwareMaker::2.0,HingeOptions,Hinge Options,Label,1,,0
AB::HardwareMaker::2.0,HingeSwitch,Hinge Switch,Int,1,0,0
AB::HardwareMaker::2.0,HingeFancy1Color,Hinge Color,Float,3,0.2;0.2;0.2,0
AB::HardwareMaker::2.0,HingeFancy1AddRivets,Add Rivets,Toggle,1,True,0
AB::HardwareMaker::2.0,HingeFancy1RivetColor,Rivet Color,Float,3,0.6667;0.6667;0.6667,0
AB::HardwareMaker::2.0,HingeFancy2Color,Color,Float,3,0.333;0.333;0.333,0
AB::HayBaleGenerator::1.0,HayRamp,Hay Ramp Color,Ramp,1,2,0
AB::HayBaleGenerator::1.0,flow,Flow,Float,1,0.598,0
AB::HayBaleGenerator::1.0,freq,Frequency,Float,3,1.3;1.3;1.3,0
AB::HayBaleGenerator::1.0,offset,Offset,Float,3,-1.5;-1.5;-1.5,0
AB::HayBaleGenerator::1.0,rough,Roughness,Float,1,0.045,0
AB::HayBaleGenerator::1.0,flowrate,Flow Rate,Float,1,1.0,0
AB::HayBaleGenerator::1.0,advect,Self-Advection,Float,1,0.0,0
AB::HayBaleGenerator::1.0,color,Metal Strap Color,Float,3,0.2;0.2;0.2,0
AB::HighwaySignGenerator::5.0,SignStyle,Sign Style,Menu,1,0,2
AB::HighwaySignGenerator::5.0,SingleSignPosition,Sign Position,Menu,1,0,3
AB::HighwaySignGenerator::5.0,MaterialStyle,Material Style,Menu,1,0,3
AB::HighwaySignGenerator::5.0,AddUVLayout,UV Layout,Toggle,1,False,0
AB::HighwaySignGenerator::5.0,AddLightmapUVs,Add Lightmaps,Toggle,1,False,0
AB::HighwaySignGenerator::5.0,DCCEngine,Engine,Menu,1,0,3
AB::HighwaySignGenerator::5.0,VisUVs,UV Quickshade,Toggle,1,False,0
AB::HighwaySignGenerator::5.0,AddNameAndPack,Pack Geo,Toggle,1,False,0
AB::HighwaySignGenerator::5.0,PrepUSD,USD Prep,Toggle,1,False,0
AB::HighwaySignGenerator::5.0,ColorMaterialID,Material ID Color,Toggle,1,False,0
AB::HighwaySignGenerator::5.0,ToolModeOn,Tool Mode On,Toggle,1,False,0
AB::HighwaySignGenerator::5.0,MainSupportOptions,Main Support Options,Label,1,,0
AB::HighwaySignGenerator::5.0,HwyMainSupportWidth,Main Support Width,Float,1,20.0,0
AB::HighwaySignGenerator::5.0,HwyMainSupportHeight,Main Support Height,Float,1,8.0,0
AB::HighwaySignGenerator::5.0,HwyMainSupportRadius,Main Support Radius,Float,1,0.4,0
AB::HighwaySignGenerator::5.0,MainSupportElbowRadius,Main Support Elbow Radius,Float,1,2.0,0
AB::HighwaySignGenerator::5.0,sepparm,,Separator,0,,0
AB::HighwaySignGenerator::5.0,HighwaySignOptions,Highway Sign Options,Label,1,,0
AB::HighwaySignGenerator::5.0,AutoSignGeneration,Auto Sign Generation,Toggle,1,True,0
AB::HighwaySignGenerator::5.0,SignHighway2_HwySignWidth,Sign Width,Float,1,4.0,0
AB::HighwaySignGenerator::5.0,SignHighway2_HwySignHeight,Sign Height,Float,1,2.0,0
AB::HighwaySignGenerator::5.0,SignHighway2_VerticalBackSupports,Vertical Back Supports,Int,1,5,0
AB::HighwaySignGenerator::5.0,SignHighway2_HorizontalBackSupports,Horizontal Back Supports,Int,1,4,0
AB::HighwaySignGenerator::5.0,SignHighway2_PlatformFrameWidth,Platform Frame Width ,Float,1,0.03,0
AB::HighwaySignGenerator::5.0,SignHighway2_PlatformFrameHeight,Platform Frame Height,Float,1,0.05,0
AB::HighwaySignGenerator::5.0,SignHighway2_PlatformMetalGridWidth,Grid Width,Int,1,10,0
AB::HighwaySignGenerator::5.0,SignHighway2_PlatformMetalGridDepth,Grid Depth,Int,1,20,0
AB::HighwaySignGenerator::5.0,SignHighway2_AddBevels,Add Bevels,Toggle,1,True,0
AB::HighwaySignGenerator::5.0,NumOfHwySigns,Number of Signs,Int,1,3,0
AB::HighwaySignGenerator::5.0,sepparm2,,Separator,0,,0
AB::HighwaySignGenerator::5.0,FooterOptions2,Footer Options,Label,1,,0
AB::HighwaySignGenerator::5.0,FooterHeight,Footer Height,Float,1,1.0,0
AB::HighwaySignGenerator::5.0,MetalPlateThickness,Metal Plate Thickness,Float,1,0.1,0
AB::HighwaySignGenerator::5.0,MetalPlateBevelShape,Metal Plate Bevel Shape,Menu,1,4,5
AB::HighwaySignGenerator::5.0,MetalPlateBevelSize,Bevel Size,Float,1,0.01,0
AB::HighwaySignGenerator::5.0,MetalPlateBevelDivs,Metal Plate Bevel Divs,Int,1,1,0
AB::HighwaySignGenerator::5.0,MetalPlateFinalScale,Bolt Scale,Float,1,0.5,0
AB::HighwaySignGenerator::5.0,MetalPlateAddWasher,Add Washer,Toggle,1,True,0
AB::HighwaySignGenerator::5.0,MetalPlateWasherThickness,Washer Thickness,Float,1,0.1,0
AB::HighwaySignGenerator::5.0,MetalPlateWasherResolution,Washer Resolution,Int,1,24,0
AB::HighwaySignGenerator::5.0,MetalPlateBoltHeight,Metal Plate Bolt Height,Float,1,0.5,0
AB::HighwaySignGenerator::5.0,MetalPlateBoltResolution,Bolt Resolution,Int,1,12,0
AB::HighwaySignGenerator::5.0,sepparm3,,Separator,0,,0
AB::HighwaySignGenerator::5.0,SupportBracketOptions2,Support Bracket Options,Label,1,,0
AB::HighwaySignGenerator::5.0,SupportRadiusScale,Support Bracket Width,Float,1,0.2,0
AB::HighwaySignGenerator::5.0,SupportBracketBoltSize,Support Bracket Bolt Size,Float,1,0.35,0
AB::HighwaySignGenerator::5.0,SupportBracketAddWasher,Add Washer,Toggle,1,True,0
AB::HighwaySignGenerator::5.0,SupportBracketWasherThickness,Washer Thickness,Float,1,0.04,0
AB::HighwaySignGenerator::5.0,SupportBracketWasherResolution,Washer Resolution,Int,1,24,0
AB::HighwaySignGenerator::5.0,SupportBracketBoltHeight,Bolt Height,Float,1,0.5,0
AB::HighwaySignGenerator::5.0,SupportBracketBoltResolution,Bolt Resolution,Int,1,12,0
AB::HighwaySignGenerator::5.0,sepparm4,,Separator,0,,0
AB::HighwaySignGenerator::5.0,second_angle_translater,Translate Scalar,Float,1,0.5,0
AB::HighwaySignGenerator::5.0,TrafficSignOptions,Traffic Sign Options,Label,1,,0
AB::HighwaySignGenerator::5.0,AddTrafficSigns,Add Traffic Signs,Toggle,1,True,0
AB::HighwaySignGenerator::5.0,sepparm6,,Separator,0,,0
AB::HighwaySignGenerator::5.0,SignSide,Sign Side,Menu,1,1,2
AB::HighwaySignGenerator::5.0,SecondarySignRotateY2,Rotate Y,Float,1,0.0,0
AB::HighwaySignGenerator::5.0,AddFrontBolts,Add Front Bolts,Toggle,1,True,0
AB::HighwaySignGenerator::5.0,labelparm5,Secondary Sign Options,Label,1,,0
AB::HighwaySignGenerator::5.0,AddSecondSign,Add Second Sign,Toggle,1,True,0
AB::HighwaySignGenerator::5.0,PrimarySignRotateY,Rotate Y,Float,1,0.0,0
AB::HighwaySignGenerator::5.0,PrimarySet,Set,String,1,Any,7
AB::HighwaySignGenerator::5.0,PrimaryShape,Shape,String,1,Any,9
AB::HighwaySignGenerator::5.0,PrimarySign,Sign,String,1,X01F01,0
AB::HighwaySignGenerator::5.0,SecondarySet,Set,String,1,Any,7
AB::HighwaySignGenerator::5.0,SecondaryShape,Shape,String,1,Any,9
AB::HighwaySignGenerator::5.0,SecondarySign,Sign,String,1,X01F14,0
AB::HighwaySignGenerator::5.0,SignSizeClass,Sign Size Class,String,1,freeway,5
AB::HighwaySignGenerator::5.0,SignSpacing,Sign Spacing,Float,1,0.1,0
AB::HighwaySignGenerator::5.0,SignThickness,Sign Thickness,Float,1,0.006,0
AB::HighwaySignGenerator::5.0,sepparm5,,Separator,0,,0
AB::HighwaySignGenerator::5.0,HighwaySignColorOptions,Highway Sign Color Options,Label,1,,0
AB::HighwaySignGenerator::5.0,MetalColor,Metal,Float,3,0.333;0.333;0.333,0
AB::HighwaySignGenerator::5.0,ConcreteColor,Concrete,Float,3,0.2;0.2;0.2,0
AB::HighwaySignGenerator::5.0,FooterBoltColor,Footer Bolts,Float,3,0.438;0.347772;0.257544,0
AB::HighwaySignGenerator::5.0,MetalSupportColor,Metal Support,Float,3,0.5;0.5;0.5,0
AB::HighwaySignGenerator::5.0,SignBackColor,Sign Back,Float,3,0.2;0.2;0.2,0
AB::HighwaySignGenerator::5.0,SignFrontColor,Sign Front,Float,3,0.075;0.269;0.075,0
AB::HighwaySignGenerator::5.0,WhiteReflectiveColor,Reflective,Float,3,1.0;1.0;1.0,0
AB::HighwaySignGenerator::5.0,LibraryFile,Library File,String,1,$ASSETBASH/config/signs_library.csv,0
AB::HudMaker::2.0,geo_typ,Geo Type,Menu,1,0,5
AB::HudMaker::2.0,points,Points,Int,1,14,0
AB::HudMaker::2.0,divs,Divisions,Int,1,100,0
AB::HudMaker::2.0,ramp,Parameter,Ramp,1,3,0
AB::HudMaker::2.0,primsort,Primitive Sort,Menu,1,2,12
AB::HudMaker::2.0,primreverse,Reverse Primitive Sort,Toggle,1,False,0
AB::HudMaker::2.0,points2,Points,Int,1,10,0
AB::HudMaker::2.0,ramp2,Parameter,Ramp,1,3,0
AB::HudMaker::2.0,grid_length,Length,Int,1,10,0
AB::HudMaker::2.0,grid_height,Height,Int,1,10,0
AB::HudMaker::2.0,grid_depth,Depth,Int,1,10,0
AB::HudMaker::2.0,ColorBounds,Bounds,Float,3,1.0;1.0;1.0,0
AB::HudMaker::2.0,GnomonsColor,Gnomons,Float,3,1.0;1.0;1.0,0
AB::HudMaker::2.0,SmallDivColor, Small Divs,Float,3,1.0;0.383333;0.0,0
AB::HudMaker::2.0,ColorCenterCross,Center Cross,Float,3,1.0;1.0;1.0,0
AB::HudMaker::2.0,GridColor,Grid,Float,3,0.0333333;1.0;0.0,0
AB::IndustrialBuildings::2.1,MainRes,Resolution,Menu,1,2,3
AB::IndustrialBuildings::2.1,uv_layout,UV Layout,Toggle,1,False,0
AB::IndustrialBuildings::2.1,lightmaps_on,Lightmaps On,Toggle,1,False,0
AB::IndustrialBuildings::2.1,vis_uv,Vis UV,Toggle,1,False,0
AB::IndustrialBuildings::2.1,use_color,Use Color,Toggle,1,True,0
AB::IndustrialBuildings::2.1,sepparm5,,Separator,0,,0
AB::IndustrialBuildings::2.1,BuildingOptions,Building Options,Label,1,,0
AB::IndustrialBuildings::2.1,BuildingStyle,Building Style,Menu,1,0,4
AB::IndustrialBuildings::2.1,building_depth,Building Depth,Float,1,40.0,0
AB::IndustrialBuildings::2.1,building_width,Building Width,Float,1,20.0,0
AB::IndustrialBuildings::2.1,wall_height,Wall Height,Float,1,4.0,0
AB::IndustrialBuildings::2.1,win_base_height,Window Base Height,Float,1,0.75,0
AB::IndustrialBuildings::2.1,win_height,Window Height,Float,1,2.0,0
AB::IndustrialBuildings::2.1,win_width,Window Width,Float,1,1.0,0
AB::IndustrialBuildings::2.1,build_depth_modules,Depth Divsions,Int,1,10,0
AB::IndustrialBuildings::2.1,sepparm6,,Separator,0,,0
AB::IndustrialBuildings::2.1,ClearstoryOptions,Clearstory Options,Label,1,,0
AB::IndustrialBuildings::2.1,add_inset_win,Add Window Inset,Toggle,1,True,0
AB::IndustrialBuildings::2.1,center_peak_height2,Center Peak Height,Float,1,12.0,0
AB::IndustrialBuildings::2.1,roof_thick,Roof Thickness,Float,1,0.1,0
AB::IndustrialBuildings::2.1,roof_overhang,Roof Overhang,Float,1,0.5,0
AB::IndustrialBuildings::2.1,sepparm,,Separator,0,,0
AB::IndustrialBuildings::2.1,lower_win_opt,Lower Window Options,Label,1,,0
AB::IndustrialBuildings::2.1,add_winsill,Add Window Sill,Toggle,1,False,0
AB::IndustrialBuildings::2.1,window_type,Window Type,Menu,1,0,3
AB::IndustrialBuildings::2.1,win_wall_open_z,Window Depth,Float,1,0.4,0
AB::IndustrialBuildings::2.1,win_casing_thick,Window Casing Thickness,Float,1,0.05,0
AB::IndustrialBuildings::2.1,win_div_y,Window Panes Div Height,Int,1,3,0
AB::IndustrialBuildings::2.1,win_div_x,Window Panes Div Width,Int,1,3,0
AB::IndustrialBuildings::2.1,window_main_thick,Window Frame Depth,Float,1,0.1,0
AB::IndustrialBuildings::2.1,sepparm4,,Separator,0,,0
AB::IndustrialBuildings::2.1,Upper_win_opt2,Upper Window Options,Label,1,,0
AB::IndustrialBuildings::2.1,add_winsill2,Add Window Sill,Toggle,1,False,0
AB::IndustrialBuildings::2.1,window_type2,Window Type,Menu,1,0,3
AB::IndustrialBuildings::2.1,win_wall_open_z2,Window Depth,Float,1,0.4,0
AB::IndustrialBuildings::2.1,win_casing_thick2,Window Casing Thickness,Float,1,0.05,0
AB::IndustrialBuildings::2.1,win_div_y2,Window Panes Div Height,Int,1,3,0
AB::IndustrialBuildings::2.1,win_div_x2,Window Panes Div Width,Int,1,3,0
AB::IndustrialBuildings::2.1,window_main_thick2,Window Frame Depth,Float,1,0.1,0
AB::IndustrialBuildings::2.1,sepparm3,,Separator,0,,0
AB::IndustrialBuildings::2.1,labelparm,Color Options,Label,1,,0
AB::IndustrialBuildings::2.1,b_walls_color,Walls,Float,3,0.1;0.1;0.1,0
AB::IndustrialBuildings::2.1,blower_roof,Lower Roof,Float,3,0.333;0.333;0.333,0
AB::IndustrialBuildings::2.1,b_roof_color,Roof,Float,3,0.5;0.5;0.5,0
AB::IndustrialBuildings::2.1,sepparm7,,Separator,0,,0
AB::IndustrialBuildings::2.1,PeakedOptions,Peaked Options,Label,1,,0
AB::IndustrialBuildings::2.1,center_peak_height,Center Peak Height,Float,1,12.0,0
AB::IndustrialBuildings::2.1,sepparm2,,Separator,0,,0
AB::IndustrialBuildings::2.1,labelparm2,Color Options,Label,1,,0
AB::IndustrialBuildings::2.1,walls_color,Walls,Float,3,0.1;0.1;0.1,0
AB::IndustrialBuildings::2.1,roof_color,Roof Color,Float,3,0.075;0.3;0.075,0
AB::IndustrialBuildings::2.1,sepparm8,,Separator,0,,0
AB::IndustrialBuildings::2.1,LoftOptions,Loft Options,Label,1,,0
AB::IndustrialBuildings::2.1,loft_floor_num,Floor Number,Int,1,3,0
AB::IndustrialBuildings::2.1,irregularity,Irregularity,Float,1,0.75,0
AB::IndustrialBuildings::2.1,cluster_lots,Cluster Lots,Float,1,0.0,0
AB::IndustrialBuildings::2.1,number_of_clusters,Number of Clusters,Int,1,50,0
AB::IndustrialBuildings::2.1,vertical_bias,Vertical Bias,Float,1,0.0,0
AB::LadderGenerator::2.0,LadderStyle,Ladder Style,Menu,1,0,2
AB::LadderGenerator::2.0,CollisionOn,Collision On,Toggle,1,False,0
AB::LadderGenerator::2.0,sepparm,,Separator,0,,0
AB::LadderGenerator::2.0,ladder_height,Height,Float,1,1.0,0
AB::LadderGenerator::2.0,parapet_height,Parapet Height,Float,1,1.0,0
AB::LadderGenerator::2.0,ladder_width,Ladder Width,Float,1,1.0,0
AB::LadderGenerator::2.0,ladder_depth,Ladder Depth,Float,1,1.0,0
AB::LadderGenerator::2.0,radius,Wire Radius,Float,1,0.02,0
AB::LadderGenerator::2.0,div,Divisions,Int,1,12,0
AB::LadderGenerator::2.0,segs,Segments,Int,1,1,0
AB::LadderGenerator::2.0,sepparm2,,Separator,0,,0
AB::LadderGenerator::2.0,WoodBasicLadderOptions,Wood Basic Options,Label,1,,0
AB::LadderGenerator::2.0,LadderHeight,Ladder Height,Float,1,4.6,0
AB::LadderGenerator::2.0,LadderWidth,Ladder Width,Float,1,1.5,0
AB::LightningMaker::1.5,xOrd,Transform Order,Menu,1,0,6
AB::LightningMaker::1.5,rOrd,Rotate Order,Menu,1,0,6
AB::LightningMaker::1.5,t,Translate,Float,3,0.0;0.0;0.0,0
AB::LightningMaker::1.5,r,Rotate,Float,3,0.0;0.0;0.0,0
AB::LightningMaker::1.5,s,Scale,Float,3,1.0;1.0;1.0,0
AB::LightningMaker::1.5,p,Pivot Translate,Float,3,0.0;0.0;0.0,0
AB::LightningMaker::1.5,pr,Pivot Rotate,Float,3,0.0;0.0;0.0,0
AB::LightningMaker::1.5,scale,Uniform Scale,Float,1,1.0,0
AB::LightningMaker::1.5,pre_xform,Modify Pre-Transform,Button,1,,6
AB::LightningMaker::1.5,keeppos,Keep Position When Parenting,Toggle,1,False,0
AB::LightningMaker::1.5,childcomp,Child Compensation,Toggle,1,False,0
AB::LightningMaker::1.5,constraints_on,Enable Constraints,Toggle,1,False,0
AB::LightningMaker::1.5,constraints_path,Constraints,String,1,,0
AB::LightningMaker::1.5,lookatpath,Look At,String,1,,0
AB::LightningMaker::1.5,lookupobjpath,Look Up Object,String,1,,0
AB::LightningMaker::1.5,lookup,Look At Up Vector,String,1,on,5
AB::LightningMaker::1.5,pathobjpath,Path Object,String,1,,0
AB::LightningMaker::1.5,roll,Roll,Float,1,0.0,0
AB::LightningMaker::1.5,pos,Position,Float,1,0.0,0
AB::LightningMaker::1.5,uparmtype,Parameterization,Menu,1,1,2
AB::LightningMaker::1.5,pathorient,Orient Along Path,Int,1,1,0
AB::LightningMaker::1.5,up,Orient Up Vector,Float,3,0.0;1.0;0.0,0
AB::LightningMaker::1.5,bank,Auto-Bank factor,Float,1,0.0,0
AB::LightningMaker::1.5,label1,Input #1 Label,String,1,Sub-Network Input #1,0
AB::LightningMaker::1.5,label2,Input #2 Label,String,1,Sub-Network Input #2,0
AB::LightningMaker::1.5,label3,Input #3 Label,String,1,Sub-Network Input #3,0
AB::LightningMaker::1.5,label4,Input #4 Label,String,1,Sub-Network Input #4,0
AB::LightningMaker::1.5,tdisplay,Display,Toggle,1,False,0
AB::LightningMaker::1.5,display,Display,Int,1,1,0
AB::LightningMaker::1.5,outputobj,Output Transform,String,1,_input1_obj_,0
AB::LightningMaker::1.5,visibleobjects,Visible Children,String,1,*,0
AB::LightningMaker::1.5,picking,Viewport Selecting Enabled,Toggle,1,True,0
AB::LightningMaker::1.5,pickscript,Select Script,String,1,,0
AB::LightningMaker::1.5,caching,Cache Object Transform,Toggle,1,True,0
AB::LightningMaker::1.5,use_dcolor,Set Wireframe Color,Toggle,1,True,0
AB::LightningMaker::1.5,dcolor,Wireframe Color,Float,3,1.0;1.0;1.0,0
AB::LightningMaker::1.5,length,Max Seg Length,Float,1,0.05,0
AB::LightningMaker::1.5,ramp_prob,Ramp Prob,Ramp,1,4,0
AB::LightningMaker::1.5,min_prob,Min Prob,Float,1,0.0,0
AB::LightningMaker::1.5,max_prob,Max Prob,Float,1,0.1049,0
AB::LightningMaker::1.5,ramp_width,Ramp Width,Ramp,1,4,0
AB::LightningMaker::1.5,min_width,Min Width,Float,1,0.01,0
AB::LightningMaker::1.5,max_width,Max Width,Float,1,0.05,0
AB::LightningMaker::1.5,ramp_pscale,Ramp Pscale,Ramp,1,4,0
AB::LightningMaker::1.5,min_pscale,Min Pscale,Float,1,0.11,0
AB::LightningMaker::1.5,max_pscale,Max Pscale,Float,1,10.0,0
AB::LightningMaker::1.5,ramp_blend,Ramp Blend,Ramp,1,4,0
AB::LightningMaker::1.5,min_blend,Min Blend,Float,1,1.0,0
AB::LightningMaker::1.5,max_blend,Max Blend,Float,1,0.0,0
AB::LightningMaker::1.5,color_ramp,Color Ramp,Ramp,1,2,0
AB::LightningMaker::1.5,iterations,Branch Interations,Int,1,5,0
AB::LightningMaker::1.5,coneangle,Normal Range Angle,Float,1,90.0,0
AB::LightningMaker::1.5,powerbias,BNormal Bias,Float,1,0.0,0
AB::LightningMaker::1.5,rand_pscale_ramp,Random Pscale,Ramp,1,5,0
AB::LightningMaker::1.5,pscale_fit0to,Pscale Min Fit,Float,1,0.25,0
AB::LightningMaker::1.5,pscale_fit1to1,Pscale Max Fit,Float,1,0.5,0
AB::LightningMaker::1.5,ramp_rand_width,Random Width,Ramp,1,5,0
AB::LightningMaker::1.5,width_fit0to,Width Min Fit,Float,1,0.25,0
AB::LightningMaker::1.5,width_fit1to1,Width Max Fit,Float,1,1.0,0
AB::LightningMaker::1.5,labelparm,Line Noise,Label,1,,0
AB::LightningMaker::1.5,sepparm,,Separator,0,,0
AB::LightningMaker::1.5,line_freq,Frequency,Float,4,1.0;1.0;1.0;1.0,0
AB::LightningMaker::1.5,line_amp,Amplitude,Float,1,1.0,0
AB::LightningMaker::1.5,line_rough,Roughness,Float,1,0.5,0
AB::LightningMaker::1.5,line_flow,Flow,Float,1,0.0,0
AB::LightningMaker::1.5,line_flowrate,Flow Rate,Float,1,1.0,0
AB::LightningMaker::1.5,line_line_advect,Self-Advection,Float,1,0.0,0
AB::LightningMaker::1.5,labelparm2,Surface Noise,Label,1,,0
AB::LightningMaker::1.5,sepparm2,,Separator,0,,0
AB::LightningMaker::1.5,freq,Frequency,Float,4,10.0;10.0;10.0;10.0,0
AB::LightningMaker::1.5,amp,Amplitude,Float,1,0.1,0
AB::LightningMaker::1.5,rough,Roughness,Float,1,0.5,0
AB::LightningMaker::1.5,maxoctave,Max Octaves,Int,1,8,0
AB::LightningMaker::1.5,flow,Flow,Float,1,0.0,0
AB::LightningMaker::1.5,flowrate,Flow Rate,Float,1,1.0,0
AB::LightningMaker::1.5,advect,Self-Advection,Float,1,0.0,0
AB::LowPolyTrees::2.0,main_div,Divisions,Int,1,25,0
AB::LowPolyTrees::2.0,scale,Uniform Scale,Float,1,3.0,0
AB::LowPolyTrees::2.0,scale2,Uniform Scale,Float,1,1.0,0
AB::LowPolyTrees::2.0,scale3,Uniform Scale,Float,1,10.0,0
AB::LowPolyTrees::2.0,scale4,Uniform Scale,Float,1,0.5,0
AB::LowPolyTrees::2.0,scale5,Uniform Scale,Float,1,1.5,0
AB::LowPolyTrees::2.0,scale6,Uniform Scale,Float,1,0.25,0
AB::LowPolyTrees::2.0,amount,Amount,Float,1,-2.0,0
AB::LowPolyTrees::2.0,lBound,Low Bound,Float,1,0.0,0
AB::LowPolyTrees::2.0,hBound,High Bound,Float,1,10.0,0
AB::LowPolyTrees::2.0,sepparm,,Separator,0,,0
AB::LowPolyTrees::2.0,labelparm,Noise 01,Label,1,,0
AB::LowPolyTrees::2.0,ns_1_multx,Mult X,Float,1,1.0,0
AB::LowPolyTrees::2.0,ns_1_multy,Mult Y,Float,1,0.0,0
AB::LowPolyTrees::2.0,ns_1_multz,Mult Z,Float,1,1.0,0
AB::LowPolyTrees::2.0,ns_1_freq,Frequency,Float,3,1.0;1.0;1.0,0
AB::LowPolyTrees::2.0,ns_1_offset,Offset,Float,3,0.0;0.0;0.0,0
AB::LowPolyTrees::2.0,ns_1_amp,Amplitude,Float,1,1.0,0
AB::LowPolyTrees::2.0,ns_1_rough,Roughness,Float,1,0.5,0
AB::LowPolyTrees::2.0,sepparm3,,Separator,0,,0
AB::LowPolyTrees::2.0,labelparm3,Noise 02,Label,1,,0
AB::LowPolyTrees::2.0,ns_2_multx,Mult X,Float,1,0.5,0
AB::LowPolyTrees::2.0,ns_2_multy,Mult Y,Float,1,0.1,0
AB::LowPolyTrees::2.0,ns_2_multz,Mult Z,Float,1,0.5,0
AB::LowPolyTrees::2.0,ns_2_freq,Frequency,Float,3,1.0;1.0;1.0,0
AB::LowPolyTrees::2.0,ns_2_offset,Offset,Float,3,0.0;0.0;0.0,0
AB::LowPolyTrees::2.0,ns_2_amp,Amplitude,Float,1,1.0,0
AB::LowPolyTrees::2.0,ns_2_rough,Roughness,Float,1,0.5,0
AB::LowPolyTrees::2.0,sepparm2,,Separator,0,,0
AB::LowPolyTrees::2.0,labelparm2,Noise 03,Label,1,,0
AB::LowPolyTrees::2.0,ns_3_multx,Mult X,Float,1,2.0,0
AB::LowPolyTrees::2.0,ns_3_multy,Mult Y,Float,1,3.0,0
AB::LowPolyTrees::2.0,ns_3_multz,Mult Z,Float,1,2.0,0
AB::LowPolyTrees::2.0,ns_3_freq,Frequency,Float,3,1.0;1.0;1.0,0
AB::LowPolyTrees::2.0,ns_3_offset,Offset,Float,3,0.0;0.0;0.0,0
AB::LowPolyTrees::2.0,ns_3_amp,Amplitude,Float,1,1.0,0
AB::LowPolyTrees::2.0,ns_3_rough,Roughness,Float,1,0.5,0
AB::LowPolyTrees::2.0,trck_clr,Trunk Color,Ramp,1,2,0
AB::LowPolyTrees::2.0,tree_clr,Tree Color,Ramp,1,3,0
AB::LowPolyTrees::2.0,ao_on,AO On,Toggle,1,False,0
AB::LowWalls::1.1,WallStyle,Wall Style,Menu,1,1,2
AB::LowWalls::1.1,UVLayoutOn,UV Layout ,Toggle,1,False,0
AB::LowWalls::1.1,WallLength,Wall Length,Float,1,10.0,0
AB::LowWalls::1.1,PostWidth,Post Width,Float,1,0.5,0
AB::LowWalls::1.1,PostHeight,Post Height,Float,1,2.5,0
AB::LowWalls::1.1,PostDepth,Post Width,Float,1,0.75,0
AB::LowWalls::1.1,wallCurveHeight1,Center Curve Height,Float,1,-2.0,0
AB::MailBoxGenerator::2.0,uv_layout_on,UV Layouy,Toggle,1,False,0
AB::MailBoxGenerator::2.0,lightmaps_on,Light Maps On,Toggle,1,False,0
AB::MailBoxGenerator::2.0,vis_uv,Vis UV,Toggle,1,False,0
AB::MailBoxGenerator::2.0,use_color,Use Color,Toggle,1,True,0
AB::MailBoxGenerator::2.0,tool_mode_on,Tool Mode,Toggle,1,False,0
AB::MailBoxGenerator::2.0,MailBoxOptions,Mail Box Options,Label,1,,0
AB::MailBoxGenerator::2.0,mbox_box_width,Main Box Width,Float,1,1.0,0
AB::MailBoxGenerator::2.0,mbox_box_height,Main Box Height,Float,1,2.0,0
AB::MailBoxGenerator::2.0,trsh_box_depth2,Opening Bottom Height,Float,1,1.5,0
AB::MailBoxGenerator::2.0,trsh_box_depth3,Opening Top Height,Float,1,2.0,0
AB::MailBoxGenerator::2.0,mbox_opening_width,Opening Width,Float,1,0.7,0
AB::MailBoxGenerator::2.0,inset_1_depth,Inset One Depth,Float,1,0.4,0
AB::MailBoxGenerator::2.0,slot_inset,Slot Inset,Float,1,0.1,0
AB::MailBoxGenerator::2.0,inset_2_depth,Inset Two Depth,Float,1,0.4,0
AB::MailBoxGenerator::2.0,sepparm2,,Separator,0,,0
AB::MailBoxGenerator::2.0,labelparm2,Colors,Label,1,,0
AB::MailBoxGenerator::2.0,mbox_color,Mailbox,Float,3,0.1;0.1;0.1,0
AB::MailBoxGenerator::2.0,mboc_graph_color1,Graphic 01,Float,3,0.1575;0.5;0.5,0
AB::MailBoxGenerator::2.0,color6,Graphic 02,Float,3,0.871;0.134134;0.871,0
AB::ManhattenDistance::2.0,ScatterPoints,Scatter Points,Int,1,40,0
AB::ManhattenDistance::2.0,GF_signGraphic,Gf Signgraphic,Ramp,1,5,0
AB::ManhattenDistance::2.0,divsu,Line Div,Int,1,4,0
AB::ManhattenDistance::2.0,FinalSize,Final Size,Float,1,512.0,0
AB::MaterialBinding::1.0,vocabulary_file,Zone Vocabulary,String,1,$ASSETBASH/config/zone_vocabulary.json,0
AB::MaterialBinding::1.0,bindings_file,Material Bindings,String,1,$ASSETBASH/config/material_bindings.json,0
AB::MaterialBinding::1.0,backend,Backend,Menu,1,2,4
AB::MaterialBinding::1.0,source_attrib,Read Zone From,String,1,name,0
AB::MaterialBinding::1.0,zone_attrib,Write Zone To,String,1,ab_zone,0
AB::MaterialBinding::1.0,strict_unbound,Error On Unbound Zone,Toggle,1,True,0
AB::MaterialLibrary::1.0,label1,Input #1 Label,String,1,Sub-Network Input #1,0
AB::MaterialLibrary::1.0,label2,Input #2 Label,String,1,Sub-Network Input #2,0
AB::MaterialLibrary::1.0,label3,Input #3 Label,String,1,Sub-Network Input #3,0
AB::MaterialLibrary::1.0,label4,Input #4 Label,String,1,Sub-Network Input #4,0
AB::MaterialLibrary::1.0,bindings_file,Material Bindings,String,1,$ASSETBASH/config/material_bindings.json,0
AB::MaterialLibrary::1.0,texture_root,Texture Root,String,1,U:/Textures/PolyHaven_Derived,0
AB::MaterialLibrary::1.0,zone_attrib,Zone Attribute,String,1,ab_zone,0
AB::MaterialLibrary::1.0,rebuild,Rebuild From Scratch,Toggle,1,False,0
AB::MaterialLibrary::1.0,build,Build Shaders,Button,1,,0
AB::MetalExtrusionMaker::2.0,ext_type,Shape Type,Menu,1,0,5
AB::MetalExtrusionMaker::2.0,axis,Axis,Menu,1,0,3
AB::MetalExtrusionMaker::2.0,pivot,Pivot,Menu,1,0,5
AB::MetalExtrusionMaker::2.0,width,Width,Float,1,1.0,0
AB::MetalExtrusionMaker::2.0,height,Height,Float,1,1.0,0
AB::MetalExtrusionMaker::2.0,thick,Thickness,Float,1,0.1,0
AB::MetalExtrusionMaker::2.0,add_bevels,Add Bevels,Toggle,1,False,0
AB::MetalExtrusionMaker::2.0,bev_size,Bevel Size,Float,1,0.01,0
AB::MetalExtrusionMaker::2.0,ptfilletshape,Shape,Menu,1,2,4
AB::MetalExtrusionMaker::2.0,divisions,Divisions,Int,1,2,0
AB::ModernLightGenerator::1.0,LightStyle,Light Style,Menu,1,0,1
AB::ModernLightGenerator::1.0,MaterialStyle,Material Style,Menu,1,1,2
AB::ModernLightGenerator::1.0,TableLightStyle,Table Light Style,Int,1,0,0
AB::ModulesClassical::1.0,ModuleChoiceSwitch,Module Choice,Int,1,0,0
AB::ModulesClassical::1.0,GFAdjustWindowSides,GF Adj Window Sides,Float,1,0.0,0
AB::ModulesClassical::1.0,GFAdjustWindowBottom,GF Adj Window Bottom,Float,1,0.0,0
AB::ModulesClassical::1.0,GFAdjustWindowBottom2,GF Adj Window Top,Float,1,0.0,0
AB::ModulesCyberPunk::2.0,MastertModuleSwitch,Module Switch,Int,1,0,0
AB::ModulesCyberPunk::2.0,newparameter,Align Modules,Toggle,1,True,0
AB::ModulesGothic::2.0,ModuleType,Module Type,Menu,1,0,8
AB::ModulesGothic::2.0,GothicTrimStyle,Trim Style,Int,1,0,0
AB::ModulesGothic::2.0,SetDressingMenu2,Set Dressing,Menu,1,0,4
AB::ModulesGothic::2.0,PlantOnsMenu,Plant Ons,Menu,1,0,3
AB::ModulesGothic::2.0,UnrealOn,Unreal Geo,Toggle,1,False,0
AB::ModulesGothic::2.0,sepparm,,Separator,0,,0
AB::ModulesGothic::2.0,WallOptions,Wall Options,Label,1,,0
AB::ModulesGothic::2.0,WallModStyle,Wall Module Style,Menu,1,0,3
AB::ModulesGothic::2.0,WallModuleNumber1,Module Number,Int,1,0,0
AB::ModulesGothic::2.0,WallModuleNumber2,Module Number,Int,1,0,0
AB::ModulesGothic::2.0,WallModuleNumber3,Module Number,Int,1,0,0
AB::ModulesGothic::2.0,DoorModuleNumber,Door Module,Int,1,0,0
AB::MultiAxisPointScatter::1.0,scale,Scale,Float,1,5.65,0
AB::MultiAxisPointScatter::1.0,separate,Separate,Float,1,3.27,0
AB::MultiAxisPointScatter::1.0,randomness,Randomness,Float,1,4.82,0
AB::MultiAxisPointScatter::1.0,speed,Speed,Float,1,0.01,0
AB::MultiAxisPointScatter::1.0,timeramp,Time Ramp,Ramp,1,4,0
AB::MultiAxisPointScatter::1.0,scaletimeramp,Scale Time Ramp,Ramp,1,8,0
AB::MultiAxisPointScatter::1.0,ratio,ratio,Float,1,0.281,0
AB::NeonRainbows::1.0,ext_type,Extrude Type,Menu,1,0,2
AB::NeonRainbows::1.0,dist,Ribbon Width,Float,1,1.0,0
AB::NeonRainbows::1.0,segs2,Main Curve Segments,Int,1,50,0
AB::NeonRainbows::1.0,color_ramp,Color Ramp,Ramp,1,3,0
AB::NeonRainbows::1.0,divsv,Number of Arcs,Int,1,7,0
AB::NeonRainbows::1.0,width_adj,Width Adj,Float,1,0.01,0
AB::NeonRainbows::1.0,xform_y_adj,Xform Y Adj,Float,1,0.0,0
AB::NeonRainbows::1.0,domainu1,First U,Float,1,0.0,0
AB::NeonRainbows::1.0,domainu2,Second U,Float,1,1.0,0
AB::NeonRainbows::1.0,sepparm,,Separator,0,,0
AB::NeonRainbows::1.0,radius,Wire Radius,Float,1,0.1,0
AB::NeonRainbows::1.0,div,Divisions,Int,1,4,0
AB::NeonRainbows::1.0,segs,Segments,Int,1,1,0
AB::NeonRainbows::1.0,time_offset,Time Offset,Float,1,0.01,0
AB::NeonRainbows::1.0,prim_color_on,Use Prim Color,Toggle,1,False,0
AB::NoisyGrid::1.0,size,Size,Float,2,10.0;0.0,0
AB::NoisyGrid::1.0,rows,Rows,Int,1,200,0
AB::NoisyGrid::1.0,cols,Columns,Int,1,200,0
AB::NoisyGrid::1.0,freq,Frequency,Float,3,0.5;0.5;0.5,0
AB::NoisyGrid::1.0,offset,Offset,Float,3,0.0;0.0;0.0,0
AB::NoisyGrid::1.0,rough,Roughness,Float,1,0.5,0
AB::NoisyGrid::1.0,maxoctave,Max Octaves,Int,1,8,0
AB::NoisyGrid::1.0,noisetype,Noise Type,String,1,noise,2
AB::NoisyGrid::1.0,amp_mult,Scale Noise,Float,1,2.0,0
AB::NoisyGrid::1.0,type,Add Normals to,Menu,1,1,4
AB::NoisyGrid::1.0,cuspangle,Cusp Angle,Float,1,60.0,0
AB::NoisyGrid::1.0,sepparm,,Separator,0,,0
AB::NoisyGrid::1.0,edge_fall_off,Use Edge Falloff,Toggle,1,True,0
AB::NoisyGrid::1.0,use_abs,Use ABS Values,Toggle,1,True,0
AB::NoisyGrid::1.0,use_fit,Use Fit Range,Toggle,1,True,0
AB::NoisyGrid::1.0,iterations,Blurring Iterations,Int,1,100,0
AB::NoisyGrid::1.0,stepsize,Step Size,Float,1,0.495,0
AB::NoisyGrid::1.0,old_min,Old Min,Float,1,-0.5,0
AB::NoisyGrid::1.0,old_max,Old Max,Float,1,0.5,0
AB::NoisyGrid::1.0,new_min,New Min,Float,1,0.0,0
AB::NoisyGrid::1.0,new_max,New Max,Float,1,1.0,0
AB::NoisyGrid::1.0,mat_path,Material Path,String,1,../Materials/ground.mat,0
AB::PanelGenerator::2.0,ncy,Total Number,Int,1,3,0
AB::PanelGenerator::2.0,xOrd,Transform Order,Menu,1,0,6
AB::PanelGenerator::2.0,t,Translate,Float,3,11.0;0.0;0.0,0
AB::PanelGenerator::2.0,s,Scale,Float,3,1.0;1.0;1.0,0
AB::PanelGenerator::2.0,scale,Uniform Scale,Float,1,1.0,0
AB::PanelGenerator::2.0,newgroupprefix,Output Group Prefix,String,1,copyGroup,0
AB::PanelGenerator::2.0,copyattrib,Copy Number Attribute,String,1,copynum,0
AB::PanelGenerator::2.0,seedx,Seedx,Int,1,5,0
AB::PanelGenerator::2.0,seedz,Seedz,Int,1,7,0
AB::PanelGenerator::2.0,seed_x_or_z,Seed X Or Z,Int,1,4,0
AB::PhylotaxisScatter::1.0,rad_fall,Radius Falloff,Float,1,0.34,0
AB::PhylotaxisScatter::1.0,count,Number of Points,Int,1,2652,0
AB::PipeCreator::2.0,MaterialStyle,Material Style,Menu,1,0,3
AB::PipeCreator::2.0,UVLayoutON,Uv Layout On,Toggle,1,False,0
AB::PipeCreator::2.0,PackGeo,Pack Geo,Toggle,1,False,0
AB::PipeCreator::2.0,PipeRadius,Pipe Radius,Float,1,0.05,0
AB::PipeCreator::2.0,CornerBevel,Corner Bevel,Float,1,0.1,0
AB::PipeCreator::2.0,divisions,Corner Divisions,Int,1,6,0
AB::PipeCreator::2.0,FlangeThickness,Flange Thickness,Float,1,0.01,0
AB::PipeCreator::2.0,FlangeHeight,Flange Height,Float,1,0.01,0
AB::PipeCreator::2.0,Flange_Color,Flange Color,Ramp,1,2,0
AB::PipeCreator::2.0,Pipe_Color,Pipe Color,Ramp,1,2,0
AB::PipesAndEnds::1.0,UVLayoutOn,UV Layout,Toggle,1,False,0
AB::PipesAndEnds::1.0,main_rad,Main Radius,Float,1,0.3,0
AB::PipesAndEnds::1.0,end_style,Connector Style,Int,1,2,0
AB::PipesAndEnds::1.0,base_add,Base Addition,Float,1,0.001,0
AB::PlantOnsFuturistic::2.0,PlantOnType,Plant On Type,Menu,1,0,4
AB::PlantOnsFuturistic::2.0,ViewAndAlign,View And Align,Toggle,1,False,0
AB::PlantOnsFuturistic::2.0,PlantOnSwitch,Plant On,Int,1,0,0
AB::PlanterGenerator::2.0,uv_layout_on,UV Layouy,Toggle,1,False,0
AB::PlanterGenerator::2.0,lightmaps_on,Light Maps On,Toggle,1,False,0
AB::PlanterGenerator::2.0,vis_uv,Vis UV,Toggle,1,False,0
AB::PlanterGenerator::2.0,use_color,Use Color,Toggle,1,True,0
AB::PlanterGenerator::2.0,tool_mode_on,Tool Mode,Toggle,1,False,0
AB::PoleGenerator::1.0,MaterialStyle,Material Style,Menu,1,0,3
AB::PoleGenerator::1.0,AddUVLayout,UV Layout,Toggle,1,False,0
AB::PoleGenerator::1.0,AddUVLayoutSepBBFront,UV Layout Front Sign,Toggle,1,False,0
AB::PoleGenerator::1.0,AddLightmapUVs,Add Lightmaps,Toggle,1,False,0
AB::PoleGenerator::1.0,DCCEngine,Engine,Menu,1,0,3
AB::PoleGenerator::1.0,VisUVs,UV Quickshade,Toggle,1,False,0
AB::PoleGenerator::1.0,AddNameAndPack,Name & Pack,Toggle,1,False,0
AB::PoleGenerator::1.0,PrepUSD,USD Prep,Toggle,1,False,0
AB::PoleGenerator::1.0,DelMatPaths,Delete Material Paths,Toggle,1,False,0
AB::PoleGenerator::1.0,ColorMaterialID,Material ID Color,Toggle,1,False,0
AB::PoleGenerator::1.0,ToolModeOn,Tool Mode On,Toggle,1,False,0
AB::PoleGenerator::1.0,sepparm16,,Separator,0,,0
AB::PoleGenerator::1.0,labelparm3,Heading,Label,1,,0
AB::PoleGenerator::1.0,PoleShape,Pole Shape,Menu,1,0,2
AB::PoleGenerator::1.0,PoleHeight,Pole Height,Float,1,3.0,0
AB::PoleGenerator::1.0,PoleSize,Pole Size,Float,1,0.1,0
AB::PoleGenerator::1.0,second_angle_translater,Translate Scalar,Float,1,0.5,0
AB::PoleGenerator::1.0,PoleColor,Pole Color,Float,3,0.333;0.333;0.333,0
AB::PythonScripter::1.0,parm,Label,String,1,,0
AB::PythonScripter::1.0,parm2,Run,Button,1,,0
AB::RadialFalloff::1.0,min_dist,Min Dist,Float,1,1.91,0
AB::RadialFalloff::1.0,max_dist,Max Dist,Float,1,30.0,0
AB::RadialScatter::1.5,gradient,Gradient,Ramp,1,5,0
AB::RadialScatter::1.5,scale,Uniform Scale,Float,1,1.0,0
AB::RadialScatter::1.5,divs,Divisions,Int,1,100,0
AB::RadialScatter::1.5,minedgelength,Minimum Edge Length,Float,1,0.00011,0
AB::RadialScatter::1.5,minangle,Minimum Angle,Float,1,89.0,0
AB::RadialScatter::1.5,maxnewpts,Maximum New Points,Int,1,15000,0
AB::RadialScatter::1.5,randseed,Random Seed,Int,1,5678,0
AB::RadialScatter::1.5,npts,Force Total Count,Int,1,4329,0
AB::RadialScatter::1.5,emergencylimit,Max Points,Int,1,1000000,0
AB::RadialScatter::1.5,seed,Global Seed,Float,1,0.0,0
AB::RadialScatter::1.5,relaxiterations,Relax Iterations,Int,1,10,0
AB::RadialScatter::1.5,scaleradiiby,Scale Radii By,Float,1,1.0,0
AB::RadialScatter::1.5,maxradius,Max Relax Radius,Float,1,10.0,0
AB::RadialScatterVex::1.0,npts,Number Of Points,Int,1,10000,0
AB::RadialScatterVex::1.0,exponent,Exponent,Float,1,0.065,0
AB::RadialScatterVex::1.0,seed,Seed,Int,1,10,0
AB::RadialScatterVex::1.0,vex_precision,VEX Precision,String,1,auto,3
AB::RandomArcs::1.0,rings_start,Rings Start,Float,1,0.193,0
AB::RandomArcs::1.0,rings_end,Rings End,Float,1,0.165,0
AB::RandomArcs::1.0,num_rings,Num Rings,Int,1,4,0
AB::RandomArcs::1.0,ring_seed,Ring Seed,Int,1,2,0
AB::RandomArcs::1.0,randomness,Randomness,Float,1,0.353,0
AB::ResortGenerator::3.0,work_mode,Work Mode,Menu,1,0,2
AB::ResortGenerator::3.0,uv_layout,UV Layout On,Toggle,1,False,0
AB::ResortGenerator::3.0,lightmaps_on,Lightmaps On,Toggle,1,False,0
AB::ResortGenerator::3.0,newparameter,Vis UV,Toggle,1,False,0
AB::ResortGenerator::3.0,use_color,Color On,Toggle,1,False,0
AB::ResortGenerator::3.0,tool_mode,Tool Mode,Toggle,1,False,0
AB::ResortGenerator::3.0,building_footprint_style,Building Style,Menu,1,0,4
AB::ResortGenerator::3.0,bld_typ,Building Type,Menu,1,0,2
AB::ResortGenerator::3.0,bld_vis_mode,Building Vis Mode,Menu,1,0,2
AB::ResortGenerator::3.0,sepparm2,,Separator,0,,0
AB::ResortGenerator::3.0,bld_footprint_x,Building Width,Int,1,50,0
AB::ResortGenerator::3.0,bld_footprint_z,Building Depth,Int,1,30,0
AB::ResortGenerator::3.0,floor_slab_overhang,Floor Slab Overhang,Float,1,4.0,0
AB::ResortGenerator::3.0,floor_slab_height,Floor Slab Height,Float,1,1.0,0
AB::ResortGenerator::3.0,bld_l_inset_1,L Bld Inset One,Int,1,9,0
AB::ResortGenerator::3.0,bld_l_inset_2,L Bld Inset Two,Int,1,8,0
AB::ResortGenerator::3.0,sepparm,,Separator,0,,0
AB::ResortGenerator::3.0,labelparm,Base Height Options,Label,1,,0
AB::ResortGenerator::3.0,grnd_flr_hght,Ground Floor Height,Int,1,10,0
AB::ResortGenerator::3.0,mid_floor_height,Mid Floor Height,Int,1,5,0
AB::ResortGenerator::3.0,top_floor_height,Top Floor Height,Int,1,5,0
AB::ResortGenerator::3.0,num_of_floor,Number of Floors,Int,1,20,0
AB::ResortGenerator::3.0,add_corner_extrudes2,Extrude Corners,Toggle,1,True,0
AB::ResortGenerator::3.0,dist2,Distance,Float,1,4.0,0
AB::ResortGenerator::3.0,dist3,Distance,Float,1,-5.0,0
AB::ResortGenerator::3.0,MF_add_corner_extrudes,Extrude Corners,Toggle,1,True,0
AB::ResortGenerator::3.0,MF_corner_extrude,Corner Extrude Amount,Float,1,1.0,0
AB::ResortGenerator::3.0,sepparm5,,Separator,0,,0
AB::ResortGenerator::3.0,MF_win_frame_thick,Window Frame Thickness,Float,1,0.2,0
AB::ResortGenerator::3.0,MF_win_frame_depth,Window Frame Depth,Float,1,0.3,0
AB::ResortGenerator::3.0,sepparm4,,Separator,0,,0
AB::ResortGenerator::3.0,labelparm3,Color Options,Label,1,,0
AB::ResortGenerator::3.0,MF_win_frames_color,Window Frames,Float,3,0.2;0.2;0.2,0
AB::ResortGenerator::3.0,win_glass_color2,Window Glass,Float,3,0.0;1.0;1.0,0
AB::ResortGenerator::3.0,RT_add_clubhouse,Add Club House,Toggle,1,True,0
AB::ResortGenerator::3.0,input,Add Club House Tool Mode,Int,1,1,0
AB::ResortGenerator::3.0,CB_wall_height,Wall Height,Float,1,10.0,0
AB::ResortGenerator::3.0,CB_win_frame_thick,Window Frame Thickness,Float,1,0.2,0
AB::ResortGenerator::3.0,CB_win_frame_depth,Window Frame Depth,Float,1,0.2,0
AB::ResortGenerator::3.0,sepparm3,,Separator,0,,0
AB::ResortGenerator::3.0,RT_color_opt_lab,Color Options,Label,1,,0
AB::ResortGenerator::3.0,RTR_roof_color,Roof Color,Float,3,0.333;0.333;0.333,0
AB::ResortGenerator::3.0,RT_pool_water_color,Pool Water,Float,3,0.0;1.0;0.5,0
AB::ResortGenerator::3.0,CB_roof_sides_color,Roof Sides,Float,3,1.0;1.0;1.0,0
AB::ResortGenerator::3.0,CB_roof_under_color,Roof Under,Float,3,0.333;0.333;0.333,0
AB::ResortGenerator::3.0,CB_roof_top_color,Roof Top,Float,3,0.00625;0.00625;0.00625,0
AB::ResortGenerator::3.0,CB_corners_color,Corners,Float,3,0.2067;0.25335;0.3,0
AB::ResortGenerator::3.0,CB_win_frames_color,Window Frames,Float,3,0.5;0.5;0.5,0
AB::ResortGenerator::3.0,CB_win_glass_color,Window Glass,Float,3,0.0;1.0;1.0,0
AB::ResortGenerator::3.0,bld_mod_size,Building Mod Size,Int,1,10,0
AB::ResortGenerator::3.0,file_option,File Options,Menu,1,0,2
AB::RetailBuildings::3.2,work_mode,Work Mode,Menu,1,0,2
AB::RetailBuildings::3.2,use_color2,Use Materials,Toggle,1,False,0
AB::RetailBuildings::3.2,uv_layout_on,UV Layout On,Toggle,1,False,0
AB::RetailBuildings::3.2,lightmaps_on,Lightmaps On,Toggle,1,False,0
AB::RetailBuildings::3.2,vis_uv_,Vis UV,Toggle,1,False,0
AB::RetailBuildings::3.2,use_color,Use Color,Toggle,1,False,0
AB::RetailBuildings::3.2,sepparm2,,Separator,0,,0
AB::RetailBuildings::3.2,add_building_base,Add Building Base,Toggle,1,False,0
AB::RetailBuildings::3.2,building_weidth,Building Width,Int,1,100,0
AB::RetailBuildings::3.2,building_depth,Building Depth,Int,1,50,0
AB::RetailBuildings::3.2,building_height,Building Height,Int,1,10,0
AB::RetailBuildings::3.2,front_side_input,Front Side Inset,Int,1,20,0
AB::RetailBuildings::3.2,front_extrusion,Front Facade Extrusion,Int,1,20,0
AB::RetailBuildings::3.2,front_extrusion2,Front Facade Height,Int,1,4,0
AB::RetailBuildings::3.2,front_extrusion3,Main Entrance Width,Int,1,4,0
AB::RetailBuildings::3.2,core_win_height,Core Window Height,Int,1,6,0
AB::RetailBuildings::3.2,lower_band_height,Lower Band Height,Float,1,0.5,0
AB::RetailBuildings::3.2,sepparm3,,Separator,0,,0
AB::RetailBuildings::3.2,EntranceOptions,Entrance Options,Label,1,,0
AB::RetailBuildings::3.2,decorative_style,Decorative Style,Menu,1,0,2
AB::RetailBuildings::3.2,above_door_decor,Above Door Decorations,Menu,1,0,1
AB::RetailBuildings::3.2,add_overhang,Add Overhang,Toggle,1,True,0
AB::RetailBuildings::3.2,dorr_wall_offset,Door Wall Inset,Int,1,0,0
AB::RetailBuildings::3.2,num_of_slats,Number of Slats,Int,1,12,0
AB::RetailBuildings::3.2,sepparm4,,Separator,0,,0
AB::RetailBuildings::3.2,DoorOptions,Door Options,Label,1,,0
AB::RetailBuildings::3.2,door_style,Door Style,Menu,1,0,3
AB::RetailBuildings::3.2,door_num,Door Bay Number,Int,1,3,0
AB::RetailBuildings::3.2,door_height,Door Height,Float,1,3.0,0
AB::RetailBuildings::3.2,handle_side,Handle Position,Menu,1,0,2
AB::RetailBuildings::3.2,door_stile_width,Stile Width,Float,1,0.15,0
AB::RetailBuildings::3.2,door_base_width,Door Base Width,Float,1,0.4,0
AB::RetailBuildings::3.2,sepparm,,Separator,0,,0
AB::RetailBuildings::3.2,use_groups,Use Grouping,Toggle,1,False,0
AB::RetailBuildings::3.2,labelparm,Grouping Options,Label,1,,0
AB::RetailBuildings::3.2,start1,Start,Int,1,1,0
AB::RetailBuildings::3.2,end1,End,Int,1,1,0
AB::RetailBuildings::3.2,invert1,Invert Range,Toggle,1,False,0
AB::RetailBuildings::3.2,selectamount1,Select,Int,1,1,0
AB::RetailBuildings::3.2,selecttotal1,of,Int,1,1,0
AB::RetailBuildings::3.2,selectoffset1,Offset,Int,1,2,0
AB::RetailBuildings::3.2,sepparm5,,Separator,0,,0
AB::RetailBuildings::3.2,ReturnWallOptions,Return Wall Options,Label,1,,0
AB::RetailBuildings::3.2,return_wall_options,Return Wall Options,Menu,1,0,2
AB::RetailBuildings::3.2,up_win_div1,Window Div One,Int,1,6,0
AB::RetailBuildings::3.2,sepparm6,,Separator,0,,0
AB::RetailBuildings::3.2,ColorOptions,Color Options,Label,1,,0
AB::RetailBuildings::3.2,color,Wood Slats,Float,3,0.3;0.2376;0.1752,0
AB::RetailBuildings::3.2,color2,Main Stucco,Float,3,0.18;0.4;0.4,0
AB::RetailBuildings::3.2,color3,Door Handle,Float,3,0.333;0.333;0.333,0
AB::RetailBuildings::3.2,color4,Door Metal,Float,3,0.05;0.05;0.05,0
AB::RetailBuildings::3.2,color5,Door Glass,Float,3,0.293;1.0;1.0,0
AB::RetailBuildings::3.2,color6,Lower Band,Float,3,0.0711;0.158;0.158,0
AB::RetailBuildings::3.2,color7,Window Glass,Float,3,0.5;1.0;1.0,0
AB::RetailBuildings::3.2,color8,Window Frame,Float,3,0.2;0.2;0.2,0
AB::RetailBuildings::3.2,color9,Overhang,Float,3,0.75;0.75;0.75,0
AB::RoadSimpleGenerator::3.4,MaterialStyle,Material Style,Menu,1,0,2
AB::RoadSimpleGenerator::3.4,UE_Attributes,UE Attributes,Toggle,1,False,0
AB::RoadSimpleGenerator::3.4,Pack,Pack,Toggle,1,False,0
AB::RoadSimpleGenerator::3.4,RoadType,Road Type,Menu,1,0,5
AB::RoadSimpleGenerator::3.4,RoadOptions,Road Options,Label,1,,0
AB::RoadSimpleGenerator::3.4,HighwayOptions,Highway Options,Label,1,,0
AB::RoadSimpleGenerator::3.4,FreewayOptions,Freeway Options,Label,1,,0
AB::RoadSimpleGenerator::3.4,CityRailOptions,City Rail Options,Label,1,,0
AB::RoadSimpleGenerator::3.4,TrainTracksOptions,Train Tracks Options,Label,1,,0
AB::RoadSimpleGenerator::3.4,RoadWdth,Road Witdh,Float,1,20.0,0
AB::RoadSimpleGenerator::3.4,RD_AddUtilPoles,Add Util. Poles,Toggle,1,True,0
AB::RoadSimpleGenerator::3.4,UtilityPoleOptions,Utility Pole Options,Label,1,,0
AB::RoadSimpleGenerator::3.4,UP_length,Pole Spacing,Float,1,40.0,0
AB::RoadSimpleGenerator::3.4,UP_normNoise1,Normal Noise,Label,1,,0
AB::RoadSimpleGenerator::3.4,freq,Frequency,Float,3,100.0;100.0;100.0,0
AB::RoadSimpleGenerator::3.4,offset,Offset,Float,3,0.0;0.0;0.0,0
AB::RoadSimpleGenerator::3.4,amp,Amplitude,Float,1,0.618,0
AB::RoadSimpleGenerator::3.4,rough,Roughness,Float,1,0.5,0
AB::RoadSimpleGenerator::3.4,UP_wireOpts,Wire Options,Label,1,,0
AB::RoadSimpleGenerator::3.4,UP_segs2,Wire Divisions,Int,1,44,0
AB::RoadSimpleGenerator::3.4,radius,Wire Radius,Float,1,0.01,0
AB::RoadSimpleGenerator::3.4,div,Wire Segments,Int,1,4,0
AB::RoadSimpleGenerator::3.4,ut_pole_clr,Utility Pole Colors,Label,1,,0
AB::RoadSimpleGenerator::3.4,Wood,Wood,Ramp,1,5,0
AB::RoadSimpleGenerator::3.4,Wires,Wires,Ramp,1,5,0
AB::RoadSimpleGenerator::3.4,HighwayWdth,Highway Wdth,Float,1,40.0,0
AB::RoadSimpleGenerator::3.4,FWY_FreewayWdth,Freeway Wdth,Float,1,60.0,0
AB::RoadSimpleGenerator::3.4,FWY_FreewayOptions,Freeway Options,Label,1,,0
AB::RoadSimpleGenerator::3.4,FWY_AddMedian,Add Median,Toggle,1,False,0
AB::RoadSimpleGenerator::3.4,FWY_AddLanes,Add Lanes,Toggle,1,False,0
AB::RoadSimpleGenerator::3.4,MedianLeft,Median Left,Float,1,0.45,0
AB::RoadSimpleGenerator::3.4,MedianRight,Median Right,Float,1,0.55,0
AB::RoadSimpleGenerator::3.4,RoadSides,Road Sides,Float,1,0.05,0
AB::RoadSimpleGenerator::3.4,FWY_SideHeight,Side Height,Float,1,2.0,0
AB::RoadSimpleGenerator::3.4,FWY_SideRailThickness,Side Rail Thickness,Float,1,0.5,0
AB::RoadSimpleGenerator::3.4,FWY_UndersideInset,Underside Inset,Float,1,0.25,0
AB::RoadSimpleGenerator::3.4,FWY_InteriorWallHeight,Interior Wall Height,Float,1,0.8,0
AB::RoadSimpleGenerator::3.4,FWY_UndersideHeightOffset,Height Offset,Float,1,2.0,0
AB::RoadSimpleGenerator::3.4,FWY_MainRoadArcHeight,MainRoad Arc Height,Float,1,1.0,0
AB::RoadSimpleGenerator::3.4,SupportOptions,Support Options,Label,1,,0
AB::RoadSimpleGenerator::3.4,FWY_TotalHeight,Total Height,Float,1,2.0,0
AB::RoadSimpleGenerator::3.4,FWY_OverhangAmount,Overhang Amount,Float,1,20.0,0
AB::RoadSimpleGenerator::3.4,FWY_LowerChamferLength,Lower Chamfer Length,Float,1,4.0,0
AB::RoadSimpleGenerator::3.4,FWY_LowerChamferDepth,Lower Chamfer Depth,Float,1,2.0,0
AB::RoadSimpleGenerator::3.4,FWY_ColumnSpacing,Column Spacing,Float,1,30.0,0
AB::RoadSimpleGenerator::3.4,NumberOfColums,FWY_Column Supports,Int,1,6,0
AB::RoadSimpleGenerator::3.4,I_BeamOptions,I_Beam Options,Label,1,,0
AB::RoadSimpleGenerator::3.4,NumberOfIbeams,Number of I-Beams,Int,1,12,0
AB::RoadSimpleGenerator::3.4,IbeamsWidth,I-Beams Width,Float,1,1.0,0
AB::RoadSimpleGenerator::3.4,IbeamsHeight,I-Beams Height,Float,1,1.0,0
AB::RoadSimpleGenerator::3.4,IbeamsThick,I-Beams Thickness,Float,1,0.1,0
AB::RoadSimpleGenerator::3.4,length,Length,Float,1,10.0,0
AB::RoadSimpleGenerator::3.4,UEMaterials,UE Materials,Label,1,,0
AB::RoadSimpleGenerator::3.4,Road_Concrete,Concrete,String,1,/Script/Engine.MaterialInstanceConstant'/Game/Material/MaterialInstances/MI_FreewayConcrete_PropsWS02.MI_FreewayConcrete_PropsWS02'me/Material/Masters/M_Freeway_Asphalt.M_Freeway_Asphalt',0
AB::RoadSimpleGenerator::3.4,Road_Emits,Emits,String,1,/Script/Engine.MaterialInstanceConstant'/Game/Material/MaterialInstances/MAT_EmirSimple_Inst.MAT_EmirSimple_Inst',0
AB::RoadSimpleGenerator::3.4,Road_Lines,Lines,String,1,/Script/Engine.MaterialInstanceConstant'/Game/Material/MaterialInstances/MAT_aerial_asphalt_01_inst.MAT_aerial_asphalt_01_inst',0
AB::RoadSimpleGenerator::3.4,Road_Metal,Metal,String,1,/Script/Engine.MaterialInstanceConstant'/Game/Material/MaterialInstances/MAT_UtilityPoles_01.MAT_UtilityPoles_01',0
AB::RoadSimpleGenerator::3.4,Road_Porclain,Porclain,String,1,/Script/Engine.MaterialInstanceConstant'/Game/Material/MaterialInstances/MI_Prop_Plastic.MI_Prop_Plastic',0
AB::RoadSimpleGenerator::3.4,Road_Reflectors,Reflectors,String,1,/Script/Engine.MaterialInstanceConstant'/Game/Material/MaterialInstances/MAT_Reflectors.MAT_Reflectors',0
AB::RoadSimpleGenerator::3.4,Road_Asphalt,Asphalt,String,1,/Script/Engine.Material'/Game/Material/Masters/M_Freeway_Asphalt.M_Freeway_Asphalt',0
AB::RoadSimpleGenerator::3.4,Road_UtilityPole,Utility Pole,String,1,/Script/Engine.MaterialInstanceConstant'/Game/Material/MaterialInstances/MAT_UtilityPoles_01.MAT_UtilityPoles_01',0
AB::RoadSimpleGenerator::3.4,Road_Wires,Wires,String,1,/Script/Engine.MaterialInstanceConstant'/Game/Material/MaterialInstances/MI_Prop_Plastic.MI_Prop_Plastic',0
AB::RoadSimpleGenerator::3.4,ConcreteMat,Concrete,String,1,/Script/Engine.MaterialInstanceConstant'/Game/Material/MaterialInstances/MI_FreewayConcrete_Under.MI_FreewayConcrete_Under',0
AB::RoadSimpleGenerator::3.4,IBeams_UEMat,I Beams,String,1,/Script/Engine.MaterialInstanceConstant'/Game/Material/MaterialInstances/MI_FreewayAsphalt_Shoulder.MI_FreewayAsphalt_Shoulder',0
AB::RoadSimpleGenerator::3.4,Rails_UEMat,Rails,String,1,/Script/Engine.MaterialInstanceConstant'/Game/Material/MaterialInstances/MI_FreewayAsphalt_Shoulder.MI_FreewayAsphalt_Shoulder',0
AB::RoadSimpleGenerator::3.4,RoadMainMat,Road Main,String,1,/Script/Engine.MaterialInstanceConstant'/Game/Material/MaterialInstances/MI_FreewayAsphalt_Road.MI_FreewayAsphalt_Road',0
AB::RoadSimpleGenerator::3.4,RoadSidesMat,Road Sides,String,1,/Script/Engine.MaterialInstanceConstant'/Game/Material/MaterialInstances/MI_FreewayAsphalt_Shoulder.MI_FreewayAsphalt_Shoulder',0
AB::RoadSimpleGenerator::3.4,Median_UEMat,Median,String,1,/Script/Engine.MaterialInstanceConstant'/Game/Road/Material/MI/M_Sidewalk_Master_Inst.M_Sidewalk_Master_Inst',0
AB::RoadSimpleGenerator::3.4,TrainTracks_Ties,Railroad Ties,String,1,relative/path/to/shader/inside/Unreal/project,0
AB::RoadSimpleGenerator::3.4,TrainTracks_Tracks,Tracks,String,1,relative/path/to/shader/inside/Unreal/project,0
AB::RoadSimpleGenerator::3.4,TrainTracks_Terrain,Terrain,String,1,relative/path/to/shader/inside/Unreal/project,0
AB::RoadTerrainGenerator::2.9,RD_add_ut_poles,Add Util. Poles,Toggle,1,True,0
AB::RoadTerrainGenerator::2.9,iterations,Slope Blur,Int,1,53,0
AB::RoadTerrainGenerator::2.9,iterations2,Position Blur,Int,1,72,0
AB::RoadTerrainGenerator::2.9,segs,Segments,Int,1,600,0
AB::RoadTerrainGenerator::2.9,Slope_Scalar,Slope Scalar,Float,1,-10.0,0
AB::RoadTerrainGenerator::2.9,UP_length,Pole Spacing,Float,1,40.0,0
AB::RoadTerrainGenerator::2.9,UP_normNoise1,Normal Noise,Label,1,,0
AB::RoadTerrainGenerator::2.9,freq,Frequency,Float,3,100.0;100.0;100.0,0
AB::RoadTerrainGenerator::2.9,offset,Offset,Float,3,0.0;0.0;0.0,0
AB::RoadTerrainGenerator::2.9,amp,Amplitude,Float,1,0.618,0
AB::RoadTerrainGenerator::2.9,rough,Roughness,Float,1,0.5,0
AB::RoadTerrainGenerator::2.9,UP_wireOpts,Wire Options,Label,1,,0
AB::RoadTerrainGenerator::2.9,UP_segs2,Wire Divisions,Int,1,44,0
AB::RoadTerrainGenerator::2.9,radius,Wire Radius,Float,1,0.01,0
AB::RoadTerrainGenerator::2.9,div,Wire Segments,Int,1,4,0
AB::RoadTerrainGenerator::2.9,ut_pole_clr,Utility Pole Colors,Label,1,,0
AB::RoadTerrainGenerator::2.9,Wood,Wood,Ramp,1,5,0
AB::RoadTerrainGenerator::2.9,Wires,Wires,Ramp,1,5,0
AB::RockClumps::2.0,scale,Uniform Scale,Float,1,1.0,0
AB::RockClumps::2.0,NoiseOptions,Noise Options,Label,1,,0
AB::RockClumps::2.0,freq,Frequency,Float,3,1.6;1.6;1.6,0
AB::RockClumps::2.0,offset,Offset,Float,3,0.0;0.0;0.0,0
AB::RockClumps::2.0,rough,Roughness,Float,1,0.326,0
AB::RockClumps::2.0,maxoctave,Max Octaves,Int,1,11,0
AB::RockClumps::2.0,flow,Flow,Float,1,1.0,0
AB::RockClumps::2.0,flowrate,Flow Rate,Float,1,1.0,0
AB::RockClumps::2.0,advect,Self-Advection,Float,1,1.0,0
AB::RockClumps::2.0,WorleyFreq1,Worley Freq,Float,3,-1.8;-2.2;-2.2,0
AB::RockClumps::2.0,WorleyOffset,Worley Offset,Float,3,0.6;0.9;0.0,0
AB::RockClumps::2.0,NoiseSwitcher,Noise Switch,Int,1,2,0
AB::RockClumps::2.0,FinalNoiseMult,Final Noise Mult,Float,1,4.0,0
AB::RockClumps::2.0,ScatterOptions,Scatter Options,Label,1,,0
AB::RockClumps::2.0,seed,Global Seed,Int,1,998,0
AB::RockClumps::2.0,coverage,Coverage,Float,1,0.1,0
AB::RockClumps::2.0,densityscale,Density Scale,Float,1,1000.0,0
AB::RockClumps::2.0,PscaleMult,Pscale Mult,Float,1,10.0,0
AB::RockMaker::2.0,RockStyle,Rock Style,Menu,1,0,2
AB::RockMaker::2.0,RockRes,Rock Res,Menu,1,0,2
AB::RockMaker::2.0,UVLayoutOn,UV Layout On,Toggle,1,False,0
AB::RockMaker::2.0,RGBColorsOn,RGB Colors On,Toggle,1,False,0
AB::RockMaker::2.0,minsize,Min Size,Float,1,0.5,0
AB::RockMaker::2.0,maxsize,Max Size,Float,1,0.02,0
AB::RockMaker::2.0,density,Relative Density,Float,1,2.0,0
AB::RockMaker::2.0,gradation,Gradation,Float,1,0.25,0
AB::RockMaker::2.0,sepparm2,,Separator,0,,0
AB::RockMaker::2.0,BoulderOptions,Boulder Options,Label,1,,0
AB::RockMaker::2.0,BaseNoiseOptions,Base Noise Options,Label,1,,0
AB::RockMaker::2.0,BaseNoiseFreq,Frequency,Float,4,1.0;1.0;1.0;1.0,0
AB::RockMaker::2.0,flatten,Flatten,Ramp,1,5,0
AB::RockMaker::2.0,freq,Frequency,Float,4,1.0;1.0;1.0;1.0,0
AB::RockMaker::2.0,offset,Offset,Float,4,1.5;1.5;1.5;1.5,0
AB::RockMaker::2.0,input2,Amplitude,Float,1,0.05,0
AB::RockMaker::2.0,ramp,Stepping,Ramp,1,13,0
AB::RockMaker::2.0,destmin,Minimum Value In Destination Range,Float,1,-0.5,0
AB::RockMaker::2.0,destmax,Maximum Value In Destination Range,Float,1,0.5,0
AB::RockMaker::2.0,rough,Roughness,Float,1,0.528,0
AB::RockMaker::2.0,sepparm3,,Separator,0,,0
AB::RockMaker::2.0,SmallNoise,Small Noise Options,Label,1,,0
AB::RockMaker::2.0,input3,Amplitude,Float,1,0.106,0
AB::RockMaker::2.0,freq5,Frequency,Float,3,4.1;4.1;4.1,0
AB::RockMaker::2.0,offset5,Offset,Float,3,0.0;0.0;0.0,0
AB::RockMaker::2.0,amp,Amplitude,Float,1,1.0,0
AB::RockMaker::2.0,rough2,Roughness,Float,1,0.5,0
AB::RockMaker::2.0,flow,Flow,Float,1,0.0,0
AB::RockMaker::2.0,flowrate,Flow Rate,Float,1,1.0,0
AB::RockMaker::2.0,advect,Self-Advection,Float,1,0.0,0
AB::RockMaker::2.0,destmin2,Minimum Value In Destination Range,Float,1,0.0,0
AB::RockMaker::2.0,destmax2,Maximum Value In Destination Range,Float,1,0.808,0
AB::RockMaker::2.0,sepparm,,Separator,0,,0
AB::RockMaker::2.0,AgateOptions,Agate Options,Label,1,,0
AB::RockMaker::2.0,Noise_One,Noise One,Label,1,,0
AB::RockMaker::2.0,Noise1freq,Frequency,Float,3,1.0;1.0;1.0,0
AB::RockMaker::2.0,Noise1offset,Offset,Float,3,0.0;0.0;0.0,0
AB::RockMaker::2.0,Noise1amp,Amplitude,Float,1,1.0,0
AB::RockMaker::2.0,Noise1rough,Roughness,Float,1,0.5,0
AB::RockMaker::2.0,VectorAdditionOne,Vector Addition One,Float,3,6.3;0.0;0.0,0
AB::RockMaker::2.0,NoiseTwo,Noise Two,Label,1,,0
AB::RockMaker::2.0,Noise2freq,Frequency,Float,3,1.0;1.0;1.0,0
AB::RockMaker::2.0,Noise2offset,Offset,Float,3,0.0;0.0;0.0,0
AB::RockMaker::2.0,Noise2amp,Amplitude,Float,1,1.0,0
AB::RockMaker::2.0,Noise2rough,Roughness,Float,1,0.094,0
AB::RockMaker::2.0,NoiseTwoValues,Noise Two Values,Label,1,,0
AB::RockMaker::2.0,Noise2destmin,Min Value,Float,1,1.0,0
AB::RockMaker::2.0,Noise2destmax,Max Value,Float,1,6.0,0
AB::RockMaker::2.0,VectorAdditionTwo,Vector Addition Two,Float,3,25.0;17.4;4.0,0
AB::RockMaker::2.0,flatteningAgate,Flattening,Ramp,1,3,0
AB::RockMaker::2.0,ShortestPathOptons,Shortest Path Optons,Label,1,,0
AB::RockMaker::2.0,StartPoints,Start Points,Int,1,10,0
AB::RockMaker::2.0,StartPointSeed,Start Point Seed,Float,1,29.0,0
AB::RockMaker::2.0,EndPoints,End Points,Int,1,100,0
AB::RockMaker::2.0,EndPointsSeed,End Points Seed,Float,1,2.0,0
AB::RockMaker::2.0,AgatePscaleMin,Agate Pscale Min,Float,1,0.1,0
AB::RockMaker::2.0,AgatePscaleMax,Agate Pscale Max,Float,1,1.0,0
AB::RocksArched::2.0,WorkMode,Work Mode,Menu,1,1,4
AB::RocksArched::2.0,NoiseMult,Noise Mult,Ramp,1,2,0
AB::RocksArched::2.0,freq,Frequency,Float,3,1.0;1.0;1.0,0
AB::RocksArched::2.0,offset,Offset,Float,3,0.0;0.0;0.0,0
AB::RocksArched::2.0,rough,Roughness,Float,1,0.5,0
AB::RocksArched::2.0,InstanceScaleRange,Instanced Scale Range,Float,2,1.0;5.0,0
AB::RocksArched::2.0,sepparm,,Separator,0,,0
AB::RocksArched::2.0,MasterNoiseOptions,Master Noise Option,Label,1,,0
AB::RocksArched::2.0,freq4,Worley Frequency,Float,3,0.8;0.8;0.8,0
AB::RocksArched::2.0,offset4,Worley Offset,Float,3,0.0;0.0;0.0,0
AB::RocksArched::2.0,input2,Worley Noise Mult,Float,1,0.4,0
AB::RocksArched::2.0,oct,Max Octaves,Float,1,8.0,0
AB::RocksArched::2.0,freq5,FBM Frequency,Float,4,4.0;4.0;1.0;1.0,0
AB::RocksArched::2.0,offset5,FBM Offset,Float,4,0.0;0.0;0.0;0.0,0
AB::RocksArched::2.0,MasterOutputName,Master Output Name,String,1,Rock_Arch,0
AB::RocksArched::2.0,execute,Save to Disk,Button,1,,0
AB::RoofTopSignGenerator::4.8,MaterialStyle,Material Style,Menu,1,0,3
AB::RoofTopSignGenerator::4.8,AddUVLayout,UV Layout,Toggle,1,False,0
AB::RoofTopSignGenerator::4.8,AddUVLayoutSepBBFront,UV Layout Front Sign,Toggle,1,False,0
AB::RoofTopSignGenerator::4.8,AddLightmapUVs,Add Lightmaps,Toggle,1,False,0
AB::RoofTopSignGenerator::4.8,DCCEngine,Engine,Menu,1,0,3
AB::RoofTopSignGenerator::4.8,VisUVs,UV Quickshade,Toggle,1,False,0
AB::RoofTopSignGenerator::4.8,DelMatPaths,Delete Material Paths,Toggle,1,False,0
AB::RoofTopSignGenerator::4.8,ColorMaterialID,Material ID Color,Toggle,1,False,0
AB::RoofTopSignGenerator::4.8,quadrangulate,Quadrangulate,Toggle,1,True,0
AB::RoofTopSignGenerator::4.8,AddSignShape,Add Sign Shape,Toggle,1,True,0
AB::RoofTopSignGenerator::4.8,add_text,Add Text,Toggle,1,False,0
AB::RoofTopSignGenerator::4.8,MainSignOptions,Main Sign Options,Label,1,,0
AB::RoofTopSignGenerator::4.8,sign_length,Sign Length,Float,1,15.0,0
AB::RoofTopSignGenerator::4.8,sign_post_height,Sign Post Height,Float,1,12.0,0
AB::RoofTopSignGenerator::4.8,main_sign_options,Main Sign Options,Label,1,,0
AB::RoofTopSignGenerator::4.8,number_of_posts,Number Of Posts,Int,1,3,0
AB::RoofTopSignGenerator::4.8,PostType,Post Type,Menu,1,0,5
AB::RoofTopSignGenerator::4.8,PostSizeWidth,Post Size Width,Float,1,0.4,0
AB::RoofTopSignGenerator::4.8,PostSizeHeight,Post Size Height,Float,1,0.6,0
AB::RoofTopSignGenerator::4.8,PostSizeThick,Post Size Thickness,Float,1,0.04,0
AB::RoofTopSignGenerator::4.8,HorizontalSupportOptions,HorizontalSupportOptions,Label,1,,0
AB::RoofTopSignGenerator::4.8,use_h_supports,Use H Supports,Toggle,1,True,0
AB::RoofTopSignGenerator::4.8,HorizSupportsType,Horiz Supports Type,Menu,1,1,5
AB::RoofTopSignGenerator::4.8,HorizSupportsWidth,Horiz Supports Width,Float,1,0.2,0
AB::RoofTopSignGenerator::4.8,HorizSupportsHeight,Horiz Supports Height,Float,1,0.3,0
AB::RoofTopSignGenerator::4.8,HorizSupportsThick,Horiz Support Thickness,Float,1,0.04,0
AB::RoofTopSignGenerator::4.8,number_of_supports,Number Of Supports,Int,1,6,0
AB::RoofTopSignGenerator::4.8,vertical_spread,Spread,Float,1,1.0,0
AB::RoofTopSignGenerator::4.8,overhang_amount,Overhang Amount,Float,1,1.0,0
AB::RoofTopSignGenerator::4.8,horiz_supp_trans_tweak,Transform,Float,3,0.0;0.0;0.0,0
AB::RoofTopSignGenerator::4.8,AngledSupportOptions2,AngledSupportOptions,Label,1,,0
AB::RoofTopSignGenerator::4.8,add_primary_angle_supports,Add Primary Angle Supports,Toggle,1,True,0
AB::RoofTopSignGenerator::4.8,prim_angle_rot,Angle Rotation,Float,1,45.0,0
AB::RoofTopSignGenerator::4.8,start_height,Start Height,Float,1,0.75,0
AB::RoofTopSignGenerator::4.8,add_2nd_angle_supports,Add Secondary Angle Supports,Toggle,1,True,0
AB::RoofTopSignGenerator::4.8,second_angle_trans,Translate,Float,1,4.0,0
AB::RoofTopSignGenerator::4.8,poly_options3,,Separator,0,,0
AB::RoofTopSignGenerator::4.8,labelparm,Footing Options,Label,1,,0
AB::RoofTopSignGenerator::4.8,add_foot,Add Footings,Toggle,1,True,0
AB::RoofTopSignGenerator::4.8,foot_height,Footing Height,Float,1,0.2,0
AB::RoofTopSignGenerator::4.8,add_secondary_supports,Add Secondary Supports,Toggle,1,True,0
AB::RoofTopSignGenerator::4.8,poly_options2,,Separator,0,,0
AB::RoofTopSignGenerator::4.8,add_support_bolts,Add Support Bolts,Toggle,1,True,0
AB::RoofTopSignGenerator::4.8,bolt_adj,Bolt Adj.,Float,1,0.0,0
AB::RoofTopSignGenerator::4.8,poly_options,,Separator,0,,0
AB::RoofTopSignGenerator::4.8,SignShapeOptions,Sign Shape Options,Label,1,,0
AB::RoofTopSignGenerator::4.8,Control_SideExtend,Control Extend Sides,Float,1,1.0,0
AB::RoofTopSignGenerator::4.8,CircleScaleY,Scale Circle,Float,1,1.0,0
AB::RoofTopSignGenerator::4.8,AddCasingLighting,Add Casing Lighting,Toggle,1,True,0
AB::RoofTopSignGenerator::4.8,CasingLightStyle,Light Style,Menu,1,0,2
AB::RoofTopSignGenerator::4.8,SignFrontColor,Sign,Float,3,0.5;0.5;0.5,0
AB::RoofTopSignGenerator::4.8,SignCasing,Sign Casing,Float,3,0.2;0.2;0.2,0
AB::RoofTopSignGenerator::4.8,SignNeon,Sign Neon,Float,3,1.0;0.0;0.0,0
AB::RoofTopSignGenerator::4.8,TopSignFont,Font,String,1,Arial,0
AB::RoofTopSignGenerator::4.8,TopSignText,Top Text,String,1,The ,0
AB::RoofTopSignGenerator::4.8,TopSignTextLOD,Font Res,Float,1,1.0,0
AB::RoofTopSignGenerator::4.8,TopSignFontSize,Font Size,Float,1,0.75,0
AB::RoofTopSignGenerator::4.8,sepparm2,,Separator,0,,0
AB::RoofTopSignGenerator::4.8,top_add_div,Divide Polygons,Toggle,1,True,0
AB::RoofTopSignGenerator::4.8,top_font_extrude_depthscale,Depth Scale,Float,1,0.2,0
AB::RoofTopSignGenerator::4.8,top_font_trans,Transform,Float,3,-4.0;-0.5;0.0,0
AB::RoofTopSignGenerator::4.8,MiddleSignFont,Font,String,1,Arial,0
AB::RoofTopSignGenerator::4.8,MiddleSignText,Text,String,1,Barclay,0
AB::RoofTopSignGenerator::4.8,MiddleSignFontRes,Font Res,Float,1,1.0,0
AB::RoofTopSignGenerator::4.8,MiddleSignFontSize,Font Size,Float,1,1.5,0
AB::RoofTopSignGenerator::4.8,sepparm4,,Separator,0,,0
AB::RoofTopSignGenerator::4.8,mid_add_div,Divide Polygons,Toggle,1,True,0
AB::RoofTopSignGenerator::4.8,mid_font_extrude_depthscale,Depth Scale,Float,1,0.2,0
AB::RoofTopSignGenerator::4.8,mid_font_trans,Transform,Float,3,0.0;0.0;0.0,0
AB::RoofTopSignGenerator::4.8,BottomSignFont,Font,String,1,Arial,0
AB::RoofTopSignGenerator::4.8,BottomSignText,Text,String,1,Hotel,0
AB::RoofTopSignGenerator::4.8,BottomSignFontRes,Font Res,Float,1,1.0,0
AB::RoofTopSignGenerator::4.8,BottomSignFontSize,Font Size,Float,1,1.25,0
AB::RoofTopSignGenerator::4.8,sepparm8,,Separator,0,,0
AB::RoofTopSignGenerator::4.8,bot_add_div,Divide Polygons,Toggle,1,True,0
AB::RoofTopSignGenerator::4.8,bot_font_extrude_depthscale,Depth Scale,Float,1,0.2,0
AB::RoofTopSignGenerator::4.8,bot_font_trans,Transform,Float,3,2.0;0.25;0.0,0
AB::RoofTopSignGenerator::4.8,second_angle_translater,Translate Scalar,Float,1,0.5,0
AB::RoofVentGenerator::3.0,MaterialStyle,Material Style,Menu,1,0,3
AB::RoofVentGenerator::3.0,PropTypeToolMode,Prop Type,Int,1,0,0
AB::RoofVentGenerator::3.0,ToolModeOn,Tool Mode On,Toggle,1,False,0
AB::RoofVentGenerator::3.0,uv_layout_on,UV Layout,Toggle,1,False,0
AB::RoofVentGenerator::3.0,light_map_uvs,Light Maps On,Toggle,1,False,0
AB::RoofVentGenerator::3.0,vis_uvs,Vis UV,Toggle,1,False,0
AB::RoofVentGenerator::3.0,use_color,Use Color,Toggle,1,True,0
AB::RoofVentGenerator::3.0,vent_style,Vent Style,Menu,1,0,3
AB::RoofVentGenerator::3.0,core_size,Core Vent Size,Float,1,0.5,0
AB::RoofVentGenerator::3.0,height_adj,Height Adjustment,Float,1,0.0,0
AB::RoofVentGenerator::3.0,extension_ext,Extension Amount,Float,1,0.5,0
AB::RoofVentGenerator::3.0,opening_thickness,Opening Thickness,Float,1,0.05,0
AB::RoofVentGenerator::3.0,dist,Distance,Float,1,0.2,0
AB::RoofVentGenerator::3.0,vent_grill_num,Vent Grill Bars,Int,1,5,0
AB::RoofVentGenerator::3.0,cuspangle3,Normal Angle,Float,1,22.0,0
AB::RoofVentGenerator::3.0,sepparm,,Separator,0,,0
AB::RoofVentGenerator::3.0,radscale,Radius Scale,Float,1,1.0,0
AB::RoofVentGenerator::3.0,height,Height,Float,1,1.0,0
AB::RoofVentGenerator::3.0,cols2,Columns,Int,1,24,0
AB::RoofVentGenerator::3.0,offset,Top Bevel Amount,Float,1,0.5,0
AB::RoofVentGenerator::3.0,filletshape,Shape,Menu,1,4,5
AB::RoofVentGenerator::3.0,divisions,Divisions,Int,1,6,0
AB::RoofVentGenerator::3.0,convexity,Convexity,Float,1,1.0,0
AB::RoofVentGenerator::3.0,top_inset_amount,Inset,Float,1,0.084,0
AB::RoofVentGenerator::3.0,top_inset_septh,Top Inset Depth,Float,1,-0.1,0
AB::RoofVentGenerator::3.0,top_height_adj,Top Height Adjustment,Float,1,0.0,0
AB::RoofVentGenerator::3.0,cuspangle2,Normal Angle,Float,1,33.0,0
AB::RoofVentGenerator::3.0,sepparm4,,Separator,0,,0
AB::RoofVentGenerator::3.0,labelparm4,Colors,Label,1,,0
AB::RoofVentGenerator::3.0,color,Main Body,Float,3,0.1;0.1;0.1,0
AB::RoofVentGenerator::3.0,color2,Inset,Float,3,0.5;0.0;0.0,0
AB::RoofVentGenerator::3.0,color3,Top,Float,3,0.5;0.5;0.5,0
AB::RoofVentGenerator::3.0,sepparm2,,Separator,0,,0
AB::RoofVentGenerator::3.0,radscale2,Radius Scale,Float,1,1.0,0
AB::RoofVentGenerator::3.0,height2,Height,Float,1,1.0,0
AB::RoofVentGenerator::3.0,cols3,Columns,Int,1,12,0
AB::RoofVentGenerator::3.0,dist2,Stripe Thickness,Float,1,0.868,0
AB::RoofVentGenerator::3.0,dist3,Top Distance,Float,1,0.868,0
AB::RoofVentGenerator::3.0,newparameter,Add Top Bevel,Toggle,1,True,0
AB::RoofVentGenerator::3.0,offset2,Distance,Float,1,0.04,0
AB::RoofVentGenerator::3.0,filletshape2,Shape,Menu,1,3,5
AB::RoofVentGenerator::3.0,divisions2,Divisions,Int,1,1,0
AB::RoofVentGenerator::3.0,cuspangle,Normal Angle,Float,1,22.0,0
AB::RoofVentGenerator::3.0,sepparm5,,Separator,0,,0
AB::RoofVentGenerator::3.0,labelparm5,Colors,Label,1,,0
AB::RoofVentGenerator::3.0,color6,Main Body,Float,3,0.75;0.0;0.0,0
AB::RooftopMechanicals::3.0,AB_RooftopMechanicals,Rooftop Mechanicals,Label,1,,0
AB::RooftopMechanicals::3.0,PropTypeToolMode,Prop Type,Int,1,0,0
AB::RooftopMechanicals::3.0,ToolModeOn,Tool Mode On,Toggle,1,False,0
AB::RooftopMechanicals::3.0,uv_layout_on,UV Layout,Toggle,1,False,0
AB::RooftopMechanicals::3.0,light_map_uvs,Light Maps On,Toggle,1,False,0
AB::RooftopMechanicals::3.0,vis_uvs,Vis UV,Toggle,1,False,0
AB::RooftopMechanicals::3.0,use_color,Use Color,Toggle,1,True,0
AB::RooftopMechanicals::3.0,sepparm3,,Separator,0,,0
AB::RooftopMechanicals::3.0,GeometryOptions,Geometry Options,Label,1,,0
AB::RooftopMechanicals::3.0,sepparm4,,Separator,0,,0
AB::RooftopMechanicals::3.0,ACMainBodyWidth,Main Body Width,Float,1,3.0,0
AB::RooftopMechanicals::3.0,ACMainBodyHeight,Main Body Height,Float,1,2.0,0
AB::RooftopMechanicals::3.0,ACMainBodyLength,Main Body Length,Float,1,6.0,0
AB::RooftopMechanicals::3.0,PipesLengthMin,Pipes Length Min,Float,1,1.0,0
AB::RooftopMechanicals::3.0,PipesLengthMax,Pipes Length Max,Float,1,3.0,0
AB::RooftopMechanicals::3.0,PipesSizeMin,Pipes Size Min,Float,1,0.1,0
AB::RooftopMechanicals::3.0,PipesSizeMax,Pipes Size Max,Float,1,0.2,0
AB::RooftopMechanicals::3.0,PipePlacementSeed,Pipe Seed,Int,1,96,0
AB::RooftopMechanicals::3.0,sepparm,,Separator,0,,0
AB::RooftopMechanicals::3.0,ColorOptions,Color Options,Label,1,,0
AB::RooftopMechanicals::3.0,sepparm2,,Separator,0,,0
AB::RooftopMechanicals::3.0,PipesRandomColor,Pipes Color Ramp,Ramp,1,6,0
AB::RooftopMechanicals::3.0,Pipe_Ends_Color,Pipe Ends Color,Ramp,1,2,0
AB::RooftopMechanicals::3.0,Nuts_Bolts_Color,Nuts Bolts Color,Ramp,1,2,0
AB::RooftopMechanicals::3.0,MainBodyColor,Main Body,Float,3,0.333;0.333;0.333,0
AB::RooftopMechanicals::3.0,FanGrateColor,Fan Grate,Float,3,0.333;0.333;0.333,0
AB::RooftopMechanicals::3.0,FanBezelColor,Fan Bezel,Float,3,0.333;0.333;0.333,0
AB::SateliteDishGenerator::3.0,MaterialStyle,Material Style,Menu,1,0,3
AB::SateliteDishGenerator::3.0,PropTypeToolMode,Prop Type,Int,1,0,0
AB::SateliteDishGenerator::3.0,ToolModeOn,Tool Mode On,Toggle,1,False,0
AB::SateliteDishGenerator::3.0,uv_layout_on,UV Layout,Toggle,1,False,0
AB::SateliteDishGenerator::3.0,light_map_uvs,Light Maps On,Toggle,1,False,0
AB::SateliteDishGenerator::3.0,vis_uvs,Vis UV,Toggle,1,False,0
AB::SateliteDishGenerator::3.0,use_color,Use Color,Toggle,1,True,0
AB::ShippingContainers::4.0,color,Color,Float,3,0.3;0.075;0.075,0
AB::SidewalkProcessor::1.0,objpath1,Object 1,String,1,../../SidewalksOut1,0
AB::SignHighway::2.0,MaterialStyle,Material Style,Menu,1,0,3
AB::SignHighway::2.0,UVLayoutOn,UV Layout On,Toggle,1,False,0
AB::SignHighway::2.0,HwySignWidth,Sign Width,Float,1,4.0,0
AB::SignHighway::2.0,HwySignHeight,Sign Height,Float,1,2.0,0
AB::SignHighway::2.0,VerticalBackSupports,Vertical Back Supports,Int,1,5,0
AB::SignHighway::2.0,HorizontalBackSupports,Horizontal Back Supports,Int,1,4,0
AB::SignHighway::2.0,PlatformFrameWidth,Platform Frame Width ,Float,1,0.03,0
AB::SignHighway::2.0,PlatformFrameHeight,Platform Frame Height,Float,1,0.05,0
AB::SignHighway::2.0,PlatformMetalGridWidth,Grid Width,Int,1,10,0
AB::SignHighway::2.0,PlatformMetalGridDepth,Grid Depth,Int,1,20,0
AB::SignHighway::2.0,AddBevels,Add Bevels,Toggle,1,True,0
AB::SignHighway::2.0,Triangulate,Triangulate,Toggle,1,False,0
AB::SignHighway::2.0,LightCasingColor,Light Casing,Float,3,0.5;0.5;0.5,0
AB::SignHighway::2.0,LightEmitColor,Light Emit,Float,3,1.0;0.8815;0.763,0
AB::SignHighway::2.0,LightPipeColor,Light Pipe,Float,3,0.75;0.75;0.75,0
AB::SignHighway::2.0,PlatformMetalColor,Platform Metal,Float,3,0.5;0.5;0.5,0
AB::SignHighway::2.0,MetalSupportColor,Metal Support,Float,3,0.5;0.5;0.5,0
AB::SignHighway::2.0,SignBackColor,Sign Back,Float,3,0.2;0.2;0.2,0
AB::SignHighway::2.0,SignFrontColor,Sign Front,Float,3,0.075;0.269;0.075,0
AB::SignHighway::2.0,WhiteReflectiveColor,Reflective,Float,3,1.0;1.0;1.0,0
AB::SignLibrary::1.0,LibraryFile,Library File,String,1,$ASSETBASH/config/signs_library.csv,0
AB::SignLibrary::1.0,SetFilter,Set,String,1,Any,7
AB::SignLibrary::1.0,ShapeFilter,Shape,String,1,Any,9
AB::SignLibrary::1.0,HideDecals,Hide Decals,Toggle,1,True,0
AB::SignLibrary::1.0,SizeClass,Size Class,String,1,conventional,5
AB::SignLibrary::1.0,TracedDir,Traced Profiles,String,1,$AB_SIGNS/_Traced,0
AB::SignLibrary::1.0,Sign,Sign,String,1,X01A01,0
AB::SignLibrary::1.0,Width,Width,Float,1,0.0,0
AB::SignLibrary::1.0,Thickness,Thickness,Float,1,0.004,0
AB::SignLibrary::1.0,CornerRadius,Corner Radius,Float,1,0.03,0
AB::SignLibrary::1.0,ChamferSize,Edge Chamfer,Float,1,0.001,0
AB::SignLibrary::1.0,MatFront,Material Front,String,1,"opfullpath(""./matnet/SignFrontMat"")",0
AB::SignLibrary::1.0,MatBack,Material Back,String,1,"opfullpath(""./matnet/SignBackMat"")",0
AB::SignLibrary::1.0,InfoName,Name,String,1,"details(""./ReadLibrary"", ""sign_name"")",0
AB::SignLibrary::1.0,InfoShape,Shape,String,1,"details(""./ReadLibrary"", ""sign_shape"")",0
AB::SignLibrary::1.0,InfoTexture,Texture,String,1,"details(""./ReadLibrary"", ""sign_texture"")",0
AB::SignLibrary::1.0,InfoSizeSource,Size Source,String,1,"details(""./ReadLibrary"", ""size_source"")",0
AB::SignLibrary::1.0,InfoWarning,Warning,String,1,"ifs(detail(""./ReadLibrary"",""traced_missing"",0), ""no traced profile - using a Rectangle stand-in"", """")",0
AB::SignLibrary::1.0,InfoAspect,Aspect,Float,1,0.0,0
AB::SignPlate::1.0,Shape,Shape,Menu,1,0,7
AB::SignPlate::1.0,Width,Width,Float,1,0.76,0
AB::SignPlate::1.0,Aspect,Aspect,Float,1,1.0,0
AB::SignPlate::1.0,Thickness,Thickness,Float,1,0.012,0
AB::SignPlate::1.0,CornerRadius,Corner Radius,Float,1,0.02,0
AB::SignPlate::1.0,CornerDivs,Corner Divisions,Int,1,8,0
AB::SignPlate::1.0,ChamferSize,Edge Chamfer,Float,1,0.001,0
AB::SignPlate::1.0,UMin,U Min,Float,1,0.0,0
AB::SignPlate::1.0,VMin,V Min,Float,1,0.0,0
AB::SignPlate::1.0,UMax,U Max,Float,1,1.0,0
AB::SignPlate::1.0,VMax,V Max,Float,1,1.0,0
AB::SignPlate::1.0,SignCode,Sign Code,String,1,,0
AB::SignPlate::1.0,SignName,Sign Name,String,1,,0
AB::SignPlate::1.0,SignShapeName,Shape Name,String,1,,0
AB::SignPlate::1.0,TexturePath,Texture Path,String,1,,0
AB::SignPlate::1.0,TracedFile,Traced Profile File,String,1,,0
AB::SignPlate::1.0,MatFront,Material Front,String,1,,0
AB::SignPlate::1.0,MatBack,Material Back,String,1,,0
AB::SignPlate::1.0,ProfileBranch,Profile Branch,Int,1,0,0
AB::SignPlate::1.0,ShapeDivs,Shape Divisions,Int,1,0,0
AB::SignPlate::1.0,ShapeRotate,Shape Rotate,Float,1,0.0,0
AB::SimplePipe::2.0,main_shape,Main Shape,Menu,1,0,2
AB::SimplePipe::2.0,pipe_rad,Pipe Radius,Float,1,0.1,0
AB::SimplePipe::2.0,leng_1,Length 1,Float,1,1.0,0
AB::SimplePipe::2.0,leng_2,Length 2,Float,1,1.0,0
AB::SimplePipe::2.0,leng_3,Length 3,Float,1,1.0,0
AB::SimplePipe::2.0,sepparm,,Separator,0,,0
AB::SimplePipe::2.0,elb_rad_1,Elbow radius 1,Float,1,1.0,0
AB::SimplePipe::2.0,elb_rad_2,Elbow radius 2,Float,1,1.0,0
AB::SimplePipe::2.0,sepparm2,,Separator,0,,0
AB::SimplePipe::2.0,add_flange,Add Flange,Toggle,1,True,0
AB::SimplePipe::2.0,flange_len,Flange Length,Float,1,1.0,0
AB::SimplePipe::2.0,flange_scale,Flange Scale,Float,1,2.0,0
AB::SimplePipe::2.0,flange_bev,Flange Bevel,Float,1,0.1,0
AB::SingleBlockGenerator::2.0,MaterialStyle,Material Style,Menu,1,0,3
AB::SingleBlockGenerator::2.0,PackOn,Pack On,Toggle,1,False,0
AB::SingleBlockGenerator::2.0,UVLayoutOn,UV Layout On,Toggle,1,False,0
AB::SingleBlockGenerator::2.0,BlockLength,Block Length,Float,1,100.0,0
AB::SingleBlockGenerator::2.0,BlockWidth,Block Width,Float,1,100.0,0
AB::SingleBlockGenerator::2.0,CurbRadius,Curb Radius,Float,1,2.0,0
AB::SingleBlockGenerator::2.0,AddStreetProps,Add Street Props,Toggle,1,False,0
AB::SingleBlockGenerator::2.0,AddPadDetails,Add Pad Details,Toggle,1,False,0
AB::SkylightGenerator::2.0,MaterialStyle,Material Style,Menu,1,0,3
AB::SkylightGenerator::2.0,work_mode,Work Mode,Menu,1,0,2
AB::SkylightGenerator::2.0,uv_layout_on,UV Layout,Toggle,1,False,0
AB::SkylightGenerator::2.0,lightmaps_on,Lightmaps On,Toggle,1,False,0
AB::SkylightGenerator::2.0,vis_uv,Vis UV,Toggle,1,False,0
AB::SkylightGenerator::2.0,use_color,Use Color,Toggle,1,True,0
AB::SkylightGenerator::2.0,PackGeo,Pack Geo,Toggle,1,True,0
AB::SkylightGenerator::2.0,width,Width,Float,1,4.0,0
AB::SkylightGenerator::2.0,SideWallHeight,Side Wall Height,Float,1,1.0,0
AB::SkylightGenerator::2.0,PeakWallHeight,Peak Height,Float,1,1.0,0
AB::SkylightGenerator::2.0,depth,Depth,Float,1,6.0,0
AB::SkylightGenerator::2.0,divs,Windows,Int,1,4,0
AB::SkylightGenerator::2.0,inset1,Frame Inset 1,Float,1,0.05,0
AB::SkylightGenerator::2.0,inset2,Frame Inset 2,Float,1,0.01,0
AB::SkylightGenerator::2.0,inset3,Frame Inset 3,Float,1,0.075,0
AB::SkylightGenerator::2.0,dist,Glass Frame Depth,Float,1,0.04,0
AB::SkylightGenerator::2.0,sepparm,,Separator,0,,0
AB::SkylightGenerator::2.0,labelparm,Bevel Options,Label,1,,0
AB::SkylightGenerator::2.0,add_bev,Add Bevels,Toggle,1,True,0
AB::SkylightGenerator::2.0,bev_size,Bevel Size,Float,1,0.002,0
AB::SkylightGenerator::2.0,filletshape,Shape,Menu,1,3,6
AB::SkylightGenerator::2.0,divisions,Divisions,Int,1,2,0
AB::SkylightGenerator::2.0,sepparm2,,Separator,0,,0
AB::SkylightGenerator::2.0,labelparm2,Color Options,Label,1,,0
AB::SkylightGenerator::2.0,EmitInt,Emission Intensity,Float,1,1.0,0
AB::SkylightGenerator::2.0,metal_color,Metal,Float,3,0.2;0.2;0.2,0
AB::SkylightGenerator::2.0,EmitColor,Emit Color,Float,3,1.0;0.824875;0.533,0
AB::SkylightGenerator::2.0,glass_color,Glass,Float,3,0.75;0.8;1.0,0
AB::SkyscraperGenerator::2.1,FT_BuildingStyle,Building Style,Menu,1,0,4
AB::SkyscraperGenerator::2.1,MaterialStyle,Material Style,Menu,1,0,3
AB::SkyscraperGenerator::2.1,UVStyleMenu,UV Style,Menu,1,1,3
AB::SkyscraperGenerator::2.1,ToolModeOn,Tool Mode,Toggle,1,False,0
AB::SkyscraperGenerator::2.1,LightmapsOn,Lightmaps On,Toggle,1,False,0
AB::SkyscraperGenerator::2.1,UVLayoutOn,UV Layout On,Toggle,1,False,0
AB::SkyscraperGenerator::2.1,VisUV,Vis UV,Toggle,1,False,0
AB::SkyscraperGenerator::2.1,AddBuildingBase,Add Base,Toggle,1,False,0
AB::SkyscraperGenerator::2.1,BuildingOptions,Building Options,Label,1,,0
AB::SkyscraperGenerator::2.1,BuildingWidth,Building Width,Float,1,100.0,0
AB::SkyscraperGenerator::2.1,BuildingDepth,Building Depth,Float,1,100.0,0
AB::SkyscraperGenerator::2.1,BldCornerSize,Corner Size,Float,1,100.0,0
AB::SkyscraperGenerator::2.1,BuildingHeight,Building Height,Int,1,300,0
AB::SkyscraperGenerator::2.1,GF_Height,Ground Flr. Height,Int,1,20,0
AB::SkyscraperGenerator::2.1,TF_Height,Top Flr Height,Int,1,10,0
AB::SkyscraperGenerator::2.1,TP_Height,Top Height,Int,1,10,0
AB::SkyscraperGenerator::2.1,MainModuleHeight,Module Height,Int,1,6,0
AB::SkyscraperGenerator::2.1,MainModuleWidth,Module Width,Float,1,10.0,0
AB::SkyscraperGenerator::2.1,sepparm3,,Separator,0,,0
AB::SkyscraperGenerator::2.1,labelparm2,Roof Options,Label,1,,0
AB::SkyscraperGenerator::2.1,RoofStyle,Roof Style,Menu,1,0,3
AB::SkyscraperGenerator::2.1,AddGuardRail,Add Guard Rail,Toggle,1,True,0
AB::SkyscraperGenerator::2.1,inset,Inset 1,Float,1,2.0,0
AB::SkyscraperGenerator::2.1,dist2,Extrude 1,Float,1,20.0,0
AB::SkyscraperGenerator::2.1,inset2,Inset 2,Float,1,2.0,0
AB::SkyscraperGenerator::2.1,dist3,Distance 2,Float,1,20.0,0
AB::SkyscraperGenerator::2.1,GuardRailHeight,Guard Rail Height,Float,1,1.0,0
AB::SkyscraperGenerator::2.1,SupportSeperation,Support Seperation,Float,1,2.0,0
AB::SkyscraperGenerator::2.1,RailRadius,Rail Radius,Float,1,0.05,0
AB::SkyscraperGenerator::2.1,div2,Guard Rail Div,Int,1,8,0
AB::SkyscraperGenerator::2.1,div3,Support Div,Int,1,4,0
AB::SkyscraperGenerator::2.1,RF_BarrelVaultHeightAdj,Barrel Vault Height,Float,1,40.0,0
AB::SkyscraperGenerator::2.1,divu,Barrel Vault Res,Int,1,40,0
AB::SkyscraperGenerator::2.1,sepparm5,,Separator,0,,0
AB::SkyscraperGenerator::2.1,labelparm5,Window Options,Label,1,,0
AB::SkyscraperGenerator::2.1,newparameter7,Random Values,Toggle,1,True,0
AB::SkyscraperGenerator::2.1,newparameter4,Select,Int,1,1,0
AB::SkyscraperGenerator::2.1,newparameter5,of,Int,1,2,0
AB::SkyscraperGenerator::2.1,selectoffset1,Offset,Int,1,0,0
AB::SkyscraperGenerator::2.1,sepparm2,,Separator,0,,0
AB::SkyscraperGenerator::2.1,twist,Twist,Float,1,0.0,0
AB::SkyscraperGenerator::2.1,tapermode,Taper Mode,Menu,1,1,2
AB::SkyscraperGenerator::2.1,taper,Taper,Float,1,1.0,0
AB::SkyscraperGenerator::2.1,sepparm,,Separator,0,,0
AB::SkyscraperGenerator::2.1,labelparm,Side Support Options,Label,1,,0
AB::SkyscraperGenerator::2.1,AddSideSupports,Add Side Supports,Toggle,1,False,0
AB::SkyscraperGenerator::2.1,scale,Main Support Radius,Float,1,1.0,0
AB::SkyscraperGenerator::2.1,divs,Support Divisions,Int,1,12,0
AB::SkyscraperGenerator::2.1,dist,Support Interior Lenth,Float,1,8.0,0
AB::SkyscraperGenerator::2.1,segs,Number of Int Supports,Int,1,10,0
AB::SkyscraperGenerator::2.1,radius1,Interior Support Radius,Float,1,0.3,0
AB::SkyscraperGenerator::2.1,div,Int Support Divisions,Int,1,8,0
AB::SkyscraperGenerator::2.1,newparameter2,Bottom Curve Scalar,Float,1,0.165,0
AB::SkyscraperGenerator::2.1,newparameter3,Mid Curve Scalar,Float,1,1.0,0
AB::SkyscraperGenerator::2.1,newparameter,Top Curve Scalar,Float,1,0.165,0
AB::SkyscraperGenerator::2.1,sepparm4,,Separator,0,,0
AB::SkyscraperGenerator::2.1,labelparm4,Color Options,Label,1,,0
AB::SkyscraperGenerator::2.1,color6,Concrete,Float,3,0.333;0.333;0.333,0
AB::SkyscraperGenerator::2.1,color_GuardRail,Guard Rail,Float,3,0.2;0.2;0.2,0
AB::SkyscraperGenerator::2.1,color4,Walls,Float,3,0.2;0.2;0.2,0
AB::SkyscraperGenerator::2.1,color5,Roof,Float,3,0.2;0.2;0.2,0
AB::SkyscraperGenerator::2.1,color3,Window Frames,Float,3,0.075;0.3;0.3,0
AB::SkyscraperGenerator::2.1,color2,Window Glass Lit,Float,3,1.0;1.0;0.0,0
AB::SkyscraperGenerator::2.1,color,Windows Glass Unlit,Float,3,0.0;1.0;1.0,0
AB::SkyscraperGenerator::2.1,SideTowerRadius,Side Tower Radius,Float,1,8.0,0
AB::SkyscraperGenerator::2.1,twist2,Twist,Float,1,0.0,0
AB::SkyscraperGenerator::2.1,tapermode2,Mode,Menu,1,1,2
AB::SkyscraperGenerator::2.1,taper2,Taper,Float,1,1.0,0
AB::SkyscraperGenerator::2.1,newparameter6,Corner Size,Float,1,20.0,0
AB::SkyscraperGenerator::2.1,AdjustWidthCurves,Adjust Width Curve,Float,1,20.0,0
AB::SkyscraperGenerator::2.1,inset3,Window Frame Thickness,Float,1,0.4,0
AB::SkyscraperGenerator::2.1,twist3,Twist,Float,1,0.0,0
AB::SkyscraperGenerator::2.1,tapermode3,Mode,Menu,1,1,2
AB::SkyscraperGenerator::2.1,taper3,Taper,Float,1,1.0,0
AB::SkyscraperGenerator::2.1,BuildingStyleSwitch,Building Style Switch,Int,1,0,0
AB::SmallBridgeGenerator::1.0,dist,Length,Float,1,1.0,0
AB::SmallBridgeGenerator::1.0,arc_height,Arc Height,Float,1,0.0,0
AB::SmallBridgeGenerator::1.0,segs,Number of Planks,Int,1,22,0
AB::SmallBridgeGenerator::1.0,plank_length,Plank Length,Float,1,0.5,0
AB::SmallBridgeGenerator::1.0,plank_height,Plank Height,Float,1,0.01,0
AB::SmallBridgeGenerator::1.0,sepparm,,Separator,0,,0
AB::SmallBridgeGenerator::1.0,bev_opt,Bevel Options,Label,1,,0
AB::SmallBridgeGenerator::1.0,add_bev,Add Bevels,Toggle,1,False,0
AB::SmallBridgeGenerator::1.0,offsetmode,Offset,Menu,1,0,2
AB::SmallBridgeGenerator::1.0,bev_amt,Bevel Amount,Float,1,0.0,0
AB::SolarPanelGenerator::3.0,MaterialStyle,Material Style,Menu,1,0,3
AB::SolarPanelGenerator::3.0,PropTypeToolMode,Prop Type,Int,1,0,0
AB::SolarPanelGenerator::3.0,ToolModeOn,Tool Mode On,Toggle,1,False,0
AB::SolarPanelGenerator::3.0,uv_layout_on,UV Layout,Toggle,1,False,0
AB::SolarPanelGenerator::3.0,light_map_uvs,Light Maps On,Toggle,1,False,0
AB::SolarPanelGenerator::3.0,vis_uvs,Vis UV,Toggle,1,False,0
AB::SolarPanelGenerator::3.0,use_color,Use Color,Toggle,1,True,0
AB::SolarPanelGenerator::3.0,mainpanel_width,Main Panel Width,Float,1,3.0,0
AB::SolarPanelGenerator::3.0,mainpanel_height,Main Panel Height,Float,1,1.0,0
AB::SolarPanelGenerator::3.0,mainpanel_depth,Main Panel Depth,Float,1,0.05,0
AB::SolarPanelGenerator::3.0,num_of_legs,Number of Legs,Int,1,6,0
AB::SolarPanelGenerator::3.0,panel_angle,Panel Angle,Int,1,35,0
AB::SolarPanelGenerator::3.0,main_panel_divisions,Main Panel Divisions,Int,1,5,0
AB::SolarPanelGenerator::3.0,main_panel_divisions2,Second Panel Divisions,Int,1,5,0
AB::SolarPanelGenerator::3.0,cols,Solar Panel Div Vert.,Int,1,4,0
AB::SolarPanelGenerator::3.0,rows,Solar Panel Div Horiz.,Int,1,4,0
AB::SpaceFillingCircuit::1.0,startpts,Start Points,String,1,0-3,0
AB::SpaceFillingCircuit::1.0,resimulate,Reset Simulation,Button,1,,0
AB::SpaceFillingCircuit::1.0,speed,Speed,Float,1,0.1,0
AB::SpaceFillingCircuit::1.0,rotate_chance,Rotate Chance,Float,1,0.25,0
AB::SpaceFillingCircuit::1.0,steps_between_bends,Steps Between Bends,Int,1,3,0
AB::SpaceFillingCircuit::1.0,seed,Seed,Float,1,0.422,0
AB::SpaceFillingCircuit::1.0,WireColor,Wire Color,Ramp,1,2,0
AB::SplashTool::1.0,particlesep,Particle Separation,Float,1,0.03,0
AB::SplashTool::1.0,radiusscale,Particle Radius Scale,Float,1,1.2,0
AB::SplashTool::1.0,gridscale,Grid Scale,Float,1,1.5,0
AB::SplashTool::1.0,initvel,Initialize Velocity,Toggle,1,True,0
AB::SplashTool::1.0,velocity,Initial Velocity,Float,3,0.0;10.0;5.0,0
AB::SplashTool::1.0,minimumsubsteps,Min Substeps,Int,1,1,0
AB::SplashTool::1.0,substeps,Max Substeps,Int,1,2,0
AB::StairGenerator::1.0,stairType,Stair Type,Menu,1,0,3
AB::StairGenerator::1.0,stairBaseLength,Stair Base Length,Float,1,2.0,0
AB::StairGenerator::1.0,numStair,Stair Quantity,Int,1,10,0
AB::StairGenerator::1.0,stairWidth,Stair Width,Float,1,2.0,0
AB::StairGenerator::1.0,collOn,Collison Geo On,Toggle,1,False,0
AB::StairGenerator::1.0,lMapsOn,Lightmaps On,Toggle,1,False,0
AB::StairGenerator::1.0,addLeft,Add Left,Toggle,1,False,0
AB::StairGenerator::1.0,addRight,Add Right,Toggle,1,False,0
AB::StairGenerator::1.0,addBack,Add Back,Toggle,1,False,0
AB::StairwayTops::3.0,MaterialStyle,Material Style,Menu,1,0,3
AB::StairwayTops::3.0,PropTypeToolMode,Prop Type,Int,1,0,0
AB::StairwayTops::3.0,ToolModeOn,Tool Mode On,Toggle,1,False,0
AB::StairwayTops::3.0,uv_layout_on,UV Layout,Toggle,1,False,0
AB::StairwayTops::3.0,light_map_uvs,Light Maps On,Toggle,1,False,0
AB::StairwayTops::3.0,vis_uvs,Vis UV,Toggle,1,False,0
AB::StairwayTops::3.0,use_color,Use Color,Toggle,1,True,0
AB::StairwayTops::3.0,sepparm3,,Separator,0,,0
AB::StairwayTops::3.0,labelparm3,Building Options,Label,1,,0
AB::StairwayTops::3.0,WallBevelsOn,Wall Bevels On,Toggle,1,True,0
AB::StairwayTops::3.0,RoofBevelsOn,Roof Bevels On,Toggle,1,True,0
AB::StairwayTops::3.0,stairweel_top_width,Stairwell Top Width,Float,1,4.0,0
AB::StairwayTops::3.0,stairweel_top_depth,Stairwell Top Depth,Float,1,4.0,0
AB::StairwayTops::3.0,stairweel_top_height,Stairwell Top Height,Float,1,3.0,0
AB::StairwayTops::3.0,roof_overhang,Roof Overhang,Float,1,0.1,0
AB::StairwayTops::3.0,roof_overhang_height,Roof Overhang Height,Float,1,0.3,0
AB::StairwayTops::3.0,RoofSlopeAmount,Roof Slope,Float,1,1.0,0
AB::StairwayTops::3.0,sepparm2,,Separator,0,,0
AB::StairwayTops::3.0,DoorOptionsLabel,Door Options,Label,1,,0
AB::StairwayTops::3.0,handle_side,Handle Position,Menu,1,0,2
AB::StairwayTops::3.0,DoorPlaneOn,Door Plane On,Toggle,1,False,0
AB::StairwayTops::3.0,CM_DoorDepth,Door Depth,Float,1,0.1,0
AB::StairwayTops::3.0,CM_doorStileWidth,Stile Width,Float,1,0.15,0
AB::StairwayTops::3.0,CM_DoorBottomRail,Bottom Rail,Float,1,0.4,0
AB::StairwayTops::3.0,CM_DoorTopRail,Top Rail,Float,1,0.15,0
AB::StairwayTops::3.0,door_height,Door Height,Float,1,2.0,0
AB::StairwayTops::3.0,door_width,Door Width,Float,1,1.0,0
AB::StairwayTops::3.0,sepparm5,,Separator,0,,0
AB::StairwayTops::3.0,labelparm2,Window Options,Label,1,,0
AB::StairwayTops::3.0,win_wall_choice,Window Wall,Menu,1,0,3
AB::StairwayTops::3.0,window_width,Window Width,Float,1,2.0,0
AB::StairwayTops::3.0,window_height,Window Height,Float,1,1.0,0
AB::StairwayTops::3.0,window_depth,Window Depth,Float,1,0.1,0
AB::StairwayTops::3.0,inset,Window Frame Thickness,Float,1,0.05,0
AB::StairwayTops::3.0,num_of_rows,Slat Amount,Int,1,20,0
AB::StairwayTops::3.0,sepparm,,Separator,0,,0
AB::StairwayTops::3.0,labelparm,Colors,Label,1,,0
AB::StairwayTops::3.0,CM_DoorFrameColor,Door Frame,Float,3,0.333;0.333;0.333,0
AB::StairwayTops::3.0,CM_DoorGlassColor,Glass,Float,3,0.66;0.78;0.96,0
AB::StairwayTops::3.0,ConcreteStepColor,Concrete Step,Float,3,0.333;0.333;0.333,0
AB::StairwayTops::3.0,DoorColor,Door,Float,3,0.8;0.8;0.8,0
AB::StairwayTops::3.0,GlowPlaneColor,Glow Plane,Float,3,1.0;0.88968;0.409,0
AB::StairwayTops::3.0,RoofTopColor,Roof Top,Float,3,0.1;0.1;0.1,0
AB::StairwayTops::3.0,RoofSidesColor,Roof Sides,Float,3,0.33;0.33;0.33,0
AB::StairwayTops::3.0,walls_color,Walls,Float,3,0.75;0.75;0.75,0
AB::StairwayTops::3.0,WallsInteriorColor,Walls Interior,Float,3,1.0;1.0;1.0,0
AB::StairwayTops::3.0,WallLowerBand,Wall Lower Band,Float,3,0.33;0.33;0.33,0
AB::StairwayTops::3.0,WindowColor,Window,Float,3,0.2;0.2;0.2,0
AB::StairwayTops::3.0,sepparm4,,Separator,0,,0
AB::StairwayTops::3.0,ConcreteStepUEMat,Concrete Step UE Mat,String,1,MaterialInstanceConstant'/Game/Materials/Concretes/Concrete_ORM-001.Concrete_ORM-001',0
AB::StairwayTops::3.0,RoofUE_Mat,Roof UE Mat,String,1,MaterialInstanceConstant'/Game/Materials/WallsInterior/Walls_InteriorPlaster-001.Walls_InteriorPlaster-001',0
AB::StairwayTops::3.0,DoorPlaneUEMat,Door Plane UE Mat,String,1,MaterialInstanceConstant'/Game/Materials/Concretes/Concrete_ORM-001.Concrete_ORM-001',0
AB::StreetLightGenerator::2.2,WorkMode,Work Mode,Menu,1,0,2
AB::StreetLightGenerator::2.2,MaterialStyle,Material Style,Menu,1,0,2
AB::StreetLightGenerator::2.2,LightStyle,Light Style,Menu,1,0,2
AB::StreetLightGenerator::2.2,uv_layout_one,UV Layout,Toggle,1,False,0
AB::StreetLightGenerator::2.2,lightmaps_on,Light Maps On,Toggle,1,False,0
AB::StreetLightGenerator::2.2,vis_uvs,Vis UV,Toggle,1,False,0
AB::StreetLightGenerator::2.2,newparameter,Use Color,Toggle,1,True,0
AB::StreetLightGenerator::2.2,add_bevels,Add Bevels,Toggle,1,False,0
AB::StreetLightGenerator::2.2,sepparm8,,Separator,0,,0
AB::StreetLightGenerator::2.2,TrafficLightStyle,Traffic Light Style,Menu,1,0,3
AB::StreetLightGenerator::2.2,TrafficLight_01,TrafficLight 01,Label,1,,0
AB::StreetLightGenerator::2.2,labelparm,Structure Adjustments,Label,1,,0
AB::StreetLightGenerator::2.2,light_base_width,Light Base Width,Float,1,0.5,0
AB::StreetLightGenerator::2.2,base_height,Base Height,Float,1,0.5,0
AB::StreetLightGenerator::2.2,light_main_height,Light Main Height,Float,1,4.0,0
AB::StreetLightGenerator::2.2,light_arm_height,Light Arm Height,Float,1,0.1,0
AB::StreetLightGenerator::2.2,light_arm_length,Light Arm Length,Float,1,2.0,0
AB::StreetLightGenerator::2.2,arm_height_offset,Arm Height Offset,Float,1,0.5,0
AB::StreetLightGenerator::2.2,light_width,Light Width,Float,1,2.0,0
AB::StreetLightGenerator::2.2,light_length,Light Length,Float,1,1.5,0
AB::StreetLightGenerator::2.2,light_emit_depth,Light Emitter Depth,Float,1,0.2,0
AB::StreetLightGenerator::2.2,traffic_light_arm_lngth,Traffic Light Arm Length,Float,1,3.0,0
AB::StreetLightGenerator::2.2,sepparm4,,Separator,0,,0
AB::StreetLightGenerator::2.2,add_walk_sign,Add Walk Sign,Toggle,1,True,0
AB::StreetLightGenerator::2.2,walk_sign_attatch_pt,Walk Sign Attatch Point,Int,1,0,0
AB::StreetLightGenerator::2.2,add_cross_button,Add Cross Button,Toggle,1,True,0
AB::StreetLightGenerator::2.2,walk_sign_attatch_pt2,Cross Button Attatch Point,Int,1,0,0
AB::StreetLightGenerator::2.2,add_on_adj,Ad On Adjustments,Label,1,,0
AB::StreetLightGenerator::2.2,light1_adj_z2,Light One Horiz Adjust,Float,1,0.0,0
AB::StreetLightGenerator::2.2,light1_adj_y,Light One Yert Adjust,Float,1,0.0,0
AB::StreetLightGenerator::2.2,light2_adj_Z,Light Two Horiz Adjust,Float,1,0.0,0
AB::StreetLightGenerator::2.2,light2_adj_y,Light Two Yert Adjust,Float,1,0.0,0
AB::StreetLightGenerator::2.2,light2_adj_Z2,Sign One Horiz Adjust,Float,1,0.0,0
AB::StreetLightGenerator::2.2,light2_adj_y2,Sign One Yert Adjust,Float,1,0.0,0
AB::StreetLightGenerator::2.2,light2_adj_Z3,Sign Two Horiz Adjust,Float,1,0.0,0
AB::StreetLightGenerator::2.2,light2_adj_y3,Sign Two Yert Adjust,Float,1,0.0,0
AB::StreetLightGenerator::2.2,light2_adj_Z4,Sign Three Horiz Adjust,Float,1,0.0,0
AB::StreetLightGenerator::2.2,light2_adj_y4,Sign Three Yert Adjust,Float,1,0.0,0
AB::StreetLightGenerator::2.2,sepparm6,,Separator,0,,0
AB::StreetLightGenerator::2.2,TrafficLight_02,TrafficLight 02,Label,1,,0
AB::StreetLightGenerator::2.2,light_b_pole_shape2,Pole Shape,Menu,1,1,2
AB::StreetLightGenerator::2.2,light_b_pole_rad,Pole Radius,Float,1,0.1,0
AB::StreetLightGenerator::2.2,dist,Distance,Float,1,3.0,0
AB::StreetLightGenerator::2.2,sepparm9,,Separator,0,,0
AB::StreetLightGenerator::2.2,TrafficLight_03,Traffic Light 03,Label,1,,0
AB::StreetLightGenerator::2.2,sepparm10,,Separator,0,,0
AB::StreetLightGenerator::2.2,light_c_pole_shape,Pole Shape,Menu,1,1,2
AB::StreetLightGenerator::2.2,dist2,Distance,Float,1,3.0,0
AB::StreetLightGenerator::2.2,light_c_pole_rad2,Pole Radius,Float,1,0.1,0
AB::StreetLightGenerator::2.2,add_croos_light,Add Cross Light,Toggle,1,True,0
AB::StreetLightGenerator::2.2,add_cross_button2,Add Cross Button,Toggle,1,True,0
AB::StreetLightGenerator::2.2,attacth_walk_pt_1,Walk Sight Attach Point,Int,1,0,0
AB::StreetLightGenerator::2.2,attacth_walk_pt_2,Walk Sight Attach Point,Int,1,0,0
AB::StreetLightGenerator::2.2,attacth_walk_pt_3,Cross Button Attach Point,Int,1,0,0
AB::StreetLightGenerator::2.2,sepparm7,,Separator,0,,0
AB::StreetLightGenerator::2.2,StreetLightOptions2,Street Light Options,Label,1,,0
AB::StreetLightGenerator::2.2,sepparm5,,Separator,0,,0
AB::StreetLightGenerator::2.2,StreetLightOptions,Street Light Options,Label,1,,0
AB::StreetLightGenerator::2.2,StreetLightArmLength,Street Light Arm Lenth,Float,1,2.6,0
AB::StreetLightGenerator::2.2,light1_adj_z,Light One Horiz Adjust,Float,1,0.0,0
AB::StreetLightGenerator::2.2,light2_adj_z,Light Two Horiz Adjust,Float,1,0.0,0
AB::StreetLightGenerator::2.2,street_light_style,Street Light Style,Menu,1,0,3
AB::StreetLightGenerator::2.2,traffic_light_arm_lngth2,Traffic Light Arm Length,Float,1,6.0,0
AB::StreetLightGenerator::2.2,light_base_width2,Light Base Width,Float,1,0.75,0
AB::StreetLightGenerator::2.2,base_height2,Base Height,Float,1,1.0,0
AB::StreetLightGenerator::2.2,base_top_inset2,Base Top Inset,Float,1,0.25,0
AB::StreetLightGenerator::2.2,light_main_height2,Light Main Height,Float,1,6.0,0
AB::StreetLightGenerator::2.2,light_arm_height2,Light Arm Height,Float,1,0.2,0
AB::StreetLightGenerator::2.2,light_width2,Light Width,Float,1,3.0,0
AB::StreetLightGenerator::2.2,light_length2,Light Length,Float,1,1.0,0
AB::StreetLightGenerator::2.2,light_emit_depth2,Light Emitter Depth,Float,1,0.1,0
AB::StreetLightGenerator::2.2,arm_height_offset2,Arm Height Offset,Float,1,1.0,0
AB::StreetLightGenerator::2.2,light_arm_length2,Light Arm Length,Float,1,6.0,0
AB::StreetLightGenerator::2.2,street_light_b_height,Height,Float,1,3.0,0
AB::StreetLightGenerator::2.2,liight_stem_style,Light Stem Style,Menu,1,1,2
AB::StreetLightGenerator::2.2,st_light_c_base_width,Base Width,Float,1,0.25,0
AB::StreetLightGenerator::2.2,st_light_c_base_height2,Base Height,Float,1,0.025,0
AB::StreetLightGenerator::2.2,stem_1_height,Stem One Height,Float,1,0.1,0
AB::StreetLightGenerator::2.2,stem_1_height2,Main Stem Height,Float,1,2.0,0
AB::StreetLightGenerator::2.2,stem_1_height3,Light Attachment Height,Float,1,0.1,0
AB::StreetLightGenerator::2.2,stem_height,Stem Height,Float,1,1.0,0
AB::StreetLightGenerator::2.2,stem_depth,Stem Depth,Float,1,1.0,0
AB::StreetLightGenerator::2.2,stem_rad,Stem Radius,Float,1,0.2,0
AB::StreetLightGenerator::2.2,divisions,Radius Resolution,Int,1,12,0
AB::StreetLightGenerator::2.2,radius,Stem Radius,Float,1,0.04,0
AB::StreetLightGenerator::2.2,liht_rad,Light Radius,Float,1,0.1,0
AB::StreetLightGenerator::2.2,sgn1_sizeX,Sign One Width,Float,1,0.75,0
AB::StreetLightGenerator::2.2,sgn1_sizeY,Sign One Height,Float,1,0.5,0
AB::StreetLightGenerator::2.2,sgn1_sizeZ,Sign One Depth,Float,1,0.1,0
AB::StreetLightGenerator::2.2,sign1_border_amt,Sign One Border,Float,1,0.05,0
AB::StreetLightGenerator::2.2,add_sign1_corner_bev,Add Corner Bevels,Toggle,1,True,0
AB::StreetLightGenerator::2.2,sign1_corner_bevel_amt,Sign One Corner Bevel Amt,Float,1,0.02,0
AB::StreetLightGenerator::2.2,sign1_filletshape,Sign Bevel Size,Menu,1,4,5
AB::StreetLightGenerator::2.2,sepparm,,Separator,0,,0
AB::StreetLightGenerator::2.2,sgn2_sizeX2,Sign Two Width,Float,1,0.75,0
AB::StreetLightGenerator::2.2,sgn1_sizeY2,Sign Two Height,Float,1,0.5,0
AB::StreetLightGenerator::2.2,sgn1_sizeZ2,Sign Two Depth,Float,1,0.05,0
AB::StreetLightGenerator::2.2,sign1_border_amt2,Sign Two Border,Float,1,0.05,0
AB::StreetLightGenerator::2.2,add_sign1_corner_bev2,Add Corner Bevels,Toggle,1,True,0
AB::StreetLightGenerator::2.2,sign1_corner_bevel_amt2,Sign Two Corner Bevel Amt,Float,1,0.02,0
AB::StreetLightGenerator::2.2,sign1_filletshape2,Sign Two Bevel Size,Menu,1,4,5
AB::StreetLightGenerator::2.2,sepparm2,,Separator,0,,0
AB::StreetLightGenerator::2.2,sgn2_sizeX3,Sign Three Width,Float,1,0.5,0
AB::StreetLightGenerator::2.2,sgn1_sizeY3,Sign Three Height,Float,1,0.5,0
AB::StreetLightGenerator::2.2,sgn1_sizeZ3,Sign Three Depth,Float,1,0.1,0
AB::StreetLightGenerator::2.2,add_sign1_corner_bev3,Add Corner Bevels,Toggle,1,True,0
AB::StreetLightGenerator::2.2,sign1_corner_bevel_amt3,Sign Three Corner Bevel Amt,Float,1,0.02,0
AB::StreetLightGenerator::2.2,sign1_filletshape3,Sign Three Bevel Size,Menu,1,4,5
AB::StreetLightGenerator::2.2,sign1_border_amt3,Sign Three Border,Float,1,0.1,0
AB::StreetLightGenerator::2.2,sepparm3,,Separator,0,,0
AB::StreetLightGenerator::2.2,light_base_color,Light Metal Color,Float,3,0.075;0.3;0.075,0
AB::StreetLightGenerator::2.2,light_emit_clr1,Light Emit Color,Float,3,1.0;1.0;1.0,0
AB::StreetLightGenerator::2.2,sign1_Front_color,Sign One Front,Float,3,0.0;1.0;0.0,0
AB::StreetLightGenerator::2.2,sign_one_border,Sign One Border,Float,3,1.0;1.0;1.0,0
AB::StreetLightGenerator::2.2,sign_one_back_color,Sign One Back,Float,3,0.05;0.05;0.05,0
AB::StreetLightGenerator::2.2,NumberOfCopies,Street Light Number,Int,1,2,0
AB::StreetLightGenerator::2.2,StreetLightSpacing,Street Light Spacing,Float,1,10.0,0
AB::StreetSignGenerator::3.0,MaterialStyle,Material Style,Menu,1,0,3
AB::StreetSignGenerator::3.0,AddUVLayout,UV Layout,Toggle,1,False,0
AB::StreetSignGenerator::3.0,AddLightmapUVs,Add Lightmaps,Toggle,1,False,0
AB::StreetSignGenerator::3.0,DCCEngine,Engine,Menu,1,0,3
AB::StreetSignGenerator::3.0,VisUVs,UV Quickshade,Toggle,1,False,0
AB::StreetSignGenerator::3.0,AddNameAndPack,Name & Pack,Toggle,1,False,0
AB::StreetSignGenerator::3.0,DelMatPaths,Delete Material Paths,Toggle,1,False,0
AB::StreetSignGenerator::3.0,ColorMaterialID,Material ID Color,Toggle,1,False,0
AB::StreetSignGenerator::3.0,ToolModeOn,Tool Mode On,Toggle,1,False,0
AB::StreetSignGenerator::3.0,second_angle_translater,Translate Scalar,Float,1,0.5,0
AB::StreetSignGenerator::3.0,st_pole_shape,Pole Shape,Menu,1,0,3
AB::StreetSignGenerator::3.0,pole_thick,Pole Thickness,Float,1,0.1,0
AB::StreetSignGenerator::3.0,pole_hgt,Pole Height,Float,1,3.0,0
AB::StreetSignGenerator::3.0,sepparm18,,Separator,0,,0
AB::StreetSignGenerator::3.0,labelparm4,Primary Sign Options,Label,1,,0
AB::StreetSignGenerator::3.0,PrimarySignScale,Primary Sign Scale,Float,1,0.75,0
AB::StreetSignGenerator::3.0,SecondarySignRotateY2,Rotate Y,Float,1,0.0,0
AB::StreetSignGenerator::3.0,AddFrontBolts,Add Front Bolts,Toggle,1,True,0
AB::StreetSignGenerator::3.0,labelparm5,Secondary Sign Options,Label,1,,0
AB::StreetSignGenerator::3.0,AddSecondSign,Add Second Sign,Toggle,1,True,0
AB::StreetSignGenerator::3.0,SecondarySignScale,Secondary Sign Scale,Float,1,0.5,0
AB::StreetSignGenerator::3.0,PrimarySignRotateY,Rotate Y,Float,1,0.0,0
AB::StreetSignGenerator::3.0,LibraryFile,Library File,String,1,$ASSETBASH/config/signs_library.csv,0
AB::StreetSignGenerator::3.0,PrimarySet,Set,String,1,Any,7
AB::StreetSignGenerator::3.0,PrimaryShape,Shape,String,1,Any,9
AB::StreetSignGenerator::3.0,PrimarySign,Sign,String,1,X01A01,0
AB::StreetSignGenerator::3.0,SecondarySet,Set,String,1,Any,7
AB::StreetSignGenerator::3.0,SecondaryShape,Shape,String,1,Any,9
AB::StreetSignGenerator::3.0,SecondarySign,Sign,String,1,X01A03,0
AB::StreetSignGenerator::3.0,SignThickness,Sign Thickness,Float,1,0.004,0
AB::SubdivideLots::2.0,MethodChoice,Method,Menu,1,0,2
AB::SubdivideLots::2.0,alignment,Alignment,Menu,1,0,2
AB::SubdivideLots::2.0,min_lot_size,Minimum Lot Size,Float,1,5.0,0
AB::SubdivideLots::2.0,iterations,Iterations,Int,1,10,0
AB::SubdivideLots::2.0,shape_seed,Random Seed,Float,1,0.0,0
AB::SubdivideLots::2.0,irregularity,Irregularity,Float,1,0.3,0
AB::SubdivideLots::2.0,vertical_bias,Vertical Bias,Float,1,0.0,0
AB::SubdivideLots::2.0,vertical_packing,Vertical Packing,Float,1,0.0,0
AB::SubdivideLots::2.0,cluster_lots,Cluster Lots,Toggle,1,False,0
AB::SubdivideLots::2.0,number_of_clusters,Number of Clusters,Int,1,50,0
AB::SubdivideLots::2.0,seed,Random Seed,Float,1,0.0,0
AB::SubdivideLots::2.0,iterations2,Iterations,Int,1,3,0
AB::SubdivideLots::2.0,iterations3,Iterations,Int,1,1,0
AB::SubdivideLots::2.0,Ramp_Color,Ramp Color,Ramp,1,5,0
AB::SubdivideLots::2.0,AreaDelete,Small Area Size,Float,1,100.0,0
AB::SuperFormula::1.0,n1,N1,Float,1,1.0,0
AB::SuperFormula::1.0,n2,N2,Float,1,10.0,0
AB::SuperFormula::1.0,n3,N3,Float,1,10.0,0
AB::TowerGenerator::1.0,TowerBaseSize,Tower Base Size,Float,1,4.0,0
AB::TowerGenerator::1.0,TowerBaseHeight,Tower Base Height,Float,1,8.0,0
AB::TowerGenerator::1.0,TowerBaseScale,Tower Base Scale,Float,1,0.6,0
AB::TowerGenerator::1.0,AddeSecondaryTower,Secondary Tower On,Toggle,1,True,0
AB::TowerGenerator::1.0,TowerSecondaryHeight,Tower Secondary Height,Float,1,4.0,0
AB::TowerGenerator::1.0,TowerStructureDivisions,Structure Divisions,Int,1,2,0
AB::TowerGenerator::1.0,VerticalSupportWidth,Vertical Support Width,Float,1,0.2,0
AB::TowerGenerator::1.0,GussetPlateWidth,Gusset Width,Float,1,0.4,0
AB::TowerGenerator::1.0,GussetPlateHeight,Gusset Height,Float,1,0.4,0
AB::TowerGenerator::1.0,GussetPlateDepth,Gusset Depth,Float,1,0.01,0
AB::TowerGenerator::1.0,GussetPlateCornerBevel,Gusset Corner Bevel,Float,1,0.01,0
AB::TowerGenerator::1.0,GussetBevels,Gusset Bevels,Float,1,0.001,0
AB::TowerGenerator::1.0,GussetBevelsShape,Bevel Shape,Menu,1,4,5
AB::TowerGenerator::1.0,GussetBevelsDivisions,Divisions,Int,1,1,0
AB::TowerGenerator::1.0,radius,Wire Radius,Float,1,0.04,0
AB::TowerGenerator::1.0,div,Divisions,Int,1,8,0
AB::TrashCanGenerator::2.0,work_mode,Work Mode,Menu,1,0,2
AB::TrashCanGenerator::2.0,UVLayoutOn,UV Layout,Toggle,1,False,0
AB::TrashCanGenerator::2.0,lightmaps_on,Light Maps On,Toggle,1,False,0
AB::TrashCanGenerator::2.0,vis_uv,Vis UV,Toggle,1,False,0
AB::TrashCanGenerator::2.0,use_color,Use Color,Toggle,1,True,0
AB::TrashCanGenerator::2.0,tool_mode_on,Tool Mode,Toggle,1,False,0
AB::TrashCanGenerator::2.0,TrashCanOptions,Trash Can Options,Label,1,,0
AB::TrashCanGenerator::2.0,trsh_box_width,Main Box Width,Float,1,1.0,0
AB::TrashCanGenerator::2.0,trsh_box_height,Main Box Height,Float,1,2.0,0
AB::TrashCanGenerator::2.0,graphic_adjust_y,Graphic Translate Y,Float,1,0.0,0
AB::TrashCanGenerator::2.0,graphic_scale,Graphic Scale ,Float,1,0.64,0
AB::TrashCanGenerator::2.0,sepparm3,,Separator,0,,0
AB::TrashCanGenerator::2.0,labelparm3,Colors,Label,1,,0
AB::TrashCanGenerator::2.0,trashcan_top_color,Trashcan Top,Float,3,0.251;0.3;0.075,0
AB::TrashCanGenerator::2.0,trashcan_body_color,Trashcan Body,Float,3,0.0987;0.3;0.0987,0
AB::TrashCanGenerator::2.0,graphic_color,Graphic,Float,3,0.1;0.1;0.1,0
AB::UnrealTerrainWrite::1.0,execute,Save to Disk,Button,1,,0
AB::UnrealTerrainWrite::1.0,sopoutput,Output File,String,1,$JOB/bgeo/$OS.$F.bgeo.sc,0
AB::UtilityPoleGenerator::3.0,WorkMode,Work Mode,Menu,1,0,2
AB::UtilityPoleGenerator::3.0,main_shape,Main Shape,Menu,1,0,2
AB::UtilityPoleGenerator::3.0,uv_layout_on,Uv Layout,Toggle,1,False,0
AB::UtilityPoleGenerator::3.0,lightmaps_on,Lightmaps On,Toggle,1,False,0
AB::UtilityPoleGenerator::3.0,vis_uv_,Vis UV,Toggle,1,False,0
AB::UtilityPoleGenerator::3.0,MaterialIDColor,Material ID Color,Toggle,1,False,0
AB::UtilityPoleGenerator::3.0,AddAttatchPoints,Add Attatch Points,Toggle,1,True,0
AB::UtilityPoleGenerator::3.0,sepparm,,Separator,0,,0
AB::UtilityPoleGenerator::3.0,MainOptions,Main Options,Label,1,,0
AB::UtilityPoleGenerator::3.0,main_height,Main Height,Float,1,12.0,0
AB::UtilityPoleGenerator::3.0,top_bevel_amount,Top Bevel Amount,Float,1,0.025,0
AB::UtilityPoleGenerator::3.0,h_wood_length,Horiz Wood Length,Float,1,3.0,0
AB::UtilityPoleGenerator::3.0,h_wood_height,Horiz Wood Height,Float,1,0.1,0
AB::UtilityPoleGenerator::3.0,h_wood_depth,Horiz Wood Depth,Float,1,0.065,0
AB::UtilityPoleGenerator::3.0,h_wood_number,Horiz Wood Amount,Int,1,3,0
AB::UtilityPoleGenerator::3.0,sepparm2,,Separator,0,,0
AB::UtilityPoleGenerator::3.0,DetailOptions,Detail Options,Label,1,,0
AB::UtilityPoleGenerator::3.0,AddWoodBevels,Add Wood Bevels,Toggle,1,True,0
AB::UtilityPoleGenerator::3.0,h_wood_bev_amnt,Horiz Wood Bevel Amount,Float,1,0.005,0
AB::UtilityPoleGenerator::3.0,h_wood_top_conn_amt,Top Wood Connector Amount,Int,1,2,0
AB::UtilityPoleGenerator::3.0,HorizConnectorType,Horiz Connector Type,Int,1,0,0
AB::UtilityPoleGenerator::3.0,add_straps,Add Straps,Toggle,1,True,0
AB::UtilityPoleGenerator::3.0,strap_lngth,Strap Length,Float,1,0.65,0
AB::UtilityPoleGenerator::3.0,strap_rot_x,Strap Rot X,Float,1,42.0,0
AB::UtilityPoleGenerator::3.0,AddLightToggle,Add Light ,Toggle,1,True,0
AB::UtilityPoleGenerator::3.0,AddLightScript,Add Light ,Int,1,0,0
AB::UtilityPoleGenerator::3.0,rot_light,Rotate Light,Float,1,0.0,0
AB::UtilityPoleGenerator::3.0,add_transformer1,Add Transformer,Toggle,1,True,0
AB::UtilityPoleGenerator::3.0,AddTransformerScript,Add Transformer,Int,1,0,0
AB::UtilityPoleGenerator::3.0,transformer_adj,Transformer Adjustment,Float,1,0.0,0
AB::UtilityPoleGenerator::3.0,AddHandHoldsToggle,Add Hand Holds,Toggle,1,True,0
AB::UtilityPoleGenerator::3.0,AddHandHoldsScript,Add Hand Holds,Int,1,0,0
AB::UtilityPoleGenerator::3.0,rot_handholds,Rotate Hand Holds,Float,1,0.0,0
AB::UtilityPoleGenerator::3.0,add_cross_bolts,Add Cross Bolts,Toggle,1,True,0
AB::UtilityPoleGenerator::3.0,AddCrossPorclianToggle,Add Porclain,Toggle,1,True,0
AB::UtilityPoleGenerator::3.0,AddCrossPorclianScript,Add Porclain,Int,1,0,0
AB::UtilityPoleGenerator::3.0,rot_porclain,Rotate Porclain,Float,1,175.0,0
AB::UtilityPoleGenerator::3.0,add_h_bar_details,Add H Bar Detail,Toggle,1,True,0
AB::UtilityPoleGenerator::3.0,sepparm3,,Separator,0,,0
AB::UtilityPoleGenerator::3.0,ColorOptions,Color Options,Label,1,,0
AB::UtilityPoleGenerator::3.0,MainPoleColor,Main Pole,Float,3,0.082;0.057892;0.033784,0
AB::UtilityPoleGenerator::3.0,HorizontalWoodColor,Horizontal Wood,Float,3,0.107;0.075542;0.044084,0
AB::UtilityPoleGenerator::3.0,ColorBolt,Bolt,Float,3,0.333;0.333;0.333,0
AB::UtilityPoleGenerator::3.0,ColorNut,Nut,Float,3,0.2;0.2;0.2,0
AB::UtilityPoleGenerator::3.0,ColorWasher,Washer,Float,3,0.5;0.5;0.5,0
AB::UtilityPoleGenerator::3.0,InteriorMetalSupportsColor,Interior Metal Supports,Float,3,0.333;0.333;0.333,0
AB::UtilityPoleGenerator::3.0,MetalStrapsColor,Metal Straps,Float,3,0.333;0.333;0.333,0
AB::ValveGenerator::2.0,ValveType,Valve Type,Menu,1,0,1
AB::VentGenerator::2.0,VentStyle,Vent Style,Menu,1,0,3
AB::VentGenerator::2.0,VentRoundWidth,Vent Width,Float,1,0.5,0
AB::VentGenerator::2.0,VentRoundFrameThickness,Frame Thickness,Float,1,0.05,0
AB::VentGenerator::2.0,VentRoundFrameWidth,Frame Width,Float,1,0.05,0
AB::VentGenerator::2.0,VentFanAmount,Vent Fan Amount,Int,1,10,0
AB::VentGenerator::2.0,FrameRes,Frame Resolution,Int,1,44,0
AB::VentGenerator::2.0,DeleteEveryOtherFan,Every Other Fan,Toggle,1,False,0
AB::VentGenerator::2.0,AddFrameBevels,Add Frame Bevels,Toggle,1,True,0
AB::VentGenerator::2.0,BevelAmount,Bevel Amount,Float,1,0.005,0
AB::VentGenerator::2.0,filletshape,Bevel Shape,Menu,1,4,5
AB::VentGenerator::2.0,divisions,Divisions,Int,1,3,0
AB::VentGenerator::2.0,VentWidth,Vent Width,Float,1,1.0,0
AB::VentGenerator::2.0,VentHeight,Vent Height,Float,1,0.6,0
AB::VentGenerator::2.0,VentFrameThickness,Frame Thickness,Float,1,0.1,0
AB::VentGenerator::2.0,VentFanAmount2,Vent Fan Amount,Int,1,10,0
AB::VentGenerator::2.0,AddFrameBevels3,Add Frame Bevels,Toggle,1,True,0
AB::VentGenerator::2.0,AddCornerBolts,Add Corner Bolts,Toggle,1,True,0
AB::VentGenerator::2.0,DeleteEveryOtherFan2,Every Other Fan,Toggle,1,False,0
AB::VentGenerator::2.0,BevelAmount2,Bevel Amount,Float,1,0.004,0
AB::VentGenerator::2.0,filletshape2,Shape,Menu,1,4,5
AB::VentGenerator::2.0,divisions2,Divisions,Int,1,3,0
AB::VentGenerator::2.0,sepparm3,,Separator,0,,0
AB::VentGenerator::2.0,Bolt_Details,Bolt Details,Label,1,,0
AB::VentGenerator::2.0,sepparm2,,Separator,0,,0
AB::VentGenerator::2.0,BoltScale,Bolt Scale,Float,1,1.0,0
AB::VentGenerator::2.0,AddWasher,Add Washer,Toggle,1,True,0
AB::VentGenerator::2.0,WasherThickness,Washer Thickness,Float,1,0.04,0
AB::VentGenerator::2.0,WasherResolution,Washer Resolution,Int,1,24,0
AB::VentGenerator::2.0,BoltHeight,Bolt Height,Float,1,0.5,0
AB::VentGenerator::2.0,BoltResolution,Bolt Resolution,Int,1,12,0
AB::VictorianHouses::1.1,ABVictorianHouses,AB Victorian Houses,Label,1,,0
AB::VictorianHouses::1.1,labelparm,Message,Label,1,,0
AB::VictorianHouses::1.1,sepparm24,,Separator,0,,0
AB::VictorianHouses::1.1,tool_mode_on,Tool Mode,Toggle,1,False,0
AB::VictorianHouses::1.1,UVLayoutOn,UV Layout,Toggle,1,False,0
AB::VictorianHouses::1.1,LightmapsOn,Lightmaps On,Toggle,1,False,0
AB::VictorianHouses::1.1,UdimOn,UDIM On,Toggle,1,True,0
AB::VictorianHouses::1.1,vis_uv,Vis UV,Toggle,1,False,0
AB::VictorianHouses::1.1,use_color,Use Color,Toggle,1,True,0
AB::VictorianHouses::1.1,sepparm12,,Separator,0,,0
AB::VictorianHouses::1.1,BaseBuildingOptions,Base Building Options,Label,1,,0
AB::VictorianHouses::1.1,sepparm7,,Separator,0,,0
AB::VictorianHouses::1.1,BuildingWidth,Building Width,Int,1,20,0
AB::VictorianHouses::1.1,BuildingDepth,Building Depth,Int,1,45,0
AB::VictorianHouses::1.1,base_mod_size,Base Module Size,Int,1,4,0
AB::VictorianHouses::1.1,BayWallDepth,Bay Wall Depth,Float,1,3.0,0
AB::VictorianHouses::1.1,sepparm14,,Separator,0,,0
AB::VictorianHouses::1.1,FloorOptions,Floor Options,Label,1,,0
AB::VictorianHouses::1.1,sepparm16,,Separator,0,,0
AB::VictorianHouses::1.1,LowerFloorHeight,Lower Floor Height,Int,1,2,0
AB::VictorianHouses::1.1,EntryFloorHeight,Entry Floor Height,Int,1,5,0
AB::VictorianHouses::1.1,MidFloorHeight,Mid Floor Height,Int,1,4,0
AB::VictorianHouses::1.1,MidFloorNumber,Mid Floor Number,Int,1,2,0
AB::VictorianHouses::1.1,TopFloorHeight,Top Floor Height,Int,1,5,0
AB::VictorianHouses::1.1,TopHeight,Top Height,Int,1,2,0
AB::VictorianHouses::1.1,CornerOptions,Corner Options,Label,1,,0
AB::VictorianHouses::1.1,sepparm13,,Separator,0,,0
AB::VictorianHouses::1.1,BldCornerSize,Building Corner Size,Float,1,3.0,0
AB::VictorianHouses::1.1,BldCornerDepth,Building Corner Depth,Float,1,0.8,0
AB::VictorianHouses::1.1,rows,Rows,Int,1,20,0
AB::VictorianHouses::1.1,sepparm15,,Separator,0,,0
AB::VictorianHouses::1.1,sepparm18,,Separator,0,,0
AB::VictorianHouses::1.1,DoorOptions,Door Options,Label,1,,0
AB::VictorianHouses::1.1,sepparm17,,Separator,0,,0
AB::VictorianHouses::1.1,RS_DoorStyle,Door Style,Menu,1,2,3
AB::VictorianHouses::1.1,RS_HandleStyle,Handle Style,Menu,1,0,4
AB::VictorianHouses::1.1,handle_side,Handle Position,Menu,1,0,2
AB::VictorianHouses::1.1,InsetDoorDepth,Inset Door Depth,Float,1,0.5,0
AB::VictorianHouses::1.1,WinWallSides2,Door Wall Sides,Float,1,1.0,0
AB::VictorianHouses::1.1,sepparm6,,Separator,0,,0
AB::VictorianHouses::1.1,WindowSizingOptions,Window Sizing Options,Label,1,,0
AB::VictorianHouses::1.1,sepparm,,Separator,0,,0
AB::VictorianHouses::1.1,WinWallSides,Window Wall Sides,Float,1,1.0,0
AB::VictorianHouses::1.1,win_wall_open_z,Window Depth,Float,1,0.5,0
AB::VictorianHouses::1.1,WinWallBaseHeight,Below Win Height,Float,1,1.0,0
AB::VictorianHouses::1.1,AboveWindowHeight,Above Win Height,Float,1,1.0,0
AB::VictorianHouses::1.1,sepparm2,,Separator,0,,0
AB::VictorianHouses::1.1,GroundFloorWindowOptions,Ground Floor Window Options,Label,1,,0
AB::VictorianHouses::1.1,sepparm3,,Separator,0,,0
AB::VictorianHouses::1.1,bld_mod_size,Building Mod Size,Int,1,10,0
AB::VictorianHouses::1.1,CasingDepth3,Wall Opening Depth,Float,1,1.0,0
AB::VictorianHouses::1.1,CasingWidth3,Casing Width,Float,1,0.05,0
AB::VictorianHouses::1.1,WinFrameWidthRect3,Frame Width,Float,1,0.15,0
AB::VictorianHouses::1.1,SK_WinFrameDepthRect3,Frame Depth,Float,1,0.1,0
AB::VictorianHouses::1.1,sepparm8,,Separator,0,,0
AB::VictorianHouses::1.1,MidFloorWindowOptions,Mid Floor Window Options,Label,1,,0
AB::VictorianHouses::1.1,sepparm20,,Separator,0,,0
AB::VictorianHouses::1.1,WindowShape4,Window Shape,Menu,1,0,3
AB::VictorianHouses::1.1,CasingDepth2,Wall Opening Depth,Float,1,0.3,0
AB::VictorianHouses::1.1,CasingWidth2,Casing Width,Float,1,0.02,0
AB::VictorianHouses::1.1,WinFrameWidthRect2,Frame Width,Float,1,0.08,0
AB::VictorianHouses::1.1,SK_WinFrameDepthRect2,Frame Depth,Float,1,0.1,0
AB::VictorianHouses::1.1,sepparm10,,Separator,0,,0
AB::VictorianHouses::1.1,TopFloorWindowOptions,Top Floor Window Options,Label,1,,0
AB::VictorianHouses::1.1,sepparm21,,Separator,0,,0
AB::VictorianHouses::1.1,WindowShape2,Window Shape,Menu,1,0,3
AB::VictorianHouses::1.1,CasingDepth4,Wall Opening Depth,Float,1,1.0,0
AB::VictorianHouses::1.1,CasingWidth4,Casing Width,Float,1,0.05,0
AB::VictorianHouses::1.1,WinFrameWidthRect4,Frame Width,Float,1,0.15,0
AB::VictorianHouses::1.1,SK_WinFrameDepthRect4,Frame Depth,Float,1,0.1,0
AB::VictorianHouses::1.1,sepparm11,,Separator,0,,0
AB::VictorianHouses::1.1,RoofOptions,Roof Options,Label,1,,0
AB::VictorianHouses::1.1,sepparm22,,Separator,0,,0
AB::VictorianHouses::1.1,RoofStyle,Roof Style,Menu,1,1,2
AB::VictorianHouses::1.1,AddCornice,Add Cornice,Toggle,1,True,0
AB::VictorianHouses::1.1,AddCorniceFacade,Facade Cornice Only,Toggle,1,True,0
AB::VictorianHouses::1.1,PeakHeight,Peak Height,Float,1,6.0,0
AB::VictorianHouses::1.1,sepparm4,,Separator,0,,0
AB::VictorianHouses::1.1,ColorOptions,Color Options,Label,1,,0
AB::VictorianHouses::1.1,sepparm5,,Separator,0,,0
AB::VictorianHouses::1.1,RS_DoorFrameColor,Door Frame,Float,3,0.46;0.4;0.34,0
AB::VictorianHouses::1.1,RS_DoorGlassColor,Door Glass,Float,3,0.66;0.78;0.96,0
AB::VictorianHouses::1.1,MainWallColor,Main Walls,Float,3,0.7;0.7;0.7,0
AB::VictorianHouses::1.1,CorniceColor,Cornice Color,Float,3,0.2;0.2;0.2,0
AB::VictorianHouses::1.1,FrontFenceColor,Front Fence Color,Float,3,0.025;0.025;0.025,0
AB::VictorianHouses::1.1,TrimColor01,Trim Color 01,Float,3,0.0;0.25;0.5,0
AB::VictorianHouses::1.1,CasementColor,Casement,Float,3,0.333;0.333;0.333,0
AB::VictorianHouses::1.1,FrameColor,Frame,Float,3,0.5;0.5;0.5,0
AB::VictorianHouses::1.1,GlassColor,Glass,Float,3,0.66;0.78;0.96,0
AB::VictorianHouses::1.1,WindowTrimColor,Window Trim,Float,3,0.5;0.5;0.5,0
AB::VictorianHouses::1.1,CornerTrimColor,Corner Trim Color,Float,3,0.2568;0.2784;0.3,0
AB::VictorianHouses::1.1,FrontStepColor,Step Color,Float,3,0.333;0.333;0.333,0
AB::WallDestructionSystem::1.0,xOrd,Transform Order,Menu,1,0,6
AB::WallDestructionSystem::1.0,rOrd,Rotate Order,Menu,1,0,6
AB::WallDestructionSystem::1.0,t,Translate,Float,3,0.0;0.0;0.0,0
AB::WallDestructionSystem::1.0,r,Rotate,Float,3,0.0;0.0;0.0,0
AB::WallDestructionSystem::1.0,s,Scale,Float,3,1.0;1.0;1.0,0
AB::WallDestructionSystem::1.0,p,Pivot Translate,Float,3,0.0;0.0;0.0,0
AB::WallDestructionSystem::1.0,pr,Pivot Rotate,Float,3,0.0;0.0;0.0,0
AB::WallDestructionSystem::1.0,scale,Uniform Scale,Float,1,1.0,0
AB::WallDestructionSystem::1.0,pre_xform,Modify Pre-Transform,Button,1,,6
AB::WallDestructionSystem::1.0,keeppos,Keep Position When Parenting,Toggle,1,False,0
AB::WallDestructionSystem::1.0,childcomp,Child Compensation,Toggle,1,False,0
AB::WallDestructionSystem::1.0,constraints_on,Enable Constraints,Toggle,1,False,0
AB::WallDestructionSystem::1.0,constraints_path,Constraints,String,1,,0
AB::WallDestructionSystem::1.0,lookatpath,Look At,String,1,,0
AB::WallDestructionSystem::1.0,lookupobjpath,Look Up Object,String,1,,0
AB::WallDestructionSystem::1.0,lookup,Look At Up Vector,String,1,on,5
AB::WallDestructionSystem::1.0,pathobjpath,Path Object,String,1,,0
AB::WallDestructionSystem::1.0,roll,Roll,Float,1,0.0,0
AB::WallDestructionSystem::1.0,pos,Position,Float,1,0.0,0
AB::WallDestructionSystem::1.0,uparmtype,Parameterization,Menu,1,1,2
AB::WallDestructionSystem::1.0,pathorient,Orient Along Path,Int,1,1,0
AB::WallDestructionSystem::1.0,up,Orient Up Vector,Float,3,0.0;1.0;0.0,0
AB::WallDestructionSystem::1.0,bank,Auto-Bank factor,Float,1,0.0,0
AB::WallDestructionSystem::1.0,label1,Input #1 Label,String,1,Sub-Network Input #1,0
AB::WallDestructionSystem::1.0,label2,Input #2 Label,String,1,Sub-Network Input #2,0
AB::WallDestructionSystem::1.0,label3,Input #3 Label,String,1,Sub-Network Input #3,0
AB::WallDestructionSystem::1.0,label4,Input #4 Label,String,1,Sub-Network Input #4,0
AB::WallDestructionSystem::1.0,tdisplay,Display,Toggle,1,False,0
AB::WallDestructionSystem::1.0,display,Display,Int,1,1,0
AB::WallDestructionSystem::1.0,outputobj,Output Transform,String,1,_input1_obj_,0
AB::WallDestructionSystem::1.0,visibleobjects,Visible Children,String,1,*,0
AB::WallDestructionSystem::1.0,picking,Viewport Selecting Enabled,Toggle,1,True,0
AB::WallDestructionSystem::1.0,pickscript,Select Script,String,1,,0
AB::WallDestructionSystem::1.0,caching,Cache Object Transform,Toggle,1,True,0
AB::WallDestructionSystem::1.0,use_dcolor,Set Wireframe Color,Toggle,1,True,0
AB::WallDestructionSystem::1.0,dcolor,Wireframe Color,Float,3,1.0;1.0;1.0,0
AB::WaterTankGenerator::2.0,MaterialStyle,Material Style,Menu,1,0,3
AB::WaterTankGenerator::2.0,UV_LayoutOn,UV Layout On,Toggle,1,False,0
AB::WaterTankGenerator::2.0,WaterTankStyle,Water Tank Style,Menu,1,0,2
AB::WaterTankGenerator::2.0,WaterTankOptions,Water Tank Options,Label,1,,0
AB::WaterTankGenerator::2.0,MainTankRadius,Main Tank Radius,Float,1,2.0,0
AB::WaterTankGenerator::2.0,MainTankHeight,Main Tank Height,Float,1,7.0,0
AB::WaterTankGenerator::2.0,RoofPeakHeight,Roof Peak Height,Float,1,2.0,0
AB::WaterTankGenerator::2.0,TowerOptions,Tower Options,Label,1,,0
AB::WaterTankGenerator::2.0,TowerBaseHeight,Tower Base Height,Float,1,4.0,0
AB::WaterTankGenerator::2.0,TowerTopScale,Tower Top Scale,Float,1,0.8,0
AB::WaterTankGenerator::2.0,AddLadder,Add Ladder,Toggle,1,True,0
AB::WaterTankGenerator::2.0,AddeSecondaryTower,Secondary Tower On,Toggle,1,False,0
AB::WaterTankGenerator::2.0,TowerSecondaryHeight,Tower Secondary Height,Float,1,3.57,0
AB::WaterTankGenerator::2.0,TowerStructureDivisions,Structure Divisions,Int,1,5,0
AB::WaterTankGenerator::2.0,VerticalSupportWidth,Vertical Support Width,Float,1,0.189,0
AB::WaterTankGenerator::2.0,GussetPlateWidth,Gusset Width,Float,1,0.24,0
AB::WaterTankGenerator::2.0,GussetPlateHeight,Gusset Height,Float,1,0.24,0
AB::WaterTankGenerator::2.0,GussetPlateDepth,Gusset Depth,Float,1,0.01,0
AB::WaterTankGenerator::2.0,GussetPlateCornerBevel,Gusset Corner Bevel,Float,1,0.068,0
AB::WaterTankGenerator::2.0,GussetBevels,Gusset Bevels,Float,1,0.001,0
AB::WaterTankGenerator::2.0,GussetBevelsShape,Bevel Shape,Menu,1,4,5
AB::WaterTankGenerator::2.0,GussetBevelsDivisions,Divisions,Int,1,1,0
AB::WaterTankGenerator::2.0,sepparm,,Separator,0,,0
AB::WaterTankGenerator::2.0,MidTankHeight,Mid Tank Height,Float,1,1.0,0
AB::WaterTankGenerator::2.0,scale,Uniform Scale,Float,1,1.5,0
AB::WaterTankGenerator::2.0,AddMainBandBolts,Main Band Bolts,Toggle,1,False,0
AB::WaterTankGenerator::2.0,add_band_bev,Add Band Bevel,Toggle,1,True,0
AB::WaterTankGenerator::2.0,MainSupportAngle,Main Support Angle,Float,1,60.0,0
AB::WaterTankGenerator::2.0,LowerPipeRadius,Lower Pipe Radius,Float,1,0.5,0
AB::WaterTankGenerator::2.0,lower_pipe_height,Lower Pipe Height,Float,1,2.0,0
AB::WindowGenerator::3.1,WindowShape,Window Shape,Menu,1,0,3
AB::WindowGenerator::3.1,WIN_MaterialStyle,Material Style,Menu,1,0,3
AB::WindowGenerator::3.1,UV_layout,UV Layout,Toggle,1,False,0
AB::WindowGenerator::3.1,lightmaps_on,Lightmaps On,Toggle,1,False,0
AB::WindowGenerator::3.1,vis_uv,Vis UV,Toggle,1,False,0
AB::WindowGenerator::3.1,use_color,Use Color,Toggle,1,True,0
AB::WindowGenerator::3.1,ToolModeOn,Tool Mode,Toggle,1,False,0
AB::WindowGenerator::3.1,WidowBaseOptions,Widow Base Options,Label,1,,0
AB::WindowGenerator::3.1,WindowWidth,Window Width,Float,1,1.0,0
AB::WindowGenerator::3.1,WindowHeight,Window Height,Float,1,2.0,0
AB::WindowGenerator::3.1,CasingDepth,Wall Opening Depth,Float,1,0.3,0
AB::WindowGenerator::3.1,sepparm,,Separator,0,,0
AB::WindowGenerator::3.1,WidowCasingOptions,Widow Casing Options,Label,1,,0
AB::WindowGenerator::3.1,CasingWidth,Casing Width,Float,1,0.02,0
AB::WindowGenerator::3.1,WidowFrameOptions,Widow Frame Options,Label,1,,0
AB::WindowGenerator::3.1,WinFrameWidthRect,Frame Width,Float,1,0.08,0
AB::WindowGenerator::3.1,SK_WinFrameDepthRect,Frame Depth,Float,1,0.1,0
AB::WindowGenerator::3.1,WinFrameWidthRound,Frame Width,Float,1,0.02,0
AB::WindowGenerator::3.1,SK_WinFrameDepthRound,Frame Depth,Float,1,0.1,0
AB::WindowGenerator::3.1,sepparm3,,Separator,0,,0
AB::WindowGenerator::3.1,TrimOptions,Trim Options,Label,1,,0
AB::WindowGenerator::3.1,AddExtWindowTrim,Add Exterior Trim,Toggle,1,True,0
AB::WindowGenerator::3.1,WindowTrimStyle,Trim Style,Int,1,0,0
AB::WindowGenerator::3.1,ExteriorTrimWidth,Exterior Trim Width,Float,1,0.1,0
AB::WindowGenerator::3.1,ExteriorTrimDepth,Exterior Trim Depth,Float,1,0.05,0
AB::WindowGenerator::3.1,TopTrimDetailDepth,Top Trim Detail Depth,Float,1,0.02,0
AB::WindowGenerator::3.1,SillThickness,Sill Thickness,Float,1,0.1,0
AB::WindowGenerator::3.1,SillExtrusion,Sill Extrusion,Float,1,0.2,0
AB::WindowGenerator::3.1,AdjustLowerTrimHeight,Adjust Lower Trim Height,Float,1,0.0,0
AB::WindowGenerator::3.1,sepparm2,,Separator,0,,0
AB::WindowGenerator::3.1,RectangularWindowOptions,Rectangular Window Options,Label,1,,0
AB::WindowGenerator::3.1,RectangularWindowType,Window Type,Menu,1,2,5
AB::WindowGenerator::3.1,MullionDFoubleSided,Double Sided,Toggle,1,True,0
AB::WindowGenerator::3.1,WindowStyleSingle,Window Style,Menu,1,0,4
AB::WindowGenerator::3.1,MulliuonStyle,Mullion Style,Menu,1,0,2
AB::WindowGenerator::3.1,HorizMullions,Horiz Mullions,Int,1,2,0
AB::WindowGenerator::3.1,VertMullions,Vert Mullions,Int,1,4,0
AB::WindowGenerator::3.1,MullionSize,Mullion Size,Float,1,0.02,0
AB::WindowGenerator::3.1,AddMullionBevels,Add Bevels,Toggle,1,False,0
AB::WindowGenerator::3.1,offset,Distance,Float,1,0.002,0
AB::WindowGenerator::3.1,filletshape,Shape,Menu,1,3,5
AB::WindowGenerator::3.1,divisions,Divisions,Int,1,1,0
AB::WindowGenerator::3.1,JalNumberOfPanes,Number of Panes,Int,1,16,0
AB::WindowGenerator::3.1,RotateOpen,Open Amount,Float,1,0.0,0
AB::WindowGenerator::3.1,sepparm4,,Separator,0,,0
AB::WindowGenerator::3.1,WindowStyleSplitV,Window Style,Menu,1,0,2
AB::WindowGenerator::3.1,WindowGlideOpening,Window Open,Float,1,0.0,0
AB::WindowGenerator::3.1,WindowSplitLeftOpen,Left Opening,Float,1,0.0,0
AB::WindowGenerator::3.1,WindowSplitRioghtOpen,Right Opening,Float,1,0.0,0
AB::WindowGenerator::3.1,sepparm5,,Separator,0,,0
AB::WindowGenerator::3.1,WindowStyleSplitH,Window Style,Menu,1,0,3
AB::WindowGenerator::3.1,SK_HorizAdjustement_01,Horiz Adj,Float,1,0.0,0
AB::WindowGenerator::3.1,AwningTopOpen,Awning Top Open,Float,1,0.0,0
AB::WindowGenerator::3.1,AwningBottomOpen,Awning Bottom Open,Float,1,0.0,0
AB::WindowGenerator::3.1,sepparm8,,Separator,0,,0
AB::WindowGenerator::3.1,SK_VertAdjustement_02,Vert Adj,Float,1,0.0,0
AB::WindowGenerator::3.1,SK_HorizAdjustement_02,Horiz Adj,Float,1,0.0,0
AB::WindowGenerator::3.1,sepparm9,,Separator,0,,0
AB::WindowGenerator::3.1,SK_VertAdjustement_03,Vert Adj,Float,1,0.0,0
AB::WindowGenerator::3.1,SK_HorizAdjustement_03,Horiz Adj,Float,1,0.0,0
AB::WindowGenerator::3.1,RoundTopWindowOptions,Round Top Window Options,Label,1,,0
AB::WindowGenerator::3.1,SK_WinStyleSkyscraperRound,Window Style,Menu,1,0,2
AB::WindowGenerator::3.1,SK_WallBorder,Wall Boarder,Float,1,0.1,0
AB::WindowGenerator::3.1,WindowDepth,Window Depth,Float,1,0.1,0
AB::WindowGenerator::3.1,RoundTopRes,Arc Divs,Int,1,44,0
AB::WindowGenerator::3.1,AddWallBevels,Add Wall Bevels,Toggle,1,True,0
AB::WindowGenerator::3.1,RndWallBevel,Wall Bevel ,Float,1,0.02,0
AB::WindowGenerator::3.1,RndWallfilletshape,Shape,Menu,1,4,5
AB::WindowGenerator::3.1,RndWallDivs,Divisions,Int,1,4,0
AB::WindowGenerator::3.1,AddFrameBevels,Add Frame Bevels,Toggle,1,True,0
AB::WindowGenerator::3.1,RndFrameBev,Frame Bevel,Float,1,0.006,0
AB::WindowGenerator::3.1,RndFrameFilletshape,Shape,Menu,1,4,5
AB::WindowGenerator::3.1,RndFrameDivisions,Divisions,Int,1,4,0
AB::WindowGenerator::3.1,sepparm7,,Separator,0,,0
AB::WindowGenerator::3.1,BayWindowOptions,Bay Window Options,Label,1,,0
AB::WindowGenerator::3.1,NumberOfWindowSides,Window Sides,Int,1,0,0
AB::WindowGenerator::3.1,BayWallOpeningWidth,Wall Opening Width,Float,1,2.0,0
AB::WindowGenerator::3.1,BayWallOpeningHeight,Wall Opening Height,Float,1,2.0,0
AB::WindowGenerator::3.1,LowerTrimHeight,Lower Trim Height,Float,1,0.2,0
AB::WindowGenerator::3.1,LowerDetailHeight,Lower Detail Height,Float,1,1.0,0
AB::WindowGenerator::3.1,LowerDetailScaleAdjust,Lower Detail Scale Adj,Float,1,0.2,0
AB::WindowGenerator::3.1,UpperTrimHeight,Upper Trim Height,Float,1,0.1,0
AB::WindowGenerator::3.1,UpperDetailHeight,Upper Detail Height,Float,1,0.5,0
AB::WindowGenerator::3.1,UpperDetailScaleAdjust,Upper Detail Scale Adj,Float,1,0.4,0
AB::WindowGenerator::3.1,ColorOptions,Color Options,Label,1,,0
AB::WindowGenerator::3.1,CasementColor,Casement,Float,3,0.333;0.333;0.333,0
AB::WindowGenerator::3.1,FrameColor,Frame,Float,3,0.5;0.5;0.5,0
AB::WindowGenerator::3.1,GlassColor,Glass,Float,3,0.66;0.78;0.96,0
AB::WindowGenerator::3.1,WindowTrimColor,Window Trim,Float,3,0.5;0.5;0.5,0
AB::WindowGenerator::3.1,labelparm,Skyscraper,Label,1,,0
AB::WindowGenerator::3.1,WindowSkyStyleSwitch,Sky Com Switch,Int,1,0,0
AB::WindowGenerator::3.1,WindowCommercialCasementOn,Win Sky Casement On,Int,1,0,0
AB::WindowsCreateCopies::2.0,AddInsetWindows,Add Window Inset,Toggle,1,True,0
AB::WindowsCreateCopies::2.0,win_wall_open_z,Window Depth,Float,1,0.1,0
AB::WindowsCreateCopies::2.0,WinWallSides,Win Wall Sides,Float,1,0.5,0
AB::WindowsCreateCopies::2.0,WinWallBaseHeight,Below Win Height,Float,1,0.75,0
AB::WindowsCreateCopies::2.0,AboveWindowHeight,Above Win Height,Float,1,0.75,0
AB::WiresWithRings::1.0,main_rad,Main Radius,Float,1,1.0,0
AB::WiresWithRings::1.0,tube_num,Number of Tubes,Int,1,7,0
AB::WiresWithRings::1.0,tube_twist,Tube Twist,Float,1,2.0,0
AB::WiresWithRings::1.0,pipe_rad,Pipe Radius,Float,1,0.2,0
AB::WiresWithRings::1.0,divu,U,Int,1,0,0
AB::WiresWithRings::1.0,divv,V,Int,1,1,0
AB::WiresWithRings::1.0,use_grp,Use Groupings,Toggle,1,True,0
AB::WiresWithRings::1.0,select,Select _ of _,Int,2,5;7,0
AB::WiresWithRings::1.0,add_rings,Add Rings,Toggle,1,True,0
AB::WoodFractue::1.0,xOrd,Transform Order,Menu,1,0,6
AB::WoodFractue::1.0,rOrd,Rotate Order,Menu,1,0,6
AB::WoodFractue::1.0,t,Translate,Float,3,0.0;0.0;0.0,0
AB::WoodFractue::1.0,r,Rotate,Float,3,0.0;0.0;0.0,0
AB::WoodFractue::1.0,s,Scale,Float,3,1.0;1.0;1.0,0
AB::WoodFractue::1.0,p,Pivot Translate,Float,3,0.0;0.0;0.0,0
AB::WoodFractue::1.0,pr,Pivot Rotate,Float,3,0.0;0.0;0.0,0
AB::WoodFractue::1.0,scale,Uniform Scale,Float,1,1.0,0
AB::WoodFractue::1.0,pre_xform,Modify Pre-Transform,Button,1,,6
AB::WoodFractue::1.0,keeppos,Keep Position When Parenting,Toggle,1,False,0
AB::WoodFractue::1.0,childcomp,Child Compensation,Toggle,1,False,0
AB::WoodFractue::1.0,constraints_on,Enable Constraints,Toggle,1,False,0
AB::WoodFractue::1.0,constraints_path,Constraints,String,1,,0
AB::WoodFractue::1.0,lookatpath,Look At,String,1,,0
AB::WoodFractue::1.0,lookupobjpath,Look Up Object,String,1,,0
AB::WoodFractue::1.0,lookup,Look At Up Vector,String,1,on,5
AB::WoodFractue::1.0,pathobjpath,Path Object,String,1,,0
AB::WoodFractue::1.0,roll,Roll,Float,1,0.0,0
AB::WoodFractue::1.0,pos,Position,Float,1,0.0,0
AB::WoodFractue::1.0,uparmtype,Parameterization,Menu,1,1,2
AB::WoodFractue::1.0,pathorient,Orient Along Path,Int,1,1,0
AB::WoodFractue::1.0,up,Orient Up Vector,Float,3,0.0;1.0;0.0,0
AB::WoodFractue::1.0,bank,Auto-Bank factor,Float,1,0.0,0
AB::WoodFractue::1.0,label1,Input #1 Label,String,1,Sub-Network Input #1,0
AB::WoodFractue::1.0,label2,Input #2 Label,String,1,Sub-Network Input #2,0
AB::WoodFractue::1.0,label3,Input #3 Label,String,1,Sub-Network Input #3,0
AB::WoodFractue::1.0,label4,Input #4 Label,String,1,Sub-Network Input #4,0
AB::WoodFractue::1.0,tdisplay,Display,Toggle,1,False,0
AB::WoodFractue::1.0,display,Display,Int,1,1,0
AB::WoodFractue::1.0,outputobj,Output Transform,String,1,_input1_obj_,0
AB::WoodFractue::1.0,visibleobjects,Visible Children,String,1,*,0
AB::WoodFractue::1.0,picking,Viewport Selecting Enabled,Toggle,1,True,0
AB::WoodFractue::1.0,pickscript,Select Script,String,1,,0
AB::WoodFractue::1.0,caching,Cache Object Transform,Toggle,1,True,0
AB::WoodFractue::1.0,use_dcolor,Set Wireframe Color,Toggle,1,True,0
AB::WoodFractue::1.0,dcolor,Wireframe Color,Float,3,1.0;1.0;1.0,0
AB::WoodPlankGenerator::1.0,UVStyle,UV Style,Menu,1,0,3
AB::WoodPlankGenerator::1.0,TotalLength,Length,Float,1,100.0,0
AB::WoodPlankGenerator::1.0,TotalWidth,Width,Float,1,12.0,0
AB::WoodPlankGenerator::1.0,PlankHeight,Plank Height,Float,1,0.2,0
AB::WoodPlankGenerator::1.0,Seed_Wood_Slats,Seed Wood Slats,Int,1,1,0
AB::WoodPlankGenerator::1.0,Wood_Slats,Wood Slats,Ramp,1,10,0
AB::WoodPlankGenerator::1.0,freq,Frequency,Float,3,-2.0;-2.0;-2.0,0
AB::WoodPlankGenerator::1.0,offset,Offset,Float,3,0.0;0.0;0.0,0
AB::WoodPlankGenerator::1.0,amp,Amplitude,Float,1,3.3,0
AB::WoodPlankGenerator::1.0,rough,Roughness,Float,1,0.0,0
AB::WoodPlankGenerator::1.0,offset4,Distance,Float,1,0.018,0
AB::WoodPlankGenerator::1.0,AddVisions,Add Divisions,Toggle,1,False,0
AB::WoodenPierGenerator::1.0,PostColor,Post Color,Float,3,0.377;0.2262;0.0754,0
AB::WoodenPierGenerator::1.0,BandColor,Band Color,Float,3,0.075;0.3;0.3,0
AB::WoodenPierGenerator::1.0,Pier_Clor,Pier Color,Float,3,0.435;0.281995;0.08787,0
AB::ZoneAudit::1.0,warn_empty,Warn On Unnamed Prims,Toggle,1,True,0
AB::ZoneAudit::1.0,warn_synonym,Warn On Non-Canonical Names,Toggle,1,True,0
AB::ZoneAudit::1.0,warn_state,Warn On State In Name,Toggle,1,True,0
AB::ZoneAudit::1.0,warn_case,Warn On Non-PascalCase,Toggle,1,True,0
